load_type,source,status,building,floor,beam_id,elementTag,area_m2,load_kN,member_category,member_id,load_id,source_value,source_unit,SI_value,SI_unit,geometry_type,annotation_anchor_sheet_xy
SURFACE,TRIBUTARY_AREA,APLICADO_P1L3,EDIFICIO_1,P1,E1-P1-V-009,SOL_1_beam_0080,22.6185,140.8454,,,,,,,,,
SURFACE,TRIBUTARY_AREA,APLICADO_P1L3,EDIFICIO_1,P1,E1-P1-V-008,SOL_1_beam_0081,24.6069,153.2274,,,,,,,,,
SURFACE,TRIBUTARY_AREA,APLICADO_P1L3,EDIFICIO_1,P1,E1-P1-V-031,SOL_1_beam_0082,1.7399,10.8343,,,,,,,,,
SURFACE,TRIBUTARY_AREA,APLICADO_P1L3,EDIFICIO_1,P1,E1-P1-V-021,SOL_1_beam_0083,6.4624,40.2415,,,,,,,,,
SURFACE,TRIBUTARY_AREA,APLICADO_P1L3,EDIFICIO_1,P1,E1-P1-V-036,SOL_1_beam_0084,6.2139,38.6938,,,,,,,,,
SURFACE,TRIBUTARY_AREA,APLICADO_P1L3,EDIFICIO_1,P1,E1-P1-V-020,SOL_1_beam_0085,6.4624,40.2415,,,,,,,,,
SURFACE,TRIBUTARY_AREA,APLICADO_P1L3,EDIFICIO_1,P1,E1-P1-V-058,SOL_1_beam_0086,6.2139,38.6938,,,,,,,,,
SURFACE,TRIBUTARY_AREA,APLICADO_P1L3,EDIFICIO_1,P1,E1-P1-V-048,SOL_1_beam_0087,6.4624,40.2415,,,,,,,,,
SURFACE,TRIBUTARY_AREA,APLICADO_P1L3,EDIFICIO_1,P1,E1-P1-V-057,SOL_1_beam_0088,6.2139,38.6938,,,,,,,,,
SURFACE,TRIBUTARY_AREA,APLICADO_P1L3,EDIFICIO_1,P1,E1-P1-V-047,SOL_1_beam_0089,6.4624,40.2415,,,,,,,,,
SURFACE,TRIBUTARY_AREA,APLICADO_P1L3,EDIFICIO_1,P1,E1-P1-V-087,SOL_1_beam_0090,6.2139,38.6938,,,,,,,,,
SURFACE,TRIBUTARY_AREA,APLICADO_P1L3,EDIFICIO_1,P1,E1-P1-V-066,SOL_1_beam_0091,6.4624,40.2415,,,,,,,,,
SURFACE,TRIBUTARY_AREA,APLICADO_P1L3,EDIFICIO_1,P1,E1-P1-V-086,SOL_1_beam_0092,6.2139,38.6938,,,,,,,,,
SURFACE,TRIBUTARY_AREA,APLICADO_P1L3,EDIFICIO_1,P1,E1-P1-V-065,SOL_1_beam_0093,6.4624,40.2415,,,,,,,,,
SURFACE,TRIBUTARY_AREA,APLICADO_P1L3,EDIFICIO_1,P1,E1-P1-V-102,SOL_1_beam_0094,6.2139,38.6938,,,,,,,,,
SURFACE,TRIBUTARY_AREA,APLICADO_P1L3,EDIFICIO_1,P1,E1-P1-V-101,SOL_1_beam_0095,6.2139,38.6938,,,,,,,,,
SURFACE,TRIBUTARY_AREA,APLICADO_P1L3,EDIFICIO_1,P1,E1-P1-V-007,SOL_1_beam_0096,24.6069,153.2274,,,,,,,,,
SURFACE,TRIBUTARY_AREA,APLICADO_P1L3,EDIFICIO_1,P1,E1-P1-V-006,SOL_1_beam_0097,120.052,747.5639,,,,,,,,,
SURFACE,TRIBUTARY_AREA,APLICADO_P1L3,EDIFICIO_1,P1,E1-P1-V-035,SOL_1_beam_0098,6.2139,38.6938,,,,,,,,,
SURFACE,TRIBUTARY_AREA,APLICADO_P1L3,EDIFICIO_1,P1,E1-P1-V-019,SOL_1_beam_0099,6.4624,40.2415,,,,,,,,,
SURFACE,TRIBUTARY_AREA,APLICADO_P1L3,EDIFICIO_1,P1,E1-P1-V-028,SOL_1_beam_0100,114.3353,711.9657,,,,,,,,,
SURFACE,TRIBUTARY_AREA,APLICADO_P1L3,EDIFICIO_1,P1,E1-P1-V-056,SOL_1_beam_0101,6.2139,38.6938,,,,,,,,,
SURFACE,TRIBUTARY_AREA,APLICADO_P1L3,EDIFICIO_1,P1,E1-P1-V-046,SOL_1_beam_0102,6.4624,40.2415,,,,,,,,,
SURFACE,TRIBUTARY_AREA,APLICADO_P1L3,EDIFICIO_1,P1,E1-P1-V-052,SOL_1_beam_0103,98.4277,612.9096,,,,,,,,,
SURFACE,TRIBUTARY_AREA,APLICADO_P1L3,EDIFICIO_1,P1,E1-P1-V-085,SOL_1_beam_0104,13.9191,86.6741,,,,,,,,,
SURFACE,TRIBUTARY_AREA,APLICADO_P1L3,EDIFICIO_1,P1,E1-P1-V-064,SOL_1_beam_0105,9.9422,61.9101,,,,,,,,,
SURFACE,TRIBUTARY_AREA,APLICADO_P1L3,EDIFICIO_1,P1,E1-P1-V-100,SOL_1_beam_0106,13.6705,85.1263,,,,,,,,,
SURFACE,TRIBUTARY_AREA,APLICADO_P1L3,EDIFICIO_1,P1,E1-P1-V-011,SOL_1_beam_0107,58.659,365.2693,,,,,,,,,
SURFACE,TRIBUTARY_AREA,APLICADO_P1L3,EDIFICIO_1,P1,E1-P1-V-010,SOL_1_beam_0108,25.8497,160.9661,,,,,,,,,
SURFACE,TRIBUTARY_AREA,APLICADO_P1L3,EDIFICIO_1,P1,E1-P1-V-024,SOL_1_beam_0109,10.1908,63.4578,,,,,,,,,
SURFACE,TRIBUTARY_AREA,APLICADO_P1L3,EDIFICIO_1,P1,E1-P1-V-032,SOL_1_beam_0110,2.237,13.9298,,,,,,,,,
SURFACE,TRIBUTARY_AREA,APLICADO_P1L3,EDIFICIO_1,P1,E1-P1-V-022,SOL_1_beam_0111,7.2081,44.8848,,,,,,,,,
SURFACE,TRIBUTARY_AREA,APLICADO_P1L3,EDIFICIO_1,P1,E1-P1-V-053,SOL_1_beam_0112,59.1561,368.3648,,,,,,,,,
SURFACE,TRIBUTARY_AREA,APLICADO_P1L3,EDIFICIO_1,P1,E1-P1-V-059,SOL_1_beam_0113,7.4566,46.4325,,,,,,,,,
SURFACE,TRIBUTARY_AREA,APLICADO_P1L3,EDIFICIO_1,P1,E1-P1-V-049,SOL_1_beam_0114,7.2081,44.8848,,,,,,,,,
SURFACE,TRIBUTARY_AREA,APLICADO_P1L3,EDIFICIO_1,P1,E1-P1-V-078,SOL_1_beam_0115,13.1734,82.0308,,,,,,,,,
SURFACE,TRIBUTARY_AREA,APLICADO_P1L3,EDIFICIO_1,P1,E1-P1-V-088,SOL_1_beam_0116,7.4566,46.4325,,,,,,,,,
SURFACE,TRIBUTARY_AREA,APLICADO_P1L3,EDIFICIO_1,P1,E1-P1-V-067,SOL_1_beam_0117,7.2081,44.8848,,,,,,,,,
SURFACE,TRIBUTARY_AREA,APLICADO_P1L3,EDIFICIO_1,P1,E1-P1-V-104,SOL_1_beam_0118,18.1445,112.9859,,,,,,,,,
SURFACE,TRIBUTARY_AREA,APLICADO_P1L3,EDIFICIO_1,P1,E1-P1-V-103,SOL_1_beam_0119,7.4566,46.4325,,,,,,,,,
SURFACE,TRIBUTARY_AREA,APLICADO_P1L3,EDIFICIO_1,P1,E1-P1-V-012,SOL_1_beam_0120,22.3699,139.2976,,,,,,,,,
SURFACE,TRIBUTARY_AREA,APLICADO_P1L3,EDIFICIO_1,P1,E1-P1-V-016,SOL_1_beam_0121,14.9133,92.8651,,,,,,,,,
SURFACE,TRIBUTARY_AREA,APLICADO_P1L3,EDIFICIO_1,P1,E1-P1-V-013,SOL_1_beam_0122,13.9191,86.6741,,,,,,,,,
SURFACE,TRIBUTARY_AREA,APLICADO_P1L3,EDIFICIO_1,P1,E1-P1-V-017,SOL_1_beam_0123,11.185,69.6488,,,,,,,,,
SURFACE,TRIBUTARY_AREA,APLICADO_P1L3,EDIFICIO_1,P1,E1-P1-V-014,SOL_1_beam_0124,62.6358,390.0334,,,,,,,,,
SURFACE,TRIBUTARY_AREA,APLICADO_P1L3,EDIFICIO_1,P1,E1-P1-V-015,SOL_1_beam_0125,3.9769,24.764,,,,,,,,,
SURFACE,TRIBUTARY_AREA,APLICADO_P1L3,EDIFICIO_1,P1,E1-P1-V-018,SOL_1_beam_0126,3.9769,24.764,,,,,,,,,
SURFACE,TRIBUTARY_AREA,APLICADO_P1L3,EDIFICIO_1,P1,E1-P1-V-023,SOL_1_beam_0127,11.185,69.6488,,,,,,,,,
SURFACE,TRIBUTARY_AREA,APLICADO_P1L3,EDIFICIO_1,P1,E1-P1-V-025,SOL_1_beam_0128,111.6012,694.9404,,,,,,,,,
SURFACE,TRIBUTARY_AREA,APLICADO_P1L3,EDIFICIO_1,P1,E1-P1-V-042,SOL_1_beam_0129,17.3988,108.3426,,,,,,,,,
SURFACE,TRIBUTARY_AREA,APLICADO_P1L3,EDIFICIO_1,P1,E1-P1-V-044,SOL_1_beam_0130,14.9133,92.8651,,,,,,,,,
SURFACE,TRIBUTARY_AREA,APLICADO_P1L3,EDIFICIO_1,P1,E1-P1-V-043,SOL_1_beam_0131,8.948,55.7191,,,,,,,,,
SURFACE,TRIBUTARY_AREA,APLICADO_P1L3,EDIFICIO_1,P1,E1-P1-V-045,SOL_1_beam_0132,11.185,69.6488,,,,,,,,,
SURFACE,TRIBUTARY_AREA,APLICADO_P1L3,EDIFICIO_1,P1,E1-P1-V-060,SOL_1_beam_0133,17.3988,108.3426,,,,,,,,,
SURFACE,TRIBUTARY_AREA,APLICADO_P1L3,EDIFICIO_1,P1,E1-P1-V-062,SOL_1_beam_0134,14.9133,92.8651,,,,,,,,,
SURFACE,TRIBUTARY_AREA,APLICADO_P1L3,EDIFICIO_1,P1,E1-P1-V-061,SOL_1_beam_0135,12.4277,77.3876,,,,,,,,,
SURFACE,TRIBUTARY_AREA,APLICADO_P1L3,EDIFICIO_1,P1,E1-P1-V-063,SOL_1_beam_0136,11.185,69.6488,,,,,,,,,
SURFACE,TRIBUTARY_AREA,APLICADO_P1L3,EDIFICIO_1,P1,E1-P1-V-094,SOL_1_beam_0137,17.3988,108.3426,,,,,,,,,
SURFACE,TRIBUTARY_AREA,APLICADO_P1L3,EDIFICIO_1,P1,E1-P1-V-096,SOL_1_beam_0138,14.9133,92.8651,,,,,,,,,
SURFACE,TRIBUTARY_AREA,APLICADO_P1L3,EDIFICIO_1,P1,E1-P1-V-095,SOL_1_beam_0139,12.4277,77.3876,,,,,,,,,
SURFACE,TRIBUTARY_AREA,APLICADO_P1L3,EDIFICIO_1,P1,E1-P1-V-097,SOL_1_beam_0140,11.185,69.6488,,,,,,,,,
SURFACE,TRIBUTARY_AREA,APLICADO_P1L3,EDIFICIO_1,P1,E1-P1-V-001,SOL_1_beam_0141,1.9884,12.382,,,,,,,,,
SURFACE,TRIBUTARY_AREA,APLICADO_P1L3,EDIFICIO_1,P1,E1-P1-V-003,SOL_1_beam_0142,6.9595,43.337,,,,,,,,,
SURFACE,TRIBUTARY_AREA,APLICADO_P1L3,EDIFICIO_1,P1,E1-P1-V-002,SOL_1_beam_0143,2.4855,15.4775,,,,,,,,,
SURFACE,TRIBUTARY_AREA,APLICADO_P1L3,EDIFICIO_1,P1,E1-P1-V-004,SOL_1_beam_0144,10.9364,68.1011,,,,,,,,,
SURFACE,TRIBUTARY_AREA,APLICADO_P1L3,EDIFICIO_1,P1,E1-P1-V-005,SOL_1_beam_0145,15.9075,99.0561,,,,,,,,,
SURFACE,TRIBUTARY_AREA,APLICADO_P1L3,EDIFICIO_1,P1,E1-P1-V-105,SOL_1_beam_0146,17.3988,108.3426,,,,,,,,,
SURFACE,TRIBUTARY_AREA,APLICADO_P1L3,EDIFICIO_1,P1,E1-P1-V-107,SOL_1_beam_0147,5.2197,32.5028,,,,,,,,,
SURFACE,TRIBUTARY_AREA,APLICADO_P1L3,EDIFICIO_1,P1,E1-P1-V-106,SOL_1_beam_0148,12.4277,77.3876,,,,,,,,,
SURFACE,TRIBUTARY_AREA,APLICADO_P1L3,EDIFICIO_1,P1,E1-P1-V-108,SOL_1_beam_0149,3.7283,23.2163,,,,,,,,,
SURFACE,TRIBUTARY_AREA,APLICADO_P1L3,EDIFICIO_1,P1,E1-P1-V-026,SOL_1_beam_0150,16.9017,105.2471,,,,,,,,,
SURFACE,TRIBUTARY_AREA,APLICADO_P1L3,EDIFICIO_1,P1,E1-P1-V-029,SOL_1_beam_0151,14.9133,92.8651,,,,,,,,,
SURFACE,TRIBUTARY_AREA,APLICADO_P1L3,EDIFICIO_1,P1,E1-P1-V-027,SOL_1_beam_0152,12.1792,75.8398,,,,,,,,,
SURFACE,TRIBUTARY_AREA,APLICADO_P1L3,EDIFICIO_1,P1,E1-P1-V-030,SOL_1_beam_0153,5.9653,37.146,,,,,,,,,
SURFACE,TRIBUTARY_AREA,APLICADO_P1L3,EDIFICIO_1,P1,E1-P1-V-050,SOL_1_beam_0154,16.9017,105.2471,,,,,,,,,
SURFACE,TRIBUTARY_AREA,APLICADO_P1L3,EDIFICIO_1,P1,E1-P1-V-054,SOL_1_beam_0155,14.9133,92.8651,,,,,,,,,
SURFACE,TRIBUTARY_AREA,APLICADO_P1L3,EDIFICIO_1,P1,E1-P1-V-051,SOL_1_beam_0156,12.1792,75.8398,,,,,,,,,
SURFACE,TRIBUTARY_AREA,APLICADO_P1L3,EDIFICIO_1,P1,E1-P1-V-055,SOL_1_beam_0157,11.185,69.6488,,,,,,,,,
SURFACE,TRIBUTARY_AREA,APLICADO_P1L3,EDIFICIO_1,P1,E1-P1-V-076,SOL_1_beam_0158,16.9017,105.2471,,,,,,,,,
SURFACE,TRIBUTARY_AREA,APLICADO_P1L3,EDIFICIO_1,P1,E1-P1-V-079,SOL_1_beam_0159,14.9133,92.8651,,,,,,,,,
SURFACE,TRIBUTARY_AREA,APLICADO_P1L3,EDIFICIO_1,P1,E1-P1-V-077,SOL_1_beam_0160,12.1792,75.8398,,,,,,,,,
SURFACE,TRIBUTARY_AREA,APLICADO_P1L3,EDIFICIO_1,P1,E1-P1-V-080,SOL_1_beam_0161,11.185,69.6488,,,,,,,,,
SURFACE,TRIBUTARY_AREA,APLICADO_P1L3,EDIFICIO_1,P1,E1-P1-V-070,SOL_1_beam_0162,27.341,170.2527,,,,,,,,,
SURFACE,TRIBUTARY_AREA,APLICADO_P1L3,EDIFICIO_1,P1,E1-P1-V-073,SOL_1_beam_0163,10.1908,63.4578,,,,,,,,,
SURFACE,TRIBUTARY_AREA,APLICADO_P1L3,EDIFICIO_1,P1,E1-P1-V-071,SOL_1_beam_0164,41.7572,260.0222,,,,,,,,,
SURFACE,TRIBUTARY_AREA,APLICADO_P1L3,EDIFICIO_1,P1,E1-P1-V-074,SOL_1_beam_0165,6.711,41.7893,,,,,,,,,
SURFACE,TRIBUTARY_AREA,APLICADO_P1L3,EDIFICIO_1,P1,E1-P1-V-084,SOL_1_beam_0166,27.341,170.2527,,,,,,,,,
SURFACE,TRIBUTARY_AREA,APLICADO_P1L3,EDIFICIO_1,P1,E1-P1-V-083,SOL_1_beam_0167,25.8497,160.9661,,,,,,,,,
SURFACE,TRIBUTARY_AREA,APLICADO_P1L3,EDIFICIO_1,P1,E1-P1-V-091,SOL_1_beam_0168,0.0,0.0,,,,,,,,,
SURFACE,TRIBUTARY_AREA,APLICADO_P1L3,EDIFICIO_1,P1,E1-P1-V-092,SOL_1_beam_0169,3.4798,21.6685,,,,,,,,,
SURFACE,TRIBUTARY_AREA,APLICADO_P1L3,EDIFICIO_1,P1,E1-P1-V-081,SOL_1_beam_0170,4.7225,29.4073,,,,,,,,,
SURFACE,TRIBUTARY_AREA,APLICADO_P1L3,EDIFICIO_1,P1,E1-P1-V-093,SOL_1_beam_0171,3.4798,21.6685,,,,,,,,,
SURFACE,TRIBUTARY_AREA,APLICADO_P1L3,EDIFICIO_1,P1,E1-P1-V-082,SOL_1_beam_0172,27.0925,168.7049,,,,,,,,,
SURFACE,TRIBUTARY_AREA,APLICADO_P1L3,EDIFICIO_1,P1,E1-P1-V-090,SOL_1_beam_0173,1.4913,9.2865,,,,,,,,,
SURFACE,TRIBUTARY_AREA,APLICADO_P1L3,EDIFICIO_1,P1,E1-P1-V-089,SOL_1_beam_0174,1.2428,7.7388,,,,,,,,,
SURFACE,TRIBUTARY_AREA,APLICADO_P1L3,EDIFICIO_1,P1,E1-P1-V-038,SOL_1_beam_0175,8.948,55.7191,,,,,,,,,
SURFACE,TRIBUTARY_AREA,APLICADO_P1L3,EDIFICIO_1,P1,E1-P1-V-034,SOL_1_beam_0176,4.7225,29.4073,,,,,,,,,
SURFACE,TRIBUTARY_AREA,APLICADO_P1L3,EDIFICIO_1,P1,E1-P1-V-037,SOL_1_beam_0177,5.9653,37.146,,,,,,,,,
SURFACE,TRIBUTARY_AREA,APLICADO_P1L3,EDIFICIO_1,P1,E1-P1-V-033,SOL_1_beam_0178,8.6994,54.1713,,,,,,,,,
SURFACE,TRIBUTARY_AREA,APLICADO_P1L3,EDIFICIO_1,P1,E1-P1-V-041,SOL_1_beam_0179,2.4855,15.4775,,,,,,,,,
SURFACE,TRIBUTARY_AREA,APLICADO_P1L3,EDIFICIO_1,P1,E1-P1-V-040,SOL_1_beam_0180,2.237,13.9298,,,,,,,,,
SURFACE,TRIBUTARY_AREA,APLICADO_P1L3,EDIFICIO_1,P1,E1-P1-V-098,SOL_1_beam_0181,67.6069,420.9884,,,,,,,,,
SURFACE,TRIBUTARY_AREA,APLICADO_P1L3,EDIFICIO_1,P1,E1-P1-V-069,SOL_1_beam_0182,4.7225,29.4073,,,,,,,,,
SURFACE,TRIBUTARY_AREA,APLICADO_P1L3,EDIFICIO_1,P1,E1-P1-V-099,SOL_1_beam_0183,16.6532,103.6993,,,,,,,,,
SURFACE,TRIBUTARY_AREA,APLICADO_P1L3,EDIFICIO_1,P1,E1-P1-V-039,SOL_1_beam_0184,1.4913,9.2865,,,,,,,,,
SURFACE,TRIBUTARY_AREA,APLICADO_P1L3,EDIFICIO_1,P1,E1-P1-V-068,SOL_1_beam_0185,6.4624,40.2415,,,,,,,,,
SURFACE,TRIBUTARY_AREA,APLICADO_P1L3,EDIFICIO_1,P1,E1-P1-V-072,SOL_1_beam_0186,74.0694,461.2299,,,,,,,,,
SURFACE,TRIBUTARY_AREA,APLICADO_P1L3,EDIFICIO_1,P1,E1-P1-V-075,SOL_1_beam_0187,4.2254,26.3118,,,,,,,,,
SURFACE,TRIBUTARY_AREA,APLICADO_P1L3,EDIFICIO_1,P2,E1-P2-V-010,SOL_2_beam_0188,22.4208,139.6142,,,,,,,,,
SURFACE,TRIBUTARY_AREA,APLICADO_P1L3,EDIFICIO_1,P2,E1-P2-V-009,SOL_2_beam_0189,24.3918,151.888,,,,,,,,,
SURFACE,TRIBUTARY_AREA,APLICADO_P1L3,EDIFICIO_1,P2,E1-P2-V-034,SOL_2_beam_0190,1.7247,10.7396,,,,,,,,,
SURFACE,TRIBUTARY_AREA,APLICADO_P1L3,EDIFICIO_1,P2,E1-P2-V-024,SOL_2_beam_0191,6.4059,39.8898,,,,,,,,,
SURFACE,TRIBUTARY_AREA,APLICADO_P1L3,EDIFICIO_1,P2,E1-P2-V-040,SOL_2_beam_0192,6.1596,38.3556,,,,,,,,,
SURFACE,TRIBUTARY_AREA,APLICADO_P1L3,EDIFICIO_1,P2,E1-P2-V-023,SOL_2_beam_0193,6.4059,39.8898,,,,,,,,,
SURFACE,TRIBUTARY_AREA,APLICADO_P1L3,EDIFICIO_1,P2,E1-P2-V-073,SOL_2_beam_0194,6.1596,38.3556,,,,,,,,,
SURFACE,TRIBUTARY_AREA,APLICADO_P1L3,EDIFICIO_1,P2,E1-P2-V-058,SOL_2_beam_0195,6.4059,39.8898,,,,,,,,,
SURFACE,TRIBUTARY_AREA,APLICADO_P1L3,EDIFICIO_1,P2,E1-P2-V-072,SOL_2_beam_0196,6.1596,38.3556,,,,,,,,,
SURFACE,TRIBUTARY_AREA,APLICADO_P1L3,EDIFICIO_1,P2,E1-P2-V-057,SOL_2_beam_0197,6.4059,39.8898,,,,,,,,,
SURFACE,TRIBUTARY_AREA,APLICADO_P1L3,EDIFICIO_1,P2,E1-P2-V-095,SOL_2_beam_0198,6.4059,39.8898,,,,,,,,,
SURFACE,TRIBUTARY_AREA,APLICADO_P1L3,EDIFICIO_1,P2,E1-P2-V-085,SOL_2_beam_0199,6.4059,39.8898,,,,,,,,,
SURFACE,TRIBUTARY_AREA,APLICADO_P1L3,EDIFICIO_1,P2,E1-P2-V-094,SOL_2_beam_0200,6.4059,39.8898,,,,,,,,,
SURFACE,TRIBUTARY_AREA,APLICADO_P1L3,EDIFICIO_1,P2,E1-P2-V-084,SOL_2_beam_0201,6.4059,39.8898,,,,,,,,,
SURFACE,TRIBUTARY_AREA,APLICADO_P1L3,EDIFICIO_1,P2,E1-P2-V-105,SOL_2_beam_0202,7.3915,46.0267,,,,,,,,,
SURFACE,TRIBUTARY_AREA,APLICADO_P1L3,EDIFICIO_1,P2,E1-P2-V-104,SOL_2_beam_0203,7.1451,44.4924,,,,,,,,,
SURFACE,TRIBUTARY_AREA,APLICADO_P1L3,EDIFICIO_1,P2,E1-P2-V-008,SOL_2_beam_0204,24.3918,151.888,,,,,,,,,
SURFACE,TRIBUTARY_AREA,APLICADO_P1L3,EDIFICIO_1,P2,E1-P2-V-007,SOL_2_beam_0205,0.0,0.0,,,,,,,,,
SURFACE,TRIBUTARY_AREA,APLICADO_P1L3,EDIFICIO_1,P2,E1-P2-V-039,SOL_2_beam_0206,6.1596,38.3556,,,,,,,,,
SURFACE,TRIBUTARY_AREA,APLICADO_P1L3,EDIFICIO_1,P2,E1-P2-V-022,SOL_2_beam_0207,6.4059,39.8898,,,,,,,,,
SURFACE,TRIBUTARY_AREA,APLICADO_P1L3,EDIFICIO_1,P2,E1-P2-V-031,SOL_2_beam_0208,0.0,0.0,,,,,,,,,
SURFACE,TRIBUTARY_AREA,APLICADO_P1L3,EDIFICIO_1,P2,E1-P2-V-071,SOL_2_beam_0209,6.1596,38.3556,,,,,,,,,
SURFACE,TRIBUTARY_AREA,APLICADO_P1L3,EDIFICIO_1,P2,E1-P2-V-056,SOL_2_beam_0210,6.4059,39.8898,,,,,,,,,
SURFACE,TRIBUTARY_AREA,APLICADO_P1L3,EDIFICIO_1,P2,E1-P2-V-063,SOL_2_beam_0211,0.0,0.0,,,,,,,,,
SURFACE,TRIBUTARY_AREA,APLICADO_P1L3,EDIFICIO_1,P2,E1-P2-V-093,SOL_2_beam_0212,6.4059,39.8898,,,,,,,,,
SURFACE,TRIBUTARY_AREA,APLICADO_P1L3,EDIFICIO_1,P2,E1-P2-V-083,SOL_2_beam_0213,6.4059,39.8898,,,,,,,,,
SURFACE,TRIBUTARY_AREA,APLICADO_P1L3,EDIFICIO_1,P2,E1-P2-V-089,SOL_2_beam_0214,0.0,0.0,,,,,,,,,
SURFACE,TRIBUTARY_AREA,APLICADO_P1L3,EDIFICIO_1,P2,E1-P2-V-103,SOL_2_beam_0215,7.3915,46.0267,,,,,,,,,
SURFACE,TRIBUTARY_AREA,APLICADO_P1L3,EDIFICIO_1,P2,E1-P2-V-102,SOL_2_beam_0216,0.0,0.0,,,,,,,,,
SURFACE,TRIBUTARY_AREA,APLICADO_P1L3,EDIFICIO_1,P2,E1-P2-V-012,SOL_2_beam_0217,32.5225,202.5173,,,,,,,,,
SURFACE,TRIBUTARY_AREA,APLICADO_P1L3,EDIFICIO_1,P2,E1-P2-V-011,SOL_2_beam_0218,25.6238,159.5591,,,,,,,,,
SURFACE,TRIBUTARY_AREA,APLICADO_P1L3,EDIFICIO_1,P2,E1-P2-V-027,SOL_2_beam_0219,9.8553,61.3689,,,,,,,,,
SURFACE,TRIBUTARY_AREA,APLICADO_P1L3,EDIFICIO_1,P2,E1-P2-V-035,SOL_2_beam_0220,2.2174,13.808,,,,,,,,,
SURFACE,TRIBUTARY_AREA,APLICADO_P1L3,EDIFICIO_1,P2,E1-P2-V-025,SOL_2_beam_0221,7.3915,46.0267,,,,,,,,,
SURFACE,TRIBUTARY_AREA,APLICADO_P1L3,EDIFICIO_1,P2,E1-P2-V-064,SOL_2_beam_0222,6.8987,42.9582,,,,,,,,,
SURFACE,TRIBUTARY_AREA,APLICADO_P1L3,EDIFICIO_1,P2,E1-P2-V-074,SOL_2_beam_0223,7.3915,46.0267,,,,,,,,,
SURFACE,TRIBUTARY_AREA,APLICADO_P1L3,EDIFICIO_1,P2,E1-P2-V-059,SOL_2_beam_0224,7.3915,46.0267,,,,,,,,,
SURFACE,TRIBUTARY_AREA,APLICADO_P1L3,EDIFICIO_1,P2,E1-P2-V-086,SOL_2_beam_0225,7.3915,46.0267,,,,,,,,,
SURFACE,TRIBUTARY_AREA,APLICADO_P1L3,EDIFICIO_1,P2,E1-P2-V-013,SOL_2_beam_0226,22.1744,138.08,,,,,,,,,
SURFACE,TRIBUTARY_AREA,APLICADO_P1L3,EDIFICIO_1,P2,E1-P2-V-019,SOL_2_beam_0227,14.7829,92.0533,,,,,,,,,
SURFACE,TRIBUTARY_AREA,APLICADO_P1L3,EDIFICIO_1,P2,E1-P2-V-014,SOL_2_beam_0228,13.7974,85.9164,,,,,,,,,
SURFACE,TRIBUTARY_AREA,APLICADO_P1L3,EDIFICIO_1,P2,E1-P2-V-020,SOL_2_beam_0229,11.0872,69.04,,,,,,,,,
SURFACE,TRIBUTARY_AREA,APLICADO_P1L3,EDIFICIO_1,P2,E1-P2-V-017,SOL_2_beam_0230,0.0,0.0,,,,,,,,,
SURFACE,TRIBUTARY_AREA,APLICADO_P1L3,EDIFICIO_1,P2,E1-P2-V-015,SOL_2_beam_0231,7.8842,49.0951,,,,,,,,,
SURFACE,TRIBUTARY_AREA,APLICADO_P1L3,EDIFICIO_1,P2,E1-P2-V-021,SOL_2_beam_0232,3.9421,24.5476,,,,,,,,,
SURFACE,TRIBUTARY_AREA,APLICADO_P1L3,EDIFICIO_1,P2,E1-P2-V-044,SOL_2_beam_0233,0.7391,4.6027,,,,,,,,,
SURFACE,TRIBUTARY_AREA,APLICADO_P1L3,EDIFICIO_1,P2,E1-P2-V-026,SOL_2_beam_0234,10.8408,67.5058,,,,,,,,,
SURFACE,TRIBUTARY_AREA,APLICADO_P1L3,EDIFICIO_1,P2,E1-P2-V-028,SOL_2_beam_0235,0.0,0.0,,,,,,,,,
SURFACE,TRIBUTARY_AREA,APLICADO_P1L3,EDIFICIO_1,P2,E1-P2-V-048,SOL_2_beam_0236,17.2468,107.3956,,,,,,,,,
SURFACE,TRIBUTARY_AREA,APLICADO_P1L3,EDIFICIO_1,P2,E1-P2-V-051,SOL_2_beam_0237,14.7829,92.0533,,,,,,,,,
SURFACE,TRIBUTARY_AREA,APLICADO_P1L3,EDIFICIO_1,P2,E1-P2-V-049,SOL_2_beam_0238,8.8698,55.232,,,,,,,,,
SURFACE,TRIBUTARY_AREA,APLICADO_P1L3,EDIFICIO_1,P2,E1-P2-V-052,SOL_2_beam_0239,11.0872,69.04,,,,,,,,,
SURFACE,TRIBUTARY_AREA,APLICADO_P1L3,EDIFICIO_1,P2,E1-P2-V-036,SOL_2_beam_0240,8.6234,53.6978,,,,,,,,,
SURFACE,TRIBUTARY_AREA,APLICADO_P1L3,EDIFICIO_1,P2,E1-P2-V-042,SOL_2_beam_0241,5.9132,36.8213,,,,,,,,,
SURFACE,TRIBUTARY_AREA,APLICADO_P1L3,EDIFICIO_1,P2,E1-P2-V-076,SOL_2_beam_0242,17.2468,107.3956,,,,,,,,,
SURFACE,TRIBUTARY_AREA,APLICADO_P1L3,EDIFICIO_1,P2,E1-P2-V-080,SOL_2_beam_0243,14.7829,92.0533,,,,,,,,,
SURFACE,TRIBUTARY_AREA,APLICADO_P1L3,EDIFICIO_1,P2,E1-P2-V-077,SOL_2_beam_0244,12.3191,76.7111,,,,,,,,,
SURFACE,TRIBUTARY_AREA,APLICADO_P1L3,EDIFICIO_1,P2,E1-P2-V-081,SOL_2_beam_0245,11.0872,69.04,,,,,,,,,
SURFACE,TRIBUTARY_AREA,APLICADO_P1L3,EDIFICIO_1,P2,E1-P2-V-099,SOL_2_beam_0246,0.2464,1.5342,,,,,,,,,
SURFACE,TRIBUTARY_AREA,APLICADO_P1L3,EDIFICIO_1,P2,E1-P2-V-097,SOL_2_beam_0247,16.5076,102.7929,,,,,,,,,
SURFACE,TRIBUTARY_AREA,APLICADO_P1L3,EDIFICIO_1,P2,E1-P2-V-100,SOL_2_beam_0248,14.7829,92.0533,,,,,,,,,
SURFACE,TRIBUTARY_AREA,APLICADO_P1L3,EDIFICIO_1,P2,E1-P2-V-098,SOL_2_beam_0249,12.0727,75.1769,,,,,,,,,
SURFACE,TRIBUTARY_AREA,APLICADO_P1L3,EDIFICIO_1,P2,E1-P2-V-101,SOL_2_beam_0250,11.0872,69.04,,,,,,,,,
SURFACE,TRIBUTARY_AREA,APLICADO_P1L3,EDIFICIO_1,P2,E1-P2-V-001,SOL_2_beam_0251,1.9711,12.2738,,,,,,,,,
SURFACE,TRIBUTARY_AREA,APLICADO_P1L3,EDIFICIO_1,P2,E1-P2-V-004,SOL_2_beam_0252,6.8987,42.9582,,,,,,,,,
SURFACE,TRIBUTARY_AREA,APLICADO_P1L3,EDIFICIO_1,P2,E1-P2-V-002,SOL_2_beam_0253,2.4638,15.3422,,,,,,,,,
SURFACE,TRIBUTARY_AREA,APLICADO_P1L3,EDIFICIO_1,P2,E1-P2-V-005,SOL_2_beam_0254,10.8408,67.5058,,,,,,,,,
SURFACE,TRIBUTARY_AREA,APLICADO_P1L3,EDIFICIO_1,P2,E1-P2-V-003,SOL_2_beam_0255,3.6957,23.0133,,,,,,,,,
SURFACE,TRIBUTARY_AREA,APLICADO_P1L3,EDIFICIO_1,P2,E1-P2-V-006,SOL_2_beam_0256,12.0727,75.1769,,,,,,,,,
SURFACE,TRIBUTARY_AREA,APLICADO_P1L3,EDIFICIO_1,P2,E1-P2-V-110,SOL_2_beam_0257,0.2464,1.5342,,,,,,,,,
SURFACE,TRIBUTARY_AREA,APLICADO_P1L3,EDIFICIO_1,P2,E1-P2-V-108,SOL_2_beam_0258,14.7829,92.0533,,,,,,,,,
SURFACE,TRIBUTARY_AREA,APLICADO_P1L3,EDIFICIO_1,P2,E1-P2-V-111,SOL_2_beam_0259,0.0,0.0,,,,,,,,,
SURFACE,TRIBUTARY_AREA,APLICADO_P1L3,EDIFICIO_1,P2,E1-P2-V-109,SOL_2_beam_0260,11.0872,69.04,,,,,,,,,
SURFACE,TRIBUTARY_AREA,APLICADO_P1L3,EDIFICIO_1,P2,E1-P2-V-112,SOL_2_beam_0261,0.0,0.0,,,,,,,,,
SURFACE,TRIBUTARY_AREA,APLICADO_P1L3,EDIFICIO_1,P2,E1-P2-V-029,SOL_2_beam_0262,16.754,104.3271,,,,,,,,,
SURFACE,TRIBUTARY_AREA,APLICADO_P1L3,EDIFICIO_1,P2,E1-P2-V-032,SOL_2_beam_0263,14.7829,92.0533,,,,,,,,,
SURFACE,TRIBUTARY_AREA,APLICADO_P1L3,EDIFICIO_1,P2,E1-P2-V-030,SOL_2_beam_0264,12.0727,75.1769,,,,,,,,,
SURFACE,TRIBUTARY_AREA,APLICADO_P1L3,EDIFICIO_1,P2,E1-P2-V-033,SOL_2_beam_0265,5.9132,36.8213,,,,,,,,,
SURFACE,TRIBUTARY_AREA,APLICADO_P1L3,EDIFICIO_1,P2,E1-P2-V-060,SOL_2_beam_0266,16.754,104.3271,,,,,,,,,
SURFACE,TRIBUTARY_AREA,APLICADO_P1L3,EDIFICIO_1,P2,E1-P2-V-067,SOL_2_beam_0267,14.7829,92.0533,,,,,,,,,
SURFACE,TRIBUTARY_AREA,APLICADO_P1L3,EDIFICIO_1,P2,E1-P2-V-061,SOL_2_beam_0268,12.0727,75.1769,,,,,,,,,
SURFACE,TRIBUTARY_AREA,APLICADO_P1L3,EDIFICIO_1,P2,E1-P2-V-068,SOL_2_beam_0269,11.0872,69.04,,,,,,,,,
SURFACE,TRIBUTARY_AREA,APLICADO_P1L3,EDIFICIO_1,P2,E1-P2-V-087,SOL_2_beam_0270,16.754,104.3271,,,,,,,,,
SURFACE,TRIBUTARY_AREA,APLICADO_P1L3,EDIFICIO_1,P2,E1-P2-V-091,SOL_2_beam_0271,14.7829,92.0533,,,,,,,,,
SURFACE,TRIBUTARY_AREA,APLICADO_P1L3,EDIFICIO_1,P2,E1-P2-V-088,SOL_2_beam_0272,12.0727,75.1769,,,,,,,,,
SURFACE,TRIBUTARY_AREA,APLICADO_P1L3,EDIFICIO_1,P2,E1-P2-V-092,SOL_2_beam_0273,11.0872,69.04,,,,,,,,,
SURFACE,TRIBUTARY_AREA,APLICADO_P1L3,EDIFICIO_1,P2,E1-P2-V-038,SOL_2_beam_0274,1.2319,7.6711,,,,,,,,,
SURFACE,TRIBUTARY_AREA,APLICADO_P1L3,EDIFICIO_1,P2,E1-P2-V-041,SOL_2_beam_0275,0.0,0.0,,,,,,,,,
SURFACE,TRIBUTARY_AREA,APLICADO_P1L3,EDIFICIO_1,P2,E1-P2-V-016,SOL_2_beam_0276,0.9855,6.1369,,,,,,,,,
SURFACE,TRIBUTARY_AREA,APLICADO_P1L3,EDIFICIO_1,P2,E1-P2-V-018,SOL_2_beam_0277,0.0,0.0,,,,,,,,,
SURFACE,TRIBUTARY_AREA,APLICADO_P1L3,EDIFICIO_1,P2,E1-P2-V-062,SOL_2_beam_0278,1.7247,10.7396,,,,,,,,,
SURFACE,TRIBUTARY_AREA,APLICADO_P1L3,EDIFICIO_1,P2,E1-P2-V-069,SOL_2_beam_0279,1.4783,9.2053,,,,,,,,,
SURFACE,TRIBUTARY_AREA,APLICADO_P1L3,EDIFICIO_1,P2,E1-P2-V-065,SOL_2_beam_0280,0.2464,1.5342,,,,,,,,,
SURFACE,TRIBUTARY_AREA,APLICADO_P1L3,EDIFICIO_1,P2,E1-P2-V-066,SOL_2_beam_0281,0.2464,1.5342,,,,,,,,,
SURFACE,TRIBUTARY_AREA,APLICADO_P1L3,EDIFICIO_1,P2,E1-P2-V-090,SOL_2_beam_0282,31.0442,193.312,,,,,,,,,
SURFACE,TRIBUTARY_AREA,APLICADO_P1L3,EDIFICIO_1,P2,E1-P2-V-096,SOL_2_beam_0283,7.3915,46.0267,,,,,,,,,
SURFACE,TRIBUTARY_AREA,APLICADO_P1L3,EDIFICIO_1,P2,E1-P2-V-106,SOL_2_beam_0284,7.3915,46.0267,,,,,,,,,
SURFACE,TRIBUTARY_AREA,APLICADO_P1L3,EDIFICIO_1,P2,E1-P2-V-070,SOL_2_beam_0285,5.174,32.2187,,,,,,,,,
SURFACE,TRIBUTARY_AREA,APLICADO_P1L3,EDIFICIO_1,P2,E1-P2-V-079,SOL_2_beam_0286,1.4783,9.2053,,,,,,,,,
SURFACE,TRIBUTARY_AREA,APLICADO_P1L3,EDIFICIO_1,P2,E1-P2-V-075,SOL_2_beam_0287,12.8119,79.7796,,,,,,,,,
SURFACE,TRIBUTARY_AREA,APLICADO_P1L3,EDIFICIO_1,P2,E1-P2-V-054,SOL_2_beam_0288,5.4204,33.7529,,,,,,,,,
SURFACE,TRIBUTARY_AREA,APLICADO_P1L3,EDIFICIO_1,P2,E1-P2-V-055,SOL_2_beam_0289,8.377,52.1636,,,,,,,,,
SURFACE,TRIBUTARY_AREA,APLICADO_P1L3,EDIFICIO_1,P2,E1-P2-V-078,SOL_2_beam_0290,1.9711,12.2738,,,,,,,,,
SURFACE,TRIBUTARY_AREA,APLICADO_P1L3,EDIFICIO_1,P2,E1-P2-V-082,SOL_2_beam_0291,2.4638,15.3422,,,,,,,,,
SURFACE,TRIBUTARY_AREA,APLICADO_P1L3,EDIFICIO_1,P2,E1-P2-V-107,SOL_2_beam_0292,19.7106,122.7378,,,,,,,,,
SURFACE,TRIBUTARY_AREA,APLICADO_P1L3,EDIFICIO_1,P2,E1-P2-V-047,SOL_2_beam_0293,0.9855,6.1369,,,,,,,,,
SURFACE,TRIBUTARY_AREA,APLICADO_P1L3,EDIFICIO_1,P2,E1-P2-V-043,SOL_2_beam_0294,3.4494,21.4791,,,,,,,,,
SURFACE,TRIBUTARY_AREA,APLICADO_P1L3,EDIFICIO_1,P2,E1-P2-V-037,SOL_2_beam_0295,3.6957,23.0133,,,,,,,,,
SURFACE,TRIBUTARY_AREA,APLICADO_P1L3,EDIFICIO_1,P2,E1-P2-V-046,SOL_2_beam_0296,2.2174,13.808,,,,,,,,,
SURFACE,TRIBUTARY_AREA,APLICADO_P1L3,EDIFICIO_1,P2,E1-P2-V-045,SOL_2_beam_0297,1.4783,9.2053,,,,,,,,,
SURFACE,TRIBUTARY_AREA,APLICADO_P1L3,EDIFICIO_1,P2,E1-P2-V-050,SOL_2_beam_0298,2.7102,16.8764,,,,,,,,,
SURFACE,TRIBUTARY_AREA,APLICADO_P1L3,EDIFICIO_1,P2,E1-P2-V-053,SOL_2_beam_0299,1.4783,9.2053,,,,,,,,,
SURFACE,TRIBUTARY_AREA,APLICADO_P1L3,EDIFICIO_1,P3,E1-P3-V-010,SOL_3_beam_0300,21.1272,131.5592,,,,,,,,,
SURFACE,TRIBUTARY_AREA,APLICADO_P1L3,EDIFICIO_1,P3,E1-P3-V-009,SOL_3_beam_0301,27.1636,169.1475,,,,,,,,,
SURFACE,TRIBUTARY_AREA,APLICADO_P1L3,EDIFICIO_1,P3,E1-P3-V-044,SOL_3_beam_0302,5.0303,31.3236,,,,,,,,,
SURFACE,TRIBUTARY_AREA,APLICADO_P1L3,EDIFICIO_1,P3,E1-P3-V-034,SOL_3_beam_0303,1.5091,9.3971,,,,,,,,,
SURFACE,TRIBUTARY_AREA,APLICADO_P1L3,EDIFICIO_1,P3,E1-P3-V-023,SOL_3_beam_0304,0.503,3.1324,,,,,,,,,
SURFACE,TRIBUTARY_AREA,APLICADO_P1L3,EDIFICIO_1,P3,E1-P3-V-043,SOL_3_beam_0305,7.5454,46.9854,,,,,,,,,
SURFACE,TRIBUTARY_AREA,APLICADO_P1L3,EDIFICIO_1,P3,E1-P3-V-033,SOL_3_beam_0306,7.5454,46.9854,,,,,,,,,
SURFACE,TRIBUTARY_AREA,APLICADO_P1L3,EDIFICIO_1,P3,E1-P3-V-067,SOL_3_beam_0307,5.0303,31.3236,,,,,,,,,
SURFACE,TRIBUTARY_AREA,APLICADO_P1L3,EDIFICIO_1,P3,E1-P3-V-055,SOL_3_beam_0308,5.0303,31.3236,,,,,,,,,
SURFACE,TRIBUTARY_AREA,APLICADO_P1L3,EDIFICIO_1,P3,E1-P3-V-066,SOL_3_beam_0309,7.5454,46.9854,,,,,,,,,
SURFACE,TRIBUTARY_AREA,APLICADO_P1L3,EDIFICIO_1,P3,E1-P3-V-054,SOL_3_beam_0310,7.5454,46.9854,,,,,,,,,
SURFACE,TRIBUTARY_AREA,APLICADO_P1L3,EDIFICIO_1,P3,E1-P3-V-088,SOL_3_beam_0311,5.0303,31.3236,,,,,,,,,
SURFACE,TRIBUTARY_AREA,APLICADO_P1L3,EDIFICIO_1,P3,E1-P3-V-078,SOL_3_beam_0312,5.0303,31.3236,,,,,,,,,
SURFACE,TRIBUTARY_AREA,APLICADO_P1L3,EDIFICIO_1,P3,E1-P3-V-087,SOL_3_beam_0313,7.5454,46.9854,,,,,,,,,
SURFACE,TRIBUTARY_AREA,APLICADO_P1L3,EDIFICIO_1,P3,E1-P3-V-077,SOL_3_beam_0314,7.5454,46.9854,,,,,,,,,
SURFACE,TRIBUTARY_AREA,APLICADO_P1L3,EDIFICIO_1,P3,E1-P3-V-100,SOL_3_beam_0315,5.0303,31.3236,,,,,,,,,
SURFACE,TRIBUTARY_AREA,APLICADO_P1L3,EDIFICIO_1,P3,E1-P3-V-099,SOL_3_beam_0316,7.5454,46.9854,,,,,,,,,
SURFACE,TRIBUTARY_AREA,APLICADO_P1L3,EDIFICIO_1,P3,E1-P3-V-008,SOL_3_beam_0317,24.8999,155.0519,,,,,,,,,
SURFACE,TRIBUTARY_AREA,APLICADO_P1L3,EDIFICIO_1,P3,E1-P3-V-007,SOL_3_beam_0318,0.0,0.0,,,,,,,,,
SURFACE,TRIBUTARY_AREA,APLICADO_P1L3,EDIFICIO_1,P3,E1-P3-V-042,SOL_3_beam_0319,6.2879,39.1545,,,,,,,,,
SURFACE,TRIBUTARY_AREA,APLICADO_P1L3,EDIFICIO_1,P3,E1-P3-V-032,SOL_3_beam_0320,6.5394,40.7207,,,,,,,,,
SURFACE,TRIBUTARY_AREA,APLICADO_P1L3,EDIFICIO_1,P3,E1-P3-V-038,SOL_3_beam_0321,0.0,0.0,,,,,,,,,
SURFACE,TRIBUTARY_AREA,APLICADO_P1L3,EDIFICIO_1,P3,E1-P3-V-065,SOL_3_beam_0322,6.2879,39.1545,,,,,,,,,
SURFACE,TRIBUTARY_AREA,APLICADO_P1L3,EDIFICIO_1,P3,E1-P3-V-053,SOL_3_beam_0323,6.5394,40.7207,,,,,,,,,
SURFACE,TRIBUTARY_AREA,APLICADO_P1L3,EDIFICIO_1,P3,E1-P3-V-059,SOL_3_beam_0324,0.0,0.0,,,,,,,,,
SURFACE,TRIBUTARY_AREA,APLICADO_P1L3,EDIFICIO_1,P3,E1-P3-V-086,SOL_3_beam_0325,6.2879,39.1545,,,,,,,,,
SURFACE,TRIBUTARY_AREA,APLICADO_P1L3,EDIFICIO_1,P3,E1-P3-V-076,SOL_3_beam_0326,6.5394,40.7207,,,,,,,,,
SURFACE,TRIBUTARY_AREA,APLICADO_P1L3,EDIFICIO_1,P3,E1-P3-V-082,SOL_3_beam_0327,0.0,0.0,,,,,,,,,
SURFACE,TRIBUTARY_AREA,APLICADO_P1L3,EDIFICIO_1,P3,E1-P3-V-098,SOL_3_beam_0328,5.7848,36.0222,,,,,,,,,
SURFACE,TRIBUTARY_AREA,APLICADO_P1L3,EDIFICIO_1,P3,E1-P3-V-097,SOL_3_beam_0329,0.0,0.0,,,,,,,,,
SURFACE,TRIBUTARY_AREA,APLICADO_P1L3,EDIFICIO_1,P3,E1-P3-V-012,SOL_3_beam_0330,0.0,0.0,,,,,,,,,
SURFACE,TRIBUTARY_AREA,APLICADO_P1L3,EDIFICIO_1,P3,E1-P3-V-011,SOL_3_beam_0331,22.8878,142.5224,,,,,,,,,
SURFACE,TRIBUTARY_AREA,APLICADO_P1L3,EDIFICIO_1,P3,E1-P3-V-041,SOL_3_beam_0332,0.0,0.0,,,,,,,,,
SURFACE,TRIBUTARY_AREA,APLICADO_P1L3,EDIFICIO_1,P3,E1-P3-V-025,SOL_3_beam_0333,0.0,0.0,,,,,,,,,
SURFACE,TRIBUTARY_AREA,APLICADO_P1L3,EDIFICIO_1,P3,E1-P3-V-045,SOL_3_beam_0334,6.2879,39.1545,,,,,,,,,
SURFACE,TRIBUTARY_AREA,APLICADO_P1L3,EDIFICIO_1,P3,E1-P3-V-035,SOL_3_beam_0335,2.0121,12.5294,,,,,,,,,
SURFACE,TRIBUTARY_AREA,APLICADO_P1L3,EDIFICIO_1,P3,E1-P3-V-024,SOL_3_beam_0336,1.5091,9.3971,,,,,,,,,
SURFACE,TRIBUTARY_AREA,APLICADO_P1L3,EDIFICIO_1,P3,E1-P3-V-060,SOL_3_beam_0337,0.0,0.0,,,,,,,,,
SURFACE,TRIBUTARY_AREA,APLICADO_P1L3,EDIFICIO_1,P3,E1-P3-V-056,SOL_3_beam_0338,6.5394,40.7207,,,,,,,,,
SURFACE,TRIBUTARY_AREA,APLICADO_P1L3,EDIFICIO_1,P3,E1-P3-V-083,SOL_3_beam_0339,0.0,0.0,,,,,,,,,
SURFACE,TRIBUTARY_AREA,APLICADO_P1L3,EDIFICIO_1,P3,E1-P3-V-089,SOL_3_beam_0340,6.2879,39.1545,,,,,,,,,
SURFACE,TRIBUTARY_AREA,APLICADO_P1L3,EDIFICIO_1,P3,E1-P3-V-079,SOL_3_beam_0341,6.5394,40.7207,,,,,,,,,
SURFACE,TRIBUTARY_AREA,APLICADO_P1L3,EDIFICIO_1,P3,E1-P3-V-013,SOL_3_beam_0342,20.3727,126.8606,,,,,,,,,
SURFACE,TRIBUTARY_AREA,APLICADO_P1L3,EDIFICIO_1,P3,E1-P3-V-018,SOL_3_beam_0343,15.0909,93.9708,,,,,,,,,
SURFACE,TRIBUTARY_AREA,APLICADO_P1L3,EDIFICIO_1,P3,E1-P3-V-014,SOL_3_beam_0344,14.0848,87.7061,,,,,,,,,
SURFACE,TRIBUTARY_AREA,APLICADO_P1L3,EDIFICIO_1,P3,E1-P3-V-019,SOL_3_beam_0345,6.0363,37.5883,,,,,,,,,
SURFACE,TRIBUTARY_AREA,APLICADO_P1L3,EDIFICIO_1,P3,E1-P3-V-075,SOL_3_beam_0346,0.0,0.0,,,,,,,,,
SURFACE,TRIBUTARY_AREA,APLICADO_P1L3,EDIFICIO_1,P3,E1-P3-V-049,SOL_3_beam_0347,0.0,0.0,,,,,,,,,
SURFACE,TRIBUTARY_AREA,APLICADO_P1L3,EDIFICIO_1,P3,E1-P3-V-061,SOL_3_beam_0348,0.0,0.0,,,,,,,,,
SURFACE,TRIBUTARY_AREA,APLICADO_P1L3,EDIFICIO_1,P3,E1-P3-V-062,SOL_3_beam_0349,0.0,0.0,,,,,,,,,
SURFACE,TRIBUTARY_AREA,APLICADO_P1L3,EDIFICIO_1,P3,E1-P3-V-046,SOL_3_beam_0350,16.3484,101.8017,,,,,,,,,
SURFACE,TRIBUTARY_AREA,APLICADO_P1L3,EDIFICIO_1,P3,E1-P3-V-050,SOL_3_beam_0351,15.0909,93.9708,,,,,,,,,
SURFACE,TRIBUTARY_AREA,APLICADO_P1L3,EDIFICIO_1,P3,E1-P3-V-047,SOL_3_beam_0352,12.5757,78.309,,,,,,,,,
SURFACE,TRIBUTARY_AREA,APLICADO_P1L3,EDIFICIO_1,P3,E1-P3-V-051,SOL_3_beam_0353,11.3182,70.4781,,,,,,,,,
SURFACE,TRIBUTARY_AREA,APLICADO_P1L3,EDIFICIO_1,P3,E1-P3-V-048,SOL_3_beam_0354,0.0,0.0,,,,,,,,,
SURFACE,TRIBUTARY_AREA,APLICADO_P1L3,EDIFICIO_1,P3,E1-P3-V-052,SOL_3_beam_0355,0.0,0.0,,,,,,,,,
SURFACE,TRIBUTARY_AREA,APLICADO_P1L3,EDIFICIO_1,P3,E1-P3-V-069,SOL_3_beam_0356,16.3484,101.8017,,,,,,,,,
SURFACE,TRIBUTARY_AREA,APLICADO_P1L3,EDIFICIO_1,P3,E1-P3-V-072,SOL_3_beam_0357,15.0909,93.9708,,,,,,,,,
SURFACE,TRIBUTARY_AREA,APLICADO_P1L3,EDIFICIO_1,P3,E1-P3-V-070,SOL_3_beam_0358,12.5757,78.309,,,,,,,,,
SURFACE,TRIBUTARY_AREA,APLICADO_P1L3,EDIFICIO_1,P3,E1-P3-V-073,SOL_3_beam_0359,11.3182,70.4781,,,,,,,,,
SURFACE,TRIBUTARY_AREA,APLICADO_P1L3,EDIFICIO_1,P3,E1-P3-V-092,SOL_3_beam_0360,0.0,0.0,,,,,,,,,
SURFACE,TRIBUTARY_AREA,APLICADO_P1L3,EDIFICIO_1,P3,E1-P3-V-090,SOL_3_beam_0361,16.3484,101.8017,,,,,,,,,
SURFACE,TRIBUTARY_AREA,APLICADO_P1L3,EDIFICIO_1,P3,E1-P3-V-093,SOL_3_beam_0362,15.5939,97.1032,,,,,,,,,
SURFACE,TRIBUTARY_AREA,APLICADO_P1L3,EDIFICIO_1,P3,E1-P3-V-091,SOL_3_beam_0363,12.5757,78.309,,,,,,,,,
SURFACE,TRIBUTARY_AREA,APLICADO_P1L3,EDIFICIO_1,P3,E1-P3-V-094,SOL_3_beam_0364,11.8212,73.6105,,,,,,,,,
SURFACE,TRIBUTARY_AREA,APLICADO_P1L3,EDIFICIO_1,P3,E1-P3-V-001,SOL_3_beam_0365,2.0121,12.5294,,,,,,,,,
SURFACE,TRIBUTARY_AREA,APLICADO_P1L3,EDIFICIO_1,P3,E1-P3-V-004,SOL_3_beam_0366,7.0424,43.8531,,,,,,,,,
SURFACE,TRIBUTARY_AREA,APLICADO_P1L3,EDIFICIO_1,P3,E1-P3-V-002,SOL_3_beam_0367,2.5151,15.6618,,,,,,,,,
SURFACE,TRIBUTARY_AREA,APLICADO_P1L3,EDIFICIO_1,P3,E1-P3-V-005,SOL_3_beam_0368,11.0666,68.9119,,,,,,,,,
SURFACE,TRIBUTARY_AREA,APLICADO_P1L3,EDIFICIO_1,P3,E1-P3-V-003,SOL_3_beam_0369,3.5212,21.9265,,,,,,,,,
SURFACE,TRIBUTARY_AREA,APLICADO_P1L3,EDIFICIO_1,P3,E1-P3-V-006,SOL_3_beam_0370,12.3242,76.7428,,,,,,,,,
SURFACE,TRIBUTARY_AREA,APLICADO_P1L3,EDIFICIO_1,P3,E1-P3-V-105,SOL_3_beam_0371,0.0,0.0,,,,,,,,,
SURFACE,TRIBUTARY_AREA,APLICADO_P1L3,EDIFICIO_1,P3,E1-P3-V-103,SOL_3_beam_0372,16.3484,101.8017,,,,,,,,,
SURFACE,TRIBUTARY_AREA,APLICADO_P1L3,EDIFICIO_1,P3,E1-P3-V-106,SOL_3_beam_0373,0.0,0.0,,,,,,,,,
SURFACE,TRIBUTARY_AREA,APLICADO_P1L3,EDIFICIO_1,P3,E1-P3-V-104,SOL_3_beam_0374,12.5757,78.309,,,,,,,,,
SURFACE,TRIBUTARY_AREA,APLICADO_P1L3,EDIFICIO_1,P3,E1-P3-V-107,SOL_3_beam_0375,0.0,0.0,,,,,,,,,
SURFACE,TRIBUTARY_AREA,APLICADO_P1L3,EDIFICIO_1,P3,E1-P3-V-036,SOL_3_beam_0376,16.0969,100.2356,,,,,,,,,
SURFACE,TRIBUTARY_AREA,APLICADO_P1L3,EDIFICIO_1,P3,E1-P3-V-039,SOL_3_beam_0377,15.0909,93.9708,,,,,,,,,
SURFACE,TRIBUTARY_AREA,APLICADO_P1L3,EDIFICIO_1,P3,E1-P3-V-037,SOL_3_beam_0378,8.803,54.8163,,,,,,,,,
SURFACE,TRIBUTARY_AREA,APLICADO_P1L3,EDIFICIO_1,P3,E1-P3-V-040,SOL_3_beam_0379,11.3182,70.4781,,,,,,,,,
SURFACE,TRIBUTARY_AREA,APLICADO_P1L3,EDIFICIO_1,P3,E1-P3-V-057,SOL_3_beam_0380,16.0969,100.2356,,,,,,,,,
SURFACE,TRIBUTARY_AREA,APLICADO_P1L3,EDIFICIO_1,P3,E1-P3-V-063,SOL_3_beam_0381,15.0909,93.9708,,,,,,,,,
SURFACE,TRIBUTARY_AREA,APLICADO_P1L3,EDIFICIO_1,P3,E1-P3-V-058,SOL_3_beam_0382,12.3242,76.7428,,,,,,,,,
SURFACE,TRIBUTARY_AREA,APLICADO_P1L3,EDIFICIO_1,P3,E1-P3-V-064,SOL_3_beam_0383,11.3182,70.4781,,,,,,,,,
SURFACE,TRIBUTARY_AREA,APLICADO_P1L3,EDIFICIO_1,P3,E1-P3-V-080,SOL_3_beam_0384,16.0969,100.2356,,,,,,,,,
SURFACE,TRIBUTARY_AREA,APLICADO_P1L3,EDIFICIO_1,P3,E1-P3-V-084,SOL_3_beam_0385,15.0909,93.9708,,,,,,,,,
SURFACE,TRIBUTARY_AREA,APLICADO_P1L3,EDIFICIO_1,P3,E1-P3-V-081,SOL_3_beam_0386,12.3242,76.7428,,,,,,,,,
SURFACE,TRIBUTARY_AREA,APLICADO_P1L3,EDIFICIO_1,P3,E1-P3-V-085,SOL_3_beam_0387,11.3182,70.4781,,,,,,,,,
SURFACE,TRIBUTARY_AREA,APLICADO_P1L3,EDIFICIO_1,P3,E1-P3-V-122,SOL_3_beam_0388,0.0,0.0,,,,,,,,,
SURFACE,TRIBUTARY_AREA,APLICADO_P1L3,EDIFICIO_1,P3,E1-P3-V-123,SOL_3_beam_0389,0.0,0.0,,,,,,,,,
SURFACE,TRIBUTARY_AREA,APLICADO_P1L3,EDIFICIO_1,P3,E1-P3-V-121,SOL_3_beam_0390,0.0,0.0,,,,,,,,,
SURFACE,TRIBUTARY_AREA,APLICADO_P1L3,EDIFICIO_1,P3,E1-P3-V-120,SOL_3_beam_0391,0.0,0.0,,,,,,,,,
SURFACE,TRIBUTARY_AREA,APLICADO_P1L3,EDIFICIO_1,P3,E1-P3-V-124,SOL_3_beam_0392,0.0,0.0,,,,,,,,,
SURFACE,TRIBUTARY_AREA,APLICADO_P1L3,EDIFICIO_1,P3,E1-P3-V-113,SOL_3_beam_0393,0.0,0.0,,,,,,,,,
SURFACE,TRIBUTARY_AREA,APLICADO_P1L3,EDIFICIO_1,P3,E1-P3-V-112,SOL_3_beam_0394,0.0,0.0,,,,,,,,,
SURFACE,TRIBUTARY_AREA,APLICADO_P1L3,EDIFICIO_1,P3,E1-P3-V-115,SOL_3_beam_0395,0.0,0.0,,,,,,,,,
SURFACE,TRIBUTARY_AREA,APLICADO_P1L3,EDIFICIO_1,P3,E1-P3-V-114,SOL_3_beam_0396,0.0,0.0,,,,,,,,,
SURFACE,TRIBUTARY_AREA,APLICADO_P1L3,EDIFICIO_1,P3,E1-P3-V-109,SOL_3_beam_0397,0.0,0.0,,,,,,,,,
SURFACE,TRIBUTARY_AREA,APLICADO_P1L3,EDIFICIO_1,P3,E1-P3-V-108,SOL_3_beam_0398,0.0,0.0,,,,,,,,,
SURFACE,TRIBUTARY_AREA,APLICADO_P1L3,EDIFICIO_1,P3,E1-P3-V-119,SOL_3_beam_0399,0.0,0.0,,,,,,,,,
SURFACE,TRIBUTARY_AREA,APLICADO_P1L3,EDIFICIO_1,P3,E1-P3-V-118,SOL_3_beam_0400,0.0,0.0,,,,,,,,,
SURFACE,TRIBUTARY_AREA,APLICADO_P1L3,EDIFICIO_1,P3,E1-P3-V-111,SOL_3_beam_0401,0.0,0.0,,,,,,,,,
SURFACE,TRIBUTARY_AREA,APLICADO_P1L3,EDIFICIO_1,P3,E1-P3-V-110,SOL_3_beam_0402,0.0,0.0,,,,,,,,,
SURFACE,TRIBUTARY_AREA,APLICADO_P1L3,EDIFICIO_1,P3,E1-P3-V-117,SOL_3_beam_0403,0.0,0.0,,,,,,,,,
SURFACE,TRIBUTARY_AREA,APLICADO_P1L3,EDIFICIO_1,P3,E1-P3-V-116,SOL_3_beam_0404,0.0,0.0,,,,,,,,,
SURFACE,TRIBUTARY_AREA,APLICADO_P1L3,EDIFICIO_1,P3,E1-P3-V-028,SOL_3_beam_0405,0.0,0.0,,,,,,,,,
SURFACE,TRIBUTARY_AREA,APLICADO_P1L3,EDIFICIO_1,P3,E1-P3-V-027,SOL_3_beam_0406,0.0,0.0,,,,,,,,,
SURFACE,TRIBUTARY_AREA,APLICADO_P1L3,EDIFICIO_1,P3,E1-P3-V-030,SOL_3_beam_0407,0.0,0.0,,,,,,,,,
SURFACE,TRIBUTARY_AREA,APLICADO_P1L3,EDIFICIO_1,P3,E1-P3-V-026,SOL_3_beam_0408,6.0363,37.5883,,,,,,,,,
SURFACE,TRIBUTARY_AREA,APLICADO_P1L3,EDIFICIO_1,P3,E1-P3-V-029,SOL_3_beam_0409,8.803,54.8163,,,,,,,,,
SURFACE,TRIBUTARY_AREA,APLICADO_P1L3,EDIFICIO_1,P3,E1-P3-V-017,SOL_3_beam_0410,0.0,0.0,,,,,,,,,
SURFACE,TRIBUTARY_AREA,APLICADO_P1L3,EDIFICIO_1,P3,E1-P3-V-015,SOL_3_beam_0411,0.0,0.0,,,,,,,,,
SURFACE,TRIBUTARY_AREA,APLICADO_P1L3,EDIFICIO_1,P3,E1-P3-V-020,SOL_3_beam_0412,0.0,0.0,,,,,,,,,
SURFACE,TRIBUTARY_AREA,APLICADO_P1L3,EDIFICIO_1,P3,E1-P3-V-016,SOL_3_beam_0413,0.0,0.0,,,,,,,,,
SURFACE,TRIBUTARY_AREA,APLICADO_P1L3,EDIFICIO_1,P3,E1-P3-V-031,SOL_3_beam_0414,0.0,0.0,,,,,,,,,
SURFACE,TRIBUTARY_AREA,APLICADO_P1L3,EDIFICIO_1,P3,E1-P3-V-022,SOL_3_beam_0415,0.0,0.0,,,,,,,,,
SURFACE,TRIBUTARY_AREA,APLICADO_P1L3,EDIFICIO_1,P3,E1-P3-V-021,SOL_3_beam_0416,0.0,0.0,,,,,,,,,
SURFACE,TRIBUTARY_AREA,APLICADO_P1L3,EDIFICIO_1,P3,E1-P3-V-102,SOL_3_beam_0417,0.0,0.0,,,,,,,,,
SURFACE,TRIBUTARY_AREA,APLICADO_P1L3,EDIFICIO_1,P3,E1-P3-V-101,SOL_3_beam_0418,5.0303,31.3236,,,,,,,,,
SURFACE,TRIBUTARY_AREA,APLICADO_P1L3,EDIFICIO_1,P3,E1-P3-V-096,SOL_3_beam_0419,0.0,0.0,,,,,,,,,
SURFACE,TRIBUTARY_AREA,APLICADO_P1L3,EDIFICIO_1,P3,E1-P3-V-095,SOL_3_beam_0420,0.7545,4.6985,,,,,,,,,
SURFACE,TRIBUTARY_AREA,APLICADO_P1L3,EDIFICIO_1,P3,E1-P3-V-074,SOL_3_beam_0421,0.0,0.0,,,,,,,,,
SURFACE,TRIBUTARY_AREA,APLICADO_P1L3,EDIFICIO_1,P3,E1-P3-V-068,SOL_3_beam_0422,6.2879,39.1545,,,,,,,,,
SURFACE,TRIBUTARY_AREA,APLICADO_P1L3,EDIFICIO_1,P3,E1-P3-V-071,SOL_3_beam_0423,0.0,0.0,,,,,,,,,
SURFACE,TRIBUTARY_AREA,APLICADO_P1L3,EDIFICIO_1,P4,E1-P4-V-121,SOL_4_beam_0424,1.9875,12.3759,,,,,,,,,
SURFACE,TRIBUTARY_AREA,APLICADO_P1L3,EDIFICIO_1,P4,E1-P4-V-119,SOL_4_beam_0425,6.4593,40.2218,,,,,,,,,
SURFACE,TRIBUTARY_AREA,APLICADO_P1L3,EDIFICIO_1,P4,E1-P4-V-118,SOL_4_beam_0426,7.9499,49.5038,,,,,,,,,
SURFACE,TRIBUTARY_AREA,APLICADO_P1L3,EDIFICIO_1,P4,E1-P4-V-120,SOL_4_beam_0427,0.0,0.0,,,,,,,,,
SURFACE,TRIBUTARY_AREA,APLICADO_P1L3,EDIFICIO_1,P4,E1-P4-V-122,SOL_4_beam_0428,0.0,0.0,,,,,,,,,
SURFACE,TRIBUTARY_AREA,APLICADO_P1L3,EDIFICIO_1,P4,E1-P4-V-105,SOL_4_beam_0429,2.9812,18.5639,,,,,,,,,
SURFACE,TRIBUTARY_AREA,APLICADO_P1L3,EDIFICIO_1,P4,E1-P4-V-104,SOL_4_beam_0430,0.0,0.0,,,,,,,,,
SURFACE,TRIBUTARY_AREA,APLICADO_P1L3,EDIFICIO_1,P4,E1-P4-V-107,SOL_4_beam_0431,17.8872,111.3834,,,,,,,,,
SURFACE,TRIBUTARY_AREA,APLICADO_P1L3,EDIFICIO_1,P4,E1-P4-V-106,SOL_4_beam_0432,3.4781,21.6579,,,,,,,,,
SURFACE,TRIBUTARY_AREA,APLICADO_P1L3,EDIFICIO_1,P4,E1-P4-V-010,SOL_4_beam_0433,22.6074,140.7763,,,,,,,,,
SURFACE,TRIBUTARY_AREA,APLICADO_P1L3,EDIFICIO_1,P4,E1-P4-V-009,SOL_4_beam_0434,24.5949,153.1522,,,,,,,,,
SURFACE,TRIBUTARY_AREA,APLICADO_P1L3,EDIFICIO_1,P4,E1-P4-V-029,SOL_4_beam_0435,6.2108,38.6748,,,,,,,,,
SURFACE,TRIBUTARY_AREA,APLICADO_P1L3,EDIFICIO_1,P4,E1-P4-V-019,SOL_4_beam_0436,6.4593,40.2218,,,,,,,,,
SURFACE,TRIBUTARY_AREA,APLICADO_P1L3,EDIFICIO_1,P4,E1-P4-V-028,SOL_4_beam_0437,6.2108,38.6748,,,,,,,,,
SURFACE,TRIBUTARY_AREA,APLICADO_P1L3,EDIFICIO_1,P4,E1-P4-V-018,SOL_4_beam_0438,6.4593,40.2218,,,,,,,,,
SURFACE,TRIBUTARY_AREA,APLICADO_P1L3,EDIFICIO_1,P4,E1-P4-V-054,SOL_4_beam_0439,6.4593,40.2218,,,,,,,,,
SURFACE,TRIBUTARY_AREA,APLICADO_P1L3,EDIFICIO_1,P4,E1-P4-V-042,SOL_4_beam_0440,6.2108,38.6748,,,,,,,,,
SURFACE,TRIBUTARY_AREA,APLICADO_P1L3,EDIFICIO_1,P4,E1-P4-V-053,SOL_4_beam_0441,6.4593,40.2218,,,,,,,,,
SURFACE,TRIBUTARY_AREA,APLICADO_P1L3,EDIFICIO_1,P4,E1-P4-V-041,SOL_4_beam_0442,6.2108,38.6748,,,,,,,,,
SURFACE,TRIBUTARY_AREA,APLICADO_P1L3,EDIFICIO_1,P4,E1-P4-V-077,SOL_4_beam_0443,6.4593,40.2218,,,,,,,,,
SURFACE,TRIBUTARY_AREA,APLICADO_P1L3,EDIFICIO_1,P4,E1-P4-V-067,SOL_4_beam_0444,6.2108,38.6748,,,,,,,,,
SURFACE,TRIBUTARY_AREA,APLICADO_P1L3,EDIFICIO_1,P4,E1-P4-V-076,SOL_4_beam_0445,6.4593,40.2218,,,,,,,,,
SURFACE,TRIBUTARY_AREA,APLICADO_P1L3,EDIFICIO_1,P4,E1-P4-V-066,SOL_4_beam_0446,6.2108,38.6748,,,,,,,,,
SURFACE,TRIBUTARY_AREA,APLICADO_P1L3,EDIFICIO_1,P4,E1-P4-V-087,SOL_4_beam_0447,6.2108,38.6748,,,,,,,,,
SURFACE,TRIBUTARY_AREA,APLICADO_P1L3,EDIFICIO_1,P4,E1-P4-V-086,SOL_4_beam_0448,6.2108,38.6748,,,,,,,,,
SURFACE,TRIBUTARY_AREA,APLICADO_P1L3,EDIFICIO_1,P4,E1-P4-V-008,SOL_4_beam_0449,24.5949,153.1522,,,,,,,,,
SURFACE,TRIBUTARY_AREA,APLICADO_P1L3,EDIFICIO_1,P4,E1-P4-V-007,SOL_4_beam_0450,0.0,0.0,,,,,,,,,
SURFACE,TRIBUTARY_AREA,APLICADO_P1L3,EDIFICIO_1,P4,E1-P4-V-027,SOL_4_beam_0451,6.2108,38.6748,,,,,,,,,
SURFACE,TRIBUTARY_AREA,APLICADO_P1L3,EDIFICIO_1,P4,E1-P4-V-017,SOL_4_beam_0452,6.4593,40.2218,,,,,,,,,
SURFACE,TRIBUTARY_AREA,APLICADO_P1L3,EDIFICIO_1,P4,E1-P4-V-023,SOL_4_beam_0453,0.0,0.0,,,,,,,,,
SURFACE,TRIBUTARY_AREA,APLICADO_P1L3,EDIFICIO_1,P4,E1-P4-V-052,SOL_4_beam_0454,6.4593,40.2218,,,,,,,,,
SURFACE,TRIBUTARY_AREA,APLICADO_P1L3,EDIFICIO_1,P4,E1-P4-V-040,SOL_4_beam_0455,6.2108,38.6748,,,,,,,,,
SURFACE,TRIBUTARY_AREA,APLICADO_P1L3,EDIFICIO_1,P4,E1-P4-V-046,SOL_4_beam_0456,0.0,0.0,,,,,,,,,
SURFACE,TRIBUTARY_AREA,APLICADO_P1L3,EDIFICIO_1,P4,E1-P4-V-075,SOL_4_beam_0457,6.4593,40.2218,,,,,,,,,
SURFACE,TRIBUTARY_AREA,APLICADO_P1L3,EDIFICIO_1,P4,E1-P4-V-065,SOL_4_beam_0458,6.2108,38.6748,,,,,,,,,
SURFACE,TRIBUTARY_AREA,APLICADO_P1L3,EDIFICIO_1,P4,E1-P4-V-071,SOL_4_beam_0459,0.0,0.0,,,,,,,,,
SURFACE,TRIBUTARY_AREA,APLICADO_P1L3,EDIFICIO_1,P4,E1-P4-V-085,SOL_4_beam_0460,6.2108,38.6748,,,,,,,,,
SURFACE,TRIBUTARY_AREA,APLICADO_P1L3,EDIFICIO_1,P4,E1-P4-V-084,SOL_4_beam_0461,0.0,0.0,,,,,,,,,
SURFACE,TRIBUTARY_AREA,APLICADO_P1L3,EDIFICIO_1,P4,E1-P4-V-012,SOL_4_beam_0462,41.7367,259.8947,,,,,,,,,
SURFACE,TRIBUTARY_AREA,APLICADO_P1L3,EDIFICIO_1,P4,E1-P4-V-011,SOL_4_beam_0463,24.5949,153.1522,,,,,,,,,
SURFACE,TRIBUTARY_AREA,APLICADO_P1L3,EDIFICIO_1,P4,E1-P4-V-024,SOL_4_beam_0464,30.8057,191.827,,,,,,,,,
SURFACE,TRIBUTARY_AREA,APLICADO_P1L3,EDIFICIO_1,P4,E1-P4-V-030,SOL_4_beam_0465,6.2108,38.6748,,,,,,,,,
SURFACE,TRIBUTARY_AREA,APLICADO_P1L3,EDIFICIO_1,P4,E1-P4-V-020,SOL_4_beam_0466,6.4593,40.2218,,,,,,,,,
SURFACE,TRIBUTARY_AREA,APLICADO_P1L3,EDIFICIO_1,P4,E1-P4-V-047,SOL_4_beam_0467,15.8997,99.0075,,,,,,,,,
SURFACE,TRIBUTARY_AREA,APLICADO_P1L3,EDIFICIO_1,P4,E1-P4-V-055,SOL_4_beam_0468,6.2108,38.6748,,,,,,,,,
SURFACE,TRIBUTARY_AREA,APLICADO_P1L3,EDIFICIO_1,P4,E1-P4-V-043,SOL_4_beam_0469,6.2108,38.6748,,,,,,,,,
SURFACE,TRIBUTARY_AREA,APLICADO_P1L3,EDIFICIO_1,P4,E1-P4-V-072,SOL_4_beam_0470,30.8057,191.827,,,,,,,,,
SURFACE,TRIBUTARY_AREA,APLICADO_P1L3,EDIFICIO_1,P4,E1-P4-V-078,SOL_4_beam_0471,7.453,46.4098,,,,,,,,,
SURFACE,TRIBUTARY_AREA,APLICADO_P1L3,EDIFICIO_1,P4,E1-P4-V-068,SOL_4_beam_0472,6.4593,40.2218,,,,,,,,,
SURFACE,TRIBUTARY_AREA,APLICADO_P1L3,EDIFICIO_1,P4,E1-P4-V-089,SOL_4_beam_0473,19.8746,123.7594,,,,,,,,,
SURFACE,TRIBUTARY_AREA,APLICADO_P1L3,EDIFICIO_1,P4,E1-P4-V-088,SOL_4_beam_0474,7.453,46.4098,,,,,,,,,
SURFACE,TRIBUTARY_AREA,APLICADO_P1L3,EDIFICIO_1,P4,E1-P4-V-013,SOL_4_beam_0475,22.359,139.2293,,,,,,,,,
SURFACE,TRIBUTARY_AREA,APLICADO_P1L3,EDIFICIO_1,P4,E1-P4-V-015,SOL_4_beam_0476,14.906,92.8195,,,,,,,,,
SURFACE,TRIBUTARY_AREA,APLICADO_P1L3,EDIFICIO_1,P4,E1-P4-V-014,SOL_4_beam_0477,15.1544,94.3665,,,,,,,,,
SURFACE,TRIBUTARY_AREA,APLICADO_P1L3,EDIFICIO_1,P4,E1-P4-V-016,SOL_4_beam_0478,11.1795,69.6147,,,,,,,,,
SURFACE,TRIBUTARY_AREA,APLICADO_P1L3,EDIFICIO_1,P4,E1-P4-V-064,SOL_4_beam_0479,1.9875,12.3759,,,,,,,,,
SURFACE,TRIBUTARY_AREA,APLICADO_P1L3,EDIFICIO_1,P4,E1-P4-V-034,SOL_4_beam_0480,1.9875,12.3759,,,,,,,,,
SURFACE,TRIBUTARY_AREA,APLICADO_P1L3,EDIFICIO_1,P4,E1-P4-V-048,SOL_4_beam_0481,15.8997,99.0075,,,,,,,,,
SURFACE,TRIBUTARY_AREA,APLICADO_P1L3,EDIFICIO_1,P4,E1-P4-V-049,SOL_4_beam_0482,0.0,0.0,,,,,,,,,
SURFACE,TRIBUTARY_AREA,APLICADO_P1L3,EDIFICIO_1,P4,E1-P4-V-031,SOL_4_beam_0483,12.9185,80.4436,,,,,,,,,
SURFACE,TRIBUTARY_AREA,APLICADO_P1L3,EDIFICIO_1,P4,E1-P4-V-037,SOL_4_beam_0484,17.3903,108.2895,,,,,,,,,
SURFACE,TRIBUTARY_AREA,APLICADO_P1L3,EDIFICIO_1,P4,E1-P4-V-032,SOL_4_beam_0485,9.9373,61.8797,,,,,,,,,
SURFACE,TRIBUTARY_AREA,APLICADO_P1L3,EDIFICIO_1,P4,E1-P4-V-038,SOL_4_beam_0486,13.6638,85.0846,,,,,,,,,
SURFACE,TRIBUTARY_AREA,APLICADO_P1L3,EDIFICIO_1,P4,E1-P4-V-033,SOL_4_beam_0487,5.2171,32.4868,,,,,,,,,
SURFACE,TRIBUTARY_AREA,APLICADO_P1L3,EDIFICIO_1,P4,E1-P4-V-039,SOL_4_beam_0488,3.9749,24.7519,,,,,,,,,
SURFACE,TRIBUTARY_AREA,APLICADO_P1L3,EDIFICIO_1,P4,E1-P4-V-056,SOL_4_beam_0489,14.906,92.8195,,,,,,,,,
SURFACE,TRIBUTARY_AREA,APLICADO_P1L3,EDIFICIO_1,P4,E1-P4-V-061,SOL_4_beam_0490,17.3903,108.2895,,,,,,,,,
SURFACE,TRIBUTARY_AREA,APLICADO_P1L3,EDIFICIO_1,P4,E1-P4-V-057,SOL_4_beam_0491,11.1795,69.6147,,,,,,,,,
SURFACE,TRIBUTARY_AREA,APLICADO_P1L3,EDIFICIO_1,P4,E1-P4-V-062,SOL_4_beam_0492,13.4154,83.5376,,,,,,,,,
SURFACE,TRIBUTARY_AREA,APLICADO_P1L3,EDIFICIO_1,P4,E1-P4-V-081,SOL_4_beam_0493,0.2484,1.547,,,,,,,,,
SURFACE,TRIBUTARY_AREA,APLICADO_P1L3,EDIFICIO_1,P4,E1-P4-V-079,SOL_4_beam_0494,14.906,92.8195,,,,,,,,,
SURFACE,TRIBUTARY_AREA,APLICADO_P1L3,EDIFICIO_1,P4,E1-P4-V-082,SOL_4_beam_0495,17.1419,106.7425,,,,,,,,,
SURFACE,TRIBUTARY_AREA,APLICADO_P1L3,EDIFICIO_1,P4,E1-P4-V-080,SOL_4_beam_0496,11.1795,69.6147,,,,,,,,,
SURFACE,TRIBUTARY_AREA,APLICADO_P1L3,EDIFICIO_1,P4,E1-P4-V-083,SOL_4_beam_0497,12.4216,77.3496,,,,,,,,,
SURFACE,TRIBUTARY_AREA,APLICADO_P1L3,EDIFICIO_1,P4,E1-P4-V-001,SOL_4_beam_0498,1.9875,12.3759,,,,,,,,,
SURFACE,TRIBUTARY_AREA,APLICADO_P1L3,EDIFICIO_1,P4,E1-P4-V-004,SOL_4_beam_0499,6.9561,43.3158,,,,,,,,,
SURFACE,TRIBUTARY_AREA,APLICADO_P1L3,EDIFICIO_1,P4,E1-P4-V-002,SOL_4_beam_0500,2.4843,15.4699,,,,,,,,,
SURFACE,TRIBUTARY_AREA,APLICADO_P1L3,EDIFICIO_1,P4,E1-P4-V-005,SOL_4_beam_0501,10.9311,68.0677,,,,,,,,,
SURFACE,TRIBUTARY_AREA,APLICADO_P1L3,EDIFICIO_1,P4,E1-P4-V-003,SOL_4_beam_0502,3.7265,23.2049,,,,,,,,,
SURFACE,TRIBUTARY_AREA,APLICADO_P1L3,EDIFICIO_1,P4,E1-P4-V-006,SOL_4_beam_0503,12.1732,75.8026,,,,,,,,,
SURFACE,TRIBUTARY_AREA,APLICADO_P1L3,EDIFICIO_1,P4,E1-P4-V-090,SOL_4_beam_0504,14.906,92.8195,,,,,,,,,
SURFACE,TRIBUTARY_AREA,APLICADO_P1L3,EDIFICIO_1,P4,E1-P4-V-092,SOL_4_beam_0505,11.9248,74.2556,,,,,,,,,
SURFACE,TRIBUTARY_AREA,APLICADO_P1L3,EDIFICIO_1,P4,E1-P4-V-091,SOL_4_beam_0506,11.1795,69.6147,,,,,,,,,
SURFACE,TRIBUTARY_AREA,APLICADO_P1L3,EDIFICIO_1,P4,E1-P4-V-093,SOL_4_beam_0507,8.9436,55.6917,,,,,,,,,
SURFACE,TRIBUTARY_AREA,APLICADO_P1L3,EDIFICIO_1,P4,E1-P4-V-021,SOL_4_beam_0508,16.8934,105.1955,,,,,,,,,
SURFACE,TRIBUTARY_AREA,APLICADO_P1L3,EDIFICIO_1,P4,E1-P4-V-025,SOL_4_beam_0509,14.906,92.8195,,,,,,,,,
SURFACE,TRIBUTARY_AREA,APLICADO_P1L3,EDIFICIO_1,P4,E1-P4-V-022,SOL_4_beam_0510,13.1669,81.9906,,,,,,,,,
SURFACE,TRIBUTARY_AREA,APLICADO_P1L3,EDIFICIO_1,P4,E1-P4-V-026,SOL_4_beam_0511,11.1795,69.6147,,,,,,,,,
SURFACE,TRIBUTARY_AREA,APLICADO_P1L3,EDIFICIO_1,P4,E1-P4-V-044,SOL_4_beam_0512,14.906,92.8195,,,,,,,,,
SURFACE,TRIBUTARY_AREA,APLICADO_P1L3,EDIFICIO_1,P4,E1-P4-V-050,SOL_4_beam_0513,16.8934,105.1955,,,,,,,,,
SURFACE,TRIBUTARY_AREA,APLICADO_P1L3,EDIFICIO_1,P4,E1-P4-V-045,SOL_4_beam_0514,11.1795,69.6147,,,,,,,,,
SURFACE,TRIBUTARY_AREA,APLICADO_P1L3,EDIFICIO_1,P4,E1-P4-V-051,SOL_4_beam_0515,13.4154,83.5376,,,,,,,,,
SURFACE,TRIBUTARY_AREA,APLICADO_P1L3,EDIFICIO_1,P4,E1-P4-V-069,SOL_4_beam_0516,14.906,92.8195,,,,,,,,,
SURFACE,TRIBUTARY_AREA,APLICADO_P1L3,EDIFICIO_1,P4,E1-P4-V-073,SOL_4_beam_0517,16.8934,105.1955,,,,,,,,,
SURFACE,TRIBUTARY_AREA,APLICADO_P1L3,EDIFICIO_1,P4,E1-P4-V-070,SOL_4_beam_0518,11.1795,69.6147,,,,,,,,,
SURFACE,TRIBUTARY_AREA,APLICADO_P1L3,EDIFICIO_1,P4,E1-P4-V-074,SOL_4_beam_0519,12.1732,75.8026,,,,,,,,,
SURFACE,TRIBUTARY_AREA,APLICADO_P1L3,EDIFICIO_1,P4,E1-P4-V-058,SOL_4_beam_0520,2.9812,18.5639,,,,,,,,,
SURFACE,TRIBUTARY_AREA,APLICADO_P1L3,EDIFICIO_1,P4,E1-P4-V-063,SOL_4_beam_0521,6.2108,38.6748,,,,,,,,,
SURFACE,TRIBUTARY_AREA,APLICADO_P1L3,EDIFICIO_1,P4,E1-P4-V-035,SOL_4_beam_0522,0.0,0.0,,,,,,,,,
SURFACE,TRIBUTARY_AREA,APLICADO_P1L3,EDIFICIO_1,P4,E1-P4-V-036,SOL_4_beam_0523,0.7453,4.641,,,,,,,,,
SURFACE,TRIBUTARY_AREA,APLICADO_P1L3,EDIFICIO_1,P4,E1-P4-V-059,SOL_4_beam_0524,0.0,0.0,,,,,,,,,
SURFACE,TRIBUTARY_AREA,APLICADO_P1L3,EDIFICIO_1,P4,E1-P4-V-060,SOL_4_beam_0525,0.7453,4.641,,,,,,,,,
SURFACE,TRIBUTARY_AREA,APLICADO_P1L3,EDIFICIO_1,P4,E1-P4-V-112,SOL_4_beam_0526,0.0,0.0,,,,,,,,,
SURFACE,TRIBUTARY_AREA,APLICADO_P1L3,EDIFICIO_1,P4,E1-P4-V-113,SOL_4_beam_0527,0.0,0.0,,,,,,,,,
SURFACE,TRIBUTARY_AREA,APLICADO_P1L3,EDIFICIO_1,P4,E1-P4-V-095,SOL_4_beam_0528,1.739,10.8289,,,,,,,,,
SURFACE,TRIBUTARY_AREA,APLICADO_P1L3,EDIFICIO_1,P4,E1-P4-V-094,SOL_4_beam_0529,1.739,10.8289,,,,,,,,,
SURFACE,TRIBUTARY_AREA,APLICADO_P1L3,EDIFICIO_1,P4,E1-P4-V-117,SOL_4_beam_0530,1.2422,7.735,,,,,,,,,
SURFACE,TRIBUTARY_AREA,APLICADO_P1L3,EDIFICIO_1,P4,E1-P4-V-116,SOL_4_beam_0531,1.2422,7.735,,,,,,,,,
SURFACE,TRIBUTARY_AREA,APLICADO_P1L3,EDIFICIO_1,P4,E1-P4-V-103,SOL_4_beam_0532,5.9624,37.1278,,,,,,,,,
SURFACE,TRIBUTARY_AREA,APLICADO_P1L3,EDIFICIO_1,P4,E1-P4-V-102,SOL_4_beam_0533,7.453,46.4098,,,,,,,,,
SURFACE,TRIBUTARY_AREA,APLICADO_P1L3,EDIFICIO_1,P4,E1-P4-V-109,SOL_4_beam_0534,8.6952,54.1447,,,,,,,,,
SURFACE,TRIBUTARY_AREA,APLICADO_P1L3,EDIFICIO_1,P4,E1-P4-V-108,SOL_4_beam_0535,11.4279,71.1616,,,,,,,,,
SURFACE,TRIBUTARY_AREA,APLICADO_P1L3,EDIFICIO_1,P4,E1-P4-V-096,SOL_4_beam_0536,0.2484,1.547,,,,,,,,,
SURFACE,TRIBUTARY_AREA,APLICADO_P1L3,EDIFICIO_1,P4,E1-P4-V-097,SOL_4_beam_0537,0.0,0.0,,,,,,,,,
SURFACE,TRIBUTARY_AREA,APLICADO_P1L3,EDIFICIO_1,P4,E1-P4-V-114,SOL_4_beam_0538,0.4969,3.094,,,,,,,,,
SURFACE,TRIBUTARY_AREA,APLICADO_P1L3,EDIFICIO_1,P4,E1-P4-V-115,SOL_4_beam_0539,0.0,0.0,,,,,,,,,
SURFACE,TRIBUTARY_AREA,APLICADO_P1L3,EDIFICIO_1,P4,E1-P4-V-098,SOL_4_beam_0540,0.0,0.0,,,,,,,,,
SURFACE,TRIBUTARY_AREA,APLICADO_P1L3,EDIFICIO_1,P4,E1-P4-V-099,SOL_4_beam_0541,0.0,0.0,,,,,,,,,
SURFACE,TRIBUTARY_AREA,APLICADO_P1L3,EDIFICIO_1,P4,E1-P4-V-100,SOL_4_beam_0542,0.0,0.0,,,,,,,,,
SURFACE,TRIBUTARY_AREA,APLICADO_P1L3,EDIFICIO_1,P4,E1-P4-V-101,SOL_4_beam_0543,0.0,0.0,,,,,,,,,
SURFACE,TRIBUTARY_AREA,APLICADO_P1L3,EDIFICIO_1,P4,E1-P4-V-110,SOL_4_beam_0544,0.0,0.0,,,,,,,,,
SURFACE,TRIBUTARY_AREA,APLICADO_P1L3,EDIFICIO_1,P4,E1-P4-V-111,SOL_4_beam_0545,0.0,0.0,,,,,,,,,
SURFACE,TRIBUTARY_AREA,APLICADO_P1L3,EDIFICIO_1,S1,E1-S1-V-020,SOL_1S_beam_0001,22.4527,139.813,,,,,,,,,
SURFACE,TRIBUTARY_AREA,APLICADO_P1L3,EDIFICIO_1,S1,E1-S1-V-019,SOL_1S_beam_0002,26.4004,164.3954,,,,,,,,,
SURFACE,TRIBUTARY_AREA,APLICADO_P1L3,EDIFICIO_1,S1,E1-S1-V-018,SOL_1S_beam_0003,23.4396,145.9586,,,,,,,,,
SURFACE,TRIBUTARY_AREA,APLICADO_P1L3,EDIFICIO_1,S1,E1-S1-V-011,SOL_1S_beam_0004,7.6487,47.6286,,,,,,,,,
SURFACE,TRIBUTARY_AREA,APLICADO_P1L3,EDIFICIO_1,S1,E1-S1-V-021,SOL_1S_beam_0005,27.6341,172.0775,,,,,,,,,
SURFACE,TRIBUTARY_AREA,APLICADO_P1L3,EDIFICIO_1,S1,E1-S1-V-038,SOL_1S_beam_0006,66.8646,416.366,,,,,,,,,
SURFACE,TRIBUTARY_AREA,APLICADO_P1L3,EDIFICIO_1,S1,E1-S1-V-039,SOL_1S_beam_0007,117.1981,729.7929,,,,,,,,,
SURFACE,TRIBUTARY_AREA,APLICADO_P1L3,EDIFICIO_1,S1,E1-S1-V-003,SOL_1S_beam_0008,23.1929,144.4222,,,,,,,,,
SURFACE,TRIBUTARY_AREA,APLICADO_P1L3,EDIFICIO_1,S1,E1-S1-V-004,SOL_1S_beam_0009,13.817,86.0387,,,,,,,,,
SURFACE,TRIBUTARY_AREA,APLICADO_P1L3,EDIFICIO_1,S1,E1-S1-V-001,SOL_1S_beam_0010,0.0,0.0,,,,,,,,,
SURFACE,TRIBUTARY_AREA,APLICADO_P1L3,EDIFICIO_1,S1,E1-S1-V-002,SOL_1S_beam_0011,0.4935,3.0728,,,,,,,,,
SURFACE,TRIBUTARY_AREA,APLICADO_P1L3,EDIFICIO_1,S1,E1-S1-V-048,SOL_1S_beam_0012,0.0,0.0,,,,,,,,,
SURFACE,TRIBUTARY_AREA,APLICADO_P1L3,EDIFICIO_1,S1,E1-S1-V-027,SOL_1S_beam_0013,0.0,0.0,,,,,,,,,
SURFACE,TRIBUTARY_AREA,APLICADO_P1L3,EDIFICIO_1,S1,E1-S1-V-063,SOL_1S_beam_0014,0.0,0.0,,,,,,,,,
SURFACE,TRIBUTARY_AREA,APLICADO_P1L3,EDIFICIO_1,S1,E1-S1-V-005,SOL_1S_beam_0015,0.0,0.0,,,,,,,,,
SURFACE,TRIBUTARY_AREA,APLICADO_P1L3,EDIFICIO_1,S1,E1-S1-V-014,SOL_1S_beam_0016,0.0,0.0,,,,,,,,,
SURFACE,TRIBUTARY_AREA,APLICADO_P1L3,EDIFICIO_1,S1,E1-S1-V-037,SOL_1S_beam_0017,0.0,0.0,,,,,,,,,
SURFACE,TRIBUTARY_AREA,APLICADO_P1L3,EDIFICIO_1,S1,E1-S1-V-055,SOL_1S_beam_0018,0.0,0.0,,,,,,,,,
SURFACE,TRIBUTARY_AREA,APLICADO_P1L3,EDIFICIO_1,S1,E1-S1-V-047,SOL_1S_beam_0019,0.0,0.0,,,,,,,,,
SURFACE,TRIBUTARY_AREA,APLICADO_P1L3,EDIFICIO_1,S1,E1-S1-V-046,SOL_1S_beam_0020,0.0,0.0,,,,,,,,,
SURFACE,TRIBUTARY_AREA,APLICADO_P1L3,EDIFICIO_1,S1,E1-S1-V-059,SOL_1S_beam_0021,0.0,0.0,,,,,,,,,
SURFACE,TRIBUTARY_AREA,APLICADO_P1L3,EDIFICIO_1,S1,E1-S1-V-070,SOL_1S_beam_0022,0.0,0.0,,,,,,,,,
SURFACE,TRIBUTARY_AREA,APLICADO_P1L3,EDIFICIO_1,S1,E1-S1-V-077,SOL_1S_beam_0023,0.0,0.0,,,,,,,,,
SURFACE,TRIBUTARY_AREA,APLICADO_P1L3,EDIFICIO_1,S1,E1-S1-V-032,SOL_1S_beam_0024,7.402,46.0922,,,,,,,,,
SURFACE,TRIBUTARY_AREA,APLICADO_P1L3,EDIFICIO_1,S1,E1-S1-V-035,SOL_1S_beam_0025,4.6879,29.1917,,,,,,,,,
SURFACE,TRIBUTARY_AREA,APLICADO_P1L3,EDIFICIO_1,S1,E1-S1-V-041,SOL_1S_beam_0026,5.9216,36.8737,,,,,,,,,
SURFACE,TRIBUTARY_AREA,APLICADO_P1L3,EDIFICIO_1,S1,E1-S1-V-044,SOL_1S_beam_0027,4.4412,27.6553,,,,,,,,,
SURFACE,TRIBUTARY_AREA,APLICADO_P1L3,EDIFICIO_1,S1,E1-S1-V-050,SOL_1S_beam_0028,5.1814,32.2645,,,,,,,,,
SURFACE,TRIBUTARY_AREA,APLICADO_P1L3,EDIFICIO_1,S1,E1-S1-V-053,SOL_1S_beam_0029,3.4543,21.5097,,,,,,,,,
SURFACE,TRIBUTARY_AREA,APLICADO_P1L3,EDIFICIO_1,S1,E1-S1-V-072,SOL_1S_beam_0030,1.4804,9.2184,,,,,,,,,
SURFACE,TRIBUTARY_AREA,APLICADO_P1L3,EDIFICIO_1,S1,E1-S1-V-075,SOL_1S_beam_0031,0.7402,4.6092,,,,,,,,,
SURFACE,TRIBUTARY_AREA,APLICADO_P1L3,EDIFICIO_1,S1,E1-S1-V-071,SOL_1S_beam_0032,0.0,0.0,,,,,,,,,
SURFACE,TRIBUTARY_AREA,APLICADO_P1L3,EDIFICIO_1,S1,E1-S1-V-074,SOL_1S_beam_0033,0.0,0.0,,,,,,,,,
SURFACE,TRIBUTARY_AREA,APLICADO_P1L3,EDIFICIO_1,S1,E1-S1-V-078,SOL_1S_beam_0034,0.7402,4.6092,,,,,,,,,
SURFACE,TRIBUTARY_AREA,APLICADO_P1L3,EDIFICIO_1,S1,E1-S1-V-079,SOL_1S_beam_0035,133.976,834.2685,,,,,,,,,
SURFACE,TRIBUTARY_AREA,APLICADO_P1L3,EDIFICIO_1,S1,E1-S1-V-031,SOL_1S_beam_0036,0.0,0.0,,,,,,,,,
SURFACE,TRIBUTARY_AREA,APLICADO_P1L3,EDIFICIO_1,S1,E1-S1-V-034,SOL_1S_beam_0037,0.0,0.0,,,,,,,,,
SURFACE,TRIBUTARY_AREA,APLICADO_P1L3,EDIFICIO_1,S1,E1-S1-V-049,SOL_1S_beam_0038,0.0,0.0,,,,,,,,,
SURFACE,TRIBUTARY_AREA,APLICADO_P1L3,EDIFICIO_1,S1,E1-S1-V-052,SOL_1S_beam_0039,0.0,0.0,,,,,,,,,
SURFACE,TRIBUTARY_AREA,APLICADO_P1L3,EDIFICIO_1,S1,E1-S1-V-040,SOL_1S_beam_0040,0.0,0.0,,,,,,,,,
SURFACE,TRIBUTARY_AREA,APLICADO_P1L3,EDIFICIO_1,S1,E1-S1-V-043,SOL_1S_beam_0041,0.0,0.0,,,,,,,,,
SURFACE,TRIBUTARY_AREA,APLICADO_P1L3,EDIFICIO_1,S1,E1-S1-V-009,SOL_1S_beam_0042,15.2974,95.2572,,,,,,,,,
SURFACE,TRIBUTARY_AREA,APLICADO_P1L3,EDIFICIO_1,S1,E1-S1-V-013,SOL_1S_beam_0043,6.9085,43.0194,,,,,,,,,
SURFACE,TRIBUTARY_AREA,APLICADO_P1L3,EDIFICIO_1,S1,E1-S1-V-008,SOL_1S_beam_0044,0.0,0.0,,,,,,,,,
SURFACE,TRIBUTARY_AREA,APLICADO_P1L3,EDIFICIO_1,S1,E1-S1-V-012,SOL_1S_beam_0045,0.0,0.0,,,,,,,,,
SURFACE,TRIBUTARY_AREA,APLICADO_P1L3,EDIFICIO_1,S1,E1-S1-V-010,SOL_1S_beam_0046,2.4673,15.3641,,,,,,,,,
SURFACE,TRIBUTARY_AREA,APLICADO_P1L3,EDIFICIO_1,S1,E1-S1-V-033,SOL_1S_beam_0047,3.4543,21.5097,,,,,,,,,
SURFACE,TRIBUTARY_AREA,APLICADO_P1L3,EDIFICIO_1,S1,E1-S1-V-036,SOL_1S_beam_0048,2.2206,13.8277,,,,,,,,,
SURFACE,TRIBUTARY_AREA,APLICADO_P1L3,EDIFICIO_1,S1,E1-S1-V-042,SOL_1S_beam_0049,5.1814,32.2645,,,,,,,,,
SURFACE,TRIBUTARY_AREA,APLICADO_P1L3,EDIFICIO_1,S1,E1-S1-V-045,SOL_1S_beam_0050,4.4412,27.6553,,,,,,,,,
SURFACE,TRIBUTARY_AREA,APLICADO_P1L3,EDIFICIO_1,S1,E1-S1-V-051,SOL_1S_beam_0051,9.6226,59.9198,,,,,,,,,
SURFACE,TRIBUTARY_AREA,APLICADO_P1L3,EDIFICIO_1,S1,E1-S1-V-054,SOL_1S_beam_0052,7.6487,47.6286,,,,,,,,,
SURFACE,TRIBUTARY_AREA,APLICADO_P1L3,EDIFICIO_1,S1,E1-S1-V-073,SOL_1S_beam_0053,24.6733,153.6406,,,,,,,,,
SURFACE,TRIBUTARY_AREA,APLICADO_P1L3,EDIFICIO_1,S1,E1-S1-V-076,SOL_1S_beam_0054,464.1047,2889.9798,,,,,,,,,
SURFACE,TRIBUTARY_AREA,APLICADO_P1L3,EDIFICIO_1,S1,E1-S1-V-029,SOL_1S_beam_0055,3.2075,19.9733,,,,,,,,,
SURFACE,TRIBUTARY_AREA,APLICADO_P1L3,EDIFICIO_1,S1,E1-S1-V-028,SOL_1S_beam_0056,0.0,0.0,,,,,,,,,
SURFACE,TRIBUTARY_AREA,APLICADO_P1L3,EDIFICIO_1,S1,E1-S1-V-016,SOL_1S_beam_0057,7.402,46.0922,,,,,,,,,
SURFACE,TRIBUTARY_AREA,APLICADO_P1L3,EDIFICIO_1,S1,E1-S1-V-023,SOL_1S_beam_0058,4.6879,29.1917,,,,,,,,,
SURFACE,TRIBUTARY_AREA,APLICADO_P1L3,EDIFICIO_1,S1,E1-S1-V-015,SOL_1S_beam_0059,0.0,0.0,,,,,,,,,
SURFACE,TRIBUTARY_AREA,APLICADO_P1L3,EDIFICIO_1,S1,E1-S1-V-022,SOL_1S_beam_0060,0.0,0.0,,,,,,,,,
SURFACE,TRIBUTARY_AREA,APLICADO_P1L3,EDIFICIO_1,S1,E1-S1-V-017,SOL_1S_beam_0061,3.4543,21.5097,,,,,,,,,
SURFACE,TRIBUTARY_AREA,APLICADO_P1L3,EDIFICIO_1,S1,E1-S1-V-024,SOL_1S_beam_0062,2.2206,13.8277,,,,,,,,,
SURFACE,TRIBUTARY_AREA,APLICADO_P1L3,EDIFICIO_1,S1,E1-S1-V-057,SOL_1S_beam_0063,5.1814,32.2645,,,,,,,,,
SURFACE,TRIBUTARY_AREA,APLICADO_P1L3,EDIFICIO_1,S1,E1-S1-V-061,SOL_1S_beam_0064,3.4543,21.5097,,,,,,,,,
SURFACE,TRIBUTARY_AREA,APLICADO_P1L3,EDIFICIO_1,S1,E1-S1-V-056,SOL_1S_beam_0065,0.0,0.0,,,,,,,,,
SURFACE,TRIBUTARY_AREA,APLICADO_P1L3,EDIFICIO_1,S1,E1-S1-V-060,SOL_1S_beam_0066,0.0,0.0,,,,,,,,,
SURFACE,TRIBUTARY_AREA,APLICADO_P1L3,EDIFICIO_1,S1,E1-S1-V-058,SOL_1S_beam_0067,13.3236,82.9659,,,,,,,,,
SURFACE,TRIBUTARY_AREA,APLICADO_P1L3,EDIFICIO_1,S1,E1-S1-V-062,SOL_1S_beam_0068,10.1161,62.9926,,,,,,,,,
SURFACE,TRIBUTARY_AREA,APLICADO_P1L3,EDIFICIO_1,S1,E1-S1-V-065,SOL_1S_beam_0069,5.1814,32.2645,,,,,,,,,
SURFACE,TRIBUTARY_AREA,APLICADO_P1L3,EDIFICIO_1,S1,E1-S1-V-068,SOL_1S_beam_0070,3.4543,21.5097,,,,,,,,,
SURFACE,TRIBUTARY_AREA,APLICADO_P1L3,EDIFICIO_1,S1,E1-S1-V-064,SOL_1S_beam_0071,0.0,0.0,,,,,,,,,
SURFACE,TRIBUTARY_AREA,APLICADO_P1L3,EDIFICIO_1,S1,E1-S1-V-067,SOL_1S_beam_0072,0.0,0.0,,,,,,,,,
SURFACE,TRIBUTARY_AREA,APLICADO_P1L3,EDIFICIO_1,S1,E1-S1-V-066,SOL_1S_beam_0073,17.0246,106.012,,,,,,,,,
SURFACE,TRIBUTARY_AREA,APLICADO_P1L3,EDIFICIO_1,S1,E1-S1-V-069,SOL_1S_beam_0074,12.5834,78.3567,,,,,,,,,
SURFACE,TRIBUTARY_AREA,APLICADO_P1L3,EDIFICIO_1,S1,E1-S1-V-006,SOL_1S_beam_0075,0.0,0.0,,,,,,,,,
SURFACE,TRIBUTARY_AREA,APLICADO_P1L3,EDIFICIO_1,S1,E1-S1-V-007,SOL_1S_beam_0076,4.4412,27.6553,,,,,,,,,
SURFACE,TRIBUTARY_AREA,APLICADO_P1L3,EDIFICIO_1,S1,E1-S1-V-030,SOL_1S_beam_0077,4.4412,27.6553,,,,,,,,,
SURFACE,TRIBUTARY_AREA,APLICADO_P1L3,EDIFICIO_1,S1,E1-S1-V-026,SOL_1S_beam_0078,0.0,0.0,,,,,,,,,
SURFACE,TRIBUTARY_AREA,APLICADO_P1L3,EDIFICIO_1,S1,E1-S1-V-025,SOL_1S_beam_0079,1.7271,10.7548,,,,,,,,,
SURFACE,TRIBUTARY_AREA,APLICADO_P1L3,EDIFICIO_2,P1,E2-P1-V-030,SOL2_1_beam_0091,4.4409,27.6537,,,,,,,,,
SURFACE,TRIBUTARY_AREA,APLICADO_P1L3,EDIFICIO_2,P1,E2-P1-V-029,SOL2_1_beam_0092,3.9475,24.5811,,,,,,,,,
SURFACE,TRIBUTARY_AREA,APLICADO_P1L3,EDIFICIO_2,P1,E2-P1-V-056,SOL2_1_beam_0093,4.4409,27.6537,,,,,,,,,
SURFACE,TRIBUTARY_AREA,APLICADO_P1L3,EDIFICIO_2,P1,E2-P1-V-055,SOL2_1_beam_0094,7.4016,46.0896,,,,,,,,,
SURFACE,TRIBUTARY_AREA,APLICADO_P1L3,EDIFICIO_2,P1,E2-P1-V-078,SOL2_1_beam_0095,5.4278,33.799,,,,,,,,,
SURFACE,TRIBUTARY_AREA,APLICADO_P1L3,EDIFICIO_2,P1,E2-P1-V-077,SOL2_1_beam_0096,7.4016,46.0896,,,,,,,,,
SURFACE,TRIBUTARY_AREA,APLICADO_P1L3,EDIFICIO_2,P1,E2-P1-V-072,SOL2_1_beam_0097,11.1024,69.1343,,,,,,,,,
SURFACE,TRIBUTARY_AREA,APLICADO_P1L3,EDIFICIO_2,P1,E2-P1-V-070,SOL2_1_beam_0098,11.1024,69.1343,,,,,,,,,
SURFACE,TRIBUTARY_AREA,APLICADO_P1L3,EDIFICIO_2,P1,E2-P1-V-076,SOL2_1_beam_0099,7.4016,46.0896,,,,,,,,,
SURFACE,TRIBUTARY_AREA,APLICADO_P1L3,EDIFICIO_2,P1,E2-P1-V-075,SOL2_1_beam_0100,5.6745,35.3353,,,,,,,,,
SURFACE,TRIBUTARY_AREA,APLICADO_P1L3,EDIFICIO_2,P1,E2-P1-V-059,SOL2_1_beam_0101,0.9869,6.1453,,,,,,,,,
SURFACE,TRIBUTARY_AREA,APLICADO_P1L3,EDIFICIO_2,P1,E2-P1-V-061,SOL2_1_beam_0102,16.2834,101.397,,,,,,,,,
SURFACE,TRIBUTARY_AREA,APLICADO_P1L3,EDIFICIO_2,P1,E2-P1-V-057,SOL2_1_beam_0103,16.0367,99.8607,,,,,,,,,
SURFACE,TRIBUTARY_AREA,APLICADO_P1L3,EDIFICIO_2,P1,E2-P1-V-082,SOL2_1_beam_0104,0.4934,3.0726,,,,,,,,,
SURFACE,TRIBUTARY_AREA,APLICADO_P1L3,EDIFICIO_2,P1,E2-P1-V-083,SOL2_1_beam_0105,19.9842,124.4418,,,,,,,,,
SURFACE,TRIBUTARY_AREA,APLICADO_P1L3,EDIFICIO_2,P1,E2-P1-V-080,SOL2_1_beam_0106,15.2966,95.2518,,,,,,,,,
SURFACE,TRIBUTARY_AREA,APLICADO_P1L3,EDIFICIO_2,P1,E2-P1-V-081,SOL2_1_beam_0107,11.1024,69.1343,,,,,,,,,
SURFACE,TRIBUTARY_AREA,APLICADO_P1L3,EDIFICIO_2,P1,E2-P1-V-084,SOL2_1_beam_0108,12.5827,78.3523,,,,,,,,,
SURFACE,TRIBUTARY_AREA,APLICADO_P1L3,EDIFICIO_2,P1,E2-P1-V-088,SOL2_1_beam_0109,13.5695,84.4975,,,,,,,,,
SURFACE,TRIBUTARY_AREA,APLICADO_P1L3,EDIFICIO_2,P1,E2-P1-V-087,SOL2_1_beam_0110,13.3228,82.9612,,,,,,,,,
SURFACE,TRIBUTARY_AREA,APLICADO_P1L3,EDIFICIO_2,P1,E2-P1-V-090,SOL2_1_beam_0111,4.9344,30.7264,,,,,,,,,
SURFACE,TRIBUTARY_AREA,APLICADO_P1L3,EDIFICIO_2,P1,E2-P1-V-089,SOL2_1_beam_0112,14.5564,90.6428,,,,,,,,,
SURFACE,TRIBUTARY_AREA,APLICADO_P1L3,EDIFICIO_2,P1,E2-P1-V-071,SOL2_1_beam_0113,16.0367,99.8607,,,,,,,,,
SURFACE,TRIBUTARY_AREA,APLICADO_P1L3,EDIFICIO_2,P1,E2-P1-V-069,SOL2_1_beam_0114,16.0367,99.8607,,,,,,,,,
SURFACE,TRIBUTARY_AREA,APLICADO_P1L3,EDIFICIO_2,P1,E2-P1-V-074,SOL2_1_beam_0115,7.1548,44.5532,,,,,,,,,
SURFACE,TRIBUTARY_AREA,APLICADO_P1L3,EDIFICIO_2,P1,E2-P1-V-073,SOL2_1_beam_0116,4.9344,30.7264,,,,,,,,,
SURFACE,TRIBUTARY_AREA,APLICADO_P1L3,EDIFICIO_2,P1,E2-P1-V-079,SOL2_1_beam_0117,0.2467,1.5363,,,,,,,,,
SURFACE,TRIBUTARY_AREA,APLICADO_P1L3,EDIFICIO_2,P1,E2-P1-V-086,SOL2_1_beam_0118,15.5433,96.7881,,,,,,,,,
SURFACE,TRIBUTARY_AREA,APLICADO_P1L3,EDIFICIO_2,P1,E2-P1-V-085,SOL2_1_beam_0119,4.9344,30.7264,,,,,,,,,
SURFACE,TRIBUTARY_AREA,APLICADO_P1L3,EDIFICIO_2,P1,E2-P1-V-063,SOL2_1_beam_0120,4.4409,27.6537,,,,,,,,,
SURFACE,TRIBUTARY_AREA,APLICADO_P1L3,EDIFICIO_2,P1,E2-P1-V-064,SOL2_1_beam_0121,7.1548,44.5532,,,,,,,,,
SURFACE,TRIBUTARY_AREA,APLICADO_P1L3,EDIFICIO_2,P1,E2-P1-V-051,SOL2_1_beam_0122,4.4409,27.6537,,,,,,,,,
SURFACE,TRIBUTARY_AREA,APLICADO_P1L3,EDIFICIO_2,P1,E2-P1-V-052,SOL2_1_beam_0123,7.4016,46.0896,,,,,,,,,
SURFACE,TRIBUTARY_AREA,APLICADO_P1L3,EDIFICIO_2,P1,E2-P1-V-054,SOL2_1_beam_0124,7.1548,44.5532,,,,,,,,,
SURFACE,TRIBUTARY_AREA,APLICADO_P1L3,EDIFICIO_2,P1,E2-P1-V-053,SOL2_1_beam_0125,4.9344,30.7264,,,,,,,,,
SURFACE,TRIBUTARY_AREA,APLICADO_P1L3,EDIFICIO_2,P1,E2-P1-V-066,SOL2_1_beam_0126,7.4016,46.0896,,,,,,,,,
SURFACE,TRIBUTARY_AREA,APLICADO_P1L3,EDIFICIO_2,P1,E2-P1-V-065,SOL2_1_beam_0127,4.9344,30.7264,,,,,,,,,
SURFACE,TRIBUTARY_AREA,APLICADO_P1L3,EDIFICIO_2,P1,E2-P1-V-060,SOL2_1_beam_0128,0.9869,6.1453,,,,,,,,,
SURFACE,TRIBUTARY_AREA,APLICADO_P1L3,EDIFICIO_2,P1,E2-P1-V-058,SOL2_1_beam_0129,11.3491,70.6707,,,,,,,,,
SURFACE,TRIBUTARY_AREA,APLICADO_P1L3,EDIFICIO_2,P1,E2-P1-V-062,SOL2_1_beam_0130,11.1024,69.1343,,,,,,,,,
SURFACE,TRIBUTARY_AREA,APLICADO_P1L3,EDIFICIO_2,P1,E2-P1-V-040,SOL2_1_beam_0131,7.4016,46.0896,,,,,,,,,
SURFACE,TRIBUTARY_AREA,APLICADO_P1L3,EDIFICIO_2,P1,E2-P1-V-036,SOL2_1_beam_0132,3.7008,23.0448,,,,,,,,,
SURFACE,TRIBUTARY_AREA,APLICADO_P1L3,EDIFICIO_2,P1,E2-P1-V-044,SOL2_1_beam_0133,4.1942,26.1174,,,,,,,,,
SURFACE,TRIBUTARY_AREA,APLICADO_P1L3,EDIFICIO_2,P1,E2-P1-V-043,SOL2_1_beam_0134,2.9606,18.4358,,,,,,,,,
SURFACE,TRIBUTARY_AREA,APLICADO_P1L3,EDIFICIO_2,P1,E2-P1-V-038,SOL2_1_beam_0135,7.4016,46.0896,,,,,,,,,
SURFACE,TRIBUTARY_AREA,APLICADO_P1L3,EDIFICIO_2,P1,E2-P1-V-034,SOL2_1_beam_0136,4.4409,27.6537,,,,,,,,,
SURFACE,TRIBUTARY_AREA,APLICADO_P1L3,EDIFICIO_2,P1,E2-P1-V-042,SOL2_1_beam_0137,4.1942,26.1174,,,,,,,,,
SURFACE,TRIBUTARY_AREA,APLICADO_P1L3,EDIFICIO_2,P1,E2-P1-V-041,SOL2_1_beam_0138,3.9475,24.5811,,,,,,,,,
SURFACE,TRIBUTARY_AREA,APLICADO_P1L3,EDIFICIO_2,P1,E2-P1-V-023,SOL2_1_beam_0139,3.9475,24.5811,,,,,,,,,
SURFACE,TRIBUTARY_AREA,APLICADO_P1L3,EDIFICIO_2,P1,E2-P1-V-024,SOL2_1_beam_0140,3.9475,24.5811,,,,,,,,,
SURFACE,TRIBUTARY_AREA,APLICADO_P1L3,EDIFICIO_2,P1,E2-P1-V-015,SOL2_1_beam_0141,5.1811,32.2627,,,,,,,,,
SURFACE,TRIBUTARY_AREA,APLICADO_P1L3,EDIFICIO_2,P1,E2-P1-V-019,SOL2_1_beam_0142,4.9344,30.7264,,,,,,,,,
SURFACE,TRIBUTARY_AREA,APLICADO_P1L3,EDIFICIO_2,P1,E2-P1-V-032,SOL2_1_beam_0143,3.7008,23.0448,,,,,,,,,
SURFACE,TRIBUTARY_AREA,APLICADO_P1L3,EDIFICIO_2,P1,E2-P1-V-031,SOL2_1_beam_0144,2.9606,18.4358,,,,,,,,,
SURFACE,TRIBUTARY_AREA,APLICADO_P1L3,EDIFICIO_2,P1,E2-P1-V-017,SOL2_1_beam_0145,4.4409,27.6537,,,,,,,,,
SURFACE,TRIBUTARY_AREA,APLICADO_P1L3,EDIFICIO_2,P1,E2-P1-V-021,SOL2_1_beam_0146,2.2205,13.8269,,,,,,,,,
SURFACE,TRIBUTARY_AREA,APLICADO_P1L3,EDIFICIO_2,P1,E2-P1-V-046,SOL2_1_beam_0147,3.4541,21.5085,,,,,,,,,
SURFACE,TRIBUTARY_AREA,APLICADO_P1L3,EDIFICIO_2,P1,E2-P1-V-045,SOL2_1_beam_0148,3.9475,24.5811,,,,,,,,,
SURFACE,TRIBUTARY_AREA,APLICADO_P1L3,EDIFICIO_2,P1,E2-P1-V-047,SOL2_1_beam_0149,13.8163,86.0339,,,,,,,,,
SURFACE,TRIBUTARY_AREA,APLICADO_P1L3,EDIFICIO_2,P1,E2-P1-V-049,SOL2_1_beam_0150,16.0367,99.8607,,,,,,,,,
SURFACE,TRIBUTARY_AREA,APLICADO_P1L3,EDIFICIO_2,P1,E2-P1-V-048,SOL2_1_beam_0151,9.8688,61.4528,,,,,,,,,
SURFACE,TRIBUTARY_AREA,APLICADO_P1L3,EDIFICIO_2,P1,E2-P1-V-050,SOL2_1_beam_0152,11.1024,69.1343,,,,,,,,,
SURFACE,TRIBUTARY_AREA,APLICADO_P1L3,EDIFICIO_2,P1,E2-P1-V-068,SOL2_1_beam_0153,4.4409,27.6537,,,,,,,,,
SURFACE,TRIBUTARY_AREA,APLICADO_P1L3,EDIFICIO_2,P1,E2-P1-V-067,SOL2_1_beam_0154,7.4016,46.0896,,,,,,,,,
SURFACE,TRIBUTARY_AREA,APLICADO_P1L3,EDIFICIO_2,P1,E2-P1-V-006,SOL2_1_beam_0155,3.2073,19.9721,,,,,,,,,
SURFACE,TRIBUTARY_AREA,APLICADO_P1L3,EDIFICIO_2,P1,E2-P1-V-003,SOL2_1_beam_0156,1.727,10.7542,,,,,,,,,
SURFACE,TRIBUTARY_AREA,APLICADO_P1L3,EDIFICIO_2,P1,E2-P1-V-005,SOL2_1_beam_0157,9.622,59.9164,,,,,,,,,
SURFACE,TRIBUTARY_AREA,APLICADO_P1L3,EDIFICIO_2,P1,E2-P1-V-002,SOL2_1_beam_0158,3.7008,23.0448,,,,,,,,,
SURFACE,TRIBUTARY_AREA,APLICADO_P1L3,EDIFICIO_2,P1,E2-P1-V-004,SOL2_1_beam_0159,3.2073,19.9721,,,,,,,,,
SURFACE,TRIBUTARY_AREA,APLICADO_P1L3,EDIFICIO_2,P1,E2-P1-V-001,SOL2_1_beam_0160,1.727,10.7542,,,,,,,,,
SURFACE,TRIBUTARY_AREA,APLICADO_P1L3,EDIFICIO_2,P1,E2-P1-V-011,SOL2_1_beam_0161,2.9606,18.4358,,,,,,,,,
SURFACE,TRIBUTARY_AREA,APLICADO_P1L3,EDIFICIO_2,P1,E2-P1-V-010,SOL2_1_beam_0162,2.2205,13.8269,,,,,,,,,
SURFACE,TRIBUTARY_AREA,APLICADO_P1L3,EDIFICIO_2,P1,E2-P1-V-018,SOL2_1_beam_0163,5.1811,32.2627,,,,,,,,,
SURFACE,TRIBUTARY_AREA,APLICADO_P1L3,EDIFICIO_2,P1,E2-P1-V-022,SOL2_1_beam_0164,4.9344,30.7264,,,,,,,,,
SURFACE,TRIBUTARY_AREA,APLICADO_P1L3,EDIFICIO_2,P1,E2-P1-V-028,SOL2_1_beam_0165,2.9606,18.4358,,,,,,,,,
SURFACE,TRIBUTARY_AREA,APLICADO_P1L3,EDIFICIO_2,P1,E2-P1-V-027,SOL2_1_beam_0166,2.4672,15.3632,,,,,,,,,
SURFACE,TRIBUTARY_AREA,APLICADO_P1L3,EDIFICIO_2,P1,E2-P1-V-039,SOL2_1_beam_0167,4.1942,26.1174,,,,,,,,,
SURFACE,TRIBUTARY_AREA,APLICADO_P1L3,EDIFICIO_2,P1,E2-P1-V-035,SOL2_1_beam_0168,1.9738,12.2906,,,,,,,,,
SURFACE,TRIBUTARY_AREA,APLICADO_P1L3,EDIFICIO_2,P1,E2-P1-V-009,SOL2_1_beam_0169,2.2205,13.8269,,,,,,,,,
SURFACE,TRIBUTARY_AREA,APLICADO_P1L3,EDIFICIO_2,P1,E2-P1-V-008,SOL2_1_beam_0170,2.9606,18.4358,,,,,,,,,
SURFACE,TRIBUTARY_AREA,APLICADO_P1L3,EDIFICIO_2,P1,E2-P1-V-026,SOL2_1_beam_0171,2.2205,13.8269,,,,,,,,,
SURFACE,TRIBUTARY_AREA,APLICADO_P1L3,EDIFICIO_2,P1,E2-P1-V-025,SOL2_1_beam_0172,2.9606,18.4358,,,,,,,,,
SURFACE,TRIBUTARY_AREA,APLICADO_P1L3,EDIFICIO_2,P1,E2-P1-V-016,SOL2_1_beam_0173,7.4016,46.0896,,,,,,,,,
SURFACE,TRIBUTARY_AREA,APLICADO_P1L3,EDIFICIO_2,P1,E2-P1-V-020,SOL2_1_beam_0174,5.9213,36.8717,,,,,,,,,
SURFACE,TRIBUTARY_AREA,APLICADO_P1L3,EDIFICIO_2,P1,E2-P1-V-037,SOL2_1_beam_0175,7.1548,44.5532,,,,,,,,,
SURFACE,TRIBUTARY_AREA,APLICADO_P1L3,EDIFICIO_2,P1,E2-P1-V-033,SOL2_1_beam_0176,3.7008,23.0448,,,,,,,,,
SURFACE,TRIBUTARY_AREA,APLICADO_P1L3,EDIFICIO_2,P1,E2-P1-V-014,SOL2_1_beam_0177,2.2205,13.8269,,,,,,,,,
SURFACE,TRIBUTARY_AREA,APLICADO_P1L3,EDIFICIO_2,P1,E2-P1-V-012,SOL2_1_beam_0178,5.9213,36.8717,,,,,,,,,
SURFACE,TRIBUTARY_AREA,APLICADO_P1L3,EDIFICIO_2,P1,E2-P1-V-013,SOL2_1_beam_0179,2.2205,13.8269,,,,,,,,,
SURFACE,TRIBUTARY_AREA,APLICADO_P1L3,EDIFICIO_2,P1,E2-P1-V-007,SOL2_1_beam_0180,5.9213,36.8717,,,,,,,,,
SURFACE,TRIBUTARY_AREA,APLICADO_P1L3,EDIFICIO_2,P2,E2-P2-V-030,SOL2_2_beam_0181,4.4409,27.6537,,,,,,,,,
SURFACE,TRIBUTARY_AREA,APLICADO_P1L3,EDIFICIO_2,P2,E2-P2-V-029,SOL2_2_beam_0182,3.9475,24.5811,,,,,,,,,
SURFACE,TRIBUTARY_AREA,APLICADO_P1L3,EDIFICIO_2,P2,E2-P2-V-056,SOL2_2_beam_0183,4.4409,27.6537,,,,,,,,,
SURFACE,TRIBUTARY_AREA,APLICADO_P1L3,EDIFICIO_2,P2,E2-P2-V-055,SOL2_2_beam_0184,7.4016,46.0896,,,,,,,,,
SURFACE,TRIBUTARY_AREA,APLICADO_P1L3,EDIFICIO_2,P2,E2-P2-V-078,SOL2_2_beam_0185,5.4278,33.799,,,,,,,,,
SURFACE,TRIBUTARY_AREA,APLICADO_P1L3,EDIFICIO_2,P2,E2-P2-V-077,SOL2_2_beam_0186,7.4016,46.0896,,,,,,,,,
SURFACE,TRIBUTARY_AREA,APLICADO_P1L3,EDIFICIO_2,P2,E2-P2-V-072,SOL2_2_beam_0187,11.1024,69.1343,,,,,,,,,
SURFACE,TRIBUTARY_AREA,APLICADO_P1L3,EDIFICIO_2,P2,E2-P2-V-070,SOL2_2_beam_0188,11.1024,69.1343,,,,,,,,,
SURFACE,TRIBUTARY_AREA,APLICADO_P1L3,EDIFICIO_2,P2,E2-P2-V-076,SOL2_2_beam_0189,7.4016,46.0896,,,,,,,,,
SURFACE,TRIBUTARY_AREA,APLICADO_P1L3,EDIFICIO_2,P2,E2-P2-V-075,SOL2_2_beam_0190,5.6745,35.3353,,,,,,,,,
SURFACE,TRIBUTARY_AREA,APLICADO_P1L3,EDIFICIO_2,P2,E2-P2-V-059,SOL2_2_beam_0191,0.9869,6.1453,,,,,,,,,
SURFACE,TRIBUTARY_AREA,APLICADO_P1L3,EDIFICIO_2,P2,E2-P2-V-061,SOL2_2_beam_0192,16.2834,101.397,,,,,,,,,
SURFACE,TRIBUTARY_AREA,APLICADO_P1L3,EDIFICIO_2,P2,E2-P2-V-057,SOL2_2_beam_0193,16.0367,99.8607,,,,,,,,,
SURFACE,TRIBUTARY_AREA,APLICADO_P1L3,EDIFICIO_2,P2,E2-P2-V-082,SOL2_2_beam_0194,0.4934,3.0726,,,,,,,,,
SURFACE,TRIBUTARY_AREA,APLICADO_P1L3,EDIFICIO_2,P2,E2-P2-V-083,SOL2_2_beam_0195,19.9842,124.4418,,,,,,,,,
SURFACE,TRIBUTARY_AREA,APLICADO_P1L3,EDIFICIO_2,P2,E2-P2-V-080,SOL2_2_beam_0196,15.2966,95.2518,,,,,,,,,
SURFACE,TRIBUTARY_AREA,APLICADO_P1L3,EDIFICIO_2,P2,E2-P2-V-081,SOL2_2_beam_0197,11.1024,69.1343,,,,,,,,,
SURFACE,TRIBUTARY_AREA,APLICADO_P1L3,EDIFICIO_2,P2,E2-P2-V-084,SOL2_2_beam_0198,12.5827,78.3523,,,,,,,,,
SURFACE,TRIBUTARY_AREA,APLICADO_P1L3,EDIFICIO_2,P2,E2-P2-V-088,SOL2_2_beam_0199,13.5695,84.4975,,,,,,,,,
SURFACE,TRIBUTARY_AREA,APLICADO_P1L3,EDIFICIO_2,P2,E2-P2-V-087,SOL2_2_beam_0200,13.3228,82.9612,,,,,,,,,
SURFACE,TRIBUTARY_AREA,APLICADO_P1L3,EDIFICIO_2,P2,E2-P2-V-090,SOL2_2_beam_0201,4.9344,30.7264,,,,,,,,,
SURFACE,TRIBUTARY_AREA,APLICADO_P1L3,EDIFICIO_2,P2,E2-P2-V-089,SOL2_2_beam_0202,14.5564,90.6428,,,,,,,,,
SURFACE,TRIBUTARY_AREA,APLICADO_P1L3,EDIFICIO_2,P2,E2-P2-V-071,SOL2_2_beam_0203,16.0367,99.8607,,,,,,,,,
SURFACE,TRIBUTARY_AREA,APLICADO_P1L3,EDIFICIO_2,P2,E2-P2-V-069,SOL2_2_beam_0204,16.0367,99.8607,,,,,,,,,
SURFACE,TRIBUTARY_AREA,APLICADO_P1L3,EDIFICIO_2,P2,E2-P2-V-074,SOL2_2_beam_0205,7.1548,44.5532,,,,,,,,,
SURFACE,TRIBUTARY_AREA,APLICADO_P1L3,EDIFICIO_2,P2,E2-P2-V-073,SOL2_2_beam_0206,4.9344,30.7264,,,,,,,,,
SURFACE,TRIBUTARY_AREA,APLICADO_P1L3,EDIFICIO_2,P2,E2-P2-V-079,SOL2_2_beam_0207,0.2467,1.5363,,,,,,,,,
SURFACE,TRIBUTARY_AREA,APLICADO_P1L3,EDIFICIO_2,P2,E2-P2-V-086,SOL2_2_beam_0208,15.5433,96.7881,,,,,,,,,
SURFACE,TRIBUTARY_AREA,APLICADO_P1L3,EDIFICIO_2,P2,E2-P2-V-085,SOL2_2_beam_0209,4.9344,30.7264,,,,,,,,,
SURFACE,TRIBUTARY_AREA,APLICADO_P1L3,EDIFICIO_2,P2,E2-P2-V-063,SOL2_2_beam_0210,4.4409,27.6537,,,,,,,,,
SURFACE,TRIBUTARY_AREA,APLICADO_P1L3,EDIFICIO_2,P2,E2-P2-V-064,SOL2_2_beam_0211,7.1548,44.5532,,,,,,,,,
SURFACE,TRIBUTARY_AREA,APLICADO_P1L3,EDIFICIO_2,P2,E2-P2-V-051,SOL2_2_beam_0212,4.4409,27.6537,,,,,,,,,
SURFACE,TRIBUTARY_AREA,APLICADO_P1L3,EDIFICIO_2,P2,E2-P2-V-052,SOL2_2_beam_0213,7.4016,46.0896,,,,,,,,,
SURFACE,TRIBUTARY_AREA,APLICADO_P1L3,EDIFICIO_2,P2,E2-P2-V-054,SOL2_2_beam_0214,7.1548,44.5532,,,,,,,,,
SURFACE,TRIBUTARY_AREA,APLICADO_P1L3,EDIFICIO_2,P2,E2-P2-V-053,SOL2_2_beam_0215,4.9344,30.7264,,,,,,,,,
SURFACE,TRIBUTARY_AREA,APLICADO_P1L3,EDIFICIO_2,P2,E2-P2-V-066,SOL2_2_beam_0216,7.4016,46.0896,,,,,,,,,
SURFACE,TRIBUTARY_AREA,APLICADO_P1L3,EDIFICIO_2,P2,E2-P2-V-065,SOL2_2_beam_0217,4.9344,30.7264,,,,,,,,,
SURFACE,TRIBUTARY_AREA,APLICADO_P1L3,EDIFICIO_2,P2,E2-P2-V-060,SOL2_2_beam_0218,0.9869,6.1453,,,,,,,,,
SURFACE,TRIBUTARY_AREA,APLICADO_P1L3,EDIFICIO_2,P2,E2-P2-V-058,SOL2_2_beam_0219,11.3491,70.6707,,,,,,,,,
SURFACE,TRIBUTARY_AREA,APLICADO_P1L3,EDIFICIO_2,P2,E2-P2-V-062,SOL2_2_beam_0220,11.1024,69.1343,,,,,,,,,
SURFACE,TRIBUTARY_AREA,APLICADO_P1L3,EDIFICIO_2,P2,E2-P2-V-040,SOL2_2_beam_0221,7.4016,46.0896,,,,,,,,,
SURFACE,TRIBUTARY_AREA,APLICADO_P1L3,EDIFICIO_2,P2,E2-P2-V-036,SOL2_2_beam_0222,3.7008,23.0448,,,,,,,,,
SURFACE,TRIBUTARY_AREA,APLICADO_P1L3,EDIFICIO_2,P2,E2-P2-V-044,SOL2_2_beam_0223,4.1942,26.1174,,,,,,,,,
SURFACE,TRIBUTARY_AREA,APLICADO_P1L3,EDIFICIO_2,P2,E2-P2-V-043,SOL2_2_beam_0224,2.9606,18.4358,,,,,,,,,
SURFACE,TRIBUTARY_AREA,APLICADO_P1L3,EDIFICIO_2,P2,E2-P2-V-038,SOL2_2_beam_0225,7.4016,46.0896,,,,,,,,,
SURFACE,TRIBUTARY_AREA,APLICADO_P1L3,EDIFICIO_2,P2,E2-P2-V-034,SOL2_2_beam_0226,4.4409,27.6537,,,,,,,,,
SURFACE,TRIBUTARY_AREA,APLICADO_P1L3,EDIFICIO_2,P2,E2-P2-V-042,SOL2_2_beam_0227,4.1942,26.1174,,,,,,,,,
SURFACE,TRIBUTARY_AREA,APLICADO_P1L3,EDIFICIO_2,P2,E2-P2-V-041,SOL2_2_beam_0228,3.9475,24.5811,,,,,,,,,
SURFACE,TRIBUTARY_AREA,APLICADO_P1L3,EDIFICIO_2,P2,E2-P2-V-023,SOL2_2_beam_0229,3.9475,24.5811,,,,,,,,,
SURFACE,TRIBUTARY_AREA,APLICADO_P1L3,EDIFICIO_2,P2,E2-P2-V-024,SOL2_2_beam_0230,3.9475,24.5811,,,,,,,,,
SURFACE,TRIBUTARY_AREA,APLICADO_P1L3,EDIFICIO_2,P2,E2-P2-V-015,SOL2_2_beam_0231,5.1811,32.2627,,,,,,,,,
SURFACE,TRIBUTARY_AREA,APLICADO_P1L3,EDIFICIO_2,P2,E2-P2-V-019,SOL2_2_beam_0232,4.9344,30.7264,,,,,,,,,
SURFACE,TRIBUTARY_AREA,APLICADO_P1L3,EDIFICIO_2,P2,E2-P2-V-032,SOL2_2_beam_0233,3.7008,23.0448,,,,,,,,,
SURFACE,TRIBUTARY_AREA,APLICADO_P1L3,EDIFICIO_2,P2,E2-P2-V-031,SOL2_2_beam_0234,2.9606,18.4358,,,,,,,,,
SURFACE,TRIBUTARY_AREA,APLICADO_P1L3,EDIFICIO_2,P2,E2-P2-V-017,SOL2_2_beam_0235,4.4409,27.6537,,,,,,,,,
SURFACE,TRIBUTARY_AREA,APLICADO_P1L3,EDIFICIO_2,P2,E2-P2-V-021,SOL2_2_beam_0236,2.2205,13.8269,,,,,,,,,
SURFACE,TRIBUTARY_AREA,APLICADO_P1L3,EDIFICIO_2,P2,E2-P2-V-046,SOL2_2_beam_0237,3.4541,21.5085,,,,,,,,,
SURFACE,TRIBUTARY_AREA,APLICADO_P1L3,EDIFICIO_2,P2,E2-P2-V-045,SOL2_2_beam_0238,3.9475,24.5811,,,,,,,,,
SURFACE,TRIBUTARY_AREA,APLICADO_P1L3,EDIFICIO_2,P2,E2-P2-V-047,SOL2_2_beam_0239,13.8163,86.0339,,,,,,,,,
SURFACE,TRIBUTARY_AREA,APLICADO_P1L3,EDIFICIO_2,P2,E2-P2-V-049,SOL2_2_beam_0240,16.0367,99.8607,,,,,,,,,
SURFACE,TRIBUTARY_AREA,APLICADO_P1L3,EDIFICIO_2,P2,E2-P2-V-048,SOL2_2_beam_0241,9.8688,61.4528,,,,,,,,,
SURFACE,TRIBUTARY_AREA,APLICADO_P1L3,EDIFICIO_2,P2,E2-P2-V-050,SOL2_2_beam_0242,11.1024,69.1343,,,,,,,,,
SURFACE,TRIBUTARY_AREA,APLICADO_P1L3,EDIFICIO_2,P2,E2-P2-V-068,SOL2_2_beam_0243,4.4409,27.6537,,,,,,,,,
SURFACE,TRIBUTARY_AREA,APLICADO_P1L3,EDIFICIO_2,P2,E2-P2-V-067,SOL2_2_beam_0244,7.4016,46.0896,,,,,,,,,
SURFACE,TRIBUTARY_AREA,APLICADO_P1L3,EDIFICIO_2,P2,E2-P2-V-006,SOL2_2_beam_0245,3.2073,19.9721,,,,,,,,,
SURFACE,TRIBUTARY_AREA,APLICADO_P1L3,EDIFICIO_2,P2,E2-P2-V-003,SOL2_2_beam_0246,1.727,10.7542,,,,,,,,,
SURFACE,TRIBUTARY_AREA,APLICADO_P1L3,EDIFICIO_2,P2,E2-P2-V-005,SOL2_2_beam_0247,9.622,59.9164,,,,,,,,,
SURFACE,TRIBUTARY_AREA,APLICADO_P1L3,EDIFICIO_2,P2,E2-P2-V-002,SOL2_2_beam_0248,3.7008,23.0448,,,,,,,,,
SURFACE,TRIBUTARY_AREA,APLICADO_P1L3,EDIFICIO_2,P2,E2-P2-V-004,SOL2_2_beam_0249,3.2073,19.9721,,,,,,,,,
SURFACE,TRIBUTARY_AREA,APLICADO_P1L3,EDIFICIO_2,P2,E2-P2-V-001,SOL2_2_beam_0250,1.727,10.7542,,,,,,,,,
SURFACE,TRIBUTARY_AREA,APLICADO_P1L3,EDIFICIO_2,P2,E2-P2-V-011,SOL2_2_beam_0251,2.9606,18.4358,,,,,,,,,
SURFACE,TRIBUTARY_AREA,APLICADO_P1L3,EDIFICIO_2,P2,E2-P2-V-010,SOL2_2_beam_0252,2.2205,13.8269,,,,,,,,,
SURFACE,TRIBUTARY_AREA,APLICADO_P1L3,EDIFICIO_2,P2,E2-P2-V-018,SOL2_2_beam_0253,5.1811,32.2627,,,,,,,,,
SURFACE,TRIBUTARY_AREA,APLICADO_P1L3,EDIFICIO_2,P2,E2-P2-V-022,SOL2_2_beam_0254,4.9344,30.7264,,,,,,,,,
SURFACE,TRIBUTARY_AREA,APLICADO_P1L3,EDIFICIO_2,P2,E2-P2-V-028,SOL2_2_beam_0255,2.9606,18.4358,,,,,,,,,
SURFACE,TRIBUTARY_AREA,APLICADO_P1L3,EDIFICIO_2,P2,E2-P2-V-027,SOL2_2_beam_0256,2.4672,15.3632,,,,,,,,,
SURFACE,TRIBUTARY_AREA,APLICADO_P1L3,EDIFICIO_2,P2,E2-P2-V-039,SOL2_2_beam_0257,4.1942,26.1174,,,,,,,,,
SURFACE,TRIBUTARY_AREA,APLICADO_P1L3,EDIFICIO_2,P2,E2-P2-V-035,SOL2_2_beam_0258,1.9738,12.2906,,,,,,,,,
SURFACE,TRIBUTARY_AREA,APLICADO_P1L3,EDIFICIO_2,P2,E2-P2-V-009,SOL2_2_beam_0259,2.2205,13.8269,,,,,,,,,
SURFACE,TRIBUTARY_AREA,APLICADO_P1L3,EDIFICIO_2,P2,E2-P2-V-008,SOL2_2_beam_0260,2.9606,18.4358,,,,,,,,,
SURFACE,TRIBUTARY_AREA,APLICADO_P1L3,EDIFICIO_2,P2,E2-P2-V-026,SOL2_2_beam_0261,2.2205,13.8269,,,,,,,,,
SURFACE,TRIBUTARY_AREA,APLICADO_P1L3,EDIFICIO_2,P2,E2-P2-V-025,SOL2_2_beam_0262,2.9606,18.4358,,,,,,,,,
SURFACE,TRIBUTARY_AREA,APLICADO_P1L3,EDIFICIO_2,P2,E2-P2-V-016,SOL2_2_beam_0263,7.4016,46.0896,,,,,,,,,
SURFACE,TRIBUTARY_AREA,APLICADO_P1L3,EDIFICIO_2,P2,E2-P2-V-020,SOL2_2_beam_0264,5.9213,36.8717,,,,,,,,,
SURFACE,TRIBUTARY_AREA,APLICADO_P1L3,EDIFICIO_2,P2,E2-P2-V-037,SOL2_2_beam_0265,7.1548,44.5532,,,,,,,,,
SURFACE,TRIBUTARY_AREA,APLICADO_P1L3,EDIFICIO_2,P2,E2-P2-V-033,SOL2_2_beam_0266,3.7008,23.0448,,,,,,,,,
SURFACE,TRIBUTARY_AREA,APLICADO_P1L3,EDIFICIO_2,P2,E2-P2-V-014,SOL2_2_beam_0267,2.2205,13.8269,,,,,,,,,
SURFACE,TRIBUTARY_AREA,APLICADO_P1L3,EDIFICIO_2,P2,E2-P2-V-012,SOL2_2_beam_0268,5.9213,36.8717,,,,,,,,,
SURFACE,TRIBUTARY_AREA,APLICADO_P1L3,EDIFICIO_2,P2,E2-P2-V-013,SOL2_2_beam_0269,2.2205,13.8269,,,,,,,,,
SURFACE,TRIBUTARY_AREA,APLICADO_P1L3,EDIFICIO_2,P2,E2-P2-V-007,SOL2_2_beam_0270,5.9213,36.8717,,,,,,,,,
SURFACE,TRIBUTARY_AREA,APLICADO_P1L3,EDIFICIO_2,P3,E2-P3-V-030,SOL2_3_beam_0271,4.4409,27.6537,,,,,,,,,
SURFACE,TRIBUTARY_AREA,APLICADO_P1L3,EDIFICIO_2,P3,E2-P3-V-029,SOL2_3_beam_0272,3.9475,24.5811,,,,,,,,,
SURFACE,TRIBUTARY_AREA,APLICADO_P1L3,EDIFICIO_2,P3,E2-P3-V-056,SOL2_3_beam_0273,4.4409,27.6537,,,,,,,,,
SURFACE,TRIBUTARY_AREA,APLICADO_P1L3,EDIFICIO_2,P3,E2-P3-V-055,SOL2_3_beam_0274,7.4016,46.0896,,,,,,,,,
SURFACE,TRIBUTARY_AREA,APLICADO_P1L3,EDIFICIO_2,P3,E2-P3-V-078,SOL2_3_beam_0275,5.4278,33.799,,,,,,,,,
SURFACE,TRIBUTARY_AREA,APLICADO_P1L3,EDIFICIO_2,P3,E2-P3-V-077,SOL2_3_beam_0276,7.4016,46.0896,,,,,,,,,
SURFACE,TRIBUTARY_AREA,APLICADO_P1L3,EDIFICIO_2,P3,E2-P3-V-072,SOL2_3_beam_0277,11.1024,69.1343,,,,,,,,,
SURFACE,TRIBUTARY_AREA,APLICADO_P1L3,EDIFICIO_2,P3,E2-P3-V-070,SOL2_3_beam_0278,11.1024,69.1343,,,,,,,,,
SURFACE,TRIBUTARY_AREA,APLICADO_P1L3,EDIFICIO_2,P3,E2-P3-V-076,SOL2_3_beam_0279,7.4016,46.0896,,,,,,,,,
SURFACE,TRIBUTARY_AREA,APLICADO_P1L3,EDIFICIO_2,P3,E2-P3-V-075,SOL2_3_beam_0280,5.6745,35.3353,,,,,,,,,
SURFACE,TRIBUTARY_AREA,APLICADO_P1L3,EDIFICIO_2,P3,E2-P3-V-059,SOL2_3_beam_0281,0.9869,6.1453,,,,,,,,,
SURFACE,TRIBUTARY_AREA,APLICADO_P1L3,EDIFICIO_2,P3,E2-P3-V-061,SOL2_3_beam_0282,16.2834,101.397,,,,,,,,,
SURFACE,TRIBUTARY_AREA,APLICADO_P1L3,EDIFICIO_2,P3,E2-P3-V-057,SOL2_3_beam_0283,16.0367,99.8607,,,,,,,,,
SURFACE,TRIBUTARY_AREA,APLICADO_P1L3,EDIFICIO_2,P3,E2-P3-V-082,SOL2_3_beam_0284,0.4934,3.0726,,,,,,,,,
SURFACE,TRIBUTARY_AREA,APLICADO_P1L3,EDIFICIO_2,P3,E2-P3-V-083,SOL2_3_beam_0285,19.9842,124.4418,,,,,,,,,
SURFACE,TRIBUTARY_AREA,APLICADO_P1L3,EDIFICIO_2,P3,E2-P3-V-080,SOL2_3_beam_0286,15.2966,95.2518,,,,,,,,,
SURFACE,TRIBUTARY_AREA,APLICADO_P1L3,EDIFICIO_2,P3,E2-P3-V-081,SOL2_3_beam_0287,11.1024,69.1343,,,,,,,,,
SURFACE,TRIBUTARY_AREA,APLICADO_P1L3,EDIFICIO_2,P3,E2-P3-V-084,SOL2_3_beam_0288,12.5827,78.3523,,,,,,,,,
SURFACE,TRIBUTARY_AREA,APLICADO_P1L3,EDIFICIO_2,P3,E2-P3-V-088,SOL2_3_beam_0289,13.5695,84.4975,,,,,,,,,
SURFACE,TRIBUTARY_AREA,APLICADO_P1L3,EDIFICIO_2,P3,E2-P3-V-087,SOL2_3_beam_0290,13.3228,82.9612,,,,,,,,,
SURFACE,TRIBUTARY_AREA,APLICADO_P1L3,EDIFICIO_2,P3,E2-P3-V-090,SOL2_3_beam_0291,4.9344,30.7264,,,,,,,,,
SURFACE,TRIBUTARY_AREA,APLICADO_P1L3,EDIFICIO_2,P3,E2-P3-V-089,SOL2_3_beam_0292,14.5564,90.6428,,,,,,,,,
SURFACE,TRIBUTARY_AREA,APLICADO_P1L3,EDIFICIO_2,P3,E2-P3-V-071,SOL2_3_beam_0293,16.0367,99.8607,,,,,,,,,
SURFACE,TRIBUTARY_AREA,APLICADO_P1L3,EDIFICIO_2,P3,E2-P3-V-069,SOL2_3_beam_0294,16.0367,99.8607,,,,,,,,,
SURFACE,TRIBUTARY_AREA,APLICADO_P1L3,EDIFICIO_2,P3,E2-P3-V-074,SOL2_3_beam_0295,7.1548,44.5532,,,,,,,,,
SURFACE,TRIBUTARY_AREA,APLICADO_P1L3,EDIFICIO_2,P3,E2-P3-V-073,SOL2_3_beam_0296,4.9344,30.7264,,,,,,,,,
SURFACE,TRIBUTARY_AREA,APLICADO_P1L3,EDIFICIO_2,P3,E2-P3-V-079,SOL2_3_beam_0297,0.2467,1.5363,,,,,,,,,
SURFACE,TRIBUTARY_AREA,APLICADO_P1L3,EDIFICIO_2,P3,E2-P3-V-086,SOL2_3_beam_0298,15.5433,96.7881,,,,,,,,,
SURFACE,TRIBUTARY_AREA,APLICADO_P1L3,EDIFICIO_2,P3,E2-P3-V-085,SOL2_3_beam_0299,4.9344,30.7264,,,,,,,,,
SURFACE,TRIBUTARY_AREA,APLICADO_P1L3,EDIFICIO_2,P3,E2-P3-V-063,SOL2_3_beam_0300,4.4409,27.6537,,,,,,,,,
SURFACE,TRIBUTARY_AREA,APLICADO_P1L3,EDIFICIO_2,P3,E2-P3-V-064,SOL2_3_beam_0301,7.1548,44.5532,,,,,,,,,
SURFACE,TRIBUTARY_AREA,APLICADO_P1L3,EDIFICIO_2,P3,E2-P3-V-051,SOL2_3_beam_0302,4.4409,27.6537,,,,,,,,,
SURFACE,TRIBUTARY_AREA,APLICADO_P1L3,EDIFICIO_2,P3,E2-P3-V-052,SOL2_3_beam_0303,7.4016,46.0896,,,,,,,,,
SURFACE,TRIBUTARY_AREA,APLICADO_P1L3,EDIFICIO_2,P3,E2-P3-V-054,SOL2_3_beam_0304,7.1548,44.5532,,,,,,,,,
SURFACE,TRIBUTARY_AREA,APLICADO_P1L3,EDIFICIO_2,P3,E2-P3-V-053,SOL2_3_beam_0305,4.9344,30.7264,,,,,,,,,
SURFACE,TRIBUTARY_AREA,APLICADO_P1L3,EDIFICIO_2,P3,E2-P3-V-066,SOL2_3_beam_0306,7.4016,46.0896,,,,,,,,,
SURFACE,TRIBUTARY_AREA,APLICADO_P1L3,EDIFICIO_2,P3,E2-P3-V-065,SOL2_3_beam_0307,4.9344,30.7264,,,,,,,,,
SURFACE,TRIBUTARY_AREA,APLICADO_P1L3,EDIFICIO_2,P3,E2-P3-V-060,SOL2_3_beam_0308,0.9869,6.1453,,,,,,,,,
SURFACE,TRIBUTARY_AREA,APLICADO_P1L3,EDIFICIO_2,P3,E2-P3-V-058,SOL2_3_beam_0309,11.3491,70.6707,,,,,,,,,
SURFACE,TRIBUTARY_AREA,APLICADO_P1L3,EDIFICIO_2,P3,E2-P3-V-062,SOL2_3_beam_0310,11.1024,69.1343,,,,,,,,,
SURFACE,TRIBUTARY_AREA,APLICADO_P1L3,EDIFICIO_2,P3,E2-P3-V-040,SOL2_3_beam_0311,7.4016,46.0896,,,,,,,,,
SURFACE,TRIBUTARY_AREA,APLICADO_P1L3,EDIFICIO_2,P3,E2-P3-V-036,SOL2_3_beam_0312,3.7008,23.0448,,,,,,,,,
SURFACE,TRIBUTARY_AREA,APLICADO_P1L3,EDIFICIO_2,P3,E2-P3-V-044,SOL2_3_beam_0313,4.1942,26.1174,,,,,,,,,
SURFACE,TRIBUTARY_AREA,APLICADO_P1L3,EDIFICIO_2,P3,E2-P3-V-043,SOL2_3_beam_0314,2.9606,18.4358,,,,,,,,,
SURFACE,TRIBUTARY_AREA,APLICADO_P1L3,EDIFICIO_2,P3,E2-P3-V-038,SOL2_3_beam_0315,7.4016,46.0896,,,,,,,,,
SURFACE,TRIBUTARY_AREA,APLICADO_P1L3,EDIFICIO_2,P3,E2-P3-V-034,SOL2_3_beam_0316,4.4409,27.6537,,,,,,,,,
SURFACE,TRIBUTARY_AREA,APLICADO_P1L3,EDIFICIO_2,P3,E2-P3-V-042,SOL2_3_beam_0317,4.1942,26.1174,,,,,,,,,
SURFACE,TRIBUTARY_AREA,APLICADO_P1L3,EDIFICIO_2,P3,E2-P3-V-041,SOL2_3_beam_0318,3.9475,24.5811,,,,,,,,,
SURFACE,TRIBUTARY_AREA,APLICADO_P1L3,EDIFICIO_2,P3,E2-P3-V-023,SOL2_3_beam_0319,3.9475,24.5811,,,,,,,,,
SURFACE,TRIBUTARY_AREA,APLICADO_P1L3,EDIFICIO_2,P3,E2-P3-V-024,SOL2_3_beam_0320,3.9475,24.5811,,,,,,,,,
SURFACE,TRIBUTARY_AREA,APLICADO_P1L3,EDIFICIO_2,P3,E2-P3-V-015,SOL2_3_beam_0321,5.1811,32.2627,,,,,,,,,
SURFACE,TRIBUTARY_AREA,APLICADO_P1L3,EDIFICIO_2,P3,E2-P3-V-019,SOL2_3_beam_0322,4.9344,30.7264,,,,,,,,,
SURFACE,TRIBUTARY_AREA,APLICADO_P1L3,EDIFICIO_2,P3,E2-P3-V-032,SOL2_3_beam_0323,3.7008,23.0448,,,,,,,,,
SURFACE,TRIBUTARY_AREA,APLICADO_P1L3,EDIFICIO_2,P3,E2-P3-V-031,SOL2_3_beam_0324,2.9606,18.4358,,,,,,,,,
SURFACE,TRIBUTARY_AREA,APLICADO_P1L3,EDIFICIO_2,P3,E2-P3-V-017,SOL2_3_beam_0325,4.4409,27.6537,,,,,,,,,
SURFACE,TRIBUTARY_AREA,APLICADO_P1L3,EDIFICIO_2,P3,E2-P3-V-021,SOL2_3_beam_0326,2.2205,13.8269,,,,,,,,,
SURFACE,TRIBUTARY_AREA,APLICADO_P1L3,EDIFICIO_2,P3,E2-P3-V-046,SOL2_3_beam_0327,3.4541,21.5085,,,,,,,,,
SURFACE,TRIBUTARY_AREA,APLICADO_P1L3,EDIFICIO_2,P3,E2-P3-V-045,SOL2_3_beam_0328,3.9475,24.5811,,,,,,,,,
SURFACE,TRIBUTARY_AREA,APLICADO_P1L3,EDIFICIO_2,P3,E2-P3-V-047,SOL2_3_beam_0329,13.8163,86.0339,,,,,,,,,
SURFACE,TRIBUTARY_AREA,APLICADO_P1L3,EDIFICIO_2,P3,E2-P3-V-049,SOL2_3_beam_0330,16.0367,99.8607,,,,,,,,,
SURFACE,TRIBUTARY_AREA,APLICADO_P1L3,EDIFICIO_2,P3,E2-P3-V-048,SOL2_3_beam_0331,9.8688,61.4528,,,,,,,,,
SURFACE,TRIBUTARY_AREA,APLICADO_P1L3,EDIFICIO_2,P3,E2-P3-V-050,SOL2_3_beam_0332,11.1024,69.1343,,,,,,,,,
SURFACE,TRIBUTARY_AREA,APLICADO_P1L3,EDIFICIO_2,P3,E2-P3-V-068,SOL2_3_beam_0333,4.4409,27.6537,,,,,,,,,
SURFACE,TRIBUTARY_AREA,APLICADO_P1L3,EDIFICIO_2,P3,E2-P3-V-067,SOL2_3_beam_0334,7.4016,46.0896,,,,,,,,,
SURFACE,TRIBUTARY_AREA,APLICADO_P1L3,EDIFICIO_2,P3,E2-P3-V-006,SOL2_3_beam_0335,3.2073,19.9721,,,,,,,,,
SURFACE,TRIBUTARY_AREA,APLICADO_P1L3,EDIFICIO_2,P3,E2-P3-V-003,SOL2_3_beam_0336,1.727,10.7542,,,,,,,,,
SURFACE,TRIBUTARY_AREA,APLICADO_P1L3,EDIFICIO_2,P3,E2-P3-V-005,SOL2_3_beam_0337,9.622,59.9164,,,,,,,,,
SURFACE,TRIBUTARY_AREA,APLICADO_P1L3,EDIFICIO_2,P3,E2-P3-V-002,SOL2_3_beam_0338,3.7008,23.0448,,,,,,,,,
SURFACE,TRIBUTARY_AREA,APLICADO_P1L3,EDIFICIO_2,P3,E2-P3-V-004,SOL2_3_beam_0339,3.2073,19.9721,,,,,,,,,
SURFACE,TRIBUTARY_AREA,APLICADO_P1L3,EDIFICIO_2,P3,E2-P3-V-001,SOL2_3_beam_0340,1.727,10.7542,,,,,,,,,
SURFACE,TRIBUTARY_AREA,APLICADO_P1L3,EDIFICIO_2,P3,E2-P3-V-011,SOL2_3_beam_0341,2.9606,18.4358,,,,,,,,,
SURFACE,TRIBUTARY_AREA,APLICADO_P1L3,EDIFICIO_2,P3,E2-P3-V-010,SOL2_3_beam_0342,2.2205,13.8269,,,,,,,,,
SURFACE,TRIBUTARY_AREA,APLICADO_P1L3,EDIFICIO_2,P3,E2-P3-V-018,SOL2_3_beam_0343,5.1811,32.2627,,,,,,,,,
SURFACE,TRIBUTARY_AREA,APLICADO_P1L3,EDIFICIO_2,P3,E2-P3-V-022,SOL2_3_beam_0344,4.9344,30.7264,,,,,,,,,
SURFACE,TRIBUTARY_AREA,APLICADO_P1L3,EDIFICIO_2,P3,E2-P3-V-028,SOL2_3_beam_0345,2.9606,18.4358,,,,,,,,,
SURFACE,TRIBUTARY_AREA,APLICADO_P1L3,EDIFICIO_2,P3,E2-P3-V-027,SOL2_3_beam_0346,2.4672,15.3632,,,,,,,,,
SURFACE,TRIBUTARY_AREA,APLICADO_P1L3,EDIFICIO_2,P3,E2-P3-V-039,SOL2_3_beam_0347,4.1942,26.1174,,,,,,,,,
SURFACE,TRIBUTARY_AREA,APLICADO_P1L3,EDIFICIO_2,P3,E2-P3-V-035,SOL2_3_beam_0348,1.9738,12.2906,,,,,,,,,
SURFACE,TRIBUTARY_AREA,APLICADO_P1L3,EDIFICIO_2,P3,E2-P3-V-009,SOL2_3_beam_0349,2.2205,13.8269,,,,,,,,,
SURFACE,TRIBUTARY_AREA,APLICADO_P1L3,EDIFICIO_2,P3,E2-P3-V-008,SOL2_3_beam_0350,2.9606,18.4358,,,,,,,,,
SURFACE,TRIBUTARY_AREA,APLICADO_P1L3,EDIFICIO_2,P3,E2-P3-V-026,SOL2_3_beam_0351,2.2205,13.8269,,,,,,,,,
SURFACE,TRIBUTARY_AREA,APLICADO_P1L3,EDIFICIO_2,P3,E2-P3-V-025,SOL2_3_beam_0352,2.9606,18.4358,,,,,,,,,
SURFACE,TRIBUTARY_AREA,APLICADO_P1L3,EDIFICIO_2,P3,E2-P3-V-016,SOL2_3_beam_0353,7.4016,46.0896,,,,,,,,,
SURFACE,TRIBUTARY_AREA,APLICADO_P1L3,EDIFICIO_2,P3,E2-P3-V-020,SOL2_3_beam_0354,5.9213,36.8717,,,,,,,,,
SURFACE,TRIBUTARY_AREA,APLICADO_P1L3,EDIFICIO_2,P3,E2-P3-V-037,SOL2_3_beam_0355,7.1548,44.5532,,,,,,,,,
SURFACE,TRIBUTARY_AREA,APLICADO_P1L3,EDIFICIO_2,P3,E2-P3-V-033,SOL2_3_beam_0356,3.7008,23.0448,,,,,,,,,
SURFACE,TRIBUTARY_AREA,APLICADO_P1L3,EDIFICIO_2,P3,E2-P3-V-014,SOL2_3_beam_0357,2.2205,13.8269,,,,,,,,,
SURFACE,TRIBUTARY_AREA,APLICADO_P1L3,EDIFICIO_2,P3,E2-P3-V-012,SOL2_3_beam_0358,5.9213,36.8717,,,,,,,,,
SURFACE,TRIBUTARY_AREA,APLICADO_P1L3,EDIFICIO_2,P3,E2-P3-V-013,SOL2_3_beam_0359,2.2205,13.8269,,,,,,,,,
SURFACE,TRIBUTARY_AREA,APLICADO_P1L3,EDIFICIO_2,P3,E2-P3-V-007,SOL2_3_beam_0360,5.9213,36.8717,,,,,,,,,
SURFACE,TRIBUTARY_AREA,APLICADO_P1L3,EDIFICIO_2,P4,E2-P4-V-057,SOL2_4_beam_0361,3.4541,21.5085,,,,,,,,,
SURFACE,TRIBUTARY_AREA,APLICADO_P1L3,EDIFICIO_2,P4,E2-P4-V-056,SOL2_4_beam_0362,3.4541,21.5085,,,,,,,,,
SURFACE,TRIBUTARY_AREA,APLICADO_P1L3,EDIFICIO_2,P4,E2-P4-V-093,SOL2_4_beam_0363,2.4672,15.3632,,,,,,,,,
SURFACE,TRIBUTARY_AREA,APLICADO_P1L3,EDIFICIO_2,P4,E2-P4-V-101,SOL2_4_beam_0364,2.9606,18.4358,,,,,,,,,
SURFACE,TRIBUTARY_AREA,APLICADO_P1L3,EDIFICIO_2,P4,E2-P4-V-092,SOL2_4_beam_0365,3.7008,23.0448,,,,,,,,,
SURFACE,TRIBUTARY_AREA,APLICADO_P1L3,EDIFICIO_2,P4,E2-P4-V-100,SOL2_4_beam_0366,3.7008,23.0448,,,,,,,,,
SURFACE,TRIBUTARY_AREA,APLICADO_P1L3,EDIFICIO_2,P4,E2-P4-V-132,SOL2_4_beam_0367,0.4934,3.0726,,,,,,,,,
SURFACE,TRIBUTARY_AREA,APLICADO_P1L3,EDIFICIO_2,P4,E2-P4-V-126,SOL2_4_beam_0368,2.4672,15.3632,,,,,,,,,
SURFACE,TRIBUTARY_AREA,APLICADO_P1L3,EDIFICIO_2,P4,E2-P4-V-136,SOL2_4_beam_0369,2.4672,15.3632,,,,,,,,,
SURFACE,TRIBUTARY_AREA,APLICADO_P1L3,EDIFICIO_2,P4,E2-P4-V-131,SOL2_4_beam_0370,1.2336,7.6816,,,,,,,,,
SURFACE,TRIBUTARY_AREA,APLICADO_P1L3,EDIFICIO_2,P4,E2-P4-V-125,SOL2_4_beam_0371,3.7008,23.0448,,,,,,,,,
SURFACE,TRIBUTARY_AREA,APLICADO_P1L3,EDIFICIO_2,P4,E2-P4-V-133,SOL2_4_beam_0372,2.4672,15.3632,,,,,,,,,
SURFACE,TRIBUTARY_AREA,APLICADO_P1L3,EDIFICIO_2,P4,E2-P4-V-124,SOL2_4_beam_0373,11.1024,69.1343,,,,,,,,,
SURFACE,TRIBUTARY_AREA,APLICADO_P1L3,EDIFICIO_2,P4,E2-P4-V-122,SOL2_4_beam_0374,11.1024,69.1343,,,,,,,,,
SURFACE,TRIBUTARY_AREA,APLICADO_P1L3,EDIFICIO_2,P4,E2-P4-V-130,SOL2_4_beam_0375,7.4016,46.0896,,,,,,,,,
SURFACE,TRIBUTARY_AREA,APLICADO_P1L3,EDIFICIO_2,P4,E2-P4-V-129,SOL2_4_beam_0376,5.6745,35.3353,,,,,,,,,
SURFACE,TRIBUTARY_AREA,APLICADO_P1L3,EDIFICIO_2,P4,E2-P4-V-104,SOL2_4_beam_0377,0.9869,6.1453,,,,,,,,,
SURFACE,TRIBUTARY_AREA,APLICADO_P1L3,EDIFICIO_2,P4,E2-P4-V-105,SOL2_4_beam_0378,16.0367,99.8607,,,,,,,,,
SURFACE,TRIBUTARY_AREA,APLICADO_P1L3,EDIFICIO_2,P4,E2-P4-V-102,SOL2_4_beam_0379,16.0367,99.8607,,,,,,,,,
SURFACE,TRIBUTARY_AREA,APLICADO_P1L3,EDIFICIO_2,P4,E2-P4-V-139,SOL2_4_beam_0380,0.4934,3.0726,,,,,,,,,
SURFACE,TRIBUTARY_AREA,APLICADO_P1L3,EDIFICIO_2,P4,E2-P4-V-140,SOL2_4_beam_0381,20.231,125.9781,,,,,,,,,
SURFACE,TRIBUTARY_AREA,APLICADO_P1L3,EDIFICIO_2,P4,E2-P4-V-137,SOL2_4_beam_0382,15.2966,95.2518,,,,,,,,,
SURFACE,TRIBUTARY_AREA,APLICADO_P1L3,EDIFICIO_2,P4,E2-P4-V-138,SOL2_4_beam_0383,11.1024,69.1343,,,,,,,,,
SURFACE,TRIBUTARY_AREA,APLICADO_P1L3,EDIFICIO_2,P4,E2-P4-V-141,SOL2_4_beam_0384,12.5827,78.3523,,,,,,,,,
SURFACE,TRIBUTARY_AREA,APLICADO_P1L3,EDIFICIO_2,P4,E2-P4-V-149,SOL2_4_beam_0385,13.5695,84.4975,,,,,,,,,
SURFACE,TRIBUTARY_AREA,APLICADO_P1L3,EDIFICIO_2,P4,E2-P4-V-148,SOL2_4_beam_0386,13.3228,82.9612,,,,,,,,,
SURFACE,TRIBUTARY_AREA,APLICADO_P1L3,EDIFICIO_2,P4,E2-P4-V-151,SOL2_4_beam_0387,0.9869,6.1453,,,,,,,,,
SURFACE,TRIBUTARY_AREA,APLICADO_P1L3,EDIFICIO_2,P4,E2-P4-V-145,SOL2_4_beam_0388,2.4672,15.3632,,,,,,,,,
SURFACE,TRIBUTARY_AREA,APLICADO_P1L3,EDIFICIO_2,P4,E2-P4-V-155,SOL2_4_beam_0389,1.4803,9.2179,,,,,,,,,
SURFACE,TRIBUTARY_AREA,APLICADO_P1L3,EDIFICIO_2,P4,E2-P4-V-150,SOL2_4_beam_0390,3.7008,23.0448,,,,,,,,,
SURFACE,TRIBUTARY_AREA,APLICADO_P1L3,EDIFICIO_2,P4,E2-P4-V-144,SOL2_4_beam_0391,4.9344,30.7264,,,,,,,,,
SURFACE,TRIBUTARY_AREA,APLICADO_P1L3,EDIFICIO_2,P4,E2-P4-V-154,SOL2_4_beam_0392,5.9213,36.8716,,,,,,,,,
SURFACE,TRIBUTARY_AREA,APLICADO_P1L3,EDIFICIO_2,P4,E2-P4-V-123,SOL2_4_beam_0393,16.0367,99.8607,,,,,,,,,
SURFACE,TRIBUTARY_AREA,APLICADO_P1L3,EDIFICIO_2,P4,E2-P4-V-121,SOL2_4_beam_0394,16.0367,99.8607,,,,,,,,,
SURFACE,TRIBUTARY_AREA,APLICADO_P1L3,EDIFICIO_2,P4,E2-P4-V-128,SOL2_4_beam_0395,4.9344,30.7264,,,,,,,,,
SURFACE,TRIBUTARY_AREA,APLICADO_P1L3,EDIFICIO_2,P4,E2-P4-V-135,SOL2_4_beam_0396,2.4672,15.3632,,,,,,,,,
SURFACE,TRIBUTARY_AREA,APLICADO_P1L3,EDIFICIO_2,P4,E2-P4-V-127,SOL2_4_beam_0397,2.9606,18.4358,,,,,,,,,
SURFACE,TRIBUTARY_AREA,APLICADO_P1L3,EDIFICIO_2,P4,E2-P4-V-134,SOL2_4_beam_0398,1.9738,12.2905,,,,,,,,,
SURFACE,TRIBUTARY_AREA,APLICADO_P1L3,EDIFICIO_2,P4,E2-P4-V-147,SOL2_4_beam_0399,1.4803,9.2179,,,,,,,,,
SURFACE,TRIBUTARY_AREA,APLICADO_P1L3,EDIFICIO_2,P4,E2-P4-V-143,SOL2_4_beam_0400,3.4541,21.5085,,,,,,,,,
SURFACE,TRIBUTARY_AREA,APLICADO_P1L3,EDIFICIO_2,P4,E2-P4-V-153,SOL2_4_beam_0401,10.3622,64.5254,,,,,,,,,
SURFACE,TRIBUTARY_AREA,APLICADO_P1L3,EDIFICIO_2,P4,E2-P4-V-146,SOL2_4_beam_0402,0.4934,3.0726,,,,,,,,,
SURFACE,TRIBUTARY_AREA,APLICADO_P1L3,EDIFICIO_2,P4,E2-P4-V-142,SOL2_4_beam_0403,1.9738,12.2905,,,,,,,,,
SURFACE,TRIBUTARY_AREA,APLICADO_P1L3,EDIFICIO_2,P4,E2-P4-V-152,SOL2_4_beam_0404,2.4672,15.3632,,,,,,,,,
SURFACE,TRIBUTARY_AREA,APLICADO_P1L3,EDIFICIO_2,P4,E2-P4-V-113,SOL2_4_beam_0405,0.4934,3.0726,,,,,,,,,
SURFACE,TRIBUTARY_AREA,APLICADO_P1L3,EDIFICIO_2,P4,E2-P4-V-117,SOL2_4_beam_0406,1.9738,12.2905,,,,,,,,,
SURFACE,TRIBUTARY_AREA,APLICADO_P1L3,EDIFICIO_2,P4,E2-P4-V-107,SOL2_4_beam_0407,1.9738,12.2905,,,,,,,,,
SURFACE,TRIBUTARY_AREA,APLICADO_P1L3,EDIFICIO_2,P4,E2-P4-V-114,SOL2_4_beam_0408,1.2336,7.6816,,,,,,,,,
SURFACE,TRIBUTARY_AREA,APLICADO_P1L3,EDIFICIO_2,P4,E2-P4-V-118,SOL2_4_beam_0409,2.4672,15.3632,,,,,,,,,
SURFACE,TRIBUTARY_AREA,APLICADO_P1L3,EDIFICIO_2,P4,E2-P4-V-108,SOL2_4_beam_0410,3.7008,23.0448,,,,,,,,,
SURFACE,TRIBUTARY_AREA,APLICADO_P1L3,EDIFICIO_2,P4,E2-P4-V-094,SOL2_4_beam_0411,0.9869,6.1453,,,,,,,,,
SURFACE,TRIBUTARY_AREA,APLICADO_P1L3,EDIFICIO_2,P4,E2-P4-V-098,SOL2_4_beam_0412,1.4803,9.2179,,,,,,,,,
SURFACE,TRIBUTARY_AREA,APLICADO_P1L3,EDIFICIO_2,P4,E2-P4-V-090,SOL2_4_beam_0413,1.9738,12.2905,,,,,,,,,
SURFACE,TRIBUTARY_AREA,APLICADO_P1L3,EDIFICIO_2,P4,E2-P4-V-095,SOL2_4_beam_0414,2.4672,15.3632,,,,,,,,,
SURFACE,TRIBUTARY_AREA,APLICADO_P1L3,EDIFICIO_2,P4,E2-P4-V-099,SOL2_4_beam_0415,2.4672,15.3632,,,,,,,,,
SURFACE,TRIBUTARY_AREA,APLICADO_P1L3,EDIFICIO_2,P4,E2-P4-V-091,SOL2_4_beam_0416,2.4672,15.3632,,,,,,,,,
SURFACE,TRIBUTARY_AREA,APLICADO_P1L3,EDIFICIO_2,P4,E2-P4-V-086,SOL2_4_beam_0417,13.8163,86.0338,,,,,,,,,
SURFACE,TRIBUTARY_AREA,APLICADO_P1L3,EDIFICIO_2,P4,E2-P4-V-088,SOL2_4_beam_0418,16.0367,99.8607,,,,,,,,,
SURFACE,TRIBUTARY_AREA,APLICADO_P1L3,EDIFICIO_2,P4,E2-P4-V-097,SOL2_4_beam_0419,7.1548,44.5532,,,,,,,,,
SURFACE,TRIBUTARY_AREA,APLICADO_P1L3,EDIFICIO_2,P4,E2-P4-V-096,SOL2_4_beam_0420,4.9344,30.7264,,,,,,,,,
SURFACE,TRIBUTARY_AREA,APLICADO_P1L3,EDIFICIO_2,P4,E2-P4-V-112,SOL2_4_beam_0421,7.4016,46.0896,,,,,,,,,
SURFACE,TRIBUTARY_AREA,APLICADO_P1L3,EDIFICIO_2,P4,E2-P4-V-111,SOL2_4_beam_0422,4.9344,30.7264,,,,,,,,,
SURFACE,TRIBUTARY_AREA,APLICADO_P1L3,EDIFICIO_2,P4,E2-P4-V-089,SOL2_4_beam_0423,11.1024,69.1343,,,,,,,,,
SURFACE,TRIBUTARY_AREA,APLICADO_P1L3,EDIFICIO_2,P4,E2-P4-V-087,SOL2_4_beam_0424,9.8688,61.4527,,,,,,,,,
SURFACE,TRIBUTARY_AREA,APLICADO_P1L3,EDIFICIO_2,P4,E2-P4-V-103,SOL2_4_beam_0425,11.3491,70.6707,,,,,,,,,
SURFACE,TRIBUTARY_AREA,APLICADO_P1L3,EDIFICIO_2,P4,E2-P4-V-106,SOL2_4_beam_0426,11.3491,70.6707,,,,,,,,,
SURFACE,TRIBUTARY_AREA,APLICADO_P1L3,EDIFICIO_2,P4,E2-P4-V-077,SOL2_4_beam_0427,4.1942,26.1174,,,,,,,,,
SURFACE,TRIBUTARY_AREA,APLICADO_P1L3,EDIFICIO_2,P4,E2-P4-V-076,SOL2_4_beam_0428,2.9606,18.4358,,,,,,,,,
SURFACE,TRIBUTARY_AREA,APLICADO_P1L3,EDIFICIO_2,P4,E2-P4-V-081,SOL2_4_beam_0429,0.7402,4.609,,,,,,,,,
SURFACE,TRIBUTARY_AREA,APLICADO_P1L3,EDIFICIO_2,P4,E2-P4-V-075,SOL2_4_beam_0430,2.7139,16.8995,,,,,,,,,
SURFACE,TRIBUTARY_AREA,APLICADO_P1L3,EDIFICIO_2,P4,E2-P4-V-085,SOL2_4_beam_0431,0.7402,4.609,,,,,,,,,
SURFACE,TRIBUTARY_AREA,APLICADO_P1L3,EDIFICIO_2,P4,E2-P4-V-080,SOL2_4_beam_0432,0.4934,3.0726,,,,,,,,,
SURFACE,TRIBUTARY_AREA,APLICADO_P1L3,EDIFICIO_2,P4,E2-P4-V-072,SOL2_4_beam_0433,2.4672,15.3632,,,,,,,,,
SURFACE,TRIBUTARY_AREA,APLICADO_P1L3,EDIFICIO_2,P4,E2-P4-V-084,SOL2_4_beam_0434,0.9869,6.1453,,,,,,,,,
SURFACE,TRIBUTARY_AREA,APLICADO_P1L3,EDIFICIO_2,P4,E2-P4-V-060,SOL2_4_beam_0435,0.9869,6.1453,,,,,,,,,
SURFACE,TRIBUTARY_AREA,APLICADO_P1L3,EDIFICIO_2,P4,E2-P4-V-062,SOL2_4_beam_0436,0.9869,6.1453,,,,,,,,,
SURFACE,TRIBUTARY_AREA,APLICADO_P1L3,EDIFICIO_2,P4,E2-P4-V-048,SOL2_4_beam_0437,1.9738,12.2905,,,,,,,,,
SURFACE,TRIBUTARY_AREA,APLICADO_P1L3,EDIFICIO_2,P4,E2-P4-V-061,SOL2_4_beam_0438,1.727,10.7542,,,,,,,,,
SURFACE,TRIBUTARY_AREA,APLICADO_P1L3,EDIFICIO_2,P4,E2-P4-V-063,SOL2_4_beam_0439,0.7402,4.609,,,,,,,,,
SURFACE,TRIBUTARY_AREA,APLICADO_P1L3,EDIFICIO_2,P4,E2-P4-V-049,SOL2_4_beam_0440,1.2336,7.6816,,,,,,,,,
SURFACE,TRIBUTARY_AREA,APLICADO_P1L3,EDIFICIO_2,P4,E2-P4-V-059,SOL2_4_beam_0441,3.7008,23.0448,,,,,,,,,
SURFACE,TRIBUTARY_AREA,APLICADO_P1L3,EDIFICIO_2,P4,E2-P4-V-058,SOL2_4_beam_0442,2.9606,18.4358,,,,,,,,,
SURFACE,TRIBUTARY_AREA,APLICADO_P1L3,EDIFICIO_2,P4,E2-P4-V-079,SOL2_4_beam_0443,0.9869,6.1453,,,,,,,,,
SURFACE,TRIBUTARY_AREA,APLICADO_P1L3,EDIFICIO_2,P4,E2-P4-V-074,SOL2_4_beam_0444,1.4803,9.2179,,,,,,,,,
SURFACE,TRIBUTARY_AREA,APLICADO_P1L3,EDIFICIO_2,P4,E2-P4-V-083,SOL2_4_beam_0445,0.9869,6.1453,,,,,,,,,
SURFACE,TRIBUTARY_AREA,APLICADO_P1L3,EDIFICIO_2,P4,E2-P4-V-078,SOL2_4_beam_0446,1.727,10.7542,,,,,,,,,
SURFACE,TRIBUTARY_AREA,APLICADO_P1L3,EDIFICIO_2,P4,E2-P4-V-073,SOL2_4_beam_0447,1.727,10.7542,,,,,,,,,
SURFACE,TRIBUTARY_AREA,APLICADO_P1L3,EDIFICIO_2,P4,E2-P4-V-082,SOL2_4_beam_0448,0.7402,4.609,,,,,,,,,
SURFACE,TRIBUTARY_AREA,APLICADO_P1L3,EDIFICIO_2,P4,E2-P4-V-116,SOL2_4_beam_0449,0.4934,3.0726,,,,,,,,,
SURFACE,TRIBUTARY_AREA,APLICADO_P1L3,EDIFICIO_2,P4,E2-P4-V-110,SOL2_4_beam_0450,2.4672,15.3632,,,,,,,,,
SURFACE,TRIBUTARY_AREA,APLICADO_P1L3,EDIFICIO_2,P4,E2-P4-V-120,SOL2_4_beam_0451,1.4803,9.2179,,,,,,,,,
SURFACE,TRIBUTARY_AREA,APLICADO_P1L3,EDIFICIO_2,P4,E2-P4-V-115,SOL2_4_beam_0452,0.9869,6.1453,,,,,,,,,
SURFACE,TRIBUTARY_AREA,APLICADO_P1L3,EDIFICIO_2,P4,E2-P4-V-109,SOL2_4_beam_0453,4.6877,29.1901,,,,,,,,,
SURFACE,TRIBUTARY_AREA,APLICADO_P1L3,EDIFICIO_2,P4,E2-P4-V-119,SOL2_4_beam_0454,1.4803,9.2179,,,,,,,,,
SURFACE,TRIBUTARY_AREA,APLICADO_P1L3,EDIFICIO_2,P4,E2-P4-V-015,SOL2_4_beam_0455,2.9606,18.4358,,,,,,,,,
SURFACE,TRIBUTARY_AREA,APLICADO_P1L3,EDIFICIO_2,P4,E2-P4-V-014,SOL2_4_beam_0456,0.0,0.0,,,,,,,,,
SURFACE,TRIBUTARY_AREA,APLICADO_P1L3,EDIFICIO_2,P4,E2-P4-V-008,SOL2_4_beam_0457,0.9869,6.1453,,,,,,,,,
SURFACE,TRIBUTARY_AREA,APLICADO_P1L3,EDIFICIO_2,P4,E2-P4-V-007,SOL2_4_beam_0458,0.7402,4.609,,,,,,,,,
SURFACE,TRIBUTARY_AREA,APLICADO_P1L3,EDIFICIO_2,P4,E2-P4-V-012,SOL2_4_beam_0459,2.2205,13.8269,,,,,,,,,
SURFACE,TRIBUTARY_AREA,APLICADO_P1L3,EDIFICIO_2,P4,E2-P4-V-013,SOL2_4_beam_0460,4.4409,27.6537,,,,,,,,,
SURFACE,TRIBUTARY_AREA,APLICADO_P1L3,EDIFICIO_2,P4,E2-P4-V-011,SOL2_4_beam_0461,2.9606,18.4358,,,,,,,,,
SURFACE,TRIBUTARY_AREA,APLICADO_P1L3,EDIFICIO_2,P4,E2-P4-V-005,SOL2_4_beam_0462,0.4934,3.0726,,,,,,,,,
SURFACE,TRIBUTARY_AREA,APLICADO_P1L3,EDIFICIO_2,P4,E2-P4-V-006,SOL2_4_beam_0463,1.727,10.7542,,,,,,,,,
SURFACE,TRIBUTARY_AREA,APLICADO_P1L3,EDIFICIO_2,P4,E2-P4-V-004,SOL2_4_beam_0464,1.4803,9.2179,,,,,,,,,
SURFACE,TRIBUTARY_AREA,APLICADO_P1L3,EDIFICIO_2,P4,E2-P4-V-009,SOL2_4_beam_0465,2.9606,18.4358,,,,,,,,,
SURFACE,TRIBUTARY_AREA,APLICADO_P1L3,EDIFICIO_2,P4,E2-P4-V-010,SOL2_4_beam_0466,0.2467,1.5363,,,,,,,,,
SURFACE,TRIBUTARY_AREA,APLICADO_P1L3,EDIFICIO_2,P4,E2-P4-V-002,SOL2_4_beam_0467,0.2467,1.5363,,,,,,,,,
SURFACE,TRIBUTARY_AREA,APLICADO_P1L3,EDIFICIO_2,P4,E2-P4-V-003,SOL2_4_beam_0468,0.4934,3.0726,,,,,,,,,
SURFACE,TRIBUTARY_AREA,APLICADO_P1L3,EDIFICIO_2,P4,E2-P4-V-001,SOL2_4_beam_0469,0.9869,6.1453,,,,,,,,,
SURFACE,TRIBUTARY_AREA,APLICADO_P1L3,EDIFICIO_2,P4,E2-P4-V-022,SOL2_4_beam_0470,2.9606,18.4358,,,,,,,,,
SURFACE,TRIBUTARY_AREA,APLICADO_P1L3,EDIFICIO_2,P4,E2-P4-V-021,SOL2_4_beam_0471,2.2205,13.8269,,,,,,,,,
SURFACE,TRIBUTARY_AREA,APLICADO_P1L3,EDIFICIO_2,P4,E2-P4-V-020,SOL2_4_beam_0472,2.2205,13.8269,,,,,,,,,
SURFACE,TRIBUTARY_AREA,APLICADO_P1L3,EDIFICIO_2,P4,E2-P4-V-019,SOL2_4_beam_0473,2.9606,18.4358,,,,,,,,,
SURFACE,TRIBUTARY_AREA,APLICADO_P1L3,EDIFICIO_2,P4,E2-P4-V-055,SOL2_4_beam_0474,2.9606,18.4358,,,,,,,,,
SURFACE,TRIBUTARY_AREA,APLICADO_P1L3,EDIFICIO_2,P4,E2-P4-V-054,SOL2_4_beam_0475,2.4672,15.3632,,,,,,,,,
SURFACE,TRIBUTARY_AREA,APLICADO_P1L3,EDIFICIO_2,P4,E2-P4-V-053,SOL2_4_beam_0476,2.2205,13.8269,,,,,,,,,
SURFACE,TRIBUTARY_AREA,APLICADO_P1L3,EDIFICIO_2,P4,E2-P4-V-052,SOL2_4_beam_0477,2.9606,18.4358,,,,,,,,,
SURFACE,TRIBUTARY_AREA,APLICADO_P1L3,EDIFICIO_2,P4,E2-P4-V-028,SOL2_4_beam_0478,4.9344,30.7264,,,,,,,,,
SURFACE,TRIBUTARY_AREA,APLICADO_P1L3,EDIFICIO_2,P4,E2-P4-V-038,SOL2_4_beam_0479,5.1811,32.2627,,,,,,,,,
SURFACE,TRIBUTARY_AREA,APLICADO_P1L3,EDIFICIO_2,P4,E2-P4-V-033,SOL2_4_beam_0480,1.2336,7.6816,,,,,,,,,
SURFACE,TRIBUTARY_AREA,APLICADO_P1L3,EDIFICIO_2,P4,E2-P4-V-032,SOL2_4_beam_0481,2.9606,18.4358,,,,,,,,,
SURFACE,TRIBUTARY_AREA,APLICADO_P1L3,EDIFICIO_2,P4,E2-P4-V-034,SOL2_4_beam_0482,0.2467,1.5363,,,,,,,,,
SURFACE,TRIBUTARY_AREA,APLICADO_P1L3,EDIFICIO_2,P4,E2-P4-V-043,SOL2_4_beam_0483,1.2336,7.6816,,,,,,,,,
SURFACE,TRIBUTARY_AREA,APLICADO_P1L3,EDIFICIO_2,P4,E2-P4-V-042,SOL2_4_beam_0484,0.7402,4.609,,,,,,,,,
SURFACE,TRIBUTARY_AREA,APLICADO_P1L3,EDIFICIO_2,P4,E2-P4-V-044,SOL2_4_beam_0485,0.2467,1.5363,,,,,,,,,
SURFACE,TRIBUTARY_AREA,APLICADO_P1L3,EDIFICIO_2,P4,E2-P4-V-036,SOL2_4_beam_0486,1.727,10.7542,,,,,,,,,
SURFACE,TRIBUTARY_AREA,APLICADO_P1L3,EDIFICIO_2,P4,E2-P4-V-035,SOL2_4_beam_0487,2.4672,15.3632,,,,,,,,,
SURFACE,TRIBUTARY_AREA,APLICADO_P1L3,EDIFICIO_2,P4,E2-P4-V-037,SOL2_4_beam_0488,0.7402,4.609,,,,,,,,,
SURFACE,TRIBUTARY_AREA,APLICADO_P1L3,EDIFICIO_2,P4,E2-P4-V-046,SOL2_4_beam_0489,1.727,10.7542,,,,,,,,,
SURFACE,TRIBUTARY_AREA,APLICADO_P1L3,EDIFICIO_2,P4,E2-P4-V-045,SOL2_4_beam_0490,2.4672,15.3632,,,,,,,,,
SURFACE,TRIBUTARY_AREA,APLICADO_P1L3,EDIFICIO_2,P4,E2-P4-V-047,SOL2_4_beam_0491,0.7402,4.609,,,,,,,,,
SURFACE,TRIBUTARY_AREA,APLICADO_P1L3,EDIFICIO_2,P4,E2-P4-V-030,SOL2_4_beam_0492,1.9738,12.2905,,,,,,,,,
SURFACE,TRIBUTARY_AREA,APLICADO_P1L3,EDIFICIO_2,P4,E2-P4-V-029,SOL2_4_beam_0493,3.4541,21.5085,,,,,,,,,
SURFACE,TRIBUTARY_AREA,APLICADO_P1L3,EDIFICIO_2,P4,E2-P4-V-031,SOL2_4_beam_0494,1.9738,12.2905,,,,,,,,,
SURFACE,TRIBUTARY_AREA,APLICADO_P1L3,EDIFICIO_2,P4,E2-P4-V-040,SOL2_4_beam_0495,1.727,10.7542,,,,,,,,,
SURFACE,TRIBUTARY_AREA,APLICADO_P1L3,EDIFICIO_2,P4,E2-P4-V-039,SOL2_4_beam_0496,3.4541,21.5085,,,,,,,,,
SURFACE,TRIBUTARY_AREA,APLICADO_P1L3,EDIFICIO_2,P4,E2-P4-V-041,SOL2_4_beam_0497,0.7402,4.609,,,,,,,,,
SURFACE,TRIBUTARY_AREA,APLICADO_P1L3,EDIFICIO_2,P4,E2-P4-V-071,SOL2_4_beam_0498,7.1548,44.5532,,,,,,,,,
SURFACE,TRIBUTARY_AREA,APLICADO_P1L3,EDIFICIO_2,P4,E2-P4-V-067,SOL2_4_beam_0499,3.7008,23.0448,,,,,,,,,
SURFACE,TRIBUTARY_AREA,APLICADO_P1L3,EDIFICIO_2,P4,E2-P4-V-069,SOL2_4_beam_0500,7.4016,46.0896,,,,,,,,,
SURFACE,TRIBUTARY_AREA,APLICADO_P1L3,EDIFICIO_2,P4,E2-P4-V-065,SOL2_4_beam_0501,4.4409,27.6537,,,,,,,,,
SURFACE,TRIBUTARY_AREA,APLICADO_P1L3,EDIFICIO_2,P4,E2-P4-V-070,SOL2_4_beam_0502,4.1942,26.1174,,,,,,,,,
SURFACE,TRIBUTARY_AREA,APLICADO_P1L3,EDIFICIO_2,P4,E2-P4-V-066,SOL2_4_beam_0503,1.9738,12.2905,,,,,,,,,
SURFACE,TRIBUTARY_AREA,APLICADO_P1L3,EDIFICIO_2,P4,E2-P4-V-068,SOL2_4_beam_0504,7.1548,44.5532,,,,,,,,,
SURFACE,TRIBUTARY_AREA,APLICADO_P1L3,EDIFICIO_2,P4,E2-P4-V-064,SOL2_4_beam_0505,3.7008,23.0448,,,,,,,,,
SURFACE,TRIBUTARY_AREA,APLICADO_P1L3,EDIFICIO_2,P4,E2-P4-V-025,SOL2_4_beam_0506,2.2205,13.8269,,,,,,,,,
SURFACE,TRIBUTARY_AREA,APLICADO_P1L3,EDIFICIO_2,P4,E2-P4-V-017,SOL2_4_beam_0507,3.2073,19.9721,,,,,,,,,
SURFACE,TRIBUTARY_AREA,APLICADO_P1L3,EDIFICIO_2,P4,E2-P4-V-024,SOL2_4_beam_0508,3.2073,19.9721,,,,,,,,,
SURFACE,TRIBUTARY_AREA,APLICADO_P1L3,EDIFICIO_2,P4,E2-P4-V-023,SOL2_4_beam_0509,1.2336,7.6816,,,,,,,,,
SURFACE,TRIBUTARY_AREA,APLICADO_P1L3,EDIFICIO_2,P4,E2-P4-V-027,SOL2_4_beam_0510,0.9869,6.1453,,,,,,,,,
SURFACE,TRIBUTARY_AREA,APLICADO_P1L3,EDIFICIO_2,P4,E2-P4-V-018,SOL2_4_beam_0511,1.727,10.7542,,,,,,,,,
SURFACE,TRIBUTARY_AREA,APLICADO_P1L3,EDIFICIO_2,P4,E2-P4-V-026,SOL2_4_beam_0512,1.4803,9.2179,,,,,,,,,
SURFACE,TRIBUTARY_AREA,APLICADO_P1L3,EDIFICIO_2,P4,E2-P4-V-016,SOL2_4_beam_0513,2.9606,18.4358,,,,,,,,,
SURFACE,TRIBUTARY_AREA,APLICADO_P1L3,EDIFICIO_2,P4,E2-P4-V-051,SOL2_4_beam_0514,0.9869,6.1453,,,,,,,,,
SURFACE,TRIBUTARY_AREA,APLICADO_P1L3,EDIFICIO_2,P4,E2-P4-V-050,SOL2_4_beam_0515,0.4934,3.0726,,,,,,,,,
SURFACE,TRIBUTARY_AREA,APLICADO_P1L3,EDIFICIO_2,S1,E2-S1-V-030,SOL2_1S_beam_0001,4.4409,27.6537,,,,,,,,,
SURFACE,TRIBUTARY_AREA,APLICADO_P1L3,EDIFICIO_2,S1,E2-S1-V-029,SOL2_1S_beam_0002,3.9475,24.5811,,,,,,,,,
SURFACE,TRIBUTARY_AREA,APLICADO_P1L3,EDIFICIO_2,S1,E2-S1-V-056,SOL2_1S_beam_0003,4.4409,27.6537,,,,,,,,,
SURFACE,TRIBUTARY_AREA,APLICADO_P1L3,EDIFICIO_2,S1,E2-S1-V-055,SOL2_1S_beam_0004,7.4016,46.0896,,,,,,,,,
SURFACE,TRIBUTARY_AREA,APLICADO_P1L3,EDIFICIO_2,S1,E2-S1-V-078,SOL2_1S_beam_0005,5.4278,33.799,,,,,,,,,
SURFACE,TRIBUTARY_AREA,APLICADO_P1L3,EDIFICIO_2,S1,E2-S1-V-077,SOL2_1S_beam_0006,7.4016,46.0896,,,,,,,,,
SURFACE,TRIBUTARY_AREA,APLICADO_P1L3,EDIFICIO_2,S1,E2-S1-V-072,SOL2_1S_beam_0007,11.1024,69.1343,,,,,,,,,
SURFACE,TRIBUTARY_AREA,APLICADO_P1L3,EDIFICIO_2,S1,E2-S1-V-070,SOL2_1S_beam_0008,11.1024,69.1343,,,,,,,,,
SURFACE,TRIBUTARY_AREA,APLICADO_P1L3,EDIFICIO_2,S1,E2-S1-V-076,SOL2_1S_beam_0009,7.4016,46.0896,,,,,,,,,
SURFACE,TRIBUTARY_AREA,APLICADO_P1L3,EDIFICIO_2,S1,E2-S1-V-075,SOL2_1S_beam_0010,5.6745,35.3353,,,,,,,,,
SURFACE,TRIBUTARY_AREA,APLICADO_P1L3,EDIFICIO_2,S1,E2-S1-V-059,SOL2_1S_beam_0011,0.9869,6.1453,,,,,,,,,
SURFACE,TRIBUTARY_AREA,APLICADO_P1L3,EDIFICIO_2,S1,E2-S1-V-061,SOL2_1S_beam_0012,16.2834,101.397,,,,,,,,,
SURFACE,TRIBUTARY_AREA,APLICADO_P1L3,EDIFICIO_2,S1,E2-S1-V-057,SOL2_1S_beam_0013,16.0367,99.8607,,,,,,,,,
SURFACE,TRIBUTARY_AREA,APLICADO_P1L3,EDIFICIO_2,S1,E2-S1-V-082,SOL2_1S_beam_0014,0.4934,3.0726,,,,,,,,,
SURFACE,TRIBUTARY_AREA,APLICADO_P1L3,EDIFICIO_2,S1,E2-S1-V-083,SOL2_1S_beam_0015,19.9842,124.4418,,,,,,,,,
SURFACE,TRIBUTARY_AREA,APLICADO_P1L3,EDIFICIO_2,S1,E2-S1-V-080,SOL2_1S_beam_0016,15.2966,95.2518,,,,,,,,,
SURFACE,TRIBUTARY_AREA,APLICADO_P1L3,EDIFICIO_2,S1,E2-S1-V-081,SOL2_1S_beam_0017,11.1024,69.1343,,,,,,,,,
SURFACE,TRIBUTARY_AREA,APLICADO_P1L3,EDIFICIO_2,S1,E2-S1-V-084,SOL2_1S_beam_0018,12.5827,78.3523,,,,,,,,,
SURFACE,TRIBUTARY_AREA,APLICADO_P1L3,EDIFICIO_2,S1,E2-S1-V-088,SOL2_1S_beam_0019,13.5695,84.4975,,,,,,,,,
SURFACE,TRIBUTARY_AREA,APLICADO_P1L3,EDIFICIO_2,S1,E2-S1-V-087,SOL2_1S_beam_0020,13.3228,82.9612,,,,,,,,,
SURFACE,TRIBUTARY_AREA,APLICADO_P1L3,EDIFICIO_2,S1,E2-S1-V-090,SOL2_1S_beam_0021,4.9344,30.7264,,,,,,,,,
SURFACE,TRIBUTARY_AREA,APLICADO_P1L3,EDIFICIO_2,S1,E2-S1-V-089,SOL2_1S_beam_0022,14.5564,90.6428,,,,,,,,,
SURFACE,TRIBUTARY_AREA,APLICADO_P1L3,EDIFICIO_2,S1,E2-S1-V-071,SOL2_1S_beam_0023,16.0367,99.8607,,,,,,,,,
SURFACE,TRIBUTARY_AREA,APLICADO_P1L3,EDIFICIO_2,S1,E2-S1-V-069,SOL2_1S_beam_0024,16.0367,99.8607,,,,,,,,,
SURFACE,TRIBUTARY_AREA,APLICADO_P1L3,EDIFICIO_2,S1,E2-S1-V-074,SOL2_1S_beam_0025,7.1548,44.5532,,,,,,,,,
SURFACE,TRIBUTARY_AREA,APLICADO_P1L3,EDIFICIO_2,S1,E2-S1-V-073,SOL2_1S_beam_0026,4.9344,30.7264,,,,,,,,,
SURFACE,TRIBUTARY_AREA,APLICADO_P1L3,EDIFICIO_2,S1,E2-S1-V-079,SOL2_1S_beam_0027,0.2467,1.5363,,,,,,,,,
SURFACE,TRIBUTARY_AREA,APLICADO_P1L3,EDIFICIO_2,S1,E2-S1-V-086,SOL2_1S_beam_0028,15.5433,96.7881,,,,,,,,,
SURFACE,TRIBUTARY_AREA,APLICADO_P1L3,EDIFICIO_2,S1,E2-S1-V-085,SOL2_1S_beam_0029,4.9344,30.7264,,,,,,,,,
SURFACE,TRIBUTARY_AREA,APLICADO_P1L3,EDIFICIO_2,S1,E2-S1-V-063,SOL2_1S_beam_0030,4.4409,27.6537,,,,,,,,,
SURFACE,TRIBUTARY_AREA,APLICADO_P1L3,EDIFICIO_2,S1,E2-S1-V-064,SOL2_1S_beam_0031,7.1548,44.5532,,,,,,,,,
SURFACE,TRIBUTARY_AREA,APLICADO_P1L3,EDIFICIO_2,S1,E2-S1-V-051,SOL2_1S_beam_0032,4.4409,27.6537,,,,,,,,,
SURFACE,TRIBUTARY_AREA,APLICADO_P1L3,EDIFICIO_2,S1,E2-S1-V-052,SOL2_1S_beam_0033,7.4016,46.0896,,,,,,,,,
SURFACE,TRIBUTARY_AREA,APLICADO_P1L3,EDIFICIO_2,S1,E2-S1-V-054,SOL2_1S_beam_0034,7.1548,44.5532,,,,,,,,,
SURFACE,TRIBUTARY_AREA,APLICADO_P1L3,EDIFICIO_2,S1,E2-S1-V-053,SOL2_1S_beam_0035,4.9344,30.7264,,,,,,,,,
SURFACE,TRIBUTARY_AREA,APLICADO_P1L3,EDIFICIO_2,S1,E2-S1-V-066,SOL2_1S_beam_0036,7.4016,46.0896,,,,,,,,,
SURFACE,TRIBUTARY_AREA,APLICADO_P1L3,EDIFICIO_2,S1,E2-S1-V-065,SOL2_1S_beam_0037,4.9344,30.7264,,,,,,,,,
SURFACE,TRIBUTARY_AREA,APLICADO_P1L3,EDIFICIO_2,S1,E2-S1-V-060,SOL2_1S_beam_0038,0.9869,6.1453,,,,,,,,,
SURFACE,TRIBUTARY_AREA,APLICADO_P1L3,EDIFICIO_2,S1,E2-S1-V-058,SOL2_1S_beam_0039,11.3491,70.6707,,,,,,,,,
SURFACE,TRIBUTARY_AREA,APLICADO_P1L3,EDIFICIO_2,S1,E2-S1-V-062,SOL2_1S_beam_0040,11.1024,69.1343,,,,,,,,,
SURFACE,TRIBUTARY_AREA,APLICADO_P1L3,EDIFICIO_2,S1,E2-S1-V-040,SOL2_1S_beam_0041,7.4016,46.0896,,,,,,,,,
SURFACE,TRIBUTARY_AREA,APLICADO_P1L3,EDIFICIO_2,S1,E2-S1-V-036,SOL2_1S_beam_0042,3.7008,23.0448,,,,,,,,,
SURFACE,TRIBUTARY_AREA,APLICADO_P1L3,EDIFICIO_2,S1,E2-S1-V-044,SOL2_1S_beam_0043,4.1942,26.1174,,,,,,,,,
SURFACE,TRIBUTARY_AREA,APLICADO_P1L3,EDIFICIO_2,S1,E2-S1-V-043,SOL2_1S_beam_0044,2.9606,18.4358,,,,,,,,,
SURFACE,TRIBUTARY_AREA,APLICADO_P1L3,EDIFICIO_2,S1,E2-S1-V-038,SOL2_1S_beam_0045,7.4016,46.0896,,,,,,,,,
SURFACE,TRIBUTARY_AREA,APLICADO_P1L3,EDIFICIO_2,S1,E2-S1-V-034,SOL2_1S_beam_0046,4.4409,27.6537,,,,,,,,,
SURFACE,TRIBUTARY_AREA,APLICADO_P1L3,EDIFICIO_2,S1,E2-S1-V-042,SOL2_1S_beam_0047,4.1942,26.1174,,,,,,,,,
SURFACE,TRIBUTARY_AREA,APLICADO_P1L3,EDIFICIO_2,S1,E2-S1-V-041,SOL2_1S_beam_0048,3.9475,24.5811,,,,,,,,,
SURFACE,TRIBUTARY_AREA,APLICADO_P1L3,EDIFICIO_2,S1,E2-S1-V-023,SOL2_1S_beam_0049,3.9475,24.5811,,,,,,,,,
SURFACE,TRIBUTARY_AREA,APLICADO_P1L3,EDIFICIO_2,S1,E2-S1-V-024,SOL2_1S_beam_0050,3.9475,24.5811,,,,,,,,,
SURFACE,TRIBUTARY_AREA,APLICADO_P1L3,EDIFICIO_2,S1,E2-S1-V-015,SOL2_1S_beam_0051,5.1811,32.2627,,,,,,,,,
SURFACE,TRIBUTARY_AREA,APLICADO_P1L3,EDIFICIO_2,S1,E2-S1-V-019,SOL2_1S_beam_0052,4.9344,30.7264,,,,,,,,,
SURFACE,TRIBUTARY_AREA,APLICADO_P1L3,EDIFICIO_2,S1,E2-S1-V-032,SOL2_1S_beam_0053,3.7008,23.0448,,,,,,,,,
SURFACE,TRIBUTARY_AREA,APLICADO_P1L3,EDIFICIO_2,S1,E2-S1-V-031,SOL2_1S_beam_0054,2.9606,18.4358,,,,,,,,,
SURFACE,TRIBUTARY_AREA,APLICADO_P1L3,EDIFICIO_2,S1,E2-S1-V-017,SOL2_1S_beam_0055,4.4409,27.6537,,,,,,,,,
SURFACE,TRIBUTARY_AREA,APLICADO_P1L3,EDIFICIO_2,S1,E2-S1-V-021,SOL2_1S_beam_0056,2.2205,13.8269,,,,,,,,,
SURFACE,TRIBUTARY_AREA,APLICADO_P1L3,EDIFICIO_2,S1,E2-S1-V-046,SOL2_1S_beam_0057,3.4541,21.5085,,,,,,,,,
SURFACE,TRIBUTARY_AREA,APLICADO_P1L3,EDIFICIO_2,S1,E2-S1-V-045,SOL2_1S_beam_0058,3.9475,24.5811,,,,,,,,,
SURFACE,TRIBUTARY_AREA,APLICADO_P1L3,EDIFICIO_2,S1,E2-S1-V-047,SOL2_1S_beam_0059,13.8163,86.0339,,,,,,,,,
SURFACE,TRIBUTARY_AREA,APLICADO_P1L3,EDIFICIO_2,S1,E2-S1-V-049,SOL2_1S_beam_0060,16.0367,99.8607,,,,,,,,,
SURFACE,TRIBUTARY_AREA,APLICADO_P1L3,EDIFICIO_2,S1,E2-S1-V-048,SOL2_1S_beam_0061,9.8688,61.4528,,,,,,,,,
SURFACE,TRIBUTARY_AREA,APLICADO_P1L3,EDIFICIO_2,S1,E2-S1-V-050,SOL2_1S_beam_0062,11.1024,69.1343,,,,,,,,,
SURFACE,TRIBUTARY_AREA,APLICADO_P1L3,EDIFICIO_2,S1,E2-S1-V-068,SOL2_1S_beam_0063,4.4409,27.6537,,,,,,,,,
SURFACE,TRIBUTARY_AREA,APLICADO_P1L3,EDIFICIO_2,S1,E2-S1-V-067,SOL2_1S_beam_0064,7.4016,46.0896,,,,,,,,,
SURFACE,TRIBUTARY_AREA,APLICADO_P1L3,EDIFICIO_2,S1,E2-S1-V-006,SOL2_1S_beam_0065,3.2073,19.9721,,,,,,,,,
SURFACE,TRIBUTARY_AREA,APLICADO_P1L3,EDIFICIO_2,S1,E2-S1-V-003,SOL2_1S_beam_0066,1.727,10.7542,,,,,,,,,
SURFACE,TRIBUTARY_AREA,APLICADO_P1L3,EDIFICIO_2,S1,E2-S1-V-005,SOL2_1S_beam_0067,9.622,59.9164,,,,,,,,,
SURFACE,TRIBUTARY_AREA,APLICADO_P1L3,EDIFICIO_2,S1,E2-S1-V-002,SOL2_1S_beam_0068,3.7008,23.0448,,,,,,,,,
SURFACE,TRIBUTARY_AREA,APLICADO_P1L3,EDIFICIO_2,S1,E2-S1-V-004,SOL2_1S_beam_0069,3.2073,19.9721,,,,,,,,,
SURFACE,TRIBUTARY_AREA,APLICADO_P1L3,EDIFICIO_2,S1,E2-S1-V-001,SOL2_1S_beam_0070,1.727,10.7542,,,,,,,,,
SURFACE,TRIBUTARY_AREA,APLICADO_P1L3,EDIFICIO_2,S1,E2-S1-V-011,SOL2_1S_beam_0071,2.9606,18.4358,,,,,,,,,
SURFACE,TRIBUTARY_AREA,APLICADO_P1L3,EDIFICIO_2,S1,E2-S1-V-010,SOL2_1S_beam_0072,2.2205,13.8269,,,,,,,,,
SURFACE,TRIBUTARY_AREA,APLICADO_P1L3,EDIFICIO_2,S1,E2-S1-V-018,SOL2_1S_beam_0073,5.1811,32.2627,,,,,,,,,
SURFACE,TRIBUTARY_AREA,APLICADO_P1L3,EDIFICIO_2,S1,E2-S1-V-022,SOL2_1S_beam_0074,4.9344,30.7264,,,,,,,,,
SURFACE,TRIBUTARY_AREA,APLICADO_P1L3,EDIFICIO_2,S1,E2-S1-V-028,SOL2_1S_beam_0075,2.9606,18.4358,,,,,,,,,
SURFACE,TRIBUTARY_AREA,APLICADO_P1L3,EDIFICIO_2,S1,E2-S1-V-027,SOL2_1S_beam_0076,2.4672,15.3632,,,,,,,,,
SURFACE,TRIBUTARY_AREA,APLICADO_P1L3,EDIFICIO_2,S1,E2-S1-V-039,SOL2_1S_beam_0077,4.1942,26.1174,,,,,,,,,
SURFACE,TRIBUTARY_AREA,APLICADO_P1L3,EDIFICIO_2,S1,E2-S1-V-035,SOL2_1S_beam_0078,1.9738,12.2906,,,,,,,,,
SURFACE,TRIBUTARY_AREA,APLICADO_P1L3,EDIFICIO_2,S1,E2-S1-V-009,SOL2_1S_beam_0079,2.2205,13.8269,,,,,,,,,
SURFACE,TRIBUTARY_AREA,APLICADO_P1L3,EDIFICIO_2,S1,E2-S1-V-008,SOL2_1S_beam_0080,2.9606,18.4358,,,,,,,,,
SURFACE,TRIBUTARY_AREA,APLICADO_P1L3,EDIFICIO_2,S1,E2-S1-V-026,SOL2_1S_beam_0081,2.2205,13.8269,,,,,,,,,
SURFACE,TRIBUTARY_AREA,APLICADO_P1L3,EDIFICIO_2,S1,E2-S1-V-025,SOL2_1S_beam_0082,2.9606,18.4358,,,,,,,,,
SURFACE,TRIBUTARY_AREA,APLICADO_P1L3,EDIFICIO_2,S1,E2-S1-V-016,SOL2_1S_beam_0083,7.4016,46.0896,,,,,,,,,
SURFACE,TRIBUTARY_AREA,APLICADO_P1L3,EDIFICIO_2,S1,E2-S1-V-020,SOL2_1S_beam_0084,5.9213,36.8717,,,,,,,,,
SURFACE,TRIBUTARY_AREA,APLICADO_P1L3,EDIFICIO_2,S1,E2-S1-V-037,SOL2_1S_beam_0085,7.1548,44.5532,,,,,,,,,
SURFACE,TRIBUTARY_AREA,APLICADO_P1L3,EDIFICIO_2,S1,E2-S1-V-033,SOL2_1S_beam_0086,3.7008,23.0448,,,,,,,,,
SURFACE,TRIBUTARY_AREA,APLICADO_P1L3,EDIFICIO_2,S1,E2-S1-V-014,SOL2_1S_beam_0087,2.2205,13.8269,,,,,,,,,
SURFACE,TRIBUTARY_AREA,APLICADO_P1L3,EDIFICIO_2,S1,E2-S1-V-012,SOL2_1S_beam_0088,5.9213,36.8717,,,,,,,,,
SURFACE,TRIBUTARY_AREA,APLICADO_P1L3,EDIFICIO_2,S1,E2-S1-V-013,SOL2_1S_beam_0089,2.2205,13.8269,,,,,,,,,
SURFACE,TRIBUTARY_AREA,APLICADO_P1L3,EDIFICIO_2,S1,E2-S1-V-007,SOL2_1S_beam_0090,5.9213,36.8717,,,,,,,,,
POINT,TRIBUTARY_POINT_AREA,APLICADO_P1L3,EDIFICIO_1,P1,,SOL_1_wall_0061,21.3757,133.1066,wall,E1-P1-M-010,,,,,,,
POINT,TRIBUTARY_POINT_AREA,APLICADO_P1L3,EDIFICIO_1,P1,,SOL_1_wall_0062,2.9827,18.573,wall,E1-P1-M-009,,,,,,,
POINT,TRIBUTARY_POINT_AREA,APLICADO_P1L3,EDIFICIO_1,P1,,SOL_1_wall_0063,5.9653,37.146,wall,E1-P1-M-005,,,,,,,
POINT,TRIBUTARY_POINT_AREA,APLICADO_P1L3,EDIFICIO_1,P1,,SOL_1_wall_0064,8.4509,52.6235,wall,E1-P1-M-006,,,,,,,
POINT,TRIBUTARY_POINT_AREA,APLICADO_P1L3,EDIFICIO_1,P1,,SOL_1_wall_0065,7.4566,46.4325,wall,E1-P1-M-007,,,,,,,
POINT,TRIBUTARY_POINT_AREA,APLICADO_P1L3,EDIFICIO_1,P1,,SOL_1_wall_0066,12.9249,80.4831,wall,E1-P1-M-012,,,,,,,
POINT,TRIBUTARY_POINT_AREA,APLICADO_P1L3,EDIFICIO_1,P1,,SOL_1_wall_0067,5.2197,32.5028,wall,E1-P1-M-013,,,,,,,
POINT,TRIBUTARY_POINT_AREA,APLICADO_P1L3,EDIFICIO_1,P1,,SOL_1_wall_0068,14.9133,92.8651,wall,E1-P1-M-014,,,,,,,
POINT,TRIBUTARY_POINT_AREA,APLICADO_P1L3,EDIFICIO_1,P1,,SOL_1_wall_0069,7.4566,46.4325,wall,E1-P1-M-008,,,,,,,
POINT,TRIBUTARY_POINT_AREA,APLICADO_P1L3,EDIFICIO_1,P1,,SOL_1_wall_0070,7.4566,46.4325,wall,E1-P1-M-011,,,,,,,
POINT,TRIBUTARY_POINT_AREA,APLICADO_P1L3,EDIFICIO_1,P1,,SOL_1_wall_0071,30.8208,191.9212,wall,E1-P1-M-004,,,,,,,
POINT,TRIBUTARY_POINT_AREA,APLICADO_P1L3,EDIFICIO_1,P1,,SOL_1_wall_0072,7.7052,47.9803,wall,E1-P1-M-003,,,,,,,
POINT,TRIBUTARY_POINT_AREA,APLICADO_P1L3,EDIFICIO_1,P1,,SOL_1_wall_0073,0.0,0.0,wall,E1-P1-M-001,,,,,,,
POINT,TRIBUTARY_POINT_AREA,APLICADO_P1L3,EDIFICIO_1,P1,,SOL_1_wall_0074,12.9249,80.4831,wall,E1-P1-M-002,,,,,,,
POINT,TRIBUTARY_POINT_AREA,APLICADO_P1L3,EDIFICIO_1,P1,,SOL_1_wall_0075,30.3237,188.8257,wall,E1-P1-M-025,,,,,,,
POINT,TRIBUTARY_POINT_AREA,APLICADO_P1L3,EDIFICIO_1,P1,,SOL_1_wall_0076,33.0578,205.8509,wall,E1-P1-M-026,,,,,,,
POINT,TRIBUTARY_POINT_AREA,APLICADO_P1L3,EDIFICIO_1,P1,,SOL_1_wall_0077,36.289,225.9717,wall,E1-P1-M-027,,,,,,,
POINT,TRIBUTARY_POINT_AREA,APLICADO_P1L3,EDIFICIO_1,P1,,SOL_1_wall_0078,25.6012,159.4184,wall,E1-P1-M-028,,,,,,,
POINT,TRIBUTARY_POINT_AREA,APLICADO_P1L3,EDIFICIO_1,P1,,SOL_1_wall_0079,21.8728,136.2021,wall,E1-P1-M-029,,,,,,,
POINT,TRIBUTARY_POINT_AREA,APLICADO_P1L3,EDIFICIO_1,P1,,SOL_1_wall_0080,55.9249,348.2441,wall,E1-P1-M-030,,,,,,,
POINT,TRIBUTARY_POINT_AREA,APLICADO_P1L3,EDIFICIO_1,P1,,SOL_1_wall_0081,38.2775,238.3537,wall,E1-P1-M-015,,,,,,,
POINT,TRIBUTARY_POINT_AREA,APLICADO_P1L3,EDIFICIO_1,P1,,SOL_1_wall_0082,2.237,13.9298,wall,E1-P1-M-032,,,,,,,
POINT,TRIBUTARY_POINT_AREA,APLICADO_P1L3,EDIFICIO_1,P1,,SOL_1_wall_0083,34.3006,213.5897,wall,E1-P1-M-016,,,,,,,
POINT,TRIBUTARY_POINT_AREA,APLICADO_P1L3,EDIFICIO_1,P1,,SOL_1_wall_0084,8.948,55.7191,wall,E1-P1-M-033,,,,,,,
POINT,TRIBUTARY_POINT_AREA,APLICADO_P1L3,EDIFICIO_1,P1,,SOL_1_wall_0085,2.7341,17.0253,wall,E1-P1-M-034,,,,,,,
POINT,TRIBUTARY_POINT_AREA,APLICADO_P1L3,EDIFICIO_1,P1,,SOL_1_wall_0086,1.4913,9.2865,wall,E1-P1-M-036,,,,,,,
POINT,TRIBUTARY_POINT_AREA,APLICADO_P1L3,EDIFICIO_1,P1,,SOL_1_wall_0087,2.237,13.9298,wall,E1-P1-M-035,,,,,,,
POINT,TRIBUTARY_POINT_AREA,APLICADO_P1L3,EDIFICIO_1,P1,,SOL_1_wall_0088,11.4335,71.1966,wall,E1-P1-M-031,,,,,,,
POINT,TRIBUTARY_POINT_AREA,APLICADO_P1L3,EDIFICIO_1,P1,,SOL_1_wall_0089,0.0,0.0,wall,E1-P1-M-038,,,,,,,
POINT,TRIBUTARY_POINT_AREA,APLICADO_P1L3,EDIFICIO_1,P1,,SOL_1_wall_0090,17.6474,109.8904,wall,E1-P1-M-037,,,,,,,
POINT,TRIBUTARY_POINT_AREA,APLICADO_P1L3,EDIFICIO_1,P1,,SOL_1_wall_0091,1.4913,9.2865,wall,E1-P1-M-019,,,,,,,
POINT,TRIBUTARY_POINT_AREA,APLICADO_P1L3,EDIFICIO_1,P1,,SOL_1_wall_0092,5.7168,35.5983,wall,E1-P1-M-020,,,,,,,
POINT,TRIBUTARY_POINT_AREA,APLICADO_P1L3,EDIFICIO_1,P1,,SOL_1_wall_0093,79.7861,496.8282,wall,E1-P1-M-021,,,,,,,
POINT,TRIBUTARY_POINT_AREA,APLICADO_P1L3,EDIFICIO_1,P1,,SOL_1_wall_0094,18.1445,112.9859,wall,E1-P1-M-022,,,,,,,
POINT,TRIBUTARY_POINT_AREA,APLICADO_P1L3,EDIFICIO_1,P1,,SOL_1_wall_0095,13.1734,82.0308,wall,E1-P1-M-018,,,,,,,
POINT,TRIBUTARY_POINT_AREA,APLICADO_P1L3,EDIFICIO_1,P1,,SOL_1_wall_0096,7.4566,46.4325,wall,E1-P1-M-017,,,,,,,
POINT,TRIBUTARY_POINT_AREA,APLICADO_P1L3,EDIFICIO_1,P1,,SOL_1_wall_0097,0.7457,4.6433,wall,E1-P1-M-024,,,,,,,
POINT,TRIBUTARY_POINT_AREA,APLICADO_P1L3,EDIFICIO_1,P1,,SOL_1_wall_0098,19.1387,119.1769,wall,E1-P1-M-023,,,,,,,
POINT,TRIBUTARY_POINT_AREA,APLICADO_P1L3,EDIFICIO_1,P1,,SOL_1_column_0001,142.422,886.8616,column,E1-P1-C-004,,,,,,,
POINT,TRIBUTARY_POINT_AREA,APLICADO_P1L3,EDIFICIO_1,P1,,SOL_1_column_0002,32.0636,199.6599,column,E1-P1-C-006,,,,,,,
POINT,TRIBUTARY_POINT_AREA,APLICADO_P1L3,EDIFICIO_1,P1,,SOL_1_column_0003,49.4624,308.0025,column,E1-P1-C-005,,,,,,,
POINT,TRIBUTARY_POINT_AREA,APLICADO_P1L3,EDIFICIO_1,P1,,SOL_1_column_0004,7.4566,46.4325,column,E1-P1-C-002,,,,,,,
POINT,TRIBUTARY_POINT_AREA,APLICADO_P1L3,EDIFICIO_1,P1,,SOL_1_column_0005,67.6069,420.9884,column,E1-P1-C-001,,,,,,,
POINT,TRIBUTARY_POINT_AREA,APLICADO_P1L3,EDIFICIO_1,P1,,SOL_1_column_0006,40.2659,250.7357,column,E1-P1-C-003,,,,,,,
POINT,TRIBUTARY_POINT_AREA,APLICADO_P1L3,EDIFICIO_1,P1,,SOL_1_column_0007,77.7977,484.4462,column,E1-P1-C-011,,,,,,,
POINT,TRIBUTARY_POINT_AREA,APLICADO_P1L3,EDIFICIO_1,P1,,SOL_1_column_0008,47.2254,294.0728,column,E1-P1-C-012,,,,,,,
POINT,TRIBUTARY_POINT_AREA,APLICADO_P1L3,EDIFICIO_1,P1,,SOL_1_column_0009,43.0,267.761,column,E1-P1-C-015,,,,,,,
POINT,TRIBUTARY_POINT_AREA,APLICADO_P1L3,EDIFICIO_1,P1,,SOL_1_column_0010,0.4971,3.0955,column,E1-P1-C-023,,,,,,,
POINT,TRIBUTARY_POINT_AREA,APLICADO_P1L3,EDIFICIO_1,P1,,SOL_1_column_0011,7.4566,46.4325,column,E1-P1-C-021,,,,,,,
POINT,TRIBUTARY_POINT_AREA,APLICADO_P1L3,EDIFICIO_1,P1,,SOL_1_column_0012,0.2486,1.5478,column,E1-P1-C-022,,,,,,,
POINT,TRIBUTARY_POINT_AREA,APLICADO_P1L3,EDIFICIO_1,P1,,SOL_1_column_0013,37.2832,232.1627,column,E1-P1-C-013,,,,,,,
POINT,TRIBUTARY_POINT_AREA,APLICADO_P1L3,EDIFICIO_1,P1,,SOL_1_column_0014,75.8092,472.0642,column,E1-P1-C-014,,,,,,,
POINT,TRIBUTARY_POINT_AREA,APLICADO_P1L3,EDIFICIO_1,P1,,SOL_1_column_0015,158.0809,984.3699,column,E1-P1-C-010,,,,,,,
POINT,TRIBUTARY_POINT_AREA,APLICADO_P1L3,EDIFICIO_1,P1,,SOL_1_column_0016,4.474,27.8595,column,E1-P1-C-024,,,,,,,
POINT,TRIBUTARY_POINT_AREA,APLICADO_P1L3,EDIFICIO_1,P1,,SOL_1_column_0017,19.6358,122.2724,column,E1-P1-C-026,,,,,,,
POINT,TRIBUTARY_POINT_AREA,APLICADO_P1L3,EDIFICIO_1,P1,,SOL_1_column_0018,19.1387,119.1769,column,E1-P1-C-025,,,,,,,
POINT,TRIBUTARY_POINT_AREA,APLICADO_P1L3,EDIFICIO_1,P1,,SOL_1_column_0019,29.3295,182.6347,column,E1-P1-C-018,,,,,,,
POINT,TRIBUTARY_POINT_AREA,APLICADO_P1L3,EDIFICIO_1,P1,,SOL_1_column_0020,24.1098,150.1319,column,E1-P1-C-019,,,,,,,
POINT,TRIBUTARY_POINT_AREA,APLICADO_P1L3,EDIFICIO_1,P1,,SOL_1_column_0021,12.1792,75.8398,column,E1-P1-C-020,,,,,,,
POINT,TRIBUTARY_POINT_AREA,APLICADO_P1L3,EDIFICIO_1,P1,,SOL_1_column_0022,37.5318,233.7105,column,E1-P1-C-016,,,,,,,
POINT,TRIBUTARY_POINT_AREA,APLICADO_P1L3,EDIFICIO_1,P1,,SOL_1_column_0023,54.6821,340.5053,column,E1-P1-C-017,,,,,,,
POINT,TRIBUTARY_POINT_AREA,APLICADO_P1L3,EDIFICIO_1,P1,,SOL_1_column_0024,88.4855,550.9995,column,E1-P1-C-009,,,,,,,
POINT,TRIBUTARY_POINT_AREA,APLICADO_P1L3,EDIFICIO_1,P1,,SOL_1_column_0025,106.8786,665.5331,column,E1-P1-C-007,,,,,,,
POINT,TRIBUTARY_POINT_AREA,APLICADO_P1L3,EDIFICIO_1,P1,,SOL_1_column_0026,32.5607,202.7554,column,E1-P1-C-008,,,,,,,
POINT,TRIBUTARY_POINT_AREA,APLICADO_P1L3,EDIFICIO_1,P2,,SOL_2_wall_0099,14.7829,92.0533,wall,E1-P2-M-008,,,,,,,
POINT,TRIBUTARY_POINT_AREA,APLICADO_P1L3,EDIFICIO_1,P2,,SOL_2_wall_0100,2.9566,18.4107,wall,E1-P2-M-007,,,,,,,
POINT,TRIBUTARY_POINT_AREA,APLICADO_P1L3,EDIFICIO_1,P2,,SOL_2_wall_0101,15.0293,93.5876,wall,E1-P2-M-003,,,,,,,
POINT,TRIBUTARY_POINT_AREA,APLICADO_P1L3,EDIFICIO_1,P2,,SOL_2_wall_0102,8.377,52.1636,wall,E1-P2-M-004,,,,,,,
POINT,TRIBUTARY_POINT_AREA,APLICADO_P1L3,EDIFICIO_1,P2,,SOL_2_wall_0103,7.3915,46.0267,wall,E1-P2-M-005,,,,,,,
POINT,TRIBUTARY_POINT_AREA,APLICADO_P1L3,EDIFICIO_1,P2,,SOL_2_wall_0104,21.928,136.5458,wall,E1-P2-M-010,,,,,,,
POINT,TRIBUTARY_POINT_AREA,APLICADO_P1L3,EDIFICIO_1,P2,,SOL_2_wall_0105,5.174,32.2187,wall,E1-P2-M-011,,,,,,,
POINT,TRIBUTARY_POINT_AREA,APLICADO_P1L3,EDIFICIO_1,P2,,SOL_2_wall_0106,16.754,104.3271,wall,E1-P2-M-012,,,,,,,
POINT,TRIBUTARY_POINT_AREA,APLICADO_P1L3,EDIFICIO_1,P2,,SOL_2_wall_0107,7.3915,46.0267,wall,E1-P2-M-006,,,,,,,
POINT,TRIBUTARY_POINT_AREA,APLICADO_P1L3,EDIFICIO_1,P2,,SOL_2_wall_0108,7.3915,46.0267,wall,E1-P2-M-009,,,,,,,
POINT,TRIBUTARY_POINT_AREA,APLICADO_P1L3,EDIFICIO_1,P2,,SOL_2_wall_0109,20.2033,125.8062,wall,E1-P2-M-002,,,,,,,
POINT,TRIBUTARY_POINT_AREA,APLICADO_P1L3,EDIFICIO_1,P2,,SOL_2_wall_0110,7.6378,47.5609,wall,E1-P2-M-001,,,,,,,
POINT,TRIBUTARY_POINT_AREA,APLICADO_P1L3,EDIFICIO_1,P2,,SOL_2_column_0001,28.5803,177.9698,column,E1-P2-C-005,,,,,,,
POINT,TRIBUTARY_POINT_AREA,APLICADO_P1L3,EDIFICIO_1,P2,,SOL_2_column_0002,31.5369,196.3804,column,E1-P2-C-004,,,,,,,
POINT,TRIBUTARY_POINT_AREA,APLICADO_P1L3,EDIFICIO_1,P2,,SOL_2_column_0003,48.5373,302.2418,column,E1-P2-C-006,,,,,,,
POINT,TRIBUTARY_POINT_AREA,APLICADO_P1L3,EDIFICIO_1,P2,,SOL_2_column_0004,12.3191,76.7111,column,E1-P2-C-002,,,,,,,
POINT,TRIBUTARY_POINT_AREA,APLICADO_P1L3,EDIFICIO_1,P2,,SOL_2_column_0005,5.6668,35.2871,column,E1-P2-C-001,,,,,,,
POINT,TRIBUTARY_POINT_AREA,APLICADO_P1L3,EDIFICIO_1,P2,,SOL_2_column_0006,21.6816,135.0116,column,E1-P2-C-003,,,,,,,
POINT,TRIBUTARY_POINT_AREA,APLICADO_P1L3,EDIFICIO_1,P2,,SOL_2_column_0007,77.1176,480.2116,column,E1-P2-C-012,,,,,,,
POINT,TRIBUTARY_POINT_AREA,APLICADO_P1L3,EDIFICIO_1,P2,,SOL_2_column_0008,46.8126,291.5022,column,E1-P2-C-010,,,,,,,
POINT,TRIBUTARY_POINT_AREA,APLICADO_P1L3,EDIFICIO_1,P2,,SOL_2_column_0009,78.8423,490.9511,column,E1-P2-C-015,,,,,,,
POINT,TRIBUTARY_POINT_AREA,APLICADO_P1L3,EDIFICIO_1,P2,,SOL_2_column_0010,59.1317,368.2133,column,E1-P2-C-018,,,,,,,
POINT,TRIBUTARY_POINT_AREA,APLICADO_P1L3,EDIFICIO_1,P2,,SOL_2_column_0011,59.1317,368.2133,column,E1-P2-C-017,,,,,,,
POINT,TRIBUTARY_POINT_AREA,APLICADO_P1L3,EDIFICIO_1,P2,,SOL_2_column_0012,33.2616,207.12,column,E1-P2-C-016,,,,,,,
POINT,TRIBUTARY_POINT_AREA,APLICADO_P1L3,EDIFICIO_1,P2,,SOL_2_column_0013,44.3488,276.16,column,E1-P2-C-013,,,,,,,
POINT,TRIBUTARY_POINT_AREA,APLICADO_P1L3,EDIFICIO_1,P2,,SOL_2_column_0014,78.8423,490.9511,column,E1-P2-C-014,,,,,,,
POINT,TRIBUTARY_POINT_AREA,APLICADO_P1L3,EDIFICIO_1,P2,,SOL_2_column_0015,44.3488,276.16,column,E1-P2-C-011,,,,,,,
POINT,TRIBUTARY_POINT_AREA,APLICADO_P1L3,EDIFICIO_1,P2,,SOL_2_column_0016,11.0872,69.04,column,E1-P2-C-019,,,,,,,
POINT,TRIBUTARY_POINT_AREA,APLICADO_P1L3,EDIFICIO_1,P2,,SOL_2_column_0017,19.7106,122.7378,column,E1-P2-C-021,,,,,,,
POINT,TRIBUTARY_POINT_AREA,APLICADO_P1L3,EDIFICIO_1,P2,,SOL_2_column_0018,13.3046,82.848,column,E1-P2-C-009,,,,,,,
POINT,TRIBUTARY_POINT_AREA,APLICADO_P1L3,EDIFICIO_1,P2,,SOL_2_column_0019,17.2468,107.3956,column,E1-P2-C-007,,,,,,,
POINT,TRIBUTARY_POINT_AREA,APLICADO_P1L3,EDIFICIO_1,P2,,SOL_2_column_0020,19.7106,122.7378,column,E1-P2-C-020,,,,,,,
POINT,TRIBUTARY_POINT_AREA,APLICADO_P1L3,EDIFICIO_1,P2,,SOL_2_column_0021,33.0152,205.5858,column,E1-P2-C-008,,,,,,,
POINT,TRIBUTARY_POINT_AREA,APLICADO_P1L3,EDIFICIO_1,P3,,SOL_3_wall_0111,8.3,51.684,wall,E1-P3-M-008,,,,,,,
POINT,TRIBUTARY_POINT_AREA,APLICADO_P1L3,EDIFICIO_1,P3,,SOL_3_wall_0112,2.2636,14.0956,wall,E1-P3-M-007,,,,,,,
POINT,TRIBUTARY_POINT_AREA,APLICADO_P1L3,EDIFICIO_1,P3,,SOL_3_wall_0113,14.8394,92.4047,wall,E1-P3-M-003,,,,,,,
POINT,TRIBUTARY_POINT_AREA,APLICADO_P1L3,EDIFICIO_1,P3,,SOL_3_wall_0114,8.0485,50.1178,wall,E1-P3-M-004,,,,,,,
POINT,TRIBUTARY_POINT_AREA,APLICADO_P1L3,EDIFICIO_1,P3,,SOL_3_wall_0115,7.5454,46.9854,wall,E1-P3-M-005,,,,,,,
POINT,TRIBUTARY_POINT_AREA,APLICADO_P1L3,EDIFICIO_1,P3,,SOL_3_wall_0116,21.6302,134.6915,wall,E1-P3-M-010,,,,,,,
POINT,TRIBUTARY_POINT_AREA,APLICADO_P1L3,EDIFICIO_1,P3,,SOL_3_wall_0117,6.0363,37.5883,wall,E1-P3-M-011,,,,,,,
POINT,TRIBUTARY_POINT_AREA,APLICADO_P1L3,EDIFICIO_1,P3,,SOL_3_wall_0118,15.3424,95.537,wall,E1-P3-M-012,,,,,,,
POINT,TRIBUTARY_POINT_AREA,APLICADO_P1L3,EDIFICIO_1,P3,,SOL_3_wall_0119,6.7909,42.2869,wall,E1-P3-M-006,,,,,,,
POINT,TRIBUTARY_POINT_AREA,APLICADO_P1L3,EDIFICIO_1,P3,,SOL_3_wall_0120,6.7909,42.2869,wall,E1-P3-M-009,,,,,,,
POINT,TRIBUTARY_POINT_AREA,APLICADO_P1L3,EDIFICIO_1,P3,,SOL_3_wall_0121,20.6242,128.4268,wall,E1-P3-M-002,,,,,,,
POINT,TRIBUTARY_POINT_AREA,APLICADO_P1L3,EDIFICIO_1,P3,,SOL_3_wall_0122,7.7969,48.5516,wall,E1-P3-M-001,,,,,,,
POINT,TRIBUTARY_POINT_AREA,APLICADO_P1L3,EDIFICIO_1,P3,,SOL_3_column_0001,28.9242,180.1108,column,E1-P3-C-004,,,,,,,
POINT,TRIBUTARY_POINT_AREA,APLICADO_P1L3,EDIFICIO_1,P3,,SOL_3_column_0002,21.8818,136.2577,column,E1-P3-C-006,,,,,,,
POINT,TRIBUTARY_POINT_AREA,APLICADO_P1L3,EDIFICIO_1,P3,,SOL_3_column_0003,50.8059,316.3685,column,E1-P3-C-005,,,,,,,
POINT,TRIBUTARY_POINT_AREA,APLICADO_P1L3,EDIFICIO_1,P3,,SOL_3_column_0004,11.3182,70.4781,column,E1-P3-C-002,,,,,,,
POINT,TRIBUTARY_POINT_AREA,APLICADO_P1L3,EDIFICIO_1,P3,,SOL_3_column_0005,5.7848,36.0222,column,E1-P3-C-001,,,,,,,
POINT,TRIBUTARY_POINT_AREA,APLICADO_P1L3,EDIFICIO_1,P3,,SOL_3_column_0006,4.7788,29.7574,column,E1-P3-C-003,,,,,,,
POINT,TRIBUTARY_POINT_AREA,APLICADO_P1L3,EDIFICIO_1,P3,,SOL_3_column_0007,80.4846,501.1778,column,E1-P3-C-008,,,,,,,
POINT,TRIBUTARY_POINT_AREA,APLICADO_P1L3,EDIFICIO_1,P3,,SOL_3_column_0008,35.212,219.2653,column,E1-P3-C-009,,,,,,,
POINT,TRIBUTARY_POINT_AREA,APLICADO_P1L3,EDIFICIO_1,P3,,SOL_3_column_0009,35.212,219.2653,column,E1-P3-C-012,,,,,,,
POINT,TRIBUTARY_POINT_AREA,APLICADO_P1L3,EDIFICIO_1,P3,,SOL_3_column_0010,26.409,164.449,column,E1-P3-C-015,,,,,,,
POINT,TRIBUTARY_POINT_AREA,APLICADO_P1L3,EDIFICIO_1,P3,,SOL_3_column_0011,60.3635,375.8833,column,E1-P3-C-014,,,,,,,
POINT,TRIBUTARY_POINT_AREA,APLICADO_P1L3,EDIFICIO_1,P3,,SOL_3_column_0012,33.9545,211.4344,column,E1-P3-C-013,,,,,,,
POINT,TRIBUTARY_POINT_AREA,APLICADO_P1L3,EDIFICIO_1,P3,,SOL_3_column_0013,45.2726,281.9125,column,E1-P3-C-010,,,,,,,
POINT,TRIBUTARY_POINT_AREA,APLICADO_P1L3,EDIFICIO_1,P3,,SOL_3_column_0014,80.4846,501.1778,column,E1-P3-C-011,,,,,,,
POINT,TRIBUTARY_POINT_AREA,APLICADO_P1L3,EDIFICIO_1,P3,,SOL_3_column_0015,45.2726,281.9125,column,E1-P3-C-007,,,,,,,
POINT,TRIBUTARY_POINT_AREA,APLICADO_P1L3,EDIFICIO_1,P3,,SOL_3_column_0016,11.3182,70.4781,column,E1-P3-C-016,,,,,,,
POINT,TRIBUTARY_POINT_AREA,APLICADO_P1L3,EDIFICIO_1,P3,,SOL_3_column_0017,8.803,54.8163,column,E1-P3-C-018,,,,,,,
POINT,TRIBUTARY_POINT_AREA,APLICADO_P1L3,EDIFICIO_1,P3,,SOL_3_column_0018,20.1212,125.2944,column,E1-P3-C-017,,,,,,,
POINT,TRIBUTARY_POINT_AREA,APLICADO_P1L3,EDIFICIO_1,P4,,SOL_4_wall_0123,16.3966,102.1015,wall,E1-P4-M-008,,,,,,,
POINT,TRIBUTARY_POINT_AREA,APLICADO_P1L3,EDIFICIO_1,P4,,SOL_4_wall_0124,2.7328,17.0169,wall,E1-P4-M-007,,,,,,,
POINT,TRIBUTARY_POINT_AREA,APLICADO_P1L3,EDIFICIO_1,P4,,SOL_4_wall_0125,15.1544,94.3665,wall,E1-P4-M-003,,,,,,,
POINT,TRIBUTARY_POINT_AREA,APLICADO_P1L3,EDIFICIO_1,P4,,SOL_4_wall_0126,8.4467,52.5977,wall,E1-P4-M-004,,,,,,,
POINT,TRIBUTARY_POINT_AREA,APLICADO_P1L3,EDIFICIO_1,P4,,SOL_4_wall_0127,7.453,46.4098,wall,E1-P4-M-005,,,,,,,
POINT,TRIBUTARY_POINT_AREA,APLICADO_P1L3,EDIFICIO_1,P4,,SOL_4_wall_0128,21.3652,133.0413,wall,E1-P4-M-010,,,,,,,
POINT,TRIBUTARY_POINT_AREA,APLICADO_P1L3,EDIFICIO_1,P4,,SOL_4_wall_0129,5.4655,34.0338,wall,E1-P4-M-011,,,,,,,
POINT,TRIBUTARY_POINT_AREA,APLICADO_P1L3,EDIFICIO_1,P4,,SOL_4_wall_0130,16.1481,100.5545,wall,E1-P4-M-012,,,,,,,
POINT,TRIBUTARY_POINT_AREA,APLICADO_P1L3,EDIFICIO_1,P4,,SOL_4_wall_0131,7.2046,44.8628,wall,E1-P4-M-006,,,,,,,
POINT,TRIBUTARY_POINT_AREA,APLICADO_P1L3,EDIFICIO_1,P4,,SOL_4_wall_0132,7.453,46.4098,wall,E1-P4-M-009,,,,,,,
POINT,TRIBUTARY_POINT_AREA,APLICADO_P1L3,EDIFICIO_1,P4,,SOL_4_wall_0133,20.1231,125.3064,wall,E1-P4-M-002,,,,,,,
POINT,TRIBUTARY_POINT_AREA,APLICADO_P1L3,EDIFICIO_1,P4,,SOL_4_wall_0134,7.9499,49.5038,wall,E1-P4-M-001,,,,,,,
POINT,TRIBUTARY_POINT_AREA,APLICADO_P1L3,EDIFICIO_1,P4,,SOL_4_column_0001,29.0667,180.9981,column,E1-P4-C-004,,,,,,,
POINT,TRIBUTARY_POINT_AREA,APLICADO_P1L3,EDIFICIO_1,P4,,SOL_4_column_0002,58.6302,365.0902,column,E1-P4-C-006,,,,,,,
POINT,TRIBUTARY_POINT_AREA,APLICADO_P1L3,EDIFICIO_1,P4,,SOL_4_column_0003,50.6803,315.5864,column,E1-P4-C-005,,,,,,,
POINT,TRIBUTARY_POINT_AREA,APLICADO_P1L3,EDIFICIO_1,P4,,SOL_4_column_0004,12.4216,77.3496,column,E1-P4-C-002,,,,,,,
POINT,TRIBUTARY_POINT_AREA,APLICADO_P1L3,EDIFICIO_1,P4,,SOL_4_column_0005,5.714,35.5808,column,E1-P4-C-001,,,,,,,
POINT,TRIBUTARY_POINT_AREA,APLICADO_P1L3,EDIFICIO_1,P4,,SOL_4_column_0006,21.8621,136.1353,column,E1-P4-C-003,,,,,,,
POINT,TRIBUTARY_POINT_AREA,APLICADO_P1L3,EDIFICIO_1,P4,,SOL_4_column_0007,75.5236,470.2857,column,E1-P4-C-008,,,,,,,
POINT,TRIBUTARY_POINT_AREA,APLICADO_P1L3,EDIFICIO_1,P4,,SOL_4_column_0008,56.6427,352.7142,column,E1-P4-C-009,,,,,,,
POINT,TRIBUTARY_POINT_AREA,APLICADO_P1L3,EDIFICIO_1,P4,,SOL_4_column_0009,59.6239,371.2781,column,E1-P4-C-013,,,,,,,
POINT,TRIBUTARY_POINT_AREA,APLICADO_P1L3,EDIFICIO_1,P4,,SOL_4_column_0010,58.3818,363.5432,column,E1-P4-C-017,,,,,,,
POINT,TRIBUTARY_POINT_AREA,APLICADO_P1L3,EDIFICIO_1,P4,,SOL_4_column_0011,59.6239,371.2781,column,E1-P4-C-016,,,,,,,
POINT,TRIBUTARY_POINT_AREA,APLICADO_P1L3,EDIFICIO_1,P4,,SOL_4_column_0012,33.5385,208.844,column,E1-P4-C-015,,,,,,,
POINT,TRIBUTARY_POINT_AREA,APLICADO_P1L3,EDIFICIO_1,P4,,SOL_4_column_0013,44.7179,278.4586,column,E1-P4-C-011,,,,,,,
POINT,TRIBUTARY_POINT_AREA,APLICADO_P1L3,EDIFICIO_1,P4,,SOL_4_column_0014,79.4986,495.0375,column,E1-P4-C-012,,,,,,,
POINT,TRIBUTARY_POINT_AREA,APLICADO_P1L3,EDIFICIO_1,P4,,SOL_4_column_0015,42.482,264.5357,column,E1-P4-C-007,,,,,,,
POINT,TRIBUTARY_POINT_AREA,APLICADO_P1L3,EDIFICIO_1,P4,,SOL_4_column_0016,17.8872,111.3834,column,E1-P4-C-018,,,,,,,
POINT,TRIBUTARY_POINT_AREA,APLICADO_P1L3,EDIFICIO_1,P4,,SOL_4_column_0017,31.7994,198.015,column,E1-P4-C-020,,,,,,,
POINT,TRIBUTARY_POINT_AREA,APLICADO_P1L3,EDIFICIO_1,P4,,SOL_4_column_0018,7.9499,49.5038,column,E1-P4-C-025,,,,,,,
POINT,TRIBUTARY_POINT_AREA,APLICADO_P1L3,EDIFICIO_1,P4,,SOL_4_column_0019,7.9499,49.5038,column,E1-P4-C-026,,,,,,,
POINT,TRIBUTARY_POINT_AREA,APLICADO_P1L3,EDIFICIO_1,P4,,SOL_4_column_0020,4.4718,27.8459,column,E1-P4-C-024,,,,,,,
POINT,TRIBUTARY_POINT_AREA,APLICADO_P1L3,EDIFICIO_1,P4,,SOL_4_column_0021,21.1168,131.4943,column,E1-P4-C-014,,,,,,,
POINT,TRIBUTARY_POINT_AREA,APLICADO_P1L3,EDIFICIO_1,P4,,SOL_4_column_0022,20.3715,126.8534,column,E1-P4-C-010,,,,,,,
POINT,TRIBUTARY_POINT_AREA,APLICADO_P1L3,EDIFICIO_1,P4,,SOL_4_column_0023,11.1795,69.6147,column,E1-P4-C-021,,,,,,,
POINT,TRIBUTARY_POINT_AREA,APLICADO_P1L3,EDIFICIO_1,P4,,SOL_4_column_0024,19.8746,123.7594,column,E1-P4-C-023,,,,,,,
POINT,TRIBUTARY_POINT_AREA,APLICADO_P1L3,EDIFICIO_1,P4,,SOL_4_column_0025,19.8746,123.7594,column,E1-P4-C-022,,,,,,,
POINT,TRIBUTARY_POINT_AREA,APLICADO_P1L3,EDIFICIO_1,P4,,SOL_4_column_0026,31.7994,198.015,column,E1-P4-C-019,,,,,,,
POINT,TRIBUTARY_POINT_AREA,APLICADO_P1L3,EDIFICIO_1,S1,,SOL_1S_wall_0001,0.0,0.0,wall,E1-S1-M-001,,,,,,,
POINT,TRIBUTARY_POINT_AREA,APLICADO_P1L3,EDIFICIO_1,S1,,SOL_1S_wall_0002,0.2467,1.5364,wall,E1-S1-M-002,,,,,,,
POINT,TRIBUTARY_POINT_AREA,APLICADO_P1L3,EDIFICIO_1,S1,,SOL_1S_wall_0003,18.2582,113.694,wall,E1-S1-M-003,,,,,,,
POINT,TRIBUTARY_POINT_AREA,APLICADO_P1L3,EDIFICIO_1,S1,,SOL_1S_wall_0004,12.3366,76.8203,wall,E1-S1-M-004,,,,,,,
POINT,TRIBUTARY_POINT_AREA,APLICADO_P1L3,EDIFICIO_1,S1,,SOL_1S_wall_0005,10.6095,66.0655,wall,E1-S1-M-005,,,,,,,
POINT,TRIBUTARY_POINT_AREA,APLICADO_P1L3,EDIFICIO_1,S1,,SOL_1S_wall_0006,0.0,0.0,wall,E1-S1-M-015,,,,,,,
POINT,TRIBUTARY_POINT_AREA,APLICADO_P1L3,EDIFICIO_1,S1,,SOL_1S_wall_0007,32.8155,204.342,wall,E1-S1-M-052,,,,,,,
POINT,TRIBUTARY_POINT_AREA,APLICADO_P1L3,EDIFICIO_1,S1,,SOL_1S_wall_0008,54.7747,341.0821,wall,E1-S1-M-051,,,,,,,
POINT,TRIBUTARY_POINT_AREA,APLICADO_P1L3,EDIFICIO_1,S1,,SOL_1S_wall_0009,2.7141,16.9005,wall,E1-S1-M-033,,,,,,,
POINT,TRIBUTARY_POINT_AREA,APLICADO_P1L3,EDIFICIO_1,S1,,SOL_1S_wall_0010,62.9169,391.7835,wall,E1-S1-M-060,,,,,,,
POINT,TRIBUTARY_POINT_AREA,APLICADO_P1L3,EDIFICIO_1,S1,,SOL_1S_wall_0011,17.7648,110.6212,wall,E1-S1-M-059,,,,,,,
POINT,TRIBUTARY_POINT_AREA,APLICADO_P1L3,EDIFICIO_1,S1,,SOL_1S_wall_0012,0.0,0.0,wall,E1-S1-M-016,,,,,,,
POINT,TRIBUTARY_POINT_AREA,APLICADO_P1L3,EDIFICIO_1,S1,,SOL_1S_wall_0013,0.0,0.0,wall,E1-S1-M-040,,,,,,,
POINT,TRIBUTARY_POINT_AREA,APLICADO_P1L3,EDIFICIO_1,S1,,SOL_1S_wall_0014,0.0,0.0,wall,E1-S1-M-056,,,,,,,
POINT,TRIBUTARY_POINT_AREA,APLICADO_P1L3,EDIFICIO_1,S1,,SOL_1S_wall_0015,71.0591,442.4849,wall,E1-S1-M-050,,,,,,,
POINT,TRIBUTARY_POINT_AREA,APLICADO_P1L3,EDIFICIO_1,S1,,SOL_1S_wall_0016,1.4804,9.2184,wall,E1-S1-M-008,,,,,,,
POINT,TRIBUTARY_POINT_AREA,APLICADO_P1L3,EDIFICIO_1,S1,,SOL_1S_wall_0017,0.4935,3.0728,wall,E1-S1-M-044,,,,,,,
POINT,TRIBUTARY_POINT_AREA,APLICADO_P1L3,EDIFICIO_1,S1,,SOL_1S_wall_0018,21.4658,133.6673,wall,E1-S1-M-057,,,,,,,
POINT,TRIBUTARY_POINT_AREA,APLICADO_P1L3,EDIFICIO_1,S1,,SOL_1S_wall_0019,0.4935,3.0728,wall,E1-S1-M-041,,,,,,,
POINT,TRIBUTARY_POINT_AREA,APLICADO_P1L3,EDIFICIO_1,S1,,SOL_1S_wall_0020,6.4151,39.9466,wall,E1-S1-M-042,,,,,,,
POINT,TRIBUTARY_POINT_AREA,APLICADO_P1L3,EDIFICIO_1,S1,,SOL_1S_wall_0021,0.4935,3.0728,wall,E1-S1-M-043,,,,,,,
POINT,TRIBUTARY_POINT_AREA,APLICADO_P1L3,EDIFICIO_1,S1,,SOL_1S_wall_0022,0.0,0.0,wall,E1-S1-M-010,,,,,,,
POINT,TRIBUTARY_POINT_AREA,APLICADO_P1L3,EDIFICIO_1,S1,,SOL_1S_wall_0023,0.2467,1.5364,wall,E1-S1-M-047,,,,,,,
POINT,TRIBUTARY_POINT_AREA,APLICADO_P1L3,EDIFICIO_1,S1,,SOL_1S_wall_0024,0.2467,1.5364,wall,E1-S1-M-031,,,,,,,
POINT,TRIBUTARY_POINT_AREA,APLICADO_P1L3,EDIFICIO_1,S1,,SOL_1S_wall_0025,4.9347,30.7281,wall,E1-S1-M-006,,,,,,,
POINT,TRIBUTARY_POINT_AREA,APLICADO_P1L3,EDIFICIO_1,S1,,SOL_1S_wall_0026,0.0,0.0,wall,E1-S1-M-045,,,,,,,
POINT,TRIBUTARY_POINT_AREA,APLICADO_P1L3,EDIFICIO_1,S1,,SOL_1S_wall_0027,2.9608,18.4369,wall,E1-S1-M-009,,,,,,,
POINT,TRIBUTARY_POINT_AREA,APLICADO_P1L3,EDIFICIO_1,S1,,SOL_1S_wall_0028,0.2467,1.5364,wall,E1-S1-M-046,,,,,,,
POINT,TRIBUTARY_POINT_AREA,APLICADO_P1L3,EDIFICIO_1,S1,,SOL_1S_wall_0029,0.0,0.0,wall,E1-S1-M-012,,,,,,,
POINT,TRIBUTARY_POINT_AREA,APLICADO_P1L3,EDIFICIO_1,S1,,SOL_1S_wall_0030,0.4935,3.0728,wall,E1-S1-M-013,,,,,,,
POINT,TRIBUTARY_POINT_AREA,APLICADO_P1L3,EDIFICIO_1,S1,,SOL_1S_wall_0031,0.7402,4.6092,wall,E1-S1-M-014,,,,,,,
POINT,TRIBUTARY_POINT_AREA,APLICADO_P1L3,EDIFICIO_1,S1,,SOL_1S_wall_0032,13.5703,84.5023,wall,E1-S1-M-048,,,,,,,
POINT,TRIBUTARY_POINT_AREA,APLICADO_P1L3,EDIFICIO_1,S1,,SOL_1S_wall_0033,8.3889,52.2378,wall,E1-S1-M-049,,,,,,,
POINT,TRIBUTARY_POINT_AREA,APLICADO_P1L3,EDIFICIO_1,S1,,SOL_1S_wall_0034,13.5703,84.5023,wall,E1-S1-M-030,,,,,,,
POINT,TRIBUTARY_POINT_AREA,APLICADO_P1L3,EDIFICIO_1,S1,,SOL_1S_wall_0035,3.4543,21.5097,wall,E1-S1-M-029,,,,,,,
POINT,TRIBUTARY_POINT_AREA,APLICADO_P1L3,EDIFICIO_1,S1,,SOL_1S_wall_0036,3.2075,19.9733,wall,E1-S1-M-028,,,,,,,
POINT,TRIBUTARY_POINT_AREA,APLICADO_P1L3,EDIFICIO_1,S1,,SOL_1S_wall_0037,7.1553,44.5558,wall,E1-S1-M-019,,,,,,,
POINT,TRIBUTARY_POINT_AREA,APLICADO_P1L3,EDIFICIO_1,S1,,SOL_1S_wall_0038,11.103,69.1383,wall,E1-S1-M-020,,,,,,,
POINT,TRIBUTARY_POINT_AREA,APLICADO_P1L3,EDIFICIO_1,S1,,SOL_1S_wall_0039,8.1422,50.7014,wall,E1-S1-M-021,,,,,,,
POINT,TRIBUTARY_POINT_AREA,APLICADO_P1L3,EDIFICIO_1,S1,,SOL_1S_wall_0040,10.1161,62.9926,wall,E1-S1-M-034,,,,,,,
POINT,TRIBUTARY_POINT_AREA,APLICADO_P1L3,EDIFICIO_1,S1,,SOL_1S_wall_0041,5.9216,36.8737,wall,E1-S1-M-035,,,,,,,
POINT,TRIBUTARY_POINT_AREA,APLICADO_P1L3,EDIFICIO_1,S1,,SOL_1S_wall_0042,8.8824,55.3106,wall,E1-S1-M-038,,,,,,,
POINT,TRIBUTARY_POINT_AREA,APLICADO_P1L3,EDIFICIO_1,S1,,SOL_1S_wall_0043,6.6618,41.483,wall,E1-S1-M-022,,,,,,,
POINT,TRIBUTARY_POINT_AREA,APLICADO_P1L3,EDIFICIO_1,S1,,SOL_1S_wall_0044,6.6618,41.483,wall,E1-S1-M-032,,,,,,,
POINT,TRIBUTARY_POINT_AREA,APLICADO_P1L3,EDIFICIO_1,S1,,SOL_1S_wall_0045,8.1422,50.7014,wall,E1-S1-M-026,,,,,,,
POINT,TRIBUTARY_POINT_AREA,APLICADO_P1L3,EDIFICIO_1,S1,,SOL_1S_wall_0046,1.4804,9.2184,wall,E1-S1-M-027,,,,,,,
POINT,TRIBUTARY_POINT_AREA,APLICADO_P1L3,EDIFICIO_1,S1,,SOL_1S_wall_0047,2.2206,13.8277,wall,E1-S1-M-011,,,,,,,
POINT,TRIBUTARY_POINT_AREA,APLICADO_P1L3,EDIFICIO_1,S1,,SOL_1S_wall_0048,12.0899,75.2839,wall,E1-S1-M-024,,,,,,,
POINT,TRIBUTARY_POINT_AREA,APLICADO_P1L3,EDIFICIO_1,S1,,SOL_1S_wall_0049,9.8693,61.4562,wall,E1-S1-M-037,,,,,,,
POINT,TRIBUTARY_POINT_AREA,APLICADO_P1L3,EDIFICIO_1,S1,,SOL_1S_wall_0050,44.4119,276.5531,wall,E1-S1-M-053,,,,,,,
POINT,TRIBUTARY_POINT_AREA,APLICADO_P1L3,EDIFICIO_1,S1,,SOL_1S_wall_0051,0.0,0.0,wall,E1-S1-M-007,,,,,,,
POINT,TRIBUTARY_POINT_AREA,APLICADO_P1L3,EDIFICIO_1,S1,,SOL_1S_wall_0052,0.0,0.0,wall,E1-S1-M-023,,,,,,,
POINT,TRIBUTARY_POINT_AREA,APLICADO_P1L3,EDIFICIO_1,S1,,SOL_1S_wall_0053,0.0,0.0,wall,E1-S1-M-036,,,,,,,
POINT,TRIBUTARY_POINT_AREA,APLICADO_P1L3,EDIFICIO_1,S1,,SOL_1S_wall_0054,0.0,0.0,wall,E1-S1-M-054,,,,,,,
POINT,TRIBUTARY_POINT_AREA,APLICADO_P1L3,EDIFICIO_1,S1,,SOL_1S_wall_0055,5.4281,33.8009,wall,E1-S1-M-025,,,,,,,
POINT,TRIBUTARY_POINT_AREA,APLICADO_P1L3,EDIFICIO_1,S1,,SOL_1S_wall_0056,0.4935,3.0728,wall,E1-S1-M-055,,,,,,,
POINT,TRIBUTARY_POINT_AREA,APLICADO_P1L3,EDIFICIO_1,S1,,SOL_1S_wall_0057,0.9869,6.1456,wall,E1-S1-M-058,,,,,,,
POINT,TRIBUTARY_POINT_AREA,APLICADO_P1L3,EDIFICIO_1,S1,,SOL_1S_wall_0058,7.8955,49.165,wall,E1-S1-M-018,,,,,,,
POINT,TRIBUTARY_POINT_AREA,APLICADO_P1L3,EDIFICIO_1,S1,,SOL_1S_wall_0059,4.9347,30.7281,wall,E1-S1-M-039,,,,,,,
POINT,TRIBUTARY_POINT_AREA,APLICADO_P1L3,EDIFICIO_1,S1,,SOL_1S_wall_0060,13.0768,81.4295,wall,E1-S1-M-017,,,,,,,
POINT,TRIBUTARY_POINT_AREA,APLICADO_P1L3,EDIFICIO_1,S1,,SOL_1S_column_0001,0.2467,1.5364,column,E1-S1-C-004,,,,,,,
POINT,TRIBUTARY_POINT_AREA,APLICADO_P1L3,EDIFICIO_1,S1,,SOL_1S_column_0002,0.0,0.0,column,E1-S1-C-006,,,,,,,
POINT,TRIBUTARY_POINT_AREA,APLICADO_P1L3,EDIFICIO_1,S1,,SOL_1S_column_0003,0.2467,1.5364,column,E1-S1-C-005,,,,,,,
POINT,TRIBUTARY_POINT_AREA,APLICADO_P1L3,EDIFICIO_1,S1,,SOL_1S_column_0004,0.2467,1.5364,column,E1-S1-C-002,,,,,,,
POINT,TRIBUTARY_POINT_AREA,APLICADO_P1L3,EDIFICIO_1,S1,,SOL_1S_column_0005,0.2467,1.5364,column,E1-S1-C-001,,,,,,,
POINT,TRIBUTARY_POINT_AREA,APLICADO_P1L3,EDIFICIO_1,S1,,SOL_1S_column_0006,0.0,0.0,column,E1-S1-C-003,,,,,,,
POINT,TRIBUTARY_POINT_AREA,APLICADO_P1L3,EDIFICIO_1,S1,,SOL_1S_column_0007,74.5133,463.9946,column,E1-S1-C-009,,,,,,,
POINT,TRIBUTARY_POINT_AREA,APLICADO_P1L3,EDIFICIO_1,S1,,SOL_1S_column_0008,25.6602,159.7862,column,E1-S1-C-010,,,,,,,
POINT,TRIBUTARY_POINT_AREA,APLICADO_P1L3,EDIFICIO_1,S1,,SOL_1S_column_0009,39.4773,245.825,column,E1-S1-C-013,,,,,,,
POINT,TRIBUTARY_POINT_AREA,APLICADO_P1L3,EDIFICIO_1,S1,,SOL_1S_column_0010,29.608,184.3687,column,E1-S1-C-016,,,,,,,
POINT,TRIBUTARY_POINT_AREA,APLICADO_P1L3,EDIFICIO_1,S1,,SOL_1S_column_0011,62.9169,391.7835,column,E1-S1-C-014,,,,,,,
POINT,TRIBUTARY_POINT_AREA,APLICADO_P1L3,EDIFICIO_1,S1,,SOL_1S_column_0012,96.2258,599.1984,column,E1-S1-C-015,,,,,,,
POINT,TRIBUTARY_POINT_AREA,APLICADO_P1L3,EDIFICIO_1,S1,,SOL_1S_column_0013,107.3288,668.3366,column,E1-S1-C-011,,,,,,,
POINT,TRIBUTARY_POINT_AREA,APLICADO_P1L3,EDIFICIO_1,S1,,SOL_1S_column_0014,83.6425,520.8417,column,E1-S1-C-012,,,,,,,
POINT,TRIBUTARY_POINT_AREA,APLICADO_P1L3,EDIFICIO_1,S1,,SOL_1S_column_0015,0.0,0.0,column,E1-S1-C-008,,,,,,,
POINT,TRIBUTARY_POINT_AREA,APLICADO_P1L3,EDIFICIO_1,S1,,SOL_1S_column_0016,32.0753,199.7328,column,E1-S1-C-017,,,,,,,
POINT,TRIBUTARY_POINT_AREA,APLICADO_P1L3,EDIFICIO_1,S1,,SOL_1S_column_0017,9.8693,61.4562,column,E1-S1-C-019,,,,,,,
POINT,TRIBUTARY_POINT_AREA,APLICADO_P1L3,EDIFICIO_1,S1,,SOL_1S_column_0018,20.9723,130.5945,column,E1-S1-C-018,,,,,,,
POINT,TRIBUTARY_POINT_AREA,APLICADO_P1L3,EDIFICIO_1,S1,,SOL_1S_column_0026,19.7386,122.9125,column,E1-S1-C-007,,,,,,,
POINT,TRIBUTARY_POINT_AREA,APLICADO_P1L3,EDIFICIO_1,S1,,SOL_base_support_0001,0.0,0.0,support,E1-S1-A-001,,,,,,,
POINT,TRIBUTARY_POINT_AREA,APLICADO_P1L3,EDIFICIO_1,S1,,SOL_base_support_0002,0.0,0.0,support,E1-S1-A-002,,,,,,,
POINT,TRIBUTARY_POINT_AREA,APLICADO_P1L3,EDIFICIO_1,S1,,SOL_base_support_0003,0.0,0.0,support,E1-S1-A-003,,,,,,,
POINT,TRIBUTARY_POINT_AREA,APLICADO_P1L3,EDIFICIO_1,S1,,SOL_base_support_0004,0.0,0.0,support,E1-S1-A-004,,,,,,,
POINT,TRIBUTARY_POINT_AREA,APLICADO_P1L3,EDIFICIO_1,S1,,SOL_base_support_0005,0.0,0.0,support,E1-S1-A-005,,,,,,,
POINT,TRIBUTARY_POINT_AREA,APLICADO_P1L3,EDIFICIO_1,S1,,SOL_base_support_0006,0.0,0.0,support,E1-S1-A-018,,,,,,,
POINT,TRIBUTARY_POINT_AREA,APLICADO_P1L3,EDIFICIO_1,S1,,SOL_base_support_0007,0.0,0.0,support,E1-S1-A-058,,,,,,,
POINT,TRIBUTARY_POINT_AREA,APLICADO_P1L3,EDIFICIO_1,S1,,SOL_base_support_0008,0.0,0.0,support,E1-S1-A-057,,,,,,,
POINT,TRIBUTARY_POINT_AREA,APLICADO_P1L3,EDIFICIO_1,S1,,SOL_base_support_0009,0.0,0.0,support,E1-S1-A-036,,,,,,,
POINT,TRIBUTARY_POINT_AREA,APLICADO_P1L3,EDIFICIO_1,S1,,SOL_base_support_0010,0.0,0.0,support,E1-S1-A-070,,,,,,,
POINT,TRIBUTARY_POINT_AREA,APLICADO_P1L3,EDIFICIO_1,S1,,SOL_base_support_0011,0.0,0.0,support,E1-S1-A-069,,,,,,,
POINT,TRIBUTARY_POINT_AREA,APLICADO_P1L3,EDIFICIO_1,S1,,SOL_base_support_0012,0.0,0.0,support,E1-S1-A-019,,,,,,,
POINT,TRIBUTARY_POINT_AREA,APLICADO_P1L3,EDIFICIO_1,S1,,SOL_base_support_0013,0.0,0.0,support,E1-S1-A-043,,,,,,,
POINT,TRIBUTARY_POINT_AREA,APLICADO_P1L3,EDIFICIO_1,S1,,SOL_base_support_0014,0.0,0.0,support,E1-S1-A-063,,,,,,,
POINT,TRIBUTARY_POINT_AREA,APLICADO_P1L3,EDIFICIO_1,S1,,SOL_base_support_0015,0.0,0.0,support,E1-S1-A-056,,,,,,,
POINT,TRIBUTARY_POINT_AREA,APLICADO_P1L3,EDIFICIO_1,S1,,SOL_base_support_0016,0.0,0.0,support,E1-S1-A-011,,,,,,,
POINT,TRIBUTARY_POINT_AREA,APLICADO_P1L3,EDIFICIO_1,S1,,SOL_base_support_0017,0.0,0.0,support,E1-S1-A-047,,,,,,,
POINT,TRIBUTARY_POINT_AREA,APLICADO_P1L3,EDIFICIO_1,S1,,SOL_base_support_0018,0.0,0.0,support,E1-S1-A-065,,,,,,,
POINT,TRIBUTARY_POINT_AREA,APLICADO_P1L3,EDIFICIO_1,S1,,SOL_base_support_0019,0.0,0.0,support,E1-S1-A-044,,,,,,,
POINT,TRIBUTARY_POINT_AREA,APLICADO_P1L3,EDIFICIO_1,S1,,SOL_base_support_0020,0.0,0.0,support,E1-S1-A-045,,,,,,,
POINT,TRIBUTARY_POINT_AREA,APLICADO_P1L3,EDIFICIO_1,S1,,SOL_base_support_0021,0.0,0.0,support,E1-S1-A-046,,,,,,,
POINT,TRIBUTARY_POINT_AREA,APLICADO_P1L3,EDIFICIO_1,S1,,SOL_base_support_0022,0.0,0.0,support,E1-S1-A-013,,,,,,,
POINT,TRIBUTARY_POINT_AREA,APLICADO_P1L3,EDIFICIO_1,S1,,SOL_base_support_0023,0.0,0.0,support,E1-S1-A-050,,,,,,,
POINT,TRIBUTARY_POINT_AREA,APLICADO_P1L3,EDIFICIO_1,S1,,SOL_base_support_0024,0.0,0.0,support,E1-S1-A-034,,,,,,,
POINT,TRIBUTARY_POINT_AREA,APLICADO_P1L3,EDIFICIO_1,S1,,SOL_base_support_0025,0.0,0.0,support,E1-S1-A-007,,,,,,,
POINT,TRIBUTARY_POINT_AREA,APLICADO_P1L3,EDIFICIO_1,S1,,SOL_base_support_0026,0.0,0.0,support,E1-S1-A-048,,,,,,,
POINT,TRIBUTARY_POINT_AREA,APLICADO_P1L3,EDIFICIO_1,S1,,SOL_base_support_0027,0.0,0.0,support,E1-S1-A-012,,,,,,,
POINT,TRIBUTARY_POINT_AREA,APLICADO_P1L3,EDIFICIO_1,S1,,SOL_base_support_0028,0.0,0.0,support,E1-S1-A-049,,,,,,,
POINT,TRIBUTARY_POINT_AREA,APLICADO_P1L3,EDIFICIO_1,S1,,SOL_base_support_0029,0.0,0.0,support,E1-S1-A-015,,,,,,,
POINT,TRIBUTARY_POINT_AREA,APLICADO_P1L3,EDIFICIO_1,S1,,SOL_base_support_0030,0.0,0.0,support,E1-S1-A-016,,,,,,,
POINT,TRIBUTARY_POINT_AREA,APLICADO_P1L3,EDIFICIO_1,S1,,SOL_base_support_0031,0.0,0.0,support,E1-S1-A-017,,,,,,,
POINT,TRIBUTARY_POINT_AREA,APLICADO_P1L3,EDIFICIO_1,S1,,SOL_base_support_0032,0.0,0.0,support,E1-S1-A-054,,,,,,,
POINT,TRIBUTARY_POINT_AREA,APLICADO_P1L3,EDIFICIO_1,S1,,SOL_base_support_0033,0.0,0.0,support,E1-S1-A-055,,,,,,,
POINT,TRIBUTARY_POINT_AREA,APLICADO_P1L3,EDIFICIO_1,S1,,SOL_base_support_0034,0.0,0.0,support,E1-S1-A-033,,,,,,,
POINT,TRIBUTARY_POINT_AREA,APLICADO_P1L3,EDIFICIO_1,S1,,SOL_base_support_0035,0.0,0.0,support,E1-S1-A-032,,,,,,,
POINT,TRIBUTARY_POINT_AREA,APLICADO_P1L3,EDIFICIO_1,S1,,SOL_base_support_0036,0.0,0.0,support,E1-S1-A-031,,,,,,,
POINT,TRIBUTARY_POINT_AREA,APLICADO_P1L3,EDIFICIO_1,S1,,SOL_base_support_0037,0.0,0.0,support,E1-S1-A-022,,,,,,,
POINT,TRIBUTARY_POINT_AREA,APLICADO_P1L3,EDIFICIO_1,S1,,SOL_base_support_0038,0.0,0.0,support,E1-S1-A-023,,,,,,,
POINT,TRIBUTARY_POINT_AREA,APLICADO_P1L3,EDIFICIO_1,S1,,SOL_base_support_0039,0.0,0.0,support,E1-S1-A-024,,,,,,,
POINT,TRIBUTARY_POINT_AREA,APLICADO_P1L3,EDIFICIO_1,S1,,SOL_base_support_0040,0.0,0.0,support,E1-S1-A-037,,,,,,,
POINT,TRIBUTARY_POINT_AREA,APLICADO_P1L3,EDIFICIO_1,S1,,SOL_base_support_0041,0.0,0.0,support,E1-S1-A-038,,,,,,,
POINT,TRIBUTARY_POINT_AREA,APLICADO_P1L3,EDIFICIO_1,S1,,SOL_base_support_0042,0.0,0.0,support,E1-S1-A-041,,,,,,,
POINT,TRIBUTARY_POINT_AREA,APLICADO_P1L3,EDIFICIO_1,S1,,SOL_base_support_0043,0.0,0.0,support,E1-S1-A-025,,,,,,,
POINT,TRIBUTARY_POINT_AREA,APLICADO_P1L3,EDIFICIO_1,S1,,SOL_base_support_0044,0.0,0.0,support,E1-S1-A-035,,,,,,,
POINT,TRIBUTARY_POINT_AREA,APLICADO_P1L3,EDIFICIO_1,S1,,SOL_base_support_0045,0.0,0.0,support,E1-S1-A-029,,,,,,,
POINT,TRIBUTARY_POINT_AREA,APLICADO_P1L3,EDIFICIO_1,S1,,SOL_base_support_0046,0.0,0.0,support,E1-S1-A-030,,,,,,,
POINT,TRIBUTARY_POINT_AREA,APLICADO_P1L3,EDIFICIO_1,S1,,SOL_base_support_0047,0.0,0.0,support,E1-S1-A-014,,,,,,,
POINT,TRIBUTARY_POINT_AREA,APLICADO_P1L3,EDIFICIO_1,S1,,SOL_base_support_0048,0.0,0.0,support,E1-S1-A-027,,,,,,,
POINT,TRIBUTARY_POINT_AREA,APLICADO_P1L3,EDIFICIO_1,S1,,SOL_base_support_0049,0.0,0.0,support,E1-S1-A-040,,,,,,,
POINT,TRIBUTARY_POINT_AREA,APLICADO_P1L3,EDIFICIO_1,S1,,SOL_base_support_0050,0.0,0.0,support,E1-S1-A-059,,,,,,,
POINT,TRIBUTARY_POINT_AREA,APLICADO_P1L3,EDIFICIO_1,S1,,SOL_base_support_0051,0.0,0.0,support,E1-S1-A-010,,,,,,,
POINT,TRIBUTARY_POINT_AREA,APLICADO_P1L3,EDIFICIO_1,S1,,SOL_base_support_0052,0.0,0.0,support,E1-S1-A-026,,,,,,,
POINT,TRIBUTARY_POINT_AREA,APLICADO_P1L3,EDIFICIO_1,S1,,SOL_base_support_0053,0.0,0.0,support,E1-S1-A-039,,,,,,,
POINT,TRIBUTARY_POINT_AREA,APLICADO_P1L3,EDIFICIO_1,S1,,SOL_base_support_0054,0.0,0.0,support,E1-S1-A-060,,,,,,,
POINT,TRIBUTARY_POINT_AREA,APLICADO_P1L3,EDIFICIO_1,S1,,SOL_base_support_0055,0.0,0.0,support,E1-S1-A-028,,,,,,,
POINT,TRIBUTARY_POINT_AREA,APLICADO_P1L3,EDIFICIO_1,S1,,SOL_base_support_0056,0.0,0.0,support,E1-S1-A-062,,,,,,,
POINT,TRIBUTARY_POINT_AREA,APLICADO_P1L3,EDIFICIO_1,S1,,SOL_base_support_0057,0.0,0.0,support,E1-S1-A-068,,,,,,,
POINT,TRIBUTARY_POINT_AREA,APLICADO_P1L3,EDIFICIO_1,S1,,SOL_base_support_0058,0.0,0.0,support,E1-S1-A-021,,,,,,,
POINT,TRIBUTARY_POINT_AREA,APLICADO_P1L3,EDIFICIO_1,S1,,SOL_base_support_0059,0.0,0.0,support,E1-S1-A-042,,,,,,,
POINT,TRIBUTARY_POINT_AREA,APLICADO_P1L3,EDIFICIO_1,S1,,SOL_base_support_0060,0.0,0.0,support,E1-S1-A-020,,,,,,,
POINT,TRIBUTARY_POINT_AREA,APLICADO_P1L3,EDIFICIO_1,S1,,SOL_base_support_0061,0.0,0.0,support,E1-S1-A-051,,,,,,,
POINT,TRIBUTARY_POINT_AREA,APLICADO_P1L3,EDIFICIO_1,S1,,SOL_base_support_0062,0.0,0.0,support,E1-S1-A-053,,,,,,,
POINT,TRIBUTARY_POINT_AREA,APLICADO_P1L3,EDIFICIO_1,S1,,SOL_base_support_0063,0.0,0.0,support,E1-S1-A-052,,,,,,,
POINT,TRIBUTARY_POINT_AREA,APLICADO_P1L3,EDIFICIO_1,S1,,SOL_base_support_0064,0.0,0.0,support,E1-S1-A-008,,,,,,,
POINT,TRIBUTARY_POINT_AREA,APLICADO_P1L3,EDIFICIO_1,S1,,SOL_base_support_0065,0.0,0.0,support,E1-S1-A-006,,,,,,,
POINT,TRIBUTARY_POINT_AREA,APLICADO_P1L3,EDIFICIO_1,S1,,SOL_base_support_0066,0.0,0.0,support,E1-S1-A-009,,,,,,,
POINT,TRIBUTARY_POINT_AREA,APLICADO_P1L3,EDIFICIO_1,S1,,SOL_base_support_0067,0.0,0.0,support,E1-S1-A-066,,,,,,,
POINT,TRIBUTARY_POINT_AREA,APLICADO_P1L3,EDIFICIO_1,S1,,SOL_base_support_0068,0.0,0.0,support,E1-S1-A-067,,,,,,,
POINT,TRIBUTARY_POINT_AREA,APLICADO_P1L3,EDIFICIO_1,S1,,SOL_base_support_0069,0.0,0.0,support,E1-S1-A-073,,,,,,,
POINT,TRIBUTARY_POINT_AREA,APLICADO_P1L3,EDIFICIO_1,S1,,SOL_base_support_0070,0.0,0.0,support,E1-S1-A-076,,,,,,,
POINT,TRIBUTARY_POINT_AREA,APLICADO_P1L3,EDIFICIO_1,S1,,SOL_base_support_0071,0.0,0.0,support,E1-S1-A-074,,,,,,,
POINT,TRIBUTARY_POINT_AREA,APLICADO_P1L3,EDIFICIO_1,S1,,SOL_base_support_0072,0.0,0.0,support,E1-S1-A-075,,,,,,,
POINT,TRIBUTARY_POINT_AREA,APLICADO_P1L3,EDIFICIO_1,S1,,SOL_base_support_0073,0.0,0.0,support,E1-S1-A-071,,,,,,,
POINT,TRIBUTARY_POINT_AREA,APLICADO_P1L3,EDIFICIO_1,S1,,SOL_base_support_0074,0.0,0.0,support,E1-S1-A-072,,,,,,,
POINT,TRIBUTARY_POINT_AREA,APLICADO_P1L3,EDIFICIO_1,S1,,SOL_base_support_0075,0.0,0.0,support,E1-S1-A-064,,,,,,,
POINT,TRIBUTARY_POINT_AREA,APLICADO_P1L3,EDIFICIO_1,S1,,SOL_base_support_0076,0.0,0.0,support,E1-S1-A-077,,,,,,,
POINT,TRIBUTARY_POINT_AREA,APLICADO_P1L3,EDIFICIO_1,S1,,SOL_base_support_0077,0.0,0.0,support,E1-S1-A-079,,,,,,,
POINT,TRIBUTARY_POINT_AREA,APLICADO_P1L3,EDIFICIO_1,S1,,SOL_base_support_0078,0.0,0.0,support,E1-S1-A-078,,,,,,,
POINT,TRIBUTARY_POINT_AREA,APLICADO_P1L3,EDIFICIO_1,S1,,SOL_base_support_0086,0.0,0.0,support,E1-S1-A-061,,,,,,,
POINT,TRIBUTARY_POINT_AREA,APLICADO_P1L3,EDIFICIO_2,P1,,SOL2_1_wall_0021,0.0,0.0,wall,E2-P1-M-019,,,,,,,
POINT,TRIBUTARY_POINT_AREA,APLICADO_P1L3,EDIFICIO_2,P1,,SOL2_1_wall_0022,0.0,0.0,wall,E2-P1-M-020,,,,,,,
POINT,TRIBUTARY_POINT_AREA,APLICADO_P1L3,EDIFICIO_2,P1,,SOL2_1_wall_0023,6.168,38.408,wall,E2-P1-M-012,,,,,,,
POINT,TRIBUTARY_POINT_AREA,APLICADO_P1L3,EDIFICIO_2,P1,,SOL2_1_wall_0024,9.1286,56.8438,wall,E2-P1-M-017,,,,,,,
POINT,TRIBUTARY_POINT_AREA,APLICADO_P1L3,EDIFICIO_2,P1,,SOL2_1_wall_0025,47.37,294.9732,wall,E2-P1-M-018,,,,,,,
POINT,TRIBUTARY_POINT_AREA,APLICADO_P1L3,EDIFICIO_2,P1,,SOL2_1_wall_0026,6.6614,41.4806,wall,E2-P1-M-014,,,,,,,
POINT,TRIBUTARY_POINT_AREA,APLICADO_P1L3,EDIFICIO_2,P1,,SOL2_1_wall_0027,37.748,235.0568,wall,E2-P1-M-013,,,,,,,
POINT,TRIBUTARY_POINT_AREA,APLICADO_P1L3,EDIFICIO_2,P1,,SOL2_1_wall_0028,1.4803,9.2179,wall,E2-P1-M-016,,,,,,,
POINT,TRIBUTARY_POINT_AREA,APLICADO_P1L3,EDIFICIO_2,P1,,SOL2_1_wall_0029,7.895,49.1622,wall,E2-P1-M-015,,,,,,,
POINT,TRIBUTARY_POINT_AREA,APLICADO_P1L3,EDIFICIO_2,P1,,SOL2_1_wall_0030,14.3097,89.1065,wall,E2-P1-M-011,,,,,,,
POINT,TRIBUTARY_POINT_AREA,APLICADO_P1L3,EDIFICIO_2,P1,,SOL2_1_wall_0031,15.2966,95.2518,wall,E2-P1-M-007,,,,,,,
POINT,TRIBUTARY_POINT_AREA,APLICADO_P1L3,EDIFICIO_2,P1,,SOL2_1_wall_0032,11.5958,72.207,wall,E2-P1-M-008,,,,,,,
POINT,TRIBUTARY_POINT_AREA,APLICADO_P1L3,EDIFICIO_2,P1,,SOL2_1_wall_0033,0.0,0.0,wall,E2-P1-M-006,,,,,,,
POINT,TRIBUTARY_POINT_AREA,APLICADO_P1L3,EDIFICIO_2,P1,,SOL2_1_wall_0034,3.2073,19.9721,wall,E2-P1-M-001,,,,,,,
POINT,TRIBUTARY_POINT_AREA,APLICADO_P1L3,EDIFICIO_2,P1,,SOL2_1_wall_0035,3.2073,19.9721,wall,E2-P1-M-002,,,,,,,
POINT,TRIBUTARY_POINT_AREA,APLICADO_P1L3,EDIFICIO_2,P1,,SOL2_1_wall_0036,0.2467,1.5363,wall,E2-P1-M-005,,,,,,,
POINT,TRIBUTARY_POINT_AREA,APLICADO_P1L3,EDIFICIO_2,P1,,SOL2_1_wall_0037,0.4934,3.0726,wall,E2-P1-M-004,,,,,,,
POINT,TRIBUTARY_POINT_AREA,APLICADO_P1L3,EDIFICIO_2,P1,,SOL2_1_wall_0038,0.0,0.0,wall,E2-P1-M-003,,,,,,,
POINT,TRIBUTARY_POINT_AREA,APLICADO_P1L3,EDIFICIO_2,P1,,SOL2_1_wall_0039,16.5302,102.9334,wall,E2-P1-M-010,,,,,,,
POINT,TRIBUTARY_POINT_AREA,APLICADO_P1L3,EDIFICIO_2,P1,,SOL2_1_wall_0040,6.168,38.408,wall,E2-P1-M-009,,,,,,,
POINT,TRIBUTARY_POINT_AREA,APLICADO_P1L3,EDIFICIO_2,P1,,SOL2_1_column_0001,51.3175,319.5543,column,E2-P1-C-002,,,,,,,
POINT,TRIBUTARY_POINT_AREA,APLICADO_P1L3,EDIFICIO_2,P1,,SOL2_1_column_0002,47.1233,293.4369,column,E2-P1-C-005,,,,,,,
POINT,TRIBUTARY_POINT_AREA,APLICADO_P1L3,EDIFICIO_2,P1,,SOL2_1_column_0003,70.8083,440.9235,column,E2-P1-C-006,,,,,,,
POINT,TRIBUTARY_POINT_AREA,APLICADO_P1L3,EDIFICIO_2,P1,,SOL2_1_column_0004,71.0551,442.4598,column,E2-P1-C-003,,,,,,,
POINT,TRIBUTARY_POINT_AREA,APLICADO_P1L3,EDIFICIO_2,P1,,SOL2_1_column_0005,55.0183,342.5991,column,E2-P1-C-001,,,,,,,
POINT,TRIBUTARY_POINT_AREA,APLICADO_P1L3,EDIFICIO_2,P1,,SOL2_1_column_0006,46.6299,290.3642,column,E2-P1-C-004,,,,,,,
POINT,TRIBUTARY_POINT_AREA,APLICADO_P1L3,EDIFICIO_2,P1,,SOL2_1_column_0007,48.8503,304.1911,column,E2-P1-C-007,,,,,,,
POINT,TRIBUTARY_POINT_AREA,APLICADO_P1L3,EDIFICIO_2,P1,,SOL2_1_column_0008,5.9213,36.8717,column,E2-P1-C-008,,,,,,,
POINT,TRIBUTARY_POINT_AREA,APLICADO_P1L3,EDIFICIO_2,P2,,SOL2_2_wall_0041,0.0,0.0,wall,E2-P2-M-019,,,,,,,
POINT,TRIBUTARY_POINT_AREA,APLICADO_P1L3,EDIFICIO_2,P2,,SOL2_2_wall_0042,0.0,0.0,wall,E2-P2-M-020,,,,,,,
POINT,TRIBUTARY_POINT_AREA,APLICADO_P1L3,EDIFICIO_2,P2,,SOL2_2_wall_0043,6.168,38.408,wall,E2-P2-M-012,,,,,,,
POINT,TRIBUTARY_POINT_AREA,APLICADO_P1L3,EDIFICIO_2,P2,,SOL2_2_wall_0044,9.1286,56.8438,wall,E2-P2-M-017,,,,,,,
POINT,TRIBUTARY_POINT_AREA,APLICADO_P1L3,EDIFICIO_2,P2,,SOL2_2_wall_0045,47.37,294.9732,wall,E2-P2-M-018,,,,,,,
POINT,TRIBUTARY_POINT_AREA,APLICADO_P1L3,EDIFICIO_2,P2,,SOL2_2_wall_0046,6.6614,41.4806,wall,E2-P2-M-014,,,,,,,
POINT,TRIBUTARY_POINT_AREA,APLICADO_P1L3,EDIFICIO_2,P2,,SOL2_2_wall_0047,37.748,235.0568,wall,E2-P2-M-013,,,,,,,
POINT,TRIBUTARY_POINT_AREA,APLICADO_P1L3,EDIFICIO_2,P2,,SOL2_2_wall_0048,1.4803,9.2179,wall,E2-P2-M-016,,,,,,,
POINT,TRIBUTARY_POINT_AREA,APLICADO_P1L3,EDIFICIO_2,P2,,SOL2_2_wall_0049,7.895,49.1622,wall,E2-P2-M-015,,,,,,,
POINT,TRIBUTARY_POINT_AREA,APLICADO_P1L3,EDIFICIO_2,P2,,SOL2_2_wall_0050,14.3097,89.1065,wall,E2-P2-M-011,,,,,,,
POINT,TRIBUTARY_POINT_AREA,APLICADO_P1L3,EDIFICIO_2,P2,,SOL2_2_wall_0051,15.2966,95.2518,wall,E2-P2-M-007,,,,,,,
POINT,TRIBUTARY_POINT_AREA,APLICADO_P1L3,EDIFICIO_2,P2,,SOL2_2_wall_0052,11.5958,72.207,wall,E2-P2-M-008,,,,,,,
POINT,TRIBUTARY_POINT_AREA,APLICADO_P1L3,EDIFICIO_2,P2,,SOL2_2_wall_0053,0.0,0.0,wall,E2-P2-M-006,,,,,,,
POINT,TRIBUTARY_POINT_AREA,APLICADO_P1L3,EDIFICIO_2,P2,,SOL2_2_wall_0054,3.2073,19.9721,wall,E2-P2-M-001,,,,,,,
POINT,TRIBUTARY_POINT_AREA,APLICADO_P1L3,EDIFICIO_2,P2,,SOL2_2_wall_0055,3.2073,19.9721,wall,E2-P2-M-002,,,,,,,
POINT,TRIBUTARY_POINT_AREA,APLICADO_P1L3,EDIFICIO_2,P2,,SOL2_2_wall_0056,0.2467,1.5363,wall,E2-P2-M-005,,,,,,,
POINT,TRIBUTARY_POINT_AREA,APLICADO_P1L3,EDIFICIO_2,P2,,SOL2_2_wall_0057,0.4934,3.0726,wall,E2-P2-M-004,,,,,,,
POINT,TRIBUTARY_POINT_AREA,APLICADO_P1L3,EDIFICIO_2,P2,,SOL2_2_wall_0058,0.0,0.0,wall,E2-P2-M-003,,,,,,,
POINT,TRIBUTARY_POINT_AREA,APLICADO_P1L3,EDIFICIO_2,P2,,SOL2_2_wall_0059,16.5302,102.9334,wall,E2-P2-M-010,,,,,,,
POINT,TRIBUTARY_POINT_AREA,APLICADO_P1L3,EDIFICIO_2,P2,,SOL2_2_wall_0060,6.168,38.408,wall,E2-P2-M-009,,,,,,,
POINT,TRIBUTARY_POINT_AREA,APLICADO_P1L3,EDIFICIO_2,P2,,SOL2_2_column_0001,51.3175,319.5543,column,E2-P2-C-002,,,,,,,
POINT,TRIBUTARY_POINT_AREA,APLICADO_P1L3,EDIFICIO_2,P2,,SOL2_2_column_0002,47.1233,293.4369,column,E2-P2-C-005,,,,,,,
POINT,TRIBUTARY_POINT_AREA,APLICADO_P1L3,EDIFICIO_2,P2,,SOL2_2_column_0003,70.8083,440.9235,column,E2-P2-C-006,,,,,,,
POINT,TRIBUTARY_POINT_AREA,APLICADO_P1L3,EDIFICIO_2,P2,,SOL2_2_column_0004,71.0551,442.4598,column,E2-P2-C-003,,,,,,,
POINT,TRIBUTARY_POINT_AREA,APLICADO_P1L3,EDIFICIO_2,P2,,SOL2_2_column_0005,55.0183,342.5991,column,E2-P2-C-001,,,,,,,
POINT,TRIBUTARY_POINT_AREA,APLICADO_P1L3,EDIFICIO_2,P2,,SOL2_2_column_0006,46.6299,290.3642,column,E2-P2-C-004,,,,,,,
POINT,TRIBUTARY_POINT_AREA,APLICADO_P1L3,EDIFICIO_2,P2,,SOL2_2_column_0007,48.8503,304.1911,column,E2-P2-C-007,,,,,,,
POINT,TRIBUTARY_POINT_AREA,APLICADO_P1L3,EDIFICIO_2,P2,,SOL2_2_column_0008,5.9213,36.8717,column,E2-P2-C-008,,,,,,,
POINT,TRIBUTARY_POINT_AREA,APLICADO_P1L3,EDIFICIO_2,P3,,SOL2_3_wall_0061,0.0,0.0,wall,E2-P3-M-019,,,,,,,
POINT,TRIBUTARY_POINT_AREA,APLICADO_P1L3,EDIFICIO_2,P3,,SOL2_3_wall_0062,0.0,0.0,wall,E2-P3-M-020,,,,,,,
POINT,TRIBUTARY_POINT_AREA,APLICADO_P1L3,EDIFICIO_2,P3,,SOL2_3_wall_0063,6.168,38.408,wall,E2-P3-M-012,,,,,,,
POINT,TRIBUTARY_POINT_AREA,APLICADO_P1L3,EDIFICIO_2,P3,,SOL2_3_wall_0064,9.1286,56.8438,wall,E2-P3-M-017,,,,,,,
POINT,TRIBUTARY_POINT_AREA,APLICADO_P1L3,EDIFICIO_2,P3,,SOL2_3_wall_0065,47.37,294.9732,wall,E2-P3-M-018,,,,,,,
POINT,TRIBUTARY_POINT_AREA,APLICADO_P1L3,EDIFICIO_2,P3,,SOL2_3_wall_0066,6.6614,41.4806,wall,E2-P3-M-014,,,,,,,
POINT,TRIBUTARY_POINT_AREA,APLICADO_P1L3,EDIFICIO_2,P3,,SOL2_3_wall_0067,37.748,235.0568,wall,E2-P3-M-013,,,,,,,
POINT,TRIBUTARY_POINT_AREA,APLICADO_P1L3,EDIFICIO_2,P3,,SOL2_3_wall_0068,1.4803,9.2179,wall,E2-P3-M-016,,,,,,,
POINT,TRIBUTARY_POINT_AREA,APLICADO_P1L3,EDIFICIO_2,P3,,SOL2_3_wall_0069,7.895,49.1622,wall,E2-P3-M-015,,,,,,,
POINT,TRIBUTARY_POINT_AREA,APLICADO_P1L3,EDIFICIO_2,P3,,SOL2_3_wall_0070,14.3097,89.1065,wall,E2-P3-M-011,,,,,,,
POINT,TRIBUTARY_POINT_AREA,APLICADO_P1L3,EDIFICIO_2,P3,,SOL2_3_wall_0071,15.2966,95.2518,wall,E2-P3-M-007,,,,,,,
POINT,TRIBUTARY_POINT_AREA,APLICADO_P1L3,EDIFICIO_2,P3,,SOL2_3_wall_0072,11.5958,72.207,wall,E2-P3-M-008,,,,,,,
POINT,TRIBUTARY_POINT_AREA,APLICADO_P1L3,EDIFICIO_2,P3,,SOL2_3_wall_0073,0.0,0.0,wall,E2-P3-M-006,,,,,,,
POINT,TRIBUTARY_POINT_AREA,APLICADO_P1L3,EDIFICIO_2,P3,,SOL2_3_wall_0074,3.2073,19.9721,wall,E2-P3-M-001,,,,,,,
POINT,TRIBUTARY_POINT_AREA,APLICADO_P1L3,EDIFICIO_2,P3,,SOL2_3_wall_0075,3.2073,19.9721,wall,E2-P3-M-002,,,,,,,
POINT,TRIBUTARY_POINT_AREA,APLICADO_P1L3,EDIFICIO_2,P3,,SOL2_3_wall_0076,0.2467,1.5363,wall,E2-P3-M-005,,,,,,,
POINT,TRIBUTARY_POINT_AREA,APLICADO_P1L3,EDIFICIO_2,P3,,SOL2_3_wall_0077,0.4934,3.0726,wall,E2-P3-M-004,,,,,,,
POINT,TRIBUTARY_POINT_AREA,APLICADO_P1L3,EDIFICIO_2,P3,,SOL2_3_wall_0078,0.0,0.0,wall,E2-P3-M-003,,,,,,,
POINT,TRIBUTARY_POINT_AREA,APLICADO_P1L3,EDIFICIO_2,P3,,SOL2_3_wall_0079,16.5302,102.9334,wall,E2-P3-M-010,,,,,,,
POINT,TRIBUTARY_POINT_AREA,APLICADO_P1L3,EDIFICIO_2,P3,,SOL2_3_wall_0080,6.168,38.408,wall,E2-P3-M-009,,,,,,,
POINT,TRIBUTARY_POINT_AREA,APLICADO_P1L3,EDIFICIO_2,P3,,SOL2_3_column_0001,51.3175,319.5543,column,E2-P3-C-002,,,,,,,
POINT,TRIBUTARY_POINT_AREA,APLICADO_P1L3,EDIFICIO_2,P3,,SOL2_3_column_0002,47.1233,293.4369,column,E2-P3-C-005,,,,,,,
POINT,TRIBUTARY_POINT_AREA,APLICADO_P1L3,EDIFICIO_2,P3,,SOL2_3_column_0003,70.8083,440.9235,column,E2-P3-C-006,,,,,,,
POINT,TRIBUTARY_POINT_AREA,APLICADO_P1L3,EDIFICIO_2,P3,,SOL2_3_column_0004,71.0551,442.4598,column,E2-P3-C-003,,,,,,,
POINT,TRIBUTARY_POINT_AREA,APLICADO_P1L3,EDIFICIO_2,P3,,SOL2_3_column_0005,55.0183,342.5991,column,E2-P3-C-001,,,,,,,
POINT,TRIBUTARY_POINT_AREA,APLICADO_P1L3,EDIFICIO_2,P3,,SOL2_3_column_0006,46.6299,290.3642,column,E2-P3-C-004,,,,,,,
POINT,TRIBUTARY_POINT_AREA,APLICADO_P1L3,EDIFICIO_2,P3,,SOL2_3_column_0007,48.8503,304.1911,column,E2-P3-C-007,,,,,,,
POINT,TRIBUTARY_POINT_AREA,APLICADO_P1L3,EDIFICIO_2,P3,,SOL2_3_column_0008,5.9213,36.8717,column,E2-P3-C-008,,,,,,,
POINT,TRIBUTARY_POINT_AREA,APLICADO_P1L3,EDIFICIO_2,P4,,SOL2_4_wall_0081,0.0,0.0,wall,E2-P4-M-019,,,,,,,
POINT,TRIBUTARY_POINT_AREA,APLICADO_P1L3,EDIFICIO_2,P4,,SOL2_4_wall_0082,0.0,0.0,wall,E2-P4-M-020,,,,,,,
POINT,TRIBUTARY_POINT_AREA,APLICADO_P1L3,EDIFICIO_2,P4,,SOL2_4_wall_0083,6.168,38.408,wall,E2-P4-M-012,,,,,,,
POINT,TRIBUTARY_POINT_AREA,APLICADO_P1L3,EDIFICIO_2,P4,,SOL2_4_wall_0084,5.1811,32.2627,wall,E2-P4-M-017,,,,,,,
POINT,TRIBUTARY_POINT_AREA,APLICADO_P1L3,EDIFICIO_2,P4,,SOL2_4_wall_0085,47.37,294.9732,wall,E2-P4-M-018,,,,,,,
POINT,TRIBUTARY_POINT_AREA,APLICADO_P1L3,EDIFICIO_2,P4,,SOL2_4_wall_0086,6.6614,41.4806,wall,E2-P4-M-014,,,,,,,
POINT,TRIBUTARY_POINT_AREA,APLICADO_P1L3,EDIFICIO_2,P4,,SOL2_4_wall_0087,37.748,235.0568,wall,E2-P4-M-013,,,,,,,
POINT,TRIBUTARY_POINT_AREA,APLICADO_P1L3,EDIFICIO_2,P4,,SOL2_4_wall_0088,1.4803,9.2179,wall,E2-P4-M-016,,,,,,,
POINT,TRIBUTARY_POINT_AREA,APLICADO_P1L3,EDIFICIO_2,P4,,SOL2_4_wall_0089,9.622,59.9164,wall,E2-P4-M-015,,,,,,,
POINT,TRIBUTARY_POINT_AREA,APLICADO_P1L3,EDIFICIO_2,P4,,SOL2_4_wall_0090,14.3097,89.1065,wall,E2-P4-M-011,,,,,,,
POINT,TRIBUTARY_POINT_AREA,APLICADO_P1L3,EDIFICIO_2,P4,,SOL2_4_wall_0091,15.2966,95.2518,wall,E2-P4-M-007,,,,,,,
POINT,TRIBUTARY_POINT_AREA,APLICADO_P1L3,EDIFICIO_2,P4,,SOL2_4_wall_0092,11.5958,72.207,wall,E2-P4-M-008,,,,,,,
POINT,TRIBUTARY_POINT_AREA,APLICADO_P1L3,EDIFICIO_2,P4,,SOL2_4_wall_0093,0.0,0.0,wall,E2-P4-M-006,,,,,,,
POINT,TRIBUTARY_POINT_AREA,APLICADO_P1L3,EDIFICIO_2,P4,,SOL2_4_wall_0094,3.2073,19.9721,wall,E2-P4-M-001,,,,,,,
POINT,TRIBUTARY_POINT_AREA,APLICADO_P1L3,EDIFICIO_2,P4,,SOL2_4_wall_0095,3.2073,19.9721,wall,E2-P4-M-002,,,,,,,
POINT,TRIBUTARY_POINT_AREA,APLICADO_P1L3,EDIFICIO_2,P4,,SOL2_4_wall_0096,0.2467,1.5363,wall,E2-P4-M-005,,,,,,,
POINT,TRIBUTARY_POINT_AREA,APLICADO_P1L3,EDIFICIO_2,P4,,SOL2_4_wall_0097,0.4934,3.0726,wall,E2-P4-M-004,,,,,,,
POINT,TRIBUTARY_POINT_AREA,APLICADO_P1L3,EDIFICIO_2,P4,,SOL2_4_wall_0098,0.0,0.0,wall,E2-P4-M-003,,,,,,,
POINT,TRIBUTARY_POINT_AREA,APLICADO_P1L3,EDIFICIO_2,P4,,SOL2_4_wall_0099,16.5302,102.9334,wall,E2-P4-M-010,,,,,,,
POINT,TRIBUTARY_POINT_AREA,APLICADO_P1L3,EDIFICIO_2,P4,,SOL2_4_wall_0100,6.168,38.408,wall,E2-P4-M-009,,,,,,,
POINT,TRIBUTARY_POINT_AREA,APLICADO_P1L3,EDIFICIO_2,P4,,SOL2_4_column_0001,51.3175,319.5543,column,E2-P4-C-002,,,,,,,
POINT,TRIBUTARY_POINT_AREA,APLICADO_P1L3,EDIFICIO_2,P4,,SOL2_4_column_0002,47.1233,293.4369,column,E2-P4-C-005,,,,,,,
POINT,TRIBUTARY_POINT_AREA,APLICADO_P1L3,EDIFICIO_2,P4,,SOL2_4_column_0003,70.8083,440.9235,column,E2-P4-C-006,,,,,,,
POINT,TRIBUTARY_POINT_AREA,APLICADO_P1L3,EDIFICIO_2,P4,,SOL2_4_column_0004,71.055,442.4598,column,E2-P4-C-003,,,,,,,
POINT,TRIBUTARY_POINT_AREA,APLICADO_P1L3,EDIFICIO_2,P4,,SOL2_4_column_0005,55.0183,342.5991,column,E2-P4-C-001,,,,,,,
POINT,TRIBUTARY_POINT_AREA,APLICADO_P1L3,EDIFICIO_2,P4,,SOL2_4_column_0006,46.6299,290.3642,column,E2-P4-C-004,,,,,,,
POINT,TRIBUTARY_POINT_AREA,APLICADO_P1L3,EDIFICIO_2,P4,,SOL2_4_column_0007,48.8503,304.1911,column,E2-P4-C-007,,,,,,,
POINT,TRIBUTARY_POINT_AREA,APLICADO_P1L3,EDIFICIO_2,P4,,SOL2_4_column_0008,8.1417,50.6985,column,E2-P4-C-008,,,,,,,
POINT,TRIBUTARY_POINT_AREA,APLICADO_P1L3,EDIFICIO_2,S1,,SOL2_1S_wall_0001,0.0,0.0,wall,E2-S1-M-019,,,,,,,
POINT,TRIBUTARY_POINT_AREA,APLICADO_P1L3,EDIFICIO_2,S1,,SOL2_1S_wall_0002,0.0,0.0,wall,E2-S1-M-020,,,,,,,
POINT,TRIBUTARY_POINT_AREA,APLICADO_P1L3,EDIFICIO_2,S1,,SOL2_1S_wall_0003,6.168,38.408,wall,E2-S1-M-012,,,,,,,
POINT,TRIBUTARY_POINT_AREA,APLICADO_P1L3,EDIFICIO_2,S1,,SOL2_1S_wall_0004,9.1286,56.8438,wall,E2-S1-M-017,,,,,,,
POINT,TRIBUTARY_POINT_AREA,APLICADO_P1L3,EDIFICIO_2,S1,,SOL2_1S_wall_0005,47.37,294.9732,wall,E2-S1-M-018,,,,,,,
POINT,TRIBUTARY_POINT_AREA,APLICADO_P1L3,EDIFICIO_2,S1,,SOL2_1S_wall_0006,6.6614,41.4806,wall,E2-S1-M-014,,,,,,,
POINT,TRIBUTARY_POINT_AREA,APLICADO_P1L3,EDIFICIO_2,S1,,SOL2_1S_wall_0007,37.748,235.0568,wall,E2-S1-M-013,,,,,,,
POINT,TRIBUTARY_POINT_AREA,APLICADO_P1L3,EDIFICIO_2,S1,,SOL2_1S_wall_0008,1.4803,9.2179,wall,E2-S1-M-016,,,,,,,
POINT,TRIBUTARY_POINT_AREA,APLICADO_P1L3,EDIFICIO_2,S1,,SOL2_1S_wall_0009,7.895,49.1622,wall,E2-S1-M-015,,,,,,,
POINT,TRIBUTARY_POINT_AREA,APLICADO_P1L3,EDIFICIO_2,S1,,SOL2_1S_wall_0010,14.3097,89.1065,wall,E2-S1-M-011,,,,,,,
POINT,TRIBUTARY_POINT_AREA,APLICADO_P1L3,EDIFICIO_2,S1,,SOL2_1S_wall_0011,15.2966,95.2518,wall,E2-S1-M-007,,,,,,,
POINT,TRIBUTARY_POINT_AREA,APLICADO_P1L3,EDIFICIO_2,S1,,SOL2_1S_wall_0012,11.5958,72.207,wall,E2-S1-M-008,,,,,,,
POINT,TRIBUTARY_POINT_AREA,APLICADO_P1L3,EDIFICIO_2,S1,,SOL2_1S_wall_0013,0.0,0.0,wall,E2-S1-M-006,,,,,,,
POINT,TRIBUTARY_POINT_AREA,APLICADO_P1L3,EDIFICIO_2,S1,,SOL2_1S_wall_0014,3.2073,19.9721,wall,E2-S1-M-001,,,,,,,
POINT,TRIBUTARY_POINT_AREA,APLICADO_P1L3,EDIFICIO_2,S1,,SOL2_1S_wall_0015,3.2073,19.9721,wall,E2-S1-M-002,,,,,,,
POINT,TRIBUTARY_POINT_AREA,APLICADO_P1L3,EDIFICIO_2,S1,,SOL2_1S_wall_0016,0.2467,1.5363,wall,E2-S1-M-005,,,,,,,
POINT,TRIBUTARY_POINT_AREA,APLICADO_P1L3,EDIFICIO_2,S1,,SOL2_1S_wall_0017,0.4934,3.0726,wall,E2-S1-M-004,,,,,,,
POINT,TRIBUTARY_POINT_AREA,APLICADO_P1L3,EDIFICIO_2,S1,,SOL2_1S_wall_0018,0.0,0.0,wall,E2-S1-M-003,,,,,,,
POINT,TRIBUTARY_POINT_AREA,APLICADO_P1L3,EDIFICIO_2,S1,,SOL2_1S_wall_0019,16.5302,102.9334,wall,E2-S1-M-010,,,,,,,
POINT,TRIBUTARY_POINT_AREA,APLICADO_P1L3,EDIFICIO_2,S1,,SOL2_1S_wall_0020,6.168,38.408,wall,E2-S1-M-009,,,,,,,
POINT,TRIBUTARY_POINT_AREA,APLICADO_P1L3,EDIFICIO_2,S1,,SOL2_1S_column_0001,51.3175,319.5543,column,E2-S1-C-002,,,,,,,
POINT,TRIBUTARY_POINT_AREA,APLICADO_P1L3,EDIFICIO_2,S1,,SOL2_1S_column_0002,47.1233,293.4369,column,E2-S1-C-005,,,,,,,
POINT,TRIBUTARY_POINT_AREA,APLICADO_P1L3,EDIFICIO_2,S1,,SOL2_1S_column_0003,70.8083,440.9235,column,E2-S1-C-006,,,,,,,
POINT,TRIBUTARY_POINT_AREA,APLICADO_P1L3,EDIFICIO_2,S1,,SOL2_1S_column_0004,71.0551,442.4598,column,E2-S1-C-003,,,,,,,
POINT,TRIBUTARY_POINT_AREA,APLICADO_P1L3,EDIFICIO_2,S1,,SOL2_1S_column_0005,55.0183,342.5991,column,E2-S1-C-001,,,,,,,
POINT,TRIBUTARY_POINT_AREA,APLICADO_P1L3,EDIFICIO_2,S1,,SOL2_1S_column_0006,46.6299,290.3642,column,E2-S1-C-004,,,,,,,
POINT,TRIBUTARY_POINT_AREA,APLICADO_P1L3,EDIFICIO_2,S1,,SOL2_1S_column_0007,48.8503,304.1911,column,E2-S1-C-007,,,,,,,
POINT,TRIBUTARY_POINT_AREA,APLICADO_P1L3,EDIFICIO_2,S1,,SOL2_1S_column_0008,5.9213,36.8717,column,E2-S1-C-008,,,,,,,
POINT,TRIBUTARY_POINT_AREA,APLICADO_P1L3,EDIFICIO_2,S1,,SOL2_base_support_0001,0.0,0.0,support,E2-S1-A-027,,,,,,,
POINT,TRIBUTARY_POINT_AREA,APLICADO_P1L3,EDIFICIO_2,S1,,SOL2_base_support_0002,0.0,0.0,support,E2-S1-A-028,,,,,,,
POINT,TRIBUTARY_POINT_AREA,APLICADO_P1L3,EDIFICIO_2,S1,,SOL2_base_support_0003,0.0,0.0,support,E2-S1-A-012,,,,,,,
POINT,TRIBUTARY_POINT_AREA,APLICADO_P1L3,EDIFICIO_2,S1,,SOL2_base_support_0004,0.0,0.0,support,E2-S1-A-025,,,,,,,
POINT,TRIBUTARY_POINT_AREA,APLICADO_P1L3,EDIFICIO_2,S1,,SOL2_base_support_0005,0.0,0.0,support,E2-S1-A-026,,,,,,,
POINT,TRIBUTARY_POINT_AREA,APLICADO_P1L3,EDIFICIO_2,S1,,SOL2_base_support_0006,0.0,0.0,support,E2-S1-A-021,,,,,,,
POINT,TRIBUTARY_POINT_AREA,APLICADO_P1L3,EDIFICIO_2,S1,,SOL2_base_support_0007,0.0,0.0,support,E2-S1-A-020,,,,,,,
POINT,TRIBUTARY_POINT_AREA,APLICADO_P1L3,EDIFICIO_2,S1,,SOL2_base_support_0008,0.0,0.0,support,E2-S1-A-023,,,,,,,
POINT,TRIBUTARY_POINT_AREA,APLICADO_P1L3,EDIFICIO_2,S1,,SOL2_base_support_0009,0.0,0.0,support,E2-S1-A-022,,,,,,,
POINT,TRIBUTARY_POINT_AREA,APLICADO_P1L3,EDIFICIO_2,S1,,SOL2_base_support_0010,0.0,0.0,support,E2-S1-A-011,,,,,,,
POINT,TRIBUTARY_POINT_AREA,APLICADO_P1L3,EDIFICIO_2,S1,,SOL2_base_support_0011,0.0,0.0,support,E2-S1-A-007,,,,,,,
POINT,TRIBUTARY_POINT_AREA,APLICADO_P1L3,EDIFICIO_2,S1,,SOL2_base_support_0012,0.0,0.0,support,E2-S1-A-008,,,,,,,
POINT,TRIBUTARY_POINT_AREA,APLICADO_P1L3,EDIFICIO_2,S1,,SOL2_base_support_0013,0.0,0.0,support,E2-S1-A-006,,,,,,,
POINT,TRIBUTARY_POINT_AREA,APLICADO_P1L3,EDIFICIO_2,S1,,SOL2_base_support_0014,0.0,0.0,support,E2-S1-A-001,,,,,,,
POINT,TRIBUTARY_POINT_AREA,APLICADO_P1L3,EDIFICIO_2,S1,,SOL2_base_support_0015,0.0,0.0,support,E2-S1-A-002,,,,,,,
POINT,TRIBUTARY_POINT_AREA,APLICADO_P1L3,EDIFICIO_2,S1,,SOL2_base_support_0016,0.0,0.0,support,E2-S1-A-005,,,,,,,
POINT,TRIBUTARY_POINT_AREA,APLICADO_P1L3,EDIFICIO_2,S1,,SOL2_base_support_0017,0.0,0.0,support,E2-S1-A-004,,,,,,,
POINT,TRIBUTARY_POINT_AREA,APLICADO_P1L3,EDIFICIO_2,S1,,SOL2_base_support_0018,0.0,0.0,support,E2-S1-A-003,,,,,,,
POINT,TRIBUTARY_POINT_AREA,APLICADO_P1L3,EDIFICIO_2,S1,,SOL2_base_support_0019,0.0,0.0,support,E2-S1-A-010,,,,,,,
POINT,TRIBUTARY_POINT_AREA,APLICADO_P1L3,EDIFICIO_2,S1,,SOL2_base_support_0020,0.0,0.0,support,E2-S1-A-009,,,,,,,
POINT,TRIBUTARY_POINT_AREA,APLICADO_P1L3,EDIFICIO_2,S1,,SOL2_base_support_0021,0.0,0.0,support,E2-S1-A-014,,,,,,,
POINT,TRIBUTARY_POINT_AREA,APLICADO_P1L3,EDIFICIO_2,S1,,SOL2_base_support_0022,0.0,0.0,support,E2-S1-A-017,,,,,,,
POINT,TRIBUTARY_POINT_AREA,APLICADO_P1L3,EDIFICIO_2,S1,,SOL2_base_support_0023,0.0,0.0,support,E2-S1-A-018,,,,,,,
POINT,TRIBUTARY_POINT_AREA,APLICADO_P1L3,EDIFICIO_2,S1,,SOL2_base_support_0024,0.0,0.0,support,E2-S1-A-015,,,,,,,
POINT,TRIBUTARY_POINT_AREA,APLICADO_P1L3,EDIFICIO_2,S1,,SOL2_base_support_0025,0.0,0.0,support,E2-S1-A-013,,,,,,,
POINT,TRIBUTARY_POINT_AREA,APLICADO_P1L3,EDIFICIO_2,S1,,SOL2_base_support_0026,0.0,0.0,support,E2-S1-A-016,,,,,,,
POINT,TRIBUTARY_POINT_AREA,APLICADO_P1L3,EDIFICIO_2,S1,,SOL2_base_support_0027,0.0,0.0,support,E2-S1-A-019,,,,,,,
POINT,TRIBUTARY_POINT_AREA,APLICADO_P1L3,EDIFICIO_2,S1,,SOL2_base_support_0028,0.0,0.0,support,E2-S1-A-024,,,,,,,
SC_SURFACE,CATALOGO_700,READY_FOR_Q_REVIEW_NOT_APPLIED,EDIFICIO_1,S1,,,,,,,L700-E1-S1-H01-SC_SURFACE,500,kgf/m2,4.903325,kN/m2,Polygon,
PM_ADIC_SURFACE,CATALOGO_700,READY_FOR_Q_REVIEW_NOT_APPLIED,EDIFICIO_1,S1,,,,,,,L700-E1-S1-H01-PM_ADIC_SURFACE,260,kgf/m2,2.549729,kN/m2,Polygon,
SC_SURFACE,CATALOGO_700,READY_FOR_Q_REVIEW_NOT_APPLIED,EDIFICIO_1,S1,,,,,,,L700-E1-S1-H02-SC_SURFACE,300,kgf/m2,2.941995,kN/m2,Polygon,
PM_ADIC_SURFACE,CATALOGO_700,READY_FOR_Q_REVIEW_NOT_APPLIED,EDIFICIO_1,S1,,,,,,,L700-E1-S1-H02-PM_ADIC_SURFACE,260,kgf/m2,2.549729,kN/m2,Polygon,
SC_SURFACE,CATALOGO_700,READY_FOR_Q_REVIEW_NOT_APPLIED,EDIFICIO_1,S1,,,,,,,L700-E1-S1-H03-SC_SURFACE,250,kgf/m2,2.4516625,kN/m2,Polygon,
PM_ADIC_SURFACE,CATALOGO_700,READY_FOR_Q_REVIEW_NOT_APPLIED,EDIFICIO_1,S1,,,,,,,L700-E1-S1-H03-PM_ADIC_SURFACE,260,kgf/m2,2.549729,kN/m2,Polygon,
SC_SURFACE,CATALOGO_700,READY_FOR_Q_REVIEW_NOT_APPLIED,EDIFICIO_1,S1,,,,,,,L700-E1-S1-H04-SC_SURFACE,500,kgf/m2,4.903325,kN/m2,Polygon,
PM_ADIC_SURFACE,CATALOGO_700,READY_FOR_Q_REVIEW_NOT_APPLIED,EDIFICIO_1,S1,,,,,,,L700-E1-S1-H04-PM_ADIC_SURFACE,300,kgf/m2,2.941995,kN/m2,Polygon,
SC_SURFACE,CATALOGO_700,READY_FOR_Q_REVIEW_NOT_APPLIED,EDIFICIO_1,S1,,,,,,,L700-E1-S1-H05-SC_SURFACE,500,kgf/m2,4.903325,kN/m2,Polygon,
PM_ADIC_SURFACE,CATALOGO_700,READY_FOR_Q_REVIEW_NOT_APPLIED,EDIFICIO_1,S1,,,,,,,L700-E1-S1-H05-PM_ADIC_SURFACE,300,kgf/m2,2.941995,kN/m2,Polygon,
SC_SURFACE,CATALOGO_700,READY_FOR_Q_REVIEW_NOT_APPLIED,EDIFICIO_1,P1,,,,,,,L700-E1-P1-H06-SC_SURFACE,200,kgf/m2,1.96133,kN/m2,Polygon,
PM_ADIC_SURFACE,CATALOGO_700,READY_FOR_Q_REVIEW_NOT_APPLIED,EDIFICIO_1,P1,,,,,,,L700-E1-P1-H06-PM_ADIC_SURFACE,200,kgf/m2,1.96133,kN/m2,Polygon,
SC_SURFACE,CATALOGO_700,READY_FOR_Q_REVIEW_NOT_APPLIED,EDIFICIO_1,P1,,,,,,,L700-E1-P1-H07-SC_SURFACE,250,kgf/m2,2.4516625,kN/m2,Polygon,
PM_ADIC_SURFACE,CATALOGO_700,READY_FOR_Q_REVIEW_NOT_APPLIED,EDIFICIO_1,P1,,,,,,,L700-E1-P1-H07-PM_ADIC_SURFACE,260,kgf/m2,2.549729,kN/m2,Polygon,
SC_SURFACE,CATALOGO_700,READY_FOR_Q_REVIEW_NOT_APPLIED,EDIFICIO_1,P1,,,,,,,L700-E1-P1-H08-SC_SURFACE,500,kgf/m2,4.903325,kN/m2,Polygon,
PM_ADIC_SURFACE,CATALOGO_700,READY_FOR_Q_REVIEW_NOT_APPLIED,EDIFICIO_1,P1,,,,,,,L700-E1-P1-H08-PM_ADIC_SURFACE,260,kgf/m2,2.549729,kN/m2,Polygon,
SC_SURFACE,CATALOGO_700,READY_FOR_Q_REVIEW_NOT_APPLIED,EDIFICIO_1,P1,,,,,,,L700-E1-P1-H09-SC_SURFACE,500,kgf/m2,4.903325,kN/m2,Polygon,
PM_ADIC_SURFACE,CATALOGO_700,READY_FOR_Q_REVIEW_NOT_APPLIED,EDIFICIO_1,P1,,,,,,,L700-E1-P1-H09-PM_ADIC_SURFACE,260,kgf/m2,2.549729,kN/m2,Polygon,
SC_SURFACE,CATALOGO_700,READY_FOR_Q_REVIEW_NOT_APPLIED,EDIFICIO_1,P1,,,,,,,L700-E1-P1-H10-SC_SURFACE,500,kgf/m2,4.903325,kN/m2,Polygon,
PM_ADIC_SURFACE,CATALOGO_700,READY_FOR_Q_REVIEW_NOT_APPLIED,EDIFICIO_1,P1,,,,,,,L700-E1-P1-H10-PM_ADIC_SURFACE,260,kgf/m2,2.549729,kN/m2,Polygon,
SC_SURFACE,CATALOGO_700,READY_FOR_Q_REVIEW_NOT_APPLIED,EDIFICIO_1,P1,,,,,,,L700-E1-P1-H11-SC_SURFACE,300,kgf/m2,2.941995,kN/m2,Polygon,
PM_ADIC_SURFACE,CATALOGO_700,READY_FOR_Q_REVIEW_NOT_APPLIED,EDIFICIO_1,P1,,,,,,,L700-E1-P1-H11-PM_ADIC_SURFACE,260,kgf/m2,2.549729,kN/m2,Polygon,
SC_SURFACE,CATALOGO_700,READY_FOR_Q_REVIEW_NOT_APPLIED,EDIFICIO_1,P1,,,,,,,L700-E1-P1-H12-SC_SURFACE,500,kgf/m2,4.903325,kN/m2,Polygon,
PM_ADIC_SURFACE,CATALOGO_700,READY_FOR_Q_REVIEW_NOT_APPLIED,EDIFICIO_1,P1,,,,,,,L700-E1-P1-H12-PM_ADIC_SURFACE,2800,kgf/m2,27.45862,kN/m2,Polygon,
SC_SURFACE,CATALOGO_700,READY_FOR_Q_REVIEW_NOT_APPLIED,EDIFICIO_1,P1,,,,,,,L700-E1-P1-H13-SC_SURFACE,400,kgf/m2,3.92266,kN/m2,Polygon,
PM_ADIC_SURFACE,CATALOGO_700,READY_FOR_Q_REVIEW_NOT_APPLIED,EDIFICIO_1,P1,,,,,,,L700-E1-P1-H13-PM_ADIC_SURFACE,260,kgf/m2,2.549729,kN/m2,Polygon,
SC_SURFACE,CATALOGO_700,READY_FOR_Q_REVIEW_NOT_APPLIED,EDIFICIO_1,P2,,,,,,,L700-E1-P2-H14-SC_SURFACE,500,kgf/m2,4.903325,kN/m2,Polygon,
PM_ADIC_SURFACE,CATALOGO_700,READY_FOR_Q_REVIEW_NOT_APPLIED,EDIFICIO_1,P2,,,,,,,L700-E1-P2-H14-PM_ADIC_SURFACE,260,kgf/m2,2.549729,kN/m2,Polygon,
SC_SURFACE,CATALOGO_700,READY_FOR_Q_REVIEW_NOT_APPLIED,EDIFICIO_1,P2,,,,,,,L700-E1-P2-H15-SC_SURFACE,250,kgf/m2,2.4516625,kN/m2,Polygon,
PM_ADIC_SURFACE,CATALOGO_700,READY_FOR_Q_REVIEW_NOT_APPLIED,EDIFICIO_1,P2,,,,,,,L700-E1-P2-H15-PM_ADIC_SURFACE,260,kgf/m2,2.549729,kN/m2,Polygon,
SC_SURFACE,CATALOGO_700,READY_FOR_Q_REVIEW_NOT_APPLIED,EDIFICIO_1,P2,,,,,,,L700-E1-P2-H16-SC_SURFACE,400,kgf/m2,3.92266,kN/m2,Polygon,
PM_ADIC_SURFACE,CATALOGO_700,READY_FOR_Q_REVIEW_NOT_APPLIED,EDIFICIO_1,P2,,,,,,,L700-E1-P2-H16-PM_ADIC_SURFACE,260,kgf/m2,2.549729,kN/m2,Polygon,
SC_SURFACE,CATALOGO_700,READY_FOR_Q_REVIEW_NOT_APPLIED,EDIFICIO_1,P2,,,,,,,L700-E1-P2-H17-SC_SURFACE,500,kgf/m2,4.903325,kN/m2,Polygon,
PM_ADIC_SURFACE,CATALOGO_700,READY_FOR_Q_REVIEW_NOT_APPLIED,EDIFICIO_1,P2,,,,,,,L700-E1-P2-H17-PM_ADIC_SURFACE,260,kgf/m2,2.549729,kN/m2,Polygon,
SC_SURFACE,CATALOGO_700,READY_FOR_Q_REVIEW_NOT_APPLIED,EDIFICIO_1,P2,,,,,,,L700-E1-P2-H18-SC_SURFACE,500,kgf/m2,4.903325,kN/m2,Polygon,
PM_ADIC_SURFACE,CATALOGO_700,READY_FOR_Q_REVIEW_NOT_APPLIED,EDIFICIO_1,P2,,,,,,,L700-E1-P2-H18-PM_ADIC_SURFACE,260,kgf/m2,2.549729,kN/m2,Polygon,
SC_SURFACE,CATALOGO_700,READY_FOR_Q_REVIEW_NOT_APPLIED,EDIFICIO_1,P2,,,,,,,L700-E1-P2-H19-SC_SURFACE,300,kgf/m2,2.941995,kN/m2,Polygon,
PM_ADIC_SURFACE,CATALOGO_700,READY_FOR_Q_REVIEW_NOT_APPLIED,EDIFICIO_1,P2,,,,,,,L700-E1-P2-H19-PM_ADIC_SURFACE,260,kgf/m2,2.549729,kN/m2,Polygon,
SC_SURFACE,CATALOGO_700,READY_FOR_Q_REVIEW_NOT_APPLIED,EDIFICIO_1,P2,,,,,,,L700-E1-P2-H20-SC_SURFACE,200,kgf/m2,1.96133,kN/m2,Polygon,
PM_ADIC_SURFACE,CATALOGO_700,READY_FOR_Q_REVIEW_NOT_APPLIED,EDIFICIO_1,P2,,,,,,,L700-E1-P2-H20-PM_ADIC_SURFACE,200,kgf/m2,1.96133,kN/m2,Polygon,
SC_SURFACE,CATALOGO_700,READY_FOR_Q_REVIEW_NOT_APPLIED,EDIFICIO_1,P3,,,,,,,L700-E1-P3-H21-SC_SURFACE,250,kgf/m2,2.4516625,kN/m2,Polygon,
PM_ADIC_SURFACE,CATALOGO_700,READY_FOR_Q_REVIEW_NOT_APPLIED,EDIFICIO_1,P3,,,,,,,L700-E1-P3-H21-PM_ADIC_SURFACE,260,kgf/m2,2.549729,kN/m2,Polygon,
SC_SURFACE,CATALOGO_700,READY_FOR_Q_REVIEW_NOT_APPLIED,EDIFICIO_1,P3,,,,,,,L700-E1-P3-H22-SC_SURFACE,300,kgf/m2,2.941995,kN/m2,Polygon,
PM_ADIC_SURFACE,CATALOGO_700,READY_FOR_Q_REVIEW_NOT_APPLIED,EDIFICIO_1,P3,,,,,,,L700-E1-P3-H22-PM_ADIC_SURFACE,260,kgf/m2,2.549729,kN/m2,Polygon,
SC_SURFACE,CATALOGO_700,READY_FOR_Q_REVIEW_NOT_APPLIED,EDIFICIO_1,P3,,,,,,,L700-E1-P3-H23-SC_SURFACE,500,kgf/m2,4.903325,kN/m2,MultiPolygon,
PM_ADIC_SURFACE,CATALOGO_700,READY_FOR_Q_REVIEW_NOT_APPLIED,EDIFICIO_1,P3,,,,,,,L700-E1-P3-H23-PM_ADIC_SURFACE,260,kgf/m2,2.549729,kN/m2,MultiPolygon,
SC_SURFACE,CATALOGO_700,READY_FOR_Q_REVIEW_NOT_APPLIED,EDIFICIO_1,P3,,,,,,,L700-E1-P3-H24-SC_SURFACE,200,kgf/m2,1.96133,kN/m2,Polygon,
PM_ADIC_SURFACE,CATALOGO_700,READY_FOR_Q_REVIEW_NOT_APPLIED,EDIFICIO_1,P3,,,,,,,L700-E1-P3-H24-PM_ADIC_SURFACE,200,kgf/m2,1.96133,kN/m2,Polygon,
SC_SURFACE,CATALOGO_700,READY_FOR_Q_REVIEW_NOT_APPLIED,EDIFICIO_1,P4,,,,,,,L700-E1-P4-H25-SC_SURFACE,100,kgf/m2,0.980665,kN/m2,Polygon,
PM_ADIC_SURFACE,CATALOGO_700,READY_FOR_Q_REVIEW_NOT_APPLIED,EDIFICIO_1,P4,,,,,,,L700-E1-P4-H25-PM_ADIC_SURFACE,350,kgf/m2,3.4323275,kN/m2,Polygon,
SC_SURFACE,CATALOGO_700,READY_FOR_Q_REVIEW_NOT_APPLIED,EDIFICIO_1,P4,,,,,,,L700-E1-P4-H26-SC_SURFACE,200,kgf/m2,1.96133,kN/m2,Polygon,
PM_ADIC_SURFACE,CATALOGO_700,READY_FOR_Q_REVIEW_NOT_APPLIED,EDIFICIO_1,P4,,,,,,,L700-E1-P4-H26-PM_ADIC_SURFACE,200,kgf/m2,1.96133,kN/m2,Polygon,
SC_SURFACE,CATALOGO_700,READY_FOR_Q_REVIEW_NOT_APPLIED,EDIFICIO_1,P4,,,,,,,L700-E1-P4-H28-SC_SURFACE,200,kgf/m2,1.96133,kN/m2,Polygon,
PM_ADIC_SURFACE,CATALOGO_700,READY_FOR_Q_REVIEW_NOT_APPLIED,EDIFICIO_1,P4,,,,,,,L700-E1-P4-H28-PM_ADIC_SURFACE,200,kgf/m2,1.96133,kN/m2,Polygon,
SC_SURFACE,CATALOGO_700,READY_FOR_Q_REVIEW_NOT_APPLIED,EDIFICIO_2,S1,,,,,,,L700-E2-S1-H01-SC_SURFACE,500,kgf/m2,4.903325,kN/m2,Polygon,
PM_ADIC_SURFACE,CATALOGO_700,READY_FOR_Q_REVIEW_NOT_APPLIED,EDIFICIO_2,S1,,,,,,,L700-E2-S1-H01-PM_ADIC_SURFACE,260,kgf/m2,2.549729,kN/m2,Polygon,
SC_SURFACE,CATALOGO_700,READY_FOR_Q_REVIEW_NOT_APPLIED,EDIFICIO_2,S1,,,,,,,L700-E2-S1-H02-SC_SURFACE,300,kgf/m2,2.941995,kN/m2,Polygon,
PM_ADIC_SURFACE,CATALOGO_700,READY_FOR_Q_REVIEW_NOT_APPLIED,EDIFICIO_2,S1,,,,,,,L700-E2-S1-H02-PM_ADIC_SURFACE,260,kgf/m2,2.549729,kN/m2,Polygon,
SC_SURFACE,CATALOGO_700,READY_FOR_Q_REVIEW_NOT_APPLIED,EDIFICIO_2,S1,,,,,,,L700-E2-S1-H03-SC_SURFACE,200,kgf/m2,1.96133,kN/m2,Polygon,
PM_ADIC_SURFACE,CATALOGO_700,READY_FOR_Q_REVIEW_NOT_APPLIED,EDIFICIO_2,S1,,,,,,,L700-E2-S1-H03-PM_ADIC_SURFACE,260,kgf/m2,2.549729,kN/m2,Polygon,
SC_SURFACE,CATALOGO_700,READY_FOR_Q_REVIEW_NOT_APPLIED,EDIFICIO_2,S1,,,,,,,L700-E2-S1-H04-SC_SURFACE,500,kgf/m2,4.903325,kN/m2,MultiPolygon,
PM_ADIC_SURFACE,CATALOGO_700,READY_FOR_Q_REVIEW_NOT_APPLIED,EDIFICIO_2,S1,,,,,,,L700-E2-S1-H04-PM_ADIC_SURFACE,260,kgf/m2,2.549729,kN/m2,MultiPolygon,
SC_SURFACE,CATALOGO_700,READY_FOR_Q_REVIEW_NOT_APPLIED,EDIFICIO_2,P1,,,,,,,L700-E2-P1-H01-SC_SURFACE,500,kgf/m2,4.903325,kN/m2,Polygon,
PM_ADIC_SURFACE,CATALOGO_700,READY_FOR_Q_REVIEW_NOT_APPLIED,EDIFICIO_2,P1,,,,,,,L700-E2-P1-H01-PM_ADIC_SURFACE,260,kgf/m2,2.549729,kN/m2,Polygon,
SC_SURFACE,CATALOGO_700,READY_FOR_Q_REVIEW_NOT_APPLIED,EDIFICIO_2,P1,,,,,,,L700-E2-P1-H02-SC_SURFACE,300,kgf/m2,2.941995,kN/m2,Polygon,
PM_ADIC_SURFACE,CATALOGO_700,READY_FOR_Q_REVIEW_NOT_APPLIED,EDIFICIO_2,P1,,,,,,,L700-E2-P1-H02-PM_ADIC_SURFACE,260,kgf/m2,2.549729,kN/m2,Polygon,
SC_SURFACE,CATALOGO_700,READY_FOR_Q_REVIEW_NOT_APPLIED,EDIFICIO_2,P1,,,,,,,L700-E2-P1-H03-SC_SURFACE,200,kgf/m2,1.96133,kN/m2,Polygon,
PM_ADIC_SURFACE,CATALOGO_700,READY_FOR_Q_REVIEW_NOT_APPLIED,EDIFICIO_2,P1,,,,,,,L700-E2-P1-H03-PM_ADIC_SURFACE,260,kgf/m2,2.549729,kN/m2,Polygon,
SC_SURFACE,CATALOGO_700,READY_FOR_Q_REVIEW_NOT_APPLIED,EDIFICIO_2,P1,,,,,,,L700-E2-P1-H04-SC_SURFACE,500,kgf/m2,4.903325,kN/m2,MultiPolygon,
PM_ADIC_SURFACE,CATALOGO_700,READY_FOR_Q_REVIEW_NOT_APPLIED,EDIFICIO_2,P1,,,,,,,L700-E2-P1-H04-PM_ADIC_SURFACE,260,kgf/m2,2.549729,kN/m2,MultiPolygon,
SC_SURFACE,CATALOGO_700,READY_FOR_Q_REVIEW_NOT_APPLIED,EDIFICIO_2,P2,,,,,,,L700-E2-P2-H01-SC_SURFACE,500,kgf/m2,4.903325,kN/m2,Polygon,
PM_ADIC_SURFACE,CATALOGO_700,READY_FOR_Q_REVIEW_NOT_APPLIED,EDIFICIO_2,P2,,,,,,,L700-E2-P2-H01-PM_ADIC_SURFACE,260,kgf/m2,2.549729,kN/m2,Polygon,
SC_SURFACE,CATALOGO_700,READY_FOR_Q_REVIEW_NOT_APPLIED,EDIFICIO_2,P2,,,,,,,L700-E2-P2-H02-SC_SURFACE,300,kgf/m2,2.941995,kN/m2,Polygon,
PM_ADIC_SURFACE,CATALOGO_700,READY_FOR_Q_REVIEW_NOT_APPLIED,EDIFICIO_2,P2,,,,,,,L700-E2-P2-H02-PM_ADIC_SURFACE,260,kgf/m2,2.549729,kN/m2,Polygon,
SC_SURFACE,CATALOGO_700,READY_FOR_Q_REVIEW_NOT_APPLIED,EDIFICIO_2,P2,,,,,,,L700-E2-P2-H03-SC_SURFACE,200,kgf/m2,1.96133,kN/m2,Polygon,
PM_ADIC_SURFACE,CATALOGO_700,READY_FOR_Q_REVIEW_NOT_APPLIED,EDIFICIO_2,P2,,,,,,,L700-E2-P2-H03-PM_ADIC_SURFACE,260,kgf/m2,2.549729,kN/m2,Polygon,
SC_SURFACE,CATALOGO_700,READY_FOR_Q_REVIEW_NOT_APPLIED,EDIFICIO_2,P2,,,,,,,L700-E2-P2-H04-SC_SURFACE,500,kgf/m2,4.903325,kN/m2,MultiPolygon,
PM_ADIC_SURFACE,CATALOGO_700,READY_FOR_Q_REVIEW_NOT_APPLIED,EDIFICIO_2,P2,,,,,,,L700-E2-P2-H04-PM_ADIC_SURFACE,260,kgf/m2,2.549729,kN/m2,MultiPolygon,
SC_SURFACE,CATALOGO_700,READY_FOR_Q_REVIEW_NOT_APPLIED,EDIFICIO_2,P3,,,,,,,L700-E2-P3-H01-SC_SURFACE,500,kgf/m2,4.903325,kN/m2,Polygon,
PM_ADIC_SURFACE,CATALOGO_700,READY_FOR_Q_REVIEW_NOT_APPLIED,EDIFICIO_2,P3,,,,,,,L700-E2-P3-H01-PM_ADIC_SURFACE,260,kgf/m2,2.549729,kN/m2,Polygon,
SC_SURFACE,CATALOGO_700,READY_FOR_Q_REVIEW_NOT_APPLIED,EDIFICIO_2,P3,,,,,,,L700-E2-P3-H02-SC_SURFACE,300,kgf/m2,2.941995,kN/m2,Polygon,
PM_ADIC_SURFACE,CATALOGO_700,READY_FOR_Q_REVIEW_NOT_APPLIED,EDIFICIO_2,P3,,,,,,,L700-E2-P3-H02-PM_ADIC_SURFACE,260,kgf/m2,2.549729,kN/m2,Polygon,
SC_SURFACE,CATALOGO_700,READY_FOR_Q_REVIEW_NOT_APPLIED,EDIFICIO_2,P3,,,,,,,L700-E2-P3-H03-SC_SURFACE,200,kgf/m2,1.96133,kN/m2,Polygon,
PM_ADIC_SURFACE,CATALOGO_700,READY_FOR_Q_REVIEW_NOT_APPLIED,EDIFICIO_2,P3,,,,,,,L700-E2-P3-H03-PM_ADIC_SURFACE,260,kgf/m2,2.549729,kN/m2,Polygon,
SC_SURFACE,CATALOGO_700,READY_FOR_Q_REVIEW_NOT_APPLIED,EDIFICIO_2,P3,,,,,,,L700-E2-P3-H04-SC_SURFACE,500,kgf/m2,4.903325,kN/m2,MultiPolygon,
PM_ADIC_SURFACE,CATALOGO_700,READY_FOR_Q_REVIEW_NOT_APPLIED,EDIFICIO_2,P3,,,,,,,L700-E2-P3-H04-PM_ADIC_SURFACE,260,kgf/m2,2.549729,kN/m2,MultiPolygon,
SC_SURFACE,CATALOGO_700,READY_FOR_Q_REVIEW_NOT_APPLIED,EDIFICIO_2,P4,,,,,,,L700-E2-P4-H05-SC_SURFACE,200,kgf/m2,1.96133,kN/m2,Polygon,
PM_ADIC_SURFACE,CATALOGO_700,READY_FOR_Q_REVIEW_NOT_APPLIED,EDIFICIO_2,P4,,,,,,,L700-E2-P4-H05-PM_ADIC_SURFACE,200,kgf/m2,1.96133,kN/m2,Polygon,
SC_POINT,CATALOGO_700,READY_FOR_Q_REVIEW_NOT_APPLIED,EDIFICIO_1,P2,,,,,,,L700-P2-POINT-SC-7000-SC_POINT,7000,kgf,68.64655,kN,,"[13682.958, 6635.796]"
PM_ADIC_POINT,CATALOGO_700,READY_FOR_Q_REVIEW_NOT_APPLIED,EDIFICIO_1,P2,,,,,,,L700-P2-POINT-SC-7000-PM_ADIC_POINT,13000,kgf,127.48645,kN,,"[13682.958, 6635.796]"
SC_POINT,CATALOGO_700,READY_FOR_Q_REVIEW_NOT_APPLIED,EDIFICIO_1,P3,,,,,,,L700-P3-POINT-SC-6000-SC_POINT,6000,kgf,58.8399,kN,,"[13599.347, 455.876]"
PM_ADIC_POINT,CATALOGO_700,READY_FOR_Q_REVIEW_NOT_APPLIED,EDIFICIO_1,P3,,,,,,,L700-P3-POINT-SC-6000-PM_ADIC_POINT,10000,kgf,98.0665,kN,,"[13599.347, 455.876]"
SC_POINT,CATALOGO_700,READY_FOR_Q_REVIEW_NOT_APPLIED,EDIFICIO_1,P3,,,,,,,L700-P3-POINT-SC-6700-SC_POINT,6700,kgf,65.704555,kN,,"[8957.198, 507.317]"
PM_ADIC_POINT,CATALOGO_700,READY_FOR_Q_REVIEW_NOT_APPLIED,EDIFICIO_1,P3,,,,,,,L700-P3-POINT-SC-6700-PM_ADIC_POINT,13000,kgf,127.48645,kN,,"[8957.198, 507.317]"
SC_LINE,CATALOGO_700,READY_FOR_Q_REVIEW_NOT_APPLIED,EDIFICIO_1,P4,,,,,,,L700-P4-LINE-SC-800-SC_LINE,800,kgf/m,7.84532,kN/m,LineString,
PM_ADIC_LINE,CATALOGO_700,READY_FOR_Q_REVIEW_NOT_APPLIED,EDIFICIO_1,P4,,,,,,,L700-P4-LINE-SC-800-PM_ADIC_LINE,7600,kgf/m,74.53054,kN/m,LineString,
SC_LINE,CATALOGO_700,READY_FOR_Q_REVIEW_NOT_APPLIED,EDIFICIO_2,P4,,,,,,,L700-E2-P4-LINE-SC-100-SC_LINE,100,kgf/m,0.980665,kN/m,LineString,
PM_ADIC_LINE,CATALOGO_700,READY_FOR_Q_REVIEW_NOT_APPLIED,EDIFICIO_2,P4,,,,,,,L700-E2-P4-LINE-SC-100-PM_ADIC_LINE,1500,kgf/m,14.709975,kN/m,LineString,
PP_LOSA,CATALOGO_700,READY_FOR_Q_REVIEW_NOT_APPLIED,EDIFICIO_1,S1,,,,,,,EDIFICIO_1-S1-PP_LOSA,2500,kgf/m3,24.516625,kN/m3,,
PP_LOSA,CATALOGO_700,READY_FOR_Q_REVIEW_NOT_APPLIED,EDIFICIO_1,P1,,,,,,,EDIFICIO_1-P1-PP_LOSA,2500,kgf/m3,24.516625,kN/m3,,
PP_LOSA,CATALOGO_700,READY_FOR_Q_REVIEW_NOT_APPLIED,EDIFICIO_1,P2,,,,,,,EDIFICIO_1-P2-PP_LOSA,2500,kgf/m3,24.516625,kN/m3,,
PP_LOSA,CATALOGO_700,READY_FOR_Q_REVIEW_NOT_APPLIED,EDIFICIO_1,P3,,,,,,,EDIFICIO_1-P3-PP_LOSA,2500,kgf/m3,24.516625,kN/m3,,
PP_LOSA,CATALOGO_700,READY_FOR_Q_REVIEW_NOT_APPLIED,EDIFICIO_1,P4,,,,,,,EDIFICIO_1-P4-PP_LOSA,2500,kgf/m3,24.516625,kN/m3,,
PP_LOSA,CATALOGO_700,READY_FOR_Q_REVIEW_NOT_APPLIED,EDIFICIO_2,S1,,,,,,,EDIFICIO_2-S1-PP_LOSA,2500,kgf/m3,24.516625,kN/m3,,
PP_LOSA,CATALOGO_700,READY_FOR_Q_REVIEW_NOT_APPLIED,EDIFICIO_2,P1,,,,,,,EDIFICIO_2-P1-PP_LOSA,2500,kgf/m3,24.516625,kN/m3,,
PP_LOSA,CATALOGO_700,READY_FOR_Q_REVIEW_NOT_APPLIED,EDIFICIO_2,P2,,,,,,,EDIFICIO_2-P2-PP_LOSA,2500,kgf/m3,24.516625,kN/m3,,
PP_LOSA,CATALOGO_700,READY_FOR_Q_REVIEW_NOT_APPLIED,EDIFICIO_2,P3,,,,,,,EDIFICIO_2-P3-PP_LOSA,2500,kgf/m3,24.516625,kN/m3,,
PP_LOSA,CATALOGO_700,READY_FOR_Q_REVIEW_NOT_APPLIED,EDIFICIO_2,P4,,,,,,,EDIFICIO_2-P4-PP_LOSA,2500,kgf/m3,24.516625,kN/m3,,
