"Nº","ID","Prioridad","Edificio","Piso","Tipo","Ejes","Problema","Sabemos","No sabemos","Planos","Pregunta","X centro (m)","Y centro (m)","Z centro (m)","Z piso modelo (m)","Elevación piso fuente (m)","Geometry tag","Miembros candidatos JSON","Vecinos JSON","Distancias JSON","Hipótesis JSON","Evidencia JSON","Externos JSON","Ejes locales JSON","Coordenadas JSON","Localización ejes JSON","Qué buscar","Impacto","Estado","Fuente","Respuesta de Matías","Lámina y detalle revisados"
"1","E1-P1-M-004","A","EDIFICIO_1","P1","MURO","X Eb–Ec (Eb +1.4000 m) / Y 1''–2 (1'' +0.0001 m)","El candidato sitúa este muro en POST-FLOAT-004 sin camino de conectividad a los apoyos de fundación. Respecto de E1-S1-M-026: distancia entre ejes XY 0.1813 m, separación entre huellas 0.0000 m y separación vertical 0.0000 m.","HECHO: geometría actual desde 2017_67-101.dxf, layer RLE-MURO_CONTOUR_PAIR.
HECHO: regeneración reproduce POST-FLOAT-004, 1 segmentos FE sin camino al sistema apoyado.
HECHO: geometría y resultados no modificados. Ancho/espesor 0.2 m; altura visible 3.9599999999999995 m (no confundir con sección resistente).","NO SABEMOS cuál es el detalle resistente que completa el camino a fundación ni si el alcance del FE debe incluir todo este componente.
NO SABEMOS los ejes locales y tags de un análisis ACTUAL ejecutado: este candidato no ha sido ejecutado.
NO SABEMOS si los offsets entre muros representan un encuentro físico/transferencia que el adaptador no captura, o una interpretación geométrica pendiente.","2017_67-101 — Planta fuente del elemento P1. Buscar X Eb–Ec (Eb +1.4000 m) / Y 1''–2 (1'' +0.0001 m); revisar las entidades y la correspondencia cielo/piso, no solo el título.
2017_67-304 — Elevaciones: localizar el eje Eb y comparar niveles. Recomendación por eje cercano, NO afirmación de que el corte atraviese este elemento fuera de eje.","¿La planta y el corte muestran una unión resistente entre E1-P1-M-004 y E1-S1-M-026, o un apoyo/transferencia diferente? Indica la llamada del detalle.","32.491","3.9001","5.9399999999999995","7.92","-0.05","SOL_1_wall_0071","[{""analysis_id"":""POST-A-00231"",""opensees_element_tag"":10231,""element_id"":""E1-P1-M-004"",""geometry_elementTag"":""SOL_1_wall_0071"",""geometry_segment_index"":0,""type"":""wall"",""building"":""EDIFICIO_1"",""floor"":""P1"",""node_i"":333,""node_j"":334,""opensees_node_i"":333,""opensees_node_j"":334,""status"":""CANDIDATO / NO EJECUTADO"",""node_i_xyz_m"":{""tag"":333,""x"":32.491,""y"":3.9,""z"":3.96,""building"":""EDIFICIO_1"",""reasons"":[""VERTICAL_CENTROID""]},""node_j_xyz_m"":{""tag"":334,""x"":32.491,""y"":3.9,""z"":7.92,""building"":""EDIFICIO_1"",""reasons"":[""VERTICAL_CENTROID""]}}]","{""nearest_column"":{""id"":""E1-P1-C-001"",""floor"":""P1"",""axis_distance_xy_m"":5.375948,""face_gap_xy_m"":4.80892,""vertical_gap_m"":0,""footprint_overlap_m2"":0,""meaning"":""Proximidad geométrica; NO prueba de conexión resistente""},""nearest_wall"":{""id"":""E1-P1-M-012"",""floor"":""P1"",""axis_distance_xy_m"":0.180278,""face_gap_xy_m"":0,""vertical_gap_m"":0,""footprint_overlap_m2"":0,""meaning"":""Proximidad geométrica; NO prueba de conexión resistente""},""below"":{""id"":""E1-S1-M-026"",""floor"":""S1"",""axis_distance_xy_m"":0.1813,""face_gap_xy_m"":0,""vertical_gap_m"":0,""footprint_overlap_m2"":0.04862,""meaning"":""Proximidad geométrica; NO prueba de conexión resistente""},""above"":{""id"":""E1-P2-M-007"",""floor"":""P2"",""axis_distance_xy_m"":0.1814,""face_gap_xy_m"":0,""vertical_gap_m"":0,""footprint_overlap_m2"":0.048358,""meaning"":""Proximidad geométrica; NO prueba de conexión resistente""},""candidate_junctions"":[],""component_members"":[""E1-P1-M-004""],""connected_beams_candidate"":[],""floor_visual_panels"":[""E1-P1-D-001""],""load_panel_receptor"":""NO SABEMOS: coincidencia de piso no establece panel tributario/receptor aprobado.""}","[{""endpoint"":""i"",""wall"":""E1-P1-M-012"",""axis_distance_xy_m"":0.180278,""face_distance_xy_m"":0.1,""plane_z_m"":7.92,""meaning"":""Distancia horizontal de punto a segmento/huella rectangular, no conexión ni distancia 3D.""},{""endpoint"":""j"",""wall"":""E1-P1-M-025"",""axis_distance_xy_m"":0.180278,""face_distance_xy_m"":0.1,""plane_z_m"":7.92,""meaning"":""Distancia horizontal de punto a segmento/huella rectangular, no conexión ni distancia 3D.""}]","[{""id"":""H1"",""statement"":""Falta representar un encuentro físico en el adaptador FE."",""for"":""La geometría existe y el componente está desconectado; revisar las distancias y vecinos medidos."",""against"":""Proximidad o solape de huellas no demuestra unión resistente ni autoriza un rigidLink."",""confidence"":""MEDIA como candidato de revisión""},{""id"":""H2"",""statement"":""El elemento tiene apoyo/transferencia exterior o participa en un sistema local distinto."",""for"":""SHAFT_WALL"",""against"":""No se ha establecido un camino resistente completo ni una exclusión FE aprobada."",""confidence"":""BAJA""},{""id"":""H3"",""statement"":""El alcance, nivel o interpretación de una entidad CAD requiere revisión."",""for"":""La desconexión continúa en la regeneración actual."",""against"":""CONFIRMED_CONTOUR_PAIR"",""confidence"":""BAJA; no borrar ni mover automáticamente""}]","{""source_dxf"":""2017_67-101.dxf"",""source_layer"":""RLE-MURO_CONTOUR_PAIR"",""sourceTags"":[""P1-RLE-MURO-0015"",""P1-RLE-MURO-0016""],""source_label"":""M.H.A. e= 20"",""source_label_tag"":""LBL_1_wall_label_0041"",""geometry_confirmation"":{""status"":""CONFIRMED_CONTOUR_PAIR"",""audit_file"":""entregas/P1L2/edificio/validacion/ed1_walls/ed1_wall_face_audit.json"",""face_ids"":[""P1-RLE-MURO-0015"",""P1-RLE-MURO-0016""],""thickness_m"":0.2},""section_source"":""NO ENCONTRADA"",""section_confidence"":""NO ENCONTRADA"",""material_source"":""2017_67-100.dxf / MTEXT 1E116 / Main ED1 through cielo P3; excludes P4, sheet600 electrical room, slabs and radier"",""CAD_handle"":""NO ENCONTRADA en el contrato canónico; sourceTags son IDs derivados, no handles DWG."",""joint_detail"":""NO ENCONTRADA inequívoca"",""dimension_joint"":""NO ENCONTRADA inequívoca"",""physical_context_audit"":{""element_id"":""E1-P1-M-004"",""building"":""EDIFICIO_1"",""floor"":""P1"",""type"":""wall"",""prior_validation"":""DISCONNECTED_ERROR"",""prior_structural_classification"":""UNRESOLVED"",""cluster"":""CORE_ELEVATOR_P1_P4"",""physical_geometry"":""CONFIRMED"",""physical_classification"":""SHAFT_WALL"",""physical_support"":""VERTICAL_CONTINUITY_CONFIRMED"",""main_fe_participation"":""PRIMARY_FE_REVIEW_REQUIRED"",""revised_diagnostic"":""PHYSICAL_CONFIRMED_FE_ADAPTER_REVIEW"",""duplicate_classification"":""SAME_PHYSICAL_WALL"",""participates_in_FE_changed"":false,""opensees_changed"":false,""start"":[3.7,3.9001,5.94],""end"":[6.3,3.9001,5.94],""width_m"":0.2,""height_m"":3.9599999999999995,""source_dxf"":""2017_67-101.dxf"",""source_layer"":""RLE-MURO_CONTOUR_PAIR"",""evidence"":""Paño/retorno del shaft confirmado por pares de contorno y repetición vertical S1–P4; el nodo central del adaptador no representa todos los encuentros.""},""prior_diagnosis"":{""element_id"":""E1-P1-M-004"",""type"":""wall"",""building"":""EDIFICIO_1"",""floor"":""P1"",""classification"":""UNRESOLVED_REAL"",""qualification"":""CANDIDATE diagnosis, support path NOT APPROVED"",""cause"":""WALL_FOOTPRINT_OVERLAP_MISSED_BY_EXACT_AXIS_TEST"",""primary_source"":""2017_67-101.dxf"",""decision"":""NO_REMOVAL_NO_ARTIFICIAL_SUPPORT""}}","{""SANTIAGO"":{""candidate_match"":{""id"":""S-W-17"",""start_xy_m"":[30.77,4.08],""end_xy_m"":[34.17,4.08],""length_m"":3.4,""thickness_m"":0.2,""match"":{""perpendicular_distance_m"":0.1799,""angle_delta_deg"":0,""overlap_m"":2.6,""overlap_ratio"":1,""length_delta_m"":0.8,""strong"":false}},""interpretation"":""Pista geométrica secundaria del snapshot auditado; NO SABEMOS su unión resistente a partir de este matching.""},""CACERES"":{""candidate_match"":{""id"":""C-W-1002"",""start_xy_m"":[27.24,4.08],""end_xy_m"":[33.89,4.08],""length_m"":6.65,""thickness_m"":0.2,""match"":{""perpendicular_distance_m"":0.1799,""angle_delta_deg"":0,""overlap_m"":2.6,""overlap_ratio"":1,""length_delta_m"":4.05,""strong"":false}},""interpretation"":""Pista geométrica secundaria del snapshot auditado; NO SABEMOS su unión resistente a partir de este matching.""}}","[{""analysis_id"":""POST-A-00231"",""x_geometric_i_to_j_global"":[0,0,1],""y_local"":""NO SABEMOS: geomTransf actual no exportado/ejecutado"",""z_local"":""NO SABEMOS: geomTransf actual no exportado/ejecutado"",""note"":""Dirección geométrica del candidato, NO triada FE validada; no inferir My/Mz.""}]","{""center"":[32.491,3.9001,5.9399999999999995],""i"":[31.191000000000003,3.9001,5.9399999999999995],""j"":[33.791,3.9001,5.9399999999999995],""z_bottom"":3.96,""z_top"":7.92}","{""center"":{""X"":{""relation"":""Eb–Ec"",""nearest_axis"":""Eb"",""offset_m"":1.4,""text"":""Eb–Ec (Eb +1.4000 m)""},""Y"":{""relation"":""1''–2"",""nearest_axis"":""1''"",""offset_m"":0.0001,""text"":""1''–2 (1'' +0.0001 m)""}},""i"":{""X"":{""relation"":""Eb–Ec"",""nearest_axis"":""Eb"",""offset_m"":0.1,""text"":""Eb–Ec (Eb +0.1000 m)""},""Y"":{""relation"":""1''–2"",""nearest_axis"":""1''"",""offset_m"":0.0001,""text"":""1''–2 (1'' +0.0001 m)""}},""j"":{""X"":{""relation"":""Eb–Ec"",""nearest_axis"":""Ec"",""offset_m"":-0.1,""text"":""Eb–Ec (Ec -0.1000 m)""},""Y"":{""relation"":""1''–2"",""nearest_axis"":""1''"",""offset_m"":0.0001,""text"":""1''–2 (1'' +0.0001 m)""}}}","Localizar E1-P1-M-004 por los offsets de ejes, no por su ID (el ID es nuestro, no una etiqueta CAD).
Comparar con E1-S1-M-026: verificar contacto de caras, nivel de arranque y continuidad del hormigón.
Seguir la llamada de corte/detalle dibujada; si no aparece, registrar NO ENCONTRADA, no completar por proximidad.
Leer sección y cambios de nivel. Distinguir borde de losa de viga/muro y fotografiar la evidencia con ejes visibles.","Podría omitir rigidez/camino vertical del núcleo; magnitud NO SABEMOS sin idealización validada y análisis.","REVIEW_REQUIRED","FE_PENDING_43_DETAILED_REVIEW.json; 2017_67-101.dxf","",""
"2","E1-P1-M-010","A","EDIFICIO_1","P1","MURO","X Eb–Ec (Ec -1.4000 m) / Y 2a–3 (2a +0.0001 m)","El candidato sitúa este muro en POST-FLOAT-003 sin camino de conectividad a los apoyos de fundación. Respecto de E1-S1-M-005: distancia entre ejes XY 0.1250 m, separación entre huellas 0.0000 m y separación vertical 0.0000 m.","HECHO: geometría actual desde 2017_67-101.dxf, layer RLE-MURO_CONTOUR_PAIR.
HECHO: regeneración reproduce POST-FLOAT-003, 1 segmentos FE sin camino al sistema apoyado.
HECHO: geometría y resultados no modificados. Ancho/espesor 0.2 m; altura visible 3.9599999999999995 m (no confundir con sección resistente).","NO SABEMOS cuál es el detalle resistente que completa el camino a fundación ni si el alcance del FE debe incluir todo este componente.
NO SABEMOS los ejes locales y tags de un análisis ACTUAL ejecutado: este candidato no ha sido ejecutado.
NO SABEMOS si los offsets entre muros representan un encuentro físico/transferencia que el adaptador no captura, o una interpretación geométrica pendiente.","2017_67-101 — Planta fuente del elemento P1. Buscar X Eb–Ec (Ec -1.4000 m) / Y 2a–3 (2a +0.0001 m); revisar las entidades y la correspondencia cielo/piso, no solo el título.
2017_67-304 — Elevaciones: localizar el eje Ec y comparar niveles. Recomendación por eje cercano, NO afirmación de que el corte atraviese este elemento fuera de eje.","¿La planta y el corte muestran una unión resistente entre E1-P1-M-010 y E1-S1-M-005, o un apoyo/transferencia diferente? Indica la llamada del detalle.","32.49100000000001","13.8451","5.9399999999999995","7.92","-0.05","SOL_1_wall_0061","[{""analysis_id"":""POST-A-00229"",""opensees_element_tag"":10229,""element_id"":""E1-P1-M-010"",""geometry_elementTag"":""SOL_1_wall_0061"",""geometry_segment_index"":0,""type"":""wall"",""building"":""EDIFICIO_1"",""floor"":""P1"",""node_i"":329,""node_j"":330,""opensees_node_i"":329,""opensees_node_j"":330,""status"":""CANDIDATO / NO EJECUTADO"",""node_i_xyz_m"":{""tag"":329,""x"":32.491,""y"":13.845,""z"":3.96,""building"":""EDIFICIO_1"",""reasons"":[""VERTICAL_CENTROID""]},""node_j_xyz_m"":{""tag"":330,""x"":32.491,""y"":13.845,""z"":7.92,""building"":""EDIFICIO_1"",""reasons"":[""VERTICAL_CENTROID""]}}]","{""nearest_column"":{""id"":""E1-P1-C-003"",""floor"":""P1"",""axis_distance_xy_m"":4.087008,""face_gap_xy_m"":3.548467,""vertical_gap_m"":0,""footprint_overlap_m2"":0,""meaning"":""Proximidad geométrica; NO prueba de conexión resistente""},""nearest_wall"":{""id"":""E1-P1-M-002"",""floor"":""P1"",""axis_distance_xy_m"":0.160078,""face_gap_xy_m"":0,""vertical_gap_m"":0,""footprint_overlap_m2"":0,""meaning"":""Proximidad geométrica; NO prueba de conexión resistente""},""below"":{""id"":""E1-S1-M-005"",""floor"":""S1"",""axis_distance_xy_m"":0.125,""face_gap_xy_m"":0,""vertical_gap_m"":0,""footprint_overlap_m2"":0,""meaning"":""Proximidad geométrica; NO prueba de conexión resistente""},""above"":{""id"":""E1-P2-M-005"",""floor"":""P2"",""axis_distance_xy_m"":0.1249,""face_gap_xy_m"":0,""vertical_gap_m"":0,""footprint_overlap_m2"":0.000018,""meaning"":""Proximidad geométrica; NO prueba de conexión resistente""},""candidate_junctions"":[],""component_members"":[""E1-P1-M-010""],""connected_beams_candidate"":[],""floor_visual_panels"":[""E1-P1-D-001""],""load_panel_receptor"":""NO SABEMOS: coincidencia de piso no establece panel tributario/receptor aprobado.""}","[{""endpoint"":""i"",""wall"":""E1-P2-M-003"",""axis_distance_xy_m"":0.1251,""face_distance_xy_m"":0.0001,""plane_z_m"":7.92,""meaning"":""Distancia horizontal de punto a segmento/huella rectangular, no conexión ni distancia 3D.""},{""endpoint"":""j"",""wall"":""E1-P2-M-005"",""axis_distance_xy_m"":0.1249,""face_distance_xy_m"":0,""plane_z_m"":7.92,""meaning"":""Distancia horizontal de punto a segmento/huella rectangular, no conexión ni distancia 3D.""}]","[{""id"":""H1"",""statement"":""Falta representar un encuentro físico en el adaptador FE."",""for"":""La geometría existe y el componente está desconectado; revisar las distancias y vecinos medidos."",""against"":""Proximidad o solape de huellas no demuestra unión resistente ni autoriza un rigidLink."",""confidence"":""MEDIA como candidato de revisión""},{""id"":""H2"",""statement"":""El elemento tiene apoyo/transferencia exterior o participa en un sistema local distinto."",""for"":""SHAFT_WALL"",""against"":""No se ha establecido un camino resistente completo ni una exclusión FE aprobada."",""confidence"":""BAJA""},{""id"":""H3"",""statement"":""El alcance, nivel o interpretación de una entidad CAD requiere revisión."",""for"":""La desconexión continúa en la regeneración actual."",""against"":""CONFIRMED_CONTOUR_PAIR"",""confidence"":""BAJA; no borrar ni mover automáticamente""}]","{""source_dxf"":""2017_67-101.dxf"",""source_layer"":""RLE-MURO_CONTOUR_PAIR"",""sourceTags"":[""P1-RLE-MURO-0001"",""P1-RLE-MURO-0002""],""source_label"":""M.H.A. e= 20"",""source_label_tag"":""LBL_1_wall_label_0035"",""geometry_confirmation"":{""status"":""CONFIRMED_CONTOUR_PAIR"",""audit_file"":""entregas/P1L2/edificio/validacion/ed1_walls/ed1_wall_face_audit.json"",""face_ids"":[""P1-RLE-MURO-0001"",""P1-RLE-MURO-0002""],""thickness_m"":0.2},""section_source"":""NO ENCONTRADA"",""section_confidence"":""NO ENCONTRADA"",""material_source"":""2017_67-100.dxf / MTEXT 1E116 / Main ED1 through cielo P3; excludes P4, sheet600 electrical room, slabs and radier"",""CAD_handle"":""NO ENCONTRADA en el contrato canónico; sourceTags son IDs derivados, no handles DWG."",""joint_detail"":""NO ENCONTRADA inequívoca"",""dimension_joint"":""NO ENCONTRADA inequívoca"",""physical_context_audit"":{""element_id"":""E1-P1-M-010"",""building"":""EDIFICIO_1"",""floor"":""P1"",""type"":""wall"",""prior_validation"":""DISCONNECTED_ERROR"",""prior_structural_classification"":""UNRESOLVED"",""cluster"":""CORE_ELEVATOR_P1_P4"",""physical_geometry"":""CONFIRMED"",""physical_classification"":""SHAFT_WALL"",""physical_support"":""VERTICAL_CONTINUITY_CONFIRMED"",""main_fe_participation"":""PRIMARY_FE_REVIEW_REQUIRED"",""revised_diagnostic"":""PHYSICAL_CONFIRMED_FE_ADAPTER_REVIEW"",""duplicate_classification"":""SAME_PHYSICAL_WALL"",""participates_in_FE_changed"":false,""opensees_changed"":false,""start"":[3.4,13.8451,5.94],""end"":[6.6,13.8451,5.94],""width_m"":0.2,""height_m"":3.9599999999999995,""source_dxf"":""2017_67-101.dxf"",""source_layer"":""RLE-MURO_CONTOUR_PAIR"",""evidence"":""Paño/retorno del shaft confirmado por pares de contorno y repetición vertical S1–P4; el nodo central del adaptador no representa todos los encuentros.""},""prior_diagnosis"":{""element_id"":""E1-P1-M-010"",""type"":""wall"",""building"":""EDIFICIO_1"",""floor"":""P1"",""classification"":""UNRESOLVED_REAL"",""qualification"":""CANDIDATE diagnosis, support path NOT APPROVED"",""cause"":""WALL_FOOTPRINT_OVERLAP_MISSED_BY_EXACT_AXIS_TEST"",""primary_source"":""2017_67-101.dxf"",""decision"":""NO_REMOVAL_NO_ARTIFICIAL_SUPPORT""}}","{""SANTIAGO"":{""candidate_match"":{""id"":""S-W-2"",""start_xy_m"":[30.77,14.025],""end_xy_m"":[34.17,14.025],""length_m"":3.4,""thickness_m"":0.2,""match"":{""perpendicular_distance_m"":0.1799,""angle_delta_deg"":0,""overlap_m"":3.2,""overlap_ratio"":1,""length_delta_m"":0.2,""strong"":false}},""interpretation"":""Pista geométrica secundaria del snapshot auditado; NO SABEMOS su unión resistente a partir de este matching.""},""CACERES"":{""candidate_match"":{""id"":""C-W-1402"",""start_xy_m"":[30.79,14.025],""end_xy_m"":[34.19,14.025],""length_m"":3.4,""thickness_m"":0.2,""match"":{""perpendicular_distance_m"":0.1799,""angle_delta_deg"":0,""overlap_m"":3.2,""overlap_ratio"":1,""length_delta_m"":0.2,""strong"":false}},""interpretation"":""Pista geométrica secundaria del snapshot auditado; NO SABEMOS su unión resistente a partir de este matching.""}}","[{""analysis_id"":""POST-A-00229"",""x_geometric_i_to_j_global"":[0,0,1],""y_local"":""NO SABEMOS: geomTransf actual no exportado/ejecutado"",""z_local"":""NO SABEMOS: geomTransf actual no exportado/ejecutado"",""note"":""Dirección geométrica del candidato, NO triada FE validada; no inferir My/Mz.""}]","{""center"":[32.49100000000001,13.8451,5.9399999999999995],""i"":[30.891000000000002,13.8451,5.9399999999999995],""j"":[34.09100000000001,13.8451,5.9399999999999995],""z_bottom"":3.96,""z_top"":7.92}","{""center"":{""X"":{""relation"":""Eb–Ec"",""nearest_axis"":""Ec"",""offset_m"":-1.4,""text"":""Eb–Ec (Ec -1.4000 m)""},""Y"":{""relation"":""2a–3"",""nearest_axis"":""2a"",""offset_m"":0.0001,""text"":""2a–3 (2a +0.0001 m)""}},""i"":{""X"":{""relation"":""Ea–Eb"",""nearest_axis"":""Ea"",""offset_m"":0.1,""text"":""Ea–Eb (Ea +0.1000 m)""},""Y"":{""relation"":""2a–3"",""nearest_axis"":""2a"",""offset_m"":0.0001,""text"":""2a–3 (2a +0.0001 m)""}},""j"":{""X"":{""relation"":""Ec–Ed"",""nearest_axis"":""Ed"",""offset_m"":-0.1,""text"":""Ec–Ed (Ed -0.1000 m)""},""Y"":{""relation"":""2a–3"",""nearest_axis"":""2a"",""offset_m"":0.0001,""text"":""2a–3 (2a +0.0001 m)""}}}","Localizar E1-P1-M-010 por los offsets de ejes, no por su ID (el ID es nuestro, no una etiqueta CAD).
Comparar con E1-S1-M-005: verificar contacto de caras, nivel de arranque y continuidad del hormigón.
Seguir la llamada de corte/detalle dibujada; si no aparece, registrar NO ENCONTRADA, no completar por proximidad.
Leer sección y cambios de nivel. Distinguir borde de losa de viga/muro y fotografiar la evidencia con ejes visibles.","Podría omitir rigidez/camino vertical del núcleo; magnitud NO SABEMOS sin idealización validada y análisis.","REVIEW_REQUIRED","FE_PENDING_43_DETAILED_REVIEW.json; 2017_67-101.dxf","",""
"3","E1-P2-M-003","A","EDIFICIO_1","P2","MURO","X E–Ea (Ea -0.0251 m) / Y 2–2a (2a -0.6579 m)","El candidato sitúa este muro en POST-FLOAT-013 sin camino de conectividad a los apoyos de fundación. Respecto de E1-P1-M-002: distancia entre ejes XY 0.0001 m, separación entre huellas 0.0000 m y separación vertical 0.0000 m. La auditoría previa detectó sensibilidad a redondeo de 0.1 mm; eso no autoriza unirlo sin revisar el encuentro.","HECHO: geometría actual desde 2017_67-102.dxf, layer RLE-MURO_CONTOUR_PAIR.
HECHO: regeneración reproduce POST-FLOAT-013, 3 segmentos FE sin camino al sistema apoyado.
HECHO: geometría y resultados no modificados. Ancho/espesor 0.25 m; altura visible 3.960000000000001 m (no confundir con sección resistente).","NO SABEMOS cuál es el detalle resistente que completa el camino a fundación ni si el alcance del FE debe incluir todo este componente.
NO SABEMOS los ejes locales y tags de un análisis ACTUAL ejecutado: este candidato no ha sido ejecutado.
NO SABEMOS si los offsets entre muros representan un encuentro físico/transferencia que el adaptador no captura, o una interpretación geométrica pendiente.","2017_67-102 — Planta fuente del elemento P2. Buscar X E–Ea (Ea -0.0251 m) / Y 2–2a (2a -0.6579 m); revisar las entidades y la correspondencia cielo/piso, no solo el título.
2017_67-304 — Elevaciones: localizar el eje Ea y comparar niveles. Recomendación por eje cercano, NO afirmación de que el corte atraviese este elemento fuera de eje.","¿La planta y el corte muestran una unión resistente entre E1-P2-M-003 y E1-P1-M-002, o un apoyo/transferencia diferente? Indica la llamada del detalle.","30.765900000000002","13.187100000000001","9.9","11.88","3.91","SOL_2_wall_0101","[{""analysis_id"":""POST-A-00252"",""opensees_element_tag"":10252,""element_id"":""E1-P2-M-003"",""geometry_elementTag"":""SOL_2_wall_0101"",""geometry_segment_index"":0,""type"":""wall"",""building"":""EDIFICIO_1"",""floor"":""P2"",""node_i"":375,""node_j"":376,""opensees_node_i"":375,""opensees_node_j"":376,""status"":""CANDIDATO / NO EJECUTADO"",""node_i_xyz_m"":{""tag"":375,""x"":30.766,""y"":13.187,""z"":7.92,""building"":""EDIFICIO_1"",""reasons"":[""VERTICAL_CENTROID""]},""node_j_xyz_m"":{""tag"":376,""x"":30.766,""y"":13.187,""z"":11.88,""building"":""EDIFICIO_1"",""reasons"":[""VERTICAL_CENTROID"",""WALL_VERTICAL_OVERLAP""]}}]","{""nearest_column"":{""id"":""E1-P2-C-003"",""floor"":""P2"",""axis_distance_xy_m"":4.063252,""face_gap_xy_m"":3.473232,""vertical_gap_m"":0,""footprint_overlap_m2"":0,""meaning"":""Proximidad geométrica; NO prueba de conexión resistente""},""nearest_wall"":{""id"":""E1-P2-M-008"",""floor"":""P2"",""axis_distance_xy_m"":0.160078,""face_gap_xy_m"":0,""vertical_gap_m"":0,""footprint_overlap_m2"":0,""meaning"":""Proximidad geométrica; NO prueba de conexión resistente""},""below"":{""id"":""E1-P1-M-002"",""floor"":""P1"",""axis_distance_xy_m"":0.0001,""face_gap_xy_m"":0,""vertical_gap_m"":0,""footprint_overlap_m2"":0.32422,""meaning"":""Proximidad geométrica; NO prueba de conexión resistente""},""above"":{""id"":""E1-P3-M-003"",""floor"":""P3"",""axis_distance_xy_m"":0,""face_gap_xy_m"":0,""vertical_gap_m"":0,""footprint_overlap_m2"":0.3697,""meaning"":""Proximidad geométrica; NO prueba de conexión resistente""},""candidate_junctions"":[""E1-P3-M-003""],""component_members"":[""E1-P2-M-003"",""E1-P3-M-003"",""E1-P4-M-003""],""connected_beams_candidate"":[],""floor_visual_panels"":[""E1-P2-D-001""],""load_panel_receptor"":""NO SABEMOS: coincidencia de piso no establece panel tributario/receptor aprobado.""}","[{""endpoint"":""i"",""wall"":""E1-P3-M-003"",""axis_distance_xy_m"":0,""face_distance_xy_m"":0,""plane_z_m"":11.88,""meaning"":""Distancia horizontal de punto a segmento/huella rectangular, no conexión ni distancia 3D.""},{""endpoint"":""j"",""wall"":""E1-P3-M-003"",""axis_distance_xy_m"":0,""face_distance_xy_m"":0,""plane_z_m"":11.88,""meaning"":""Distancia horizontal de punto a segmento/huella rectangular, no conexión ni distancia 3D.""}]","[{""id"":""H1"",""statement"":""Falta representar un encuentro físico en el adaptador FE."",""for"":""La geometría existe y el componente está desconectado; revisar las distancias y vecinos medidos."",""against"":""Proximidad o solape de huellas no demuestra unión resistente ni autoriza un rigidLink."",""confidence"":""MEDIA como candidato de revisión""},{""id"":""H2"",""statement"":""El elemento tiene apoyo/transferencia exterior o participa en un sistema local distinto."",""for"":""RETURN_WALL"",""against"":""No se ha establecido un camino resistente completo ni una exclusión FE aprobada."",""confidence"":""BAJA""},{""id"":""H3"",""statement"":""El alcance, nivel o interpretación de una entidad CAD requiere revisión."",""for"":""La desconexión continúa en la regeneración actual."",""against"":""CONFIRMED_CONTOUR_PAIR"",""confidence"":""BAJA; no borrar ni mover automáticamente""}]","{""source_dxf"":""2017_67-102.dxf"",""source_layer"":""RLE-MURO_CONTOUR_PAIR"",""sourceTags"":[""P2-RLE-MURO-0003"",""P2-RLE-MURO-0005""],""source_label"":""M.H.A. e= 25"",""source_label_tag"":""LBL_2_wall_label_0034"",""geometry_confirmation"":{""status"":""CONFIRMED_CONTOUR_PAIR"",""audit_file"":""entregas/P1L2/edificio/validacion/ed1_walls/ed1_wall_face_audit.json"",""face_ids"":[""P2-RLE-MURO-0003"",""P2-RLE-MURO-0005""],""thickness_m"":0.25},""section_source"":""NO ENCONTRADA"",""section_confidence"":""NO ENCONTRADA"",""material_source"":""2017_67-100.dxf / MTEXT 1E116 / Main ED1 through cielo P3; excludes P4, sheet600 electrical room, slabs and radier"",""CAD_handle"":""NO ENCONTRADA en el contrato canónico; sourceTags son IDs derivados, no handles DWG."",""joint_detail"":""NO ENCONTRADA inequívoca"",""dimension_joint"":""NO ENCONTRADA inequívoca"",""physical_context_audit"":{""element_id"":""E1-P2-M-003"",""building"":""EDIFICIO_1"",""floor"":""P2"",""type"":""wall"",""prior_validation"":""DISCONNECTED_ERROR"",""prior_structural_classification"":""UNRESOLVED"",""cluster"":""CORE_ELEVATOR_P1_P4"",""physical_geometry"":""CONFIRMED"",""physical_classification"":""RETURN_WALL"",""physical_support"":""VERTICAL_CONTINUITY_CONFIRMED"",""main_fe_participation"":""PRIMARY_FE_REVIEW_REQUIRED"",""revised_diagnostic"":""PHYSICAL_CONFIRMED_FE_ADAPTER_REVIEW"",""duplicate_classification"":""SAME_PHYSICAL_WALL"",""participates_in_FE_changed"":false,""opensees_changed"":false,""start"":[3.2749,12.4477,9.9],""end"":[3.2749,13.9265,9.9],""width_m"":0.25,""height_m"":3.960000000000001,""source_dxf"":""2017_67-102.dxf"",""source_layer"":""RLE-MURO_CONTOUR_PAIR"",""evidence"":""Paño/retorno del shaft confirmado por pares de contorno y repetición vertical S1–P4; el nodo central del adaptador no representa todos los encuentros.""},""prior_diagnosis"":{""element_id"":""E1-P2-M-003"",""type"":""wall"",""building"":""EDIFICIO_1"",""floor"":""P2"",""classification"":""FE_ADAPTER_ERROR"",""qualification"":""CANDIDATE diagnosis, support path NOT APPROVED"",""cause"":""WALL_FOOTPRINT_OVERLAP_MISSED_BY_EXACT_AXIS_TEST"",""primary_source"":""2017_67-102.dxf"",""decision"":""NO_REMOVAL_NO_ARTIFICIAL_SUPPORT""}}","{""SANTIAGO"":{""candidate_match"":{""id"":""S-W-13"",""start_xy_m"":[30.77,14.025],""end_xy_m"":[30.77,12.45],""length_m"":1.575,""thickness_m"":0.25,""match"":{""perpendicular_distance_m"":0.0041,""angle_delta_deg"":0,""overlap_m"":1.4765,""overlap_ratio"":0.9984,""length_delta_m"":0.0962,""strong"":true}},""interpretation"":""Pista geométrica secundaria del snapshot auditado; NO SABEMOS su unión resistente a partir de este matching.""},""CACERES"":{""candidate_match"":{""id"":""C-W-1503"",""start_xy_m"":[30.79,14.025],""end_xy_m"":[30.79,12.445],""length_m"":1.58,""thickness_m"":0.25,""match"":{""perpendicular_distance_m"":0.0241,""angle_delta_deg"":0,""overlap_m"":1.4788,""overlap_ratio"":1,""length_delta_m"":0.1012,""strong"":true}},""interpretation"":""Pista geométrica secundaria del snapshot auditado; NO SABEMOS su unión resistente a partir de este matching.""}}","[{""analysis_id"":""POST-A-00252"",""x_geometric_i_to_j_global"":[0,0,1],""y_local"":""NO SABEMOS: geomTransf actual no exportado/ejecutado"",""z_local"":""NO SABEMOS: geomTransf actual no exportado/ejecutado"",""note"":""Dirección geométrica del candidato, NO triada FE validada; no inferir My/Mz.""}]","{""center"":[30.765900000000002,13.187100000000001,9.9],""i"":[30.765900000000002,12.4477,9.9],""j"":[30.765900000000002,13.9265,9.9],""z_bottom"":7.92,""z_top"":11.88}","{""center"":{""X"":{""relation"":""E–Ea"",""nearest_axis"":""Ea"",""offset_m"":-0.0251,""text"":""E–Ea (Ea -0.0251 m)""},""Y"":{""relation"":""2–2a"",""nearest_axis"":""2a"",""offset_m"":-0.6579,""text"":""2–2a (2a -0.6579 m)""}},""i"":{""X"":{""relation"":""E–Ea"",""nearest_axis"":""Ea"",""offset_m"":-0.0251,""text"":""E–Ea (Ea -0.0251 m)""},""Y"":{""relation"":""2–2a"",""nearest_axis"":""2a"",""offset_m"":-1.3973,""text"":""2–2a (2a -1.3973 m)""}},""j"":{""X"":{""relation"":""E–Ea"",""nearest_axis"":""Ea"",""offset_m"":-0.0251,""text"":""E–Ea (Ea -0.0251 m)""},""Y"":{""relation"":""2a–3"",""nearest_axis"":""2a"",""offset_m"":0.0815,""text"":""2a–3 (2a +0.0815 m)""}}}","Localizar E1-P2-M-003 por los offsets de ejes, no por su ID (el ID es nuestro, no una etiqueta CAD).
Comparar con E1-P1-M-002: verificar contacto de caras, nivel de arranque y continuidad del hormigón.
Seguir la llamada de corte/detalle dibujada; si no aparece, registrar NO ENCONTRADA, no completar por proximidad.
Leer sección y cambios de nivel. Distinguir borde de losa de viga/muro y fotografiar la evidencia con ejes visibles.","Podría omitir rigidez/camino vertical del núcleo; magnitud NO SABEMOS sin idealización validada y análisis.","REVIEW_REQUIRED","FE_PENDING_43_DETAILED_REVIEW.json; 2017_67-102.dxf","",""
"4","E1-P2-M-010","A","EDIFICIO_1","P2","MURO","X Ea–Eb (Eb -0.0501 m) / Y 1''–2 (1'' +1.3565 m)","El candidato sitúa este muro en POST-FLOAT-015 sin camino de conectividad a los apoyos de fundación. Respecto de E1-P1-M-012: distancia entre ejes XY 0.0001 m, separación entre huellas 0.0000 m y separación vertical 0.0000 m. La auditoría previa detectó sensibilidad a redondeo de 0.1 mm; eso no autoriza unirlo sin revisar el encuentro.","HECHO: geometría actual desde 2017_67-102.dxf, layer RLE-MURO_CONTOUR_PAIR.
HECHO: regeneración reproduce POST-FLOAT-015, 3 segmentos FE sin camino al sistema apoyado.
HECHO: geometría y resultados no modificados. Ancho/espesor 0.3 m; altura visible 3.960000000000001 m (no confundir con sección resistente).","NO SABEMOS cuál es el detalle resistente que completa el camino a fundación ni si el alcance del FE debe incluir todo este componente.
NO SABEMOS los ejes locales y tags de un análisis ACTUAL ejecutado: este candidato no ha sido ejecutado.
NO SABEMOS si los offsets entre muros representan un encuentro físico/transferencia que el adaptador no captura, o una interpretación geométrica pendiente.","2017_67-102 — Planta fuente del elemento P2. Buscar X Ea–Eb (Eb -0.0501 m) / Y 1''–2 (1'' +1.3565 m); revisar las entidades y la correspondencia cielo/piso, no solo el título.
2017_67-304 — Elevaciones: localizar el eje Eb y comparar niveles. Recomendación por eje cercano, NO afirmación de que el corte atraviese este elemento fuera de eje.","¿La planta y el corte muestran una unión resistente entre E1-P2-M-010 y E1-P1-M-012, o un apoyo/transferencia diferente? Indica la llamada del detalle.","31.040900000000004","5.2565","9.9","11.88","3.91","SOL_2_wall_0104","[{""analysis_id"":""POST-A-00254"",""opensees_element_tag"":10254,""element_id"":""E1-P2-M-010"",""geometry_elementTag"":""SOL_2_wall_0104"",""geometry_segment_index"":0,""type"":""wall"",""building"":""EDIFICIO_1"",""floor"":""P2"",""node_i"":379,""node_j"":380,""opensees_node_i"":379,""opensees_node_j"":380,""status"":""CANDIDATO / NO EJECUTADO"",""node_i_xyz_m"":{""tag"":379,""x"":31.041,""y"":5.256,""z"":7.92,""building"":""EDIFICIO_1"",""reasons"":[""VERTICAL_CENTROID""]},""node_j_xyz_m"":{""tag"":380,""x"":31.041,""y"":5.256,""z"":11.88,""building"":""EDIFICIO_1"",""reasons"":[""VERTICAL_CENTROID"",""WALL_VERTICAL_OVERLAP""]}}]","{""nearest_column"":{""id"":""E1-P2-C-002"",""floor"":""P2"",""axis_distance_xy_m"":4.490489,""face_gap_xy_m"":3.880986,""vertical_gap_m"":0,""footprint_overlap_m2"":0,""meaning"":""Proximidad geométrica; NO prueba de conexión resistente""},""nearest_wall"":{""id"":""E1-P2-M-007"",""floor"":""P2"",""axis_distance_xy_m"":0.180278,""face_gap_xy_m"":0,""vertical_gap_m"":0,""footprint_overlap_m2"":0,""meaning"":""Proximidad geométrica; NO prueba de conexión resistente""},""below"":{""id"":""E1-P1-M-012"",""floor"":""P1"",""axis_distance_xy_m"":0.0001,""face_gap_xy_m"":0,""vertical_gap_m"":0,""footprint_overlap_m2"":0.590383,""meaning"":""Proximidad geométrica; NO prueba de conexión resistente""},""above"":{""id"":""E1-P3-M-010"",""floor"":""P3"",""axis_distance_xy_m"":0,""face_gap_xy_m"":0,""vertical_gap_m"":0,""footprint_overlap_m2"":0.645,""meaning"":""Proximidad geométrica; NO prueba de conexión resistente""},""candidate_junctions"":[""E1-P3-M-010""],""component_members"":[""E1-P2-M-010"",""E1-P3-M-010"",""E1-P4-M-009""],""connected_beams_candidate"":[],""floor_visual_panels"":[""E1-P2-D-001""],""load_panel_receptor"":""NO SABEMOS: coincidencia de piso no establece panel tributario/receptor aprobado.""}","[{""endpoint"":""i"",""wall"":""E1-P3-M-010"",""axis_distance_xy_m"":0,""face_distance_xy_m"":0,""plane_z_m"":11.88,""meaning"":""Distancia horizontal de punto a segmento/huella rectangular, no conexión ni distancia 3D.""},{""endpoint"":""j"",""wall"":""E1-P3-M-010"",""axis_distance_xy_m"":0,""face_distance_xy_m"":0,""plane_z_m"":11.88,""meaning"":""Distancia horizontal de punto a segmento/huella rectangular, no conexión ni distancia 3D.""}]","[{""id"":""H1"",""statement"":""Falta representar un encuentro físico en el adaptador FE."",""for"":""La geometría existe y el componente está desconectado; revisar las distancias y vecinos medidos."",""against"":""Proximidad o solape de huellas no demuestra unión resistente ni autoriza un rigidLink."",""confidence"":""MEDIA como candidato de revisión""},{""id"":""H2"",""statement"":""El elemento tiene apoyo/transferencia exterior o participa en un sistema local distinto."",""for"":""RETURN_WALL"",""against"":""No se ha establecido un camino resistente completo ni una exclusión FE aprobada."",""confidence"":""BAJA""},{""id"":""H3"",""statement"":""El alcance, nivel o interpretación de una entidad CAD requiere revisión."",""for"":""La desconexión continúa en la regeneración actual."",""against"":""CONFIRMED_CONTOUR_PAIR"",""confidence"":""BAJA; no borrar ni mover automáticamente""}]","{""source_dxf"":""2017_67-102.dxf"",""source_layer"":""RLE-MURO_CONTOUR_PAIR"",""sourceTags"":[""P2-RLE-MURO-0009"",""P2-RLE-MURO-0010""],""source_label"":""M.H.A. e= 30"",""source_label_tag"":""LBL_2_wall_label_0037"",""geometry_confirmation"":{""status"":""CONFIRMED_CONTOUR_PAIR"",""audit_file"":""entregas/P1L2/edificio/validacion/ed1_walls/ed1_wall_face_audit.json"",""face_ids"":[""P2-RLE-MURO-0009"",""P2-RLE-MURO-0010""],""thickness_m"":0.3},""section_source"":""NO ENCONTRADA"",""section_confidence"":""NO ENCONTRADA"",""material_source"":""2017_67-100.dxf / MTEXT 1E116 / Main ED1 through cielo P3; excludes P4, sheet600 electrical room, slabs and radier"",""CAD_handle"":""NO ENCONTRADA en el contrato canónico; sourceTags son IDs derivados, no handles DWG."",""joint_detail"":""NO ENCONTRADA inequívoca"",""dimension_joint"":""NO ENCONTRADA inequívoca"",""physical_context_audit"":{""element_id"":""E1-P2-M-010"",""building"":""EDIFICIO_1"",""floor"":""P2"",""type"":""wall"",""prior_validation"":""DISCONNECTED_ERROR"",""prior_structural_classification"":""UNRESOLVED"",""cluster"":""CORE_ELEVATOR_P1_P4"",""physical_geometry"":""CONFIRMED"",""physical_classification"":""RETURN_WALL"",""physical_support"":""VERTICAL_CONTINUITY_CONFIRMED"",""main_fe_participation"":""PRIMARY_FE_REVIEW_REQUIRED"",""revised_diagnostic"":""PHYSICAL_CONFIRMED_FE_ADAPTER_REVIEW"",""duplicate_classification"":""SAME_PHYSICAL_WALL"",""participates_in_FE_changed"":false,""opensees_changed"":false,""start"":[3.5499,4.1815,9.9],""end"":[3.5499,6.3315,9.9],""width_m"":0.3,""height_m"":3.960000000000001,""source_dxf"":""2017_67-102.dxf"",""source_layer"":""RLE-MURO_CONTOUR_PAIR"",""evidence"":""Paño/retorno del shaft confirmado por pares de contorno y repetición vertical S1–P4; el nodo central del adaptador no representa todos los encuentros.""},""prior_diagnosis"":{""element_id"":""E1-P2-M-010"",""type"":""wall"",""building"":""EDIFICIO_1"",""floor"":""P2"",""classification"":""FE_ADAPTER_ERROR"",""qualification"":""CANDIDATE diagnosis, support path NOT APPROVED"",""cause"":""WALL_FOOTPRINT_OVERLAP_MISSED_BY_EXACT_AXIS_TEST"",""primary_source"":""2017_67-102.dxf"",""decision"":""NO_REMOVAL_NO_ARTIFICIAL_SUPPORT""}}","{""SANTIAGO"":{""candidate_match"":{""id"":""S-W-28"",""start_xy_m"":[30.77,4.08],""end_xy_m"":[30.77,5.655],""length_m"":1.575,""thickness_m"":0.25,""match"":{""perpendicular_distance_m"":0.2709,""angle_delta_deg"":0,""overlap_m"":1.4735,""overlap_ratio"":0.9356,""length_delta_m"":0.575,""strong"":false}},""interpretation"":""Pista geométrica secundaria del snapshot auditado; NO SABEMOS su unión resistente a partir de este matching.""},""CACERES"":{""candidate_match"":{""id"":""C-W-1103"",""start_xy_m"":[31.09,6.33],""end_xy_m"":[31.09,4.08],""length_m"":2.25,""thickness_m"":0.3,""match"":{""perpendicular_distance_m"":0.0491,""angle_delta_deg"":0,""overlap_m"":2.1485,""overlap_ratio"":0.9993,""length_delta_m"":0.1,""strong"":true}},""interpretation"":""Pista geométrica secundaria del snapshot auditado; NO SABEMOS su unión resistente a partir de este matching.""}}","[{""analysis_id"":""POST-A-00254"",""x_geometric_i_to_j_global"":[0,0,1],""y_local"":""NO SABEMOS: geomTransf actual no exportado/ejecutado"",""z_local"":""NO SABEMOS: geomTransf actual no exportado/ejecutado"",""note"":""Dirección geométrica del candidato, NO triada FE validada; no inferir My/Mz.""}]","{""center"":[31.040900000000004,5.2565,9.9],""i"":[31.040900000000004,4.1815,9.9],""j"":[31.040900000000004,6.3315,9.9],""z_bottom"":7.92,""z_top"":11.88}","{""center"":{""X"":{""relation"":""Ea–Eb"",""nearest_axis"":""Eb"",""offset_m"":-0.0501,""text"":""Ea–Eb (Eb -0.0501 m)""},""Y"":{""relation"":""1''–2"",""nearest_axis"":""1''"",""offset_m"":1.3565,""text"":""1''–2 (1'' +1.3565 m)""}},""i"":{""X"":{""relation"":""Ea–Eb"",""nearest_axis"":""Eb"",""offset_m"":-0.0501,""text"":""Ea–Eb (Eb -0.0501 m)""},""Y"":{""relation"":""1''–2"",""nearest_axis"":""1''"",""offset_m"":0.2815,""text"":""1''–2 (1'' +0.2815 m)""}},""j"":{""X"":{""relation"":""Ea–Eb"",""nearest_axis"":""Eb"",""offset_m"":-0.0501,""text"":""Ea–Eb (Eb -0.0501 m)""},""Y"":{""relation"":""1''–2"",""nearest_axis"":""1''"",""offset_m"":2.4315,""text"":""1''–2 (1'' +2.4315 m)""}}}","Localizar E1-P2-M-010 por los offsets de ejes, no por su ID (el ID es nuestro, no una etiqueta CAD).
Comparar con E1-P1-M-012: verificar contacto de caras, nivel de arranque y continuidad del hormigón.
Seguir la llamada de corte/detalle dibujada; si no aparece, registrar NO ENCONTRADA, no completar por proximidad.
Leer sección y cambios de nivel. Distinguir borde de losa de viga/muro y fotografiar la evidencia con ejes visibles.","Podría omitir rigidez/camino vertical del núcleo; magnitud NO SABEMOS sin idealización validada y análisis.","REVIEW_REQUIRED","FE_PENDING_43_DETAILED_REVIEW.json; 2017_67-102.dxf","",""
"5","E1-P2-M-007","A","EDIFICIO_1","P2","MURO","X Eb–Ec (Eb +1.3999 m) / Y 1''–2 (1'' +0.1815 m)","El candidato sitúa este muro en POST-FLOAT-016 sin camino de conectividad a los apoyos de fundación. Respecto de E1-P1-M-012: distancia entre ejes XY 0.1499 m, separación entre huellas 0.0000 m y separación vertical 0.0000 m.","HECHO: geometría actual desde 2017_67-102.dxf, layer RLE-MURO_CONTOUR_PAIR.
HECHO: regeneración reproduce POST-FLOAT-016, 3 segmentos FE sin camino al sistema apoyado.
HECHO: geometría y resultados no modificados. Ancho/espesor 0.2 m; altura visible 3.960000000000001 m (no confundir con sección resistente).","NO SABEMOS cuál es el detalle resistente que completa el camino a fundación ni si el alcance del FE debe incluir todo este componente.
NO SABEMOS los ejes locales y tags de un análisis ACTUAL ejecutado: este candidato no ha sido ejecutado.
NO SABEMOS si los offsets entre muros representan un encuentro físico/transferencia que el adaptador no captura, o una interpretación geométrica pendiente.","2017_67-102 — Planta fuente del elemento P2. Buscar X Eb–Ec (Eb +1.3999 m) / Y 1''–2 (1'' +0.1815 m); revisar las entidades y la correspondencia cielo/piso, no solo el título.
2017_67-304 — Elevaciones: localizar el eje Eb y comparar niveles. Recomendación por eje cercano, NO afirmación de que el corte atraviese este elemento fuera de eje.","¿La planta y el corte muestran una unión resistente entre E1-P2-M-007 y E1-P1-M-012, o un apoyo/transferencia diferente? Indica la llamada del detalle.","32.4909","4.0815","9.9","11.88","3.91","SOL_2_wall_0100","[{""analysis_id"":""POST-A-00255"",""opensees_element_tag"":10255,""element_id"":""E1-P2-M-007"",""geometry_elementTag"":""SOL_2_wall_0100"",""geometry_segment_index"":0,""type"":""wall"",""building"":""EDIFICIO_1"",""floor"":""P2"",""node_i"":381,""node_j"":382,""opensees_node_i"":381,""opensees_node_j"":382,""status"":""CANDIDATO / NO EJECUTADO"",""node_i_xyz_m"":{""tag"":381,""x"":32.491,""y"":4.082,""z"":7.92,""building"":""EDIFICIO_1"",""reasons"":[""VERTICAL_CENTROID""]},""node_j_xyz_m"":{""tag"":382,""x"":32.491,""y"":4.082,""z"":11.88,""building"":""EDIFICIO_1"",""reasons"":[""VERTICAL_CENTROID"",""WALL_VERTICAL_OVERLAP""]}}]","{""nearest_column"":{""id"":""E1-P2-C-005"",""floor"":""P2"",""axis_distance_xy_m"":5.375949,""face_gap_xy_m"":4.808921,""vertical_gap_m"":0,""footprint_overlap_m2"":0,""meaning"":""Proximidad geométrica; NO prueba de conexión resistente""},""nearest_wall"":{""id"":""E1-P2-M-009"",""floor"":""P2"",""axis_distance_xy_m"":0.180278,""face_gap_xy_m"":0,""vertical_gap_m"":0,""footprint_overlap_m2"":0,""meaning"":""Proximidad geométrica; NO prueba de conexión resistente""},""below"":{""id"":""E1-P1-M-012"",""floor"":""P1"",""axis_distance_xy_m"":0.1499,""face_gap_xy_m"":0,""vertical_gap_m"":0,""footprint_overlap_m2"":0.000018,""meaning"":""Proximidad geométrica; NO prueba de conexión resistente""},""above"":{""id"":""E1-P3-M-007"",""floor"":""P3"",""axis_distance_xy_m"":0,""face_gap_xy_m"":0,""vertical_gap_m"":0,""footprint_overlap_m2"":0.52,""meaning"":""Proximidad geométrica; NO prueba de conexión resistente""},""candidate_junctions"":[""E1-P3-M-007""],""component_members"":[""E1-P2-M-007"",""E1-P3-M-007"",""E1-P4-M-007""],""connected_beams_candidate"":[],""floor_visual_panels"":[""E1-P2-D-001""],""load_panel_receptor"":""NO SABEMOS: coincidencia de piso no establece panel tributario/receptor aprobado.""}","[{""endpoint"":""i"",""wall"":""E1-P3-M-007"",""axis_distance_xy_m"":0,""face_distance_xy_m"":0,""plane_z_m"":11.88,""meaning"":""Distancia horizontal de punto a segmento/huella rectangular, no conexión ni distancia 3D.""},{""endpoint"":""j"",""wall"":""E1-P3-M-007"",""axis_distance_xy_m"":0,""face_distance_xy_m"":0,""plane_z_m"":11.88,""meaning"":""Distancia horizontal de punto a segmento/huella rectangular, no conexión ni distancia 3D.""}]","[{""id"":""H1"",""statement"":""Falta representar un encuentro físico en el adaptador FE."",""for"":""La geometría existe y el componente está desconectado; revisar las distancias y vecinos medidos."",""against"":""Proximidad o solape de huellas no demuestra unión resistente ni autoriza un rigidLink."",""confidence"":""MEDIA como candidato de revisión""},{""id"":""H2"",""statement"":""El elemento tiene apoyo/transferencia exterior o participa en un sistema local distinto."",""for"":""SHAFT_WALL"",""against"":""No se ha establecido un camino resistente completo ni una exclusión FE aprobada."",""confidence"":""BAJA""},{""id"":""H3"",""statement"":""El alcance, nivel o interpretación de una entidad CAD requiere revisión."",""for"":""La desconexión continúa en la regeneración actual."",""against"":""CONFIRMED_CONTOUR_PAIR"",""confidence"":""BAJA; no borrar ni mover automáticamente""}]","{""source_dxf"":""2017_67-102.dxf"",""source_layer"":""RLE-MURO_CONTOUR_PAIR"",""sourceTags"":[""P2-RLE-MURO-0015"",""P2-RLE-MURO-0016""],""source_label"":""M.H.A. e= 20"",""source_label_tag"":""LBL_2_wall_label_0039"",""geometry_confirmation"":{""status"":""CONFIRMED_CONTOUR_PAIR"",""audit_file"":""entregas/P1L2/edificio/validacion/ed1_walls/ed1_wall_face_audit.json"",""face_ids"":[""P2-RLE-MURO-0015"",""P2-RLE-MURO-0016""],""thickness_m"":0.2},""section_source"":""NO ENCONTRADA"",""section_confidence"":""NO ENCONTRADA"",""material_source"":""2017_67-100.dxf / MTEXT 1E116 / Main ED1 through cielo P3; excludes P4, sheet600 electrical room, slabs and radier"",""CAD_handle"":""NO ENCONTRADA en el contrato canónico; sourceTags son IDs derivados, no handles DWG."",""joint_detail"":""NO ENCONTRADA inequívoca"",""dimension_joint"":""NO ENCONTRADA inequívoca"",""physical_context_audit"":{""element_id"":""E1-P2-M-007"",""building"":""EDIFICIO_1"",""floor"":""P2"",""type"":""wall"",""prior_validation"":""DISCONNECTED_ERROR"",""prior_structural_classification"":""UNRESOLVED"",""cluster"":""CORE_ELEVATOR_P1_P4"",""physical_geometry"":""CONFIRMED"",""physical_classification"":""SHAFT_WALL"",""physical_support"":""VERTICAL_CONTINUITY_CONFIRMED"",""main_fe_participation"":""PRIMARY_FE_REVIEW_REQUIRED"",""revised_diagnostic"":""PHYSICAL_CONFIRMED_FE_ADAPTER_REVIEW"",""duplicate_classification"":""SAME_PHYSICAL_WALL"",""participates_in_FE_changed"":false,""opensees_changed"":false,""start"":[3.6999,4.0815,9.9],""end"":[6.2999,4.0815,9.9],""width_m"":0.2,""height_m"":3.960000000000001,""source_dxf"":""2017_67-102.dxf"",""source_layer"":""RLE-MURO_CONTOUR_PAIR"",""evidence"":""Paño/retorno del shaft confirmado por pares de contorno y repetición vertical S1–P4; el nodo central del adaptador no representa todos los encuentros.""},""prior_diagnosis"":{""element_id"":""E1-P2-M-007"",""type"":""wall"",""building"":""EDIFICIO_1"",""floor"":""P2"",""classification"":""UNRESOLVED_REAL"",""qualification"":""CANDIDATE diagnosis, support path NOT APPROVED"",""cause"":""WALL_FOOTPRINT_OVERLAP_MISSED_BY_EXACT_AXIS_TEST"",""primary_source"":""2017_67-102.dxf"",""decision"":""NO_REMOVAL_NO_ARTIFICIAL_SUPPORT""}}","{""SANTIAGO"":{""candidate_match"":{""id"":""S-W-18"",""start_xy_m"":[30.77,4.08],""end_xy_m"":[34.17,4.08],""length_m"":3.4,""thickness_m"":0.2,""match"":{""perpendicular_distance_m"":0.0015,""angle_delta_deg"":0,""overlap_m"":2.6,""overlap_ratio"":1,""length_delta_m"":0.8,""strong"":true}},""interpretation"":""Pista geométrica secundaria del snapshot auditado; NO SABEMOS su unión resistente a partir de este matching.""},""CACERES"":{""candidate_match"":{""id"":""C-W-1003"",""start_xy_m"":[27.24,4.08],""end_xy_m"":[33.89,4.08],""length_m"":6.65,""thickness_m"":0.2,""match"":{""perpendicular_distance_m"":0.0015,""angle_delta_deg"":0,""overlap_m"":2.6,""overlap_ratio"":1,""length_delta_m"":4.05,""strong"":true}},""interpretation"":""Pista geométrica secundaria del snapshot auditado; NO SABEMOS su unión resistente a partir de este matching.""}}","[{""analysis_id"":""POST-A-00255"",""x_geometric_i_to_j_global"":[0,0,1],""y_local"":""NO SABEMOS: geomTransf actual no exportado/ejecutado"",""z_local"":""NO SABEMOS: geomTransf actual no exportado/ejecutado"",""note"":""Dirección geométrica del candidato, NO triada FE validada; no inferir My/Mz.""}]","{""center"":[32.4909,4.0815,9.9],""i"":[31.190900000000003,4.0815,9.9],""j"":[33.79090000000001,4.0815,9.9],""z_bottom"":7.92,""z_top"":11.88}","{""center"":{""X"":{""relation"":""Eb–Ec"",""nearest_axis"":""Eb"",""offset_m"":1.3999,""text"":""Eb–Ec (Eb +1.3999 m)""},""Y"":{""relation"":""1''–2"",""nearest_axis"":""1''"",""offset_m"":0.1815,""text"":""1''–2 (1'' +0.1815 m)""}},""i"":{""X"":{""relation"":""Eb–Ec"",""nearest_axis"":""Eb"",""offset_m"":0.0999,""text"":""Eb–Ec (Eb +0.0999 m)""},""Y"":{""relation"":""1''–2"",""nearest_axis"":""1''"",""offset_m"":0.1815,""text"":""1''–2 (1'' +0.1815 m)""}},""j"":{""X"":{""relation"":""Eb–Ec"",""nearest_axis"":""Ec"",""offset_m"":-0.1001,""text"":""Eb–Ec (Ec -0.1001 m)""},""Y"":{""relation"":""1''–2"",""nearest_axis"":""1''"",""offset_m"":0.1815,""text"":""1''–2 (1'' +0.1815 m)""}}}","Localizar E1-P2-M-007 por los offsets de ejes, no por su ID (el ID es nuestro, no una etiqueta CAD).
Comparar con E1-P1-M-012: verificar contacto de caras, nivel de arranque y continuidad del hormigón.
Seguir la llamada de corte/detalle dibujada; si no aparece, registrar NO ENCONTRADA, no completar por proximidad.
Leer sección y cambios de nivel. Distinguir borde de losa de viga/muro y fotografiar la evidencia con ejes visibles.","Podría omitir rigidez/camino vertical del núcleo; magnitud NO SABEMOS sin idealización validada y análisis.","REVIEW_REQUIRED","FE_PENDING_43_DETAILED_REVIEW.json; 2017_67-102.dxf","",""
"6","E1-P2-M-008","A","EDIFICIO_1","P2","MURO","X Eb–Ec (Eb +1.3999 m) / Y 2a–3 (2a +0.1815 m)","El candidato sitúa este muro en POST-FLOAT-014 sin camino de conectividad a los apoyos de fundación. Respecto de E1-P1-M-010: distancia entre ejes XY 0.1814 m, separación entre huellas 0.0000 m y separación vertical 0.0000 m.","HECHO: geometría actual desde 2017_67-102.dxf, layer RLE-MURO_CONTOUR_PAIR.
HECHO: regeneración reproduce POST-FLOAT-014, 3 segmentos FE sin camino al sistema apoyado.
HECHO: geometría y resultados no modificados. Ancho/espesor 0.2 m; altura visible 3.960000000000001 m (no confundir con sección resistente).","NO SABEMOS cuál es el detalle resistente que completa el camino a fundación ni si el alcance del FE debe incluir todo este componente.
NO SABEMOS los ejes locales y tags de un análisis ACTUAL ejecutado: este candidato no ha sido ejecutado.
NO SABEMOS si los offsets entre muros representan un encuentro físico/transferencia que el adaptador no captura, o una interpretación geométrica pendiente.","2017_67-102 — Planta fuente del elemento P2. Buscar X Eb–Ec (Eb +1.3999 m) / Y 2a–3 (2a +0.1815 m); revisar las entidades y la correspondencia cielo/piso, no solo el título.
2017_67-304 — Elevaciones: localizar el eje Eb y comparar niveles. Recomendación por eje cercano, NO afirmación de que el corte atraviese este elemento fuera de eje.","¿La planta y el corte muestran una unión resistente entre E1-P2-M-008 y E1-P1-M-010, o un apoyo/transferencia diferente? Indica la llamada del detalle.","32.4909","14.0265","9.9","11.88","3.91","SOL_2_wall_0099","[{""analysis_id"":""POST-A-00253"",""opensees_element_tag"":10253,""element_id"":""E1-P2-M-008"",""geometry_elementTag"":""SOL_2_wall_0099"",""geometry_segment_index"":0,""type"":""wall"",""building"":""EDIFICIO_1"",""floor"":""P2"",""node_i"":377,""node_j"":378,""opensees_node_i"":377,""opensees_node_j"":378,""status"":""CANDIDATO / NO EJECUTADO"",""node_i_xyz_m"":{""tag"":377,""x"":32.491,""y"":14.027,""z"":7.92,""building"":""EDIFICIO_1"",""reasons"":[""VERTICAL_CENTROID""]},""node_j_xyz_m"":{""tag"":378,""x"":32.491,""y"":14.027,""z"":11.88,""building"":""EDIFICIO_1"",""reasons"":[""VERTICAL_CENTROID"",""WALL_VERTICAL_OVERLAP""]}}]","{""nearest_column"":{""id"":""E1-P2-C-003"",""floor"":""P2"",""axis_distance_xy_m"":4.107724,""face_gap_xy_m"":3.569853,""vertical_gap_m"":0,""footprint_overlap_m2"":0,""meaning"":""Proximidad geométrica; NO prueba de conexión resistente""},""nearest_wall"":{""id"":""E1-P2-M-003"",""floor"":""P2"",""axis_distance_xy_m"":0.160078,""face_gap_xy_m"":0,""vertical_gap_m"":0,""footprint_overlap_m2"":0,""meaning"":""Proximidad geométrica; NO prueba de conexión resistente""},""below"":{""id"":""E1-P1-M-010"",""floor"":""P1"",""axis_distance_xy_m"":0.1814,""face_gap_xy_m"":0,""vertical_gap_m"":0,""footprint_overlap_m2"":0.059518,""meaning"":""Proximidad geométrica; NO prueba de conexión resistente""},""above"":{""id"":""E1-P3-M-008"",""floor"":""P3"",""axis_distance_xy_m"":0,""face_gap_xy_m"":0,""vertical_gap_m"":0,""footprint_overlap_m2"":0.64,""meaning"":""Proximidad geométrica; NO prueba de conexión resistente""},""candidate_junctions"":[""E1-P3-M-008""],""component_members"":[""E1-P2-M-008"",""E1-P3-M-008"",""E1-P4-M-008""],""connected_beams_candidate"":[],""floor_visual_panels"":[""E1-P2-D-001""],""load_panel_receptor"":""NO SABEMOS: coincidencia de piso no establece panel tributario/receptor aprobado.""}","[{""endpoint"":""i"",""wall"":""E1-P3-M-008"",""axis_distance_xy_m"":0,""face_distance_xy_m"":0,""plane_z_m"":11.88,""meaning"":""Distancia horizontal de punto a segmento/huella rectangular, no conexión ni distancia 3D.""},{""endpoint"":""j"",""wall"":""E1-P3-M-008"",""axis_distance_xy_m"":0,""face_distance_xy_m"":0,""plane_z_m"":11.88,""meaning"":""Distancia horizontal de punto a segmento/huella rectangular, no conexión ni distancia 3D.""}]","[{""id"":""H1"",""statement"":""Falta representar un encuentro físico en el adaptador FE."",""for"":""La geometría existe y el componente está desconectado; revisar las distancias y vecinos medidos."",""against"":""Proximidad o solape de huellas no demuestra unión resistente ni autoriza un rigidLink."",""confidence"":""MEDIA como candidato de revisión""},{""id"":""H2"",""statement"":""El elemento tiene apoyo/transferencia exterior o participa en un sistema local distinto."",""for"":""SHAFT_WALL"",""against"":""No se ha establecido un camino resistente completo ni una exclusión FE aprobada."",""confidence"":""BAJA""},{""id"":""H3"",""statement"":""El alcance, nivel o interpretación de una entidad CAD requiere revisión."",""for"":""La desconexión continúa en la regeneración actual."",""against"":""CONFIRMED_CONTOUR_PAIR"",""confidence"":""BAJA; no borrar ni mover automáticamente""}]","{""source_dxf"":""2017_67-102.dxf"",""source_layer"":""RLE-MURO_CONTOUR_PAIR"",""sourceTags"":[""P2-RLE-MURO-0001"",""P2-RLE-MURO-0002""],""source_label"":""M.H.A. e= 20"",""source_label_tag"":""LBL_2_wall_label_0033"",""geometry_confirmation"":{""status"":""CONFIRMED_CONTOUR_PAIR"",""audit_file"":""entregas/P1L2/edificio/validacion/ed1_walls/ed1_wall_face_audit.json"",""face_ids"":[""P2-RLE-MURO-0001"",""P2-RLE-MURO-0002""],""thickness_m"":0.2},""section_source"":""NO ENCONTRADA"",""section_confidence"":""NO ENCONTRADA"",""material_source"":""2017_67-100.dxf / MTEXT 1E116 / Main ED1 through cielo P3; excludes P4, sheet600 electrical room, slabs and radier"",""CAD_handle"":""NO ENCONTRADA en el contrato canónico; sourceTags son IDs derivados, no handles DWG."",""joint_detail"":""NO ENCONTRADA inequívoca"",""dimension_joint"":""NO ENCONTRADA inequívoca"",""physical_context_audit"":{""element_id"":""E1-P2-M-008"",""building"":""EDIFICIO_1"",""floor"":""P2"",""type"":""wall"",""prior_validation"":""DISCONNECTED_ERROR"",""prior_structural_classification"":""UNRESOLVED"",""cluster"":""CORE_ELEVATOR_P1_P4"",""physical_geometry"":""CONFIRMED"",""physical_classification"":""SHAFT_WALL"",""physical_support"":""VERTICAL_CONTINUITY_CONFIRMED"",""main_fe_participation"":""PRIMARY_FE_REVIEW_REQUIRED"",""revised_diagnostic"":""PHYSICAL_CONFIRMED_FE_ADAPTER_REVIEW"",""duplicate_classification"":""SAME_PHYSICAL_WALL"",""participates_in_FE_changed"":false,""opensees_changed"":false,""start"":[3.3999,14.0265,9.9],""end"":[6.5999,14.0265,9.9],""width_m"":0.2,""height_m"":3.960000000000001,""source_dxf"":""2017_67-102.dxf"",""source_layer"":""RLE-MURO_CONTOUR_PAIR"",""evidence"":""Paño/retorno del shaft confirmado por pares de contorno y repetición vertical S1–P4; el nodo central del adaptador no representa todos los encuentros.""},""prior_diagnosis"":{""element_id"":""E1-P2-M-008"",""type"":""wall"",""building"":""EDIFICIO_1"",""floor"":""P2"",""classification"":""UNRESOLVED_REAL"",""qualification"":""CANDIDATE diagnosis, support path NOT APPROVED"",""cause"":""WALL_FOOTPRINT_OVERLAP_MISSED_BY_EXACT_AXIS_TEST"",""primary_source"":""2017_67-102.dxf"",""decision"":""NO_REMOVAL_NO_ARTIFICIAL_SUPPORT""}}","{""SANTIAGO"":{""candidate_match"":{""id"":""S-W-3"",""start_xy_m"":[30.77,14.025],""end_xy_m"":[34.17,14.025],""length_m"":3.4,""thickness_m"":0.2,""match"":{""perpendicular_distance_m"":0.0015,""angle_delta_deg"":0,""overlap_m"":3.2,""overlap_ratio"":1,""length_delta_m"":0.2,""strong"":true}},""interpretation"":""Pista geométrica secundaria del snapshot auditado; NO SABEMOS su unión resistente a partir de este matching.""},""CACERES"":{""candidate_match"":{""id"":""C-W-1403"",""start_xy_m"":[30.79,14.025],""end_xy_m"":[34.19,14.025],""length_m"":3.4,""thickness_m"":0.2,""match"":{""perpendicular_distance_m"":0.0015,""angle_delta_deg"":0,""overlap_m"":3.2,""overlap_ratio"":1,""length_delta_m"":0.2,""strong"":true}},""interpretation"":""Pista geométrica secundaria del snapshot auditado; NO SABEMOS su unión resistente a partir de este matching.""}}","[{""analysis_id"":""POST-A-00253"",""x_geometric_i_to_j_global"":[0,0,1],""y_local"":""NO SABEMOS: geomTransf actual no exportado/ejecutado"",""z_local"":""NO SABEMOS: geomTransf actual no exportado/ejecutado"",""note"":""Dirección geométrica del candidato, NO triada FE validada; no inferir My/Mz.""}]","{""center"":[32.4909,14.0265,9.9],""i"":[30.890900000000002,14.0265,9.9],""j"":[34.090900000000005,14.0265,9.9],""z_bottom"":7.92,""z_top"":11.88}","{""center"":{""X"":{""relation"":""Eb–Ec"",""nearest_axis"":""Eb"",""offset_m"":1.3999,""text"":""Eb–Ec (Eb +1.3999 m)""},""Y"":{""relation"":""2a–3"",""nearest_axis"":""2a"",""offset_m"":0.1815,""text"":""2a–3 (2a +0.1815 m)""}},""i"":{""X"":{""relation"":""Ea–Eb"",""nearest_axis"":""Ea"",""offset_m"":0.0999,""text"":""Ea–Eb (Ea +0.0999 m)""},""Y"":{""relation"":""2a–3"",""nearest_axis"":""2a"",""offset_m"":0.1815,""text"":""2a–3 (2a +0.1815 m)""}},""j"":{""X"":{""relation"":""Ec–Ed"",""nearest_axis"":""Ed"",""offset_m"":-0.1001,""text"":""Ec–Ed (Ed -0.1001 m)""},""Y"":{""relation"":""2a–3"",""nearest_axis"":""2a"",""offset_m"":0.1815,""text"":""2a–3 (2a +0.1815 m)""}}}","Localizar E1-P2-M-008 por los offsets de ejes, no por su ID (el ID es nuestro, no una etiqueta CAD).
Comparar con E1-P1-M-010: verificar contacto de caras, nivel de arranque y continuidad del hormigón.
Seguir la llamada de corte/detalle dibujada; si no aparece, registrar NO ENCONTRADA, no completar por proximidad.
Leer sección y cambios de nivel. Distinguir borde de losa de viga/muro y fotografiar la evidencia con ejes visibles.","Podría omitir rigidez/camino vertical del núcleo; magnitud NO SABEMOS sin idealización validada y análisis.","REVIEW_REQUIRED","FE_PENDING_43_DETAILED_REVIEW.json; 2017_67-102.dxf","",""
"7","E1-P2-M-009","A","EDIFICIO_1","P2","MURO","X Ec–Ed (Ec +0.0499 m) / Y 1''–2 (1'' +1.3565 m)","El candidato sitúa este muro en POST-FLOAT-017 sin camino de conectividad a los apoyos de fundación. Respecto de E1-P1-M-025: distancia entre ejes XY 0.0001 m, separación entre huellas 0.0000 m y separación vertical 0.0000 m. La auditoría previa detectó sensibilidad a redondeo de 0.1 mm; eso no autoriza unirlo sin revisar el encuentro.","HECHO: geometría actual desde 2017_67-102.dxf, layer RLE-MURO_CONTOUR_PAIR.
HECHO: regeneración reproduce POST-FLOAT-017, 3 segmentos FE sin camino al sistema apoyado.
HECHO: geometría y resultados no modificados. Ancho/espesor 0.3 m; altura visible 3.960000000000001 m (no confundir con sección resistente).","NO SABEMOS cuál es el detalle resistente que completa el camino a fundación ni si el alcance del FE debe incluir todo este componente.
NO SABEMOS los ejes locales y tags de un análisis ACTUAL ejecutado: este candidato no ha sido ejecutado.
NO SABEMOS si los offsets entre muros representan un encuentro físico/transferencia que el adaptador no captura, o una interpretación geométrica pendiente.","2017_67-102 — Planta fuente del elemento P2. Buscar X Ec–Ed (Ec +0.0499 m) / Y 1''–2 (1'' +1.3565 m); revisar las entidades y la correspondencia cielo/piso, no solo el título.
2017_67-304 — Elevaciones: localizar el eje Ec y comparar niveles. Recomendación por eje cercano, NO afirmación de que el corte atraviese este elemento fuera de eje.","¿La planta y el corte muestran una unión resistente entre E1-P2-M-009 y E1-P1-M-025, o un apoyo/transferencia diferente? Indica la llamada del detalle.","33.9409","5.2565","9.9","11.88","3.91","SOL_2_wall_0108","[{""analysis_id"":""POST-A-00256"",""opensees_element_tag"":10256,""element_id"":""E1-P2-M-009"",""geometry_elementTag"":""SOL_2_wall_0108"",""geometry_segment_index"":0,""type"":""wall"",""building"":""EDIFICIO_1"",""floor"":""P2"",""node_i"":383,""node_j"":384,""opensees_node_i"":383,""opensees_node_j"":384,""status"":""CANDIDATO / NO EJECUTADO"",""node_i_xyz_m"":{""tag"":383,""x"":33.941,""y"":5.256,""z"":7.92,""building"":""EDIFICIO_1"",""reasons"":[""VERTICAL_CENTROID""]},""node_j_xyz_m"":{""tag"":384,""x"":33.941,""y"":5.256,""z"":11.88,""building"":""EDIFICIO_1"",""reasons"":[""VERTICAL_CENTROID"",""WALL_VERTICAL_OVERLAP""]}}]","{""nearest_column"":{""id"":""E1-P2-C-006"",""floor"":""P2"",""axis_distance_xy_m"":4.490428,""face_gap_xy_m"":3.880925,""vertical_gap_m"":0,""footprint_overlap_m2"":0,""meaning"":""Proximidad geométrica; NO prueba de conexión resistente""},""nearest_wall"":{""id"":""E1-P2-M-007"",""floor"":""P2"",""axis_distance_xy_m"":0.180278,""face_gap_xy_m"":0,""vertical_gap_m"":0,""footprint_overlap_m2"":0,""meaning"":""Proximidad geométrica; NO prueba de conexión resistente""},""below"":{""id"":""E1-P1-M-025"",""floor"":""P1"",""axis_distance_xy_m"":0.0001,""face_gap_xy_m"":0,""vertical_gap_m"":0,""footprint_overlap_m2"":0.590383,""meaning"":""Proximidad geométrica; NO prueba de conexión resistente""},""above"":{""id"":""E1-P3-M-009"",""floor"":""P3"",""axis_distance_xy_m"":0,""face_gap_xy_m"":0,""vertical_gap_m"":0,""footprint_overlap_m2"":0.645,""meaning"":""Proximidad geométrica; NO prueba de conexión resistente""},""candidate_junctions"":[""E1-P3-M-009""],""component_members"":[""E1-P2-M-009"",""E1-P3-M-009"",""E1-P4-M-010""],""connected_beams_candidate"":[],""floor_visual_panels"":[""E1-P2-D-001""],""load_panel_receptor"":""NO SABEMOS: coincidencia de piso no establece panel tributario/receptor aprobado.""}","[{""endpoint"":""i"",""wall"":""E1-P3-M-009"",""axis_distance_xy_m"":0,""face_distance_xy_m"":0,""plane_z_m"":11.88,""meaning"":""Distancia horizontal de punto a segmento/huella rectangular, no conexión ni distancia 3D.""},{""endpoint"":""j"",""wall"":""E1-P3-M-009"",""axis_distance_xy_m"":0,""face_distance_xy_m"":0,""plane_z_m"":11.88,""meaning"":""Distancia horizontal de punto a segmento/huella rectangular, no conexión ni distancia 3D.""}]","[{""id"":""H1"",""statement"":""Falta representar un encuentro físico en el adaptador FE."",""for"":""La geometría existe y el componente está desconectado; revisar las distancias y vecinos medidos."",""against"":""Proximidad o solape de huellas no demuestra unión resistente ni autoriza un rigidLink."",""confidence"":""MEDIA como candidato de revisión""},{""id"":""H2"",""statement"":""El elemento tiene apoyo/transferencia exterior o participa en un sistema local distinto."",""for"":""RETURN_WALL"",""against"":""No se ha establecido un camino resistente completo ni una exclusión FE aprobada."",""confidence"":""BAJA""},{""id"":""H3"",""statement"":""El alcance, nivel o interpretación de una entidad CAD requiere revisión."",""for"":""La desconexión continúa en la regeneración actual."",""against"":""CONFIRMED_CONTOUR_PAIR"",""confidence"":""BAJA; no borrar ni mover automáticamente""}]","{""source_dxf"":""2017_67-102.dxf"",""source_layer"":""RLE-MURO_CONTOUR_PAIR"",""sourceTags"":[""P2-RLE-MURO-0012"",""P2-RLE-MURO-0013""],""source_label"":""M.H.A. e= 30"",""source_label_tag"":""LBL_2_wall_label_0038"",""geometry_confirmation"":{""status"":""CONFIRMED_CONTOUR_PAIR"",""audit_file"":""entregas/P1L2/edificio/validacion/ed1_walls/ed1_wall_face_audit.json"",""face_ids"":[""P2-RLE-MURO-0012"",""P2-RLE-MURO-0013""],""thickness_m"":0.3},""section_source"":""NO ENCONTRADA"",""section_confidence"":""NO ENCONTRADA"",""material_source"":""2017_67-100.dxf / MTEXT 1E116 / Main ED1 through cielo P3; excludes P4, sheet600 electrical room, slabs and radier"",""CAD_handle"":""NO ENCONTRADA en el contrato canónico; sourceTags son IDs derivados, no handles DWG."",""joint_detail"":""NO ENCONTRADA inequívoca"",""dimension_joint"":""NO ENCONTRADA inequívoca"",""physical_context_audit"":{""element_id"":""E1-P2-M-009"",""building"":""EDIFICIO_1"",""floor"":""P2"",""type"":""wall"",""prior_validation"":""DISCONNECTED_ERROR"",""prior_structural_classification"":""UNRESOLVED"",""cluster"":""CORE_ELEVATOR_P1_P4"",""physical_geometry"":""CONFIRMED"",""physical_classification"":""RETURN_WALL"",""physical_support"":""VERTICAL_CONTINUITY_CONFIRMED"",""main_fe_participation"":""PRIMARY_FE_REVIEW_REQUIRED"",""revised_diagnostic"":""PHYSICAL_CONFIRMED_FE_ADAPTER_REVIEW"",""duplicate_classification"":""SAME_PHYSICAL_WALL"",""participates_in_FE_changed"":false,""opensees_changed"":false,""start"":[6.4499,4.1815,9.9],""end"":[6.4499,6.3315,9.9],""width_m"":0.3,""height_m"":3.960000000000001,""source_dxf"":""2017_67-102.dxf"",""source_layer"":""RLE-MURO_CONTOUR_PAIR"",""evidence"":""Paño/retorno del shaft confirmado por pares de contorno y repetición vertical S1–P4; el nodo central del adaptador no representa todos los encuentros.""},""prior_diagnosis"":{""element_id"":""E1-P2-M-009"",""type"":""wall"",""building"":""EDIFICIO_1"",""floor"":""P2"",""classification"":""FE_ADAPTER_ERROR"",""qualification"":""CANDIDATE diagnosis, support path NOT APPROVED"",""cause"":""WALL_FOOTPRINT_OVERLAP_MISSED_BY_EXACT_AXIS_TEST"",""primary_source"":""2017_67-102.dxf"",""decision"":""NO_REMOVAL_NO_ARTIFICIAL_SUPPORT""}}","{""SANTIAGO"":{""candidate_match"":{""id"":""S-W-23"",""start_xy_m"":[34.17,4.08],""end_xy_m"":[34.17,5.655],""length_m"":1.575,""thickness_m"":0.25,""match"":{""perpendicular_distance_m"":0.2291,""angle_delta_deg"":0,""overlap_m"":1.4735,""overlap_ratio"":0.9356,""length_delta_m"":0.575,""strong"":false}},""interpretation"":""Pista geométrica secundaria del snapshot auditado; NO SABEMOS su unión resistente a partir de este matching.""},""CACERES"":{""candidate_match"":{""id"":""C-W-1203"",""start_xy_m"":[33.89,6.33],""end_xy_m"":[33.89,4.08],""length_m"":2.25,""thickness_m"":0.3,""match"":{""perpendicular_distance_m"":0.0509,""angle_delta_deg"":0,""overlap_m"":2.1485,""overlap_ratio"":0.9993,""length_delta_m"":0.1,""strong"":true}},""interpretation"":""Pista geométrica secundaria del snapshot auditado; NO SABEMOS su unión resistente a partir de este matching.""}}","[{""analysis_id"":""POST-A-00256"",""x_geometric_i_to_j_global"":[0,0,1],""y_local"":""NO SABEMOS: geomTransf actual no exportado/ejecutado"",""z_local"":""NO SABEMOS: geomTransf actual no exportado/ejecutado"",""note"":""Dirección geométrica del candidato, NO triada FE validada; no inferir My/Mz.""}]","{""center"":[33.9409,5.2565,9.9],""i"":[33.9409,4.1815,9.9],""j"":[33.9409,6.3315,9.9],""z_bottom"":7.92,""z_top"":11.88}","{""center"":{""X"":{""relation"":""Ec–Ed"",""nearest_axis"":""Ec"",""offset_m"":0.0499,""text"":""Ec–Ed (Ec +0.0499 m)""},""Y"":{""relation"":""1''–2"",""nearest_axis"":""1''"",""offset_m"":1.3565,""text"":""1''–2 (1'' +1.3565 m)""}},""i"":{""X"":{""relation"":""Ec–Ed"",""nearest_axis"":""Ec"",""offset_m"":0.0499,""text"":""Ec–Ed (Ec +0.0499 m)""},""Y"":{""relation"":""1''–2"",""nearest_axis"":""1''"",""offset_m"":0.2815,""text"":""1''–2 (1'' +0.2815 m)""}},""j"":{""X"":{""relation"":""Ec–Ed"",""nearest_axis"":""Ec"",""offset_m"":0.0499,""text"":""Ec–Ed (Ec +0.0499 m)""},""Y"":{""relation"":""1''–2"",""nearest_axis"":""1''"",""offset_m"":2.4315,""text"":""1''–2 (1'' +2.4315 m)""}}}","Localizar E1-P2-M-009 por los offsets de ejes, no por su ID (el ID es nuestro, no una etiqueta CAD).
Comparar con E1-P1-M-025: verificar contacto de caras, nivel de arranque y continuidad del hormigón.
Seguir la llamada de corte/detalle dibujada; si no aparece, registrar NO ENCONTRADA, no completar por proximidad.
Leer sección y cambios de nivel. Distinguir borde de losa de viga/muro y fotografiar la evidencia con ejes visibles.","Podría omitir rigidez/camino vertical del núcleo; magnitud NO SABEMOS sin idealización validada y análisis.","REVIEW_REQUIRED","FE_PENDING_43_DETAILED_REVIEW.json; 2017_67-102.dxf","",""
"8","E1-P2-M-005","A","EDIFICIO_1","P2","MURO","X Ed–F (Ed +0.0249 m) / Y 2–2a (2a -0.6579 m)","El candidato sitúa este muro en POST-FLOAT-018 sin camino de conectividad a los apoyos de fundación. Respecto de E1-P1-M-026: distancia entre ejes XY 0.0001 m, separación entre huellas 0.0000 m y separación vertical 0.0000 m. La auditoría previa detectó sensibilidad a redondeo de 0.1 mm; eso no autoriza unirlo sin revisar el encuentro.","HECHO: geometría actual desde 2017_67-102.dxf, layer RLE-MURO_CONTOUR_PAIR.
HECHO: regeneración reproduce POST-FLOAT-018, 3 segmentos FE sin camino al sistema apoyado.
HECHO: geometría y resultados no modificados. Ancho/espesor 0.25 m; altura visible 3.960000000000001 m (no confundir con sección resistente).","NO SABEMOS cuál es el detalle resistente que completa el camino a fundación ni si el alcance del FE debe incluir todo este componente.
NO SABEMOS los ejes locales y tags de un análisis ACTUAL ejecutado: este candidato no ha sido ejecutado.
NO SABEMOS si los offsets entre muros representan un encuentro físico/transferencia que el adaptador no captura, o una interpretación geométrica pendiente.","2017_67-102 — Planta fuente del elemento P2. Buscar X Ed–F (Ed +0.0249 m) / Y 2–2a (2a -0.6579 m); revisar las entidades y la correspondencia cielo/piso, no solo el título.
2017_67-304 — Elevaciones: localizar el eje Ed y comparar niveles. Recomendación por eje cercano, NO afirmación de que el corte atraviese este elemento fuera de eje.","¿La planta y el corte muestran una unión resistente entre E1-P2-M-005 y E1-P1-M-026, o un apoyo/transferencia diferente? Indica la llamada del detalle.","34.215900000000005","13.187100000000001","9.9","11.88","3.91","SOL_2_wall_0103","[{""analysis_id"":""POST-A-00257"",""opensees_element_tag"":10257,""element_id"":""E1-P2-M-005"",""geometry_elementTag"":""SOL_2_wall_0103"",""geometry_segment_index"":0,""type"":""wall"",""building"":""EDIFICIO_1"",""floor"":""P2"",""node_i"":385,""node_j"":386,""opensees_node_i"":385,""opensees_node_j"":386,""status"":""CANDIDATO / NO EJECUTADO"",""node_i_xyz_m"":{""tag"":385,""x"":34.216,""y"":13.187,""z"":7.92,""building"":""EDIFICIO_1"",""reasons"":[""VERTICAL_CENTROID""]},""node_j_xyz_m"":{""tag"":386,""x"":34.216,""y"":13.187,""z"":11.88,""building"":""EDIFICIO_1"",""reasons"":[""VERTICAL_CENTROID"",""WALL_VERTICAL_OVERLAP""]}}]","{""nearest_column"":{""id"":""E1-P2-C-004"",""floor"":""P2"",""axis_distance_xy_m"":4.132693,""face_gap_xy_m"":3.542827,""vertical_gap_m"":0,""footprint_overlap_m2"":0,""meaning"":""Proximidad geométrica; NO prueba de conexión resistente""},""nearest_wall"":{""id"":""E1-P2-M-008"",""floor"":""P2"",""axis_distance_xy_m"":0.160078,""face_gap_xy_m"":0,""vertical_gap_m"":0,""footprint_overlap_m2"":0,""meaning"":""Proximidad geométrica; NO prueba de conexión resistente""},""below"":{""id"":""E1-P1-M-026"",""floor"":""P1"",""axis_distance_xy_m"":0.0001,""face_gap_xy_m"":0,""vertical_gap_m"":0,""footprint_overlap_m2"":0.32422,""meaning"":""Proximidad geométrica; NO prueba de conexión resistente""},""above"":{""id"":""E1-P3-M-005"",""floor"":""P3"",""axis_distance_xy_m"":0,""face_gap_xy_m"":0,""vertical_gap_m"":0,""footprint_overlap_m2"":0.3697,""meaning"":""Proximidad geométrica; NO prueba de conexión resistente""},""candidate_junctions"":[""E1-P3-M-005""],""component_members"":[""E1-P2-M-005"",""E1-P3-M-005"",""E1-P4-M-012""],""connected_beams_candidate"":[],""floor_visual_panels"":[""E1-P2-D-001""],""load_panel_receptor"":""NO SABEMOS: coincidencia de piso no establece panel tributario/receptor aprobado.""}","[{""endpoint"":""i"",""wall"":""E1-P3-M-005"",""axis_distance_xy_m"":0,""face_distance_xy_m"":0,""plane_z_m"":11.88,""meaning"":""Distancia horizontal de punto a segmento/huella rectangular, no conexión ni distancia 3D.""},{""endpoint"":""j"",""wall"":""E1-P3-M-005"",""axis_distance_xy_m"":0,""face_distance_xy_m"":0,""plane_z_m"":11.88,""meaning"":""Distancia horizontal de punto a segmento/huella rectangular, no conexión ni distancia 3D.""}]","[{""id"":""H1"",""statement"":""Falta representar un encuentro físico en el adaptador FE."",""for"":""La geometría existe y el componente está desconectado; revisar las distancias y vecinos medidos."",""against"":""Proximidad o solape de huellas no demuestra unión resistente ni autoriza un rigidLink."",""confidence"":""MEDIA como candidato de revisión""},{""id"":""H2"",""statement"":""El elemento tiene apoyo/transferencia exterior o participa en un sistema local distinto."",""for"":""RETURN_WALL"",""against"":""No se ha establecido un camino resistente completo ni una exclusión FE aprobada."",""confidence"":""BAJA""},{""id"":""H3"",""statement"":""El alcance, nivel o interpretación de una entidad CAD requiere revisión."",""for"":""La desconexión continúa en la regeneración actual."",""against"":""CONFIRMED_CONTOUR_PAIR"",""confidence"":""BAJA; no borrar ni mover automáticamente""}]","{""source_dxf"":""2017_67-102.dxf"",""source_layer"":""RLE-MURO_CONTOUR_PAIR"",""sourceTags"":[""P2-RLE-MURO-0006"",""P2-RLE-MURO-0008""],""source_label"":""M.H.A. e= 25"",""source_label_tag"":""LBL_2_wall_label_0035"",""geometry_confirmation"":{""status"":""CONFIRMED_CONTOUR_PAIR"",""audit_file"":""entregas/P1L2/edificio/validacion/ed1_walls/ed1_wall_face_audit.json"",""face_ids"":[""P2-RLE-MURO-0006"",""P2-RLE-MURO-0008""],""thickness_m"":0.25},""section_source"":""NO ENCONTRADA"",""section_confidence"":""NO ENCONTRADA"",""material_source"":""2017_67-100.dxf / MTEXT 1E116 / Main ED1 through cielo P3; excludes P4, sheet600 electrical room, slabs and radier"",""CAD_handle"":""NO ENCONTRADA en el contrato canónico; sourceTags son IDs derivados, no handles DWG."",""joint_detail"":""NO ENCONTRADA inequívoca"",""dimension_joint"":""NO ENCONTRADA inequívoca"",""physical_context_audit"":{""element_id"":""E1-P2-M-005"",""building"":""EDIFICIO_1"",""floor"":""P2"",""type"":""wall"",""prior_validation"":""DISCONNECTED_ERROR"",""prior_structural_classification"":""UNRESOLVED"",""cluster"":""CORE_ELEVATOR_P1_P4"",""physical_geometry"":""CONFIRMED"",""physical_classification"":""RETURN_WALL"",""physical_support"":""VERTICAL_CONTINUITY_CONFIRMED"",""main_fe_participation"":""PRIMARY_FE_REVIEW_REQUIRED"",""revised_diagnostic"":""PHYSICAL_CONFIRMED_FE_ADAPTER_REVIEW"",""duplicate_classification"":""SAME_PHYSICAL_WALL"",""participates_in_FE_changed"":false,""opensees_changed"":false,""start"":[6.7249,12.4477,9.9],""end"":[6.7249,13.9265,9.9],""width_m"":0.25,""height_m"":3.960000000000001,""source_dxf"":""2017_67-102.dxf"",""source_layer"":""RLE-MURO_CONTOUR_PAIR"",""evidence"":""Paño/retorno del shaft confirmado por pares de contorno y repetición vertical S1–P4; el nodo central del adaptador no representa todos los encuentros.""},""prior_diagnosis"":{""element_id"":""E1-P2-M-005"",""type"":""wall"",""building"":""EDIFICIO_1"",""floor"":""P2"",""classification"":""FE_ADAPTER_ERROR"",""qualification"":""CANDIDATE diagnosis, support path NOT APPROVED"",""cause"":""WALL_FOOTPRINT_OVERLAP_MISSED_BY_EXACT_AXIS_TEST"",""primary_source"":""2017_67-102.dxf"",""decision"":""NO_REMOVAL_NO_ARTIFICIAL_SUPPORT""}}","{""SANTIAGO"":{""candidate_match"":{""id"":""S-W-8"",""start_xy_m"":[34.17,14.025],""end_xy_m"":[34.17,12.45],""length_m"":1.575,""thickness_m"":0.25,""match"":{""perpendicular_distance_m"":0.0459,""angle_delta_deg"":0,""overlap_m"":1.4765,""overlap_ratio"":0.9984,""length_delta_m"":0.0962,""strong"":true}},""interpretation"":""Pista geométrica secundaria del snapshot auditado; NO SABEMOS su unión resistente a partir de este matching.""},""CACERES"":{""candidate_match"":{""id"":""C-W-1603"",""start_xy_m"":[34.19,14.025],""end_xy_m"":[34.19,12.445],""length_m"":1.58,""thickness_m"":0.25,""match"":{""perpendicular_distance_m"":0.0259,""angle_delta_deg"":0,""overlap_m"":1.4788,""overlap_ratio"":1,""length_delta_m"":0.1012,""strong"":true}},""interpretation"":""Pista geométrica secundaria del snapshot auditado; NO SABEMOS su unión resistente a partir de este matching.""}}","[{""analysis_id"":""POST-A-00257"",""x_geometric_i_to_j_global"":[0,0,1],""y_local"":""NO SABEMOS: geomTransf actual no exportado/ejecutado"",""z_local"":""NO SABEMOS: geomTransf actual no exportado/ejecutado"",""note"":""Dirección geométrica del candidato, NO triada FE validada; no inferir My/Mz.""}]","{""center"":[34.215900000000005,13.187100000000001,9.9],""i"":[34.215900000000005,12.4477,9.9],""j"":[34.215900000000005,13.9265,9.9],""z_bottom"":7.92,""z_top"":11.88}","{""center"":{""X"":{""relation"":""Ed–F"",""nearest_axis"":""Ed"",""offset_m"":0.0249,""text"":""Ed–F (Ed +0.0249 m)""},""Y"":{""relation"":""2–2a"",""nearest_axis"":""2a"",""offset_m"":-0.6579,""text"":""2–2a (2a -0.6579 m)""}},""i"":{""X"":{""relation"":""Ed–F"",""nearest_axis"":""Ed"",""offset_m"":0.0249,""text"":""Ed–F (Ed +0.0249 m)""},""Y"":{""relation"":""2–2a"",""nearest_axis"":""2a"",""offset_m"":-1.3973,""text"":""2–2a (2a -1.3973 m)""}},""j"":{""X"":{""relation"":""Ed–F"",""nearest_axis"":""Ed"",""offset_m"":0.0249,""text"":""Ed–F (Ed +0.0249 m)""},""Y"":{""relation"":""2a–3"",""nearest_axis"":""2a"",""offset_m"":0.0815,""text"":""2a–3 (2a +0.0815 m)""}}}","Localizar E1-P2-M-005 por los offsets de ejes, no por su ID (el ID es nuestro, no una etiqueta CAD).
Comparar con E1-P1-M-026: verificar contacto de caras, nivel de arranque y continuidad del hormigón.
Seguir la llamada de corte/detalle dibujada; si no aparece, registrar NO ENCONTRADA, no completar por proximidad.
Leer sección y cambios de nivel. Distinguir borde de losa de viga/muro y fotografiar la evidencia con ejes visibles.","Podría omitir rigidez/camino vertical del núcleo; magnitud NO SABEMOS sin idealización validada y análisis.","REVIEW_REQUIRED","FE_PENDING_43_DETAILED_REVIEW.json; 2017_67-102.dxf","",""
"9","E1-P3-M-003","A","EDIFICIO_1","P3","MURO","X E–Ea (Ea -0.0251 m) / Y 2–2a (2a -0.6579 m)","El candidato sitúa este muro en POST-FLOAT-013 sin camino de conectividad a los apoyos de fundación. Respecto de E1-P2-M-003: distancia entre ejes XY 0.0000 m, separación entre huellas 0.0000 m y separación vertical 0.0000 m.","HECHO: geometría actual desde 2017_67-102.dxf, layer RLE-MURO_CONTOUR_PAIR.
HECHO: regeneración reproduce POST-FLOAT-013, 3 segmentos FE sin camino al sistema apoyado.
HECHO: geometría y resultados no modificados. Ancho/espesor 0.25 m; altura visible 3.959999999999999 m (no confundir con sección resistente).","NO SABEMOS cuál es el detalle resistente que completa el camino a fundación ni si el alcance del FE debe incluir todo este componente.
NO SABEMOS los ejes locales y tags de un análisis ACTUAL ejecutado: este candidato no ha sido ejecutado.
NO SABEMOS si los offsets entre muros representan un encuentro físico/transferencia que el adaptador no captura, o una interpretación geométrica pendiente.","2017_67-102 — Planta fuente del elemento P3. Buscar X E–Ea (Ea -0.0251 m) / Y 2–2a (2a -0.6579 m); revisar las entidades y la correspondencia cielo/piso, no solo el título.
2017_67-304 — Elevaciones: localizar el eje Ea y comparar niveles. Recomendación por eje cercano, NO afirmación de que el corte atraviese este elemento fuera de eje.","¿La planta y el corte muestran una unión resistente entre E1-P3-M-003 y E1-P2-M-003, o un apoyo/transferencia diferente? Indica la llamada del detalle.","30.765900000000002","13.187100000000001","13.86","15.84","7.87","SOL_3_wall_0113","[{""analysis_id"":""POST-A-00259"",""opensees_element_tag"":10259,""element_id"":""E1-P3-M-003"",""geometry_elementTag"":""SOL_3_wall_0113"",""geometry_segment_index"":0,""type"":""wall"",""building"":""EDIFICIO_1"",""floor"":""P3"",""node_i"":376,""node_j"":388,""opensees_node_i"":376,""opensees_node_j"":388,""status"":""CANDIDATO / NO EJECUTADO"",""node_i_xyz_m"":{""tag"":376,""x"":30.766,""y"":13.187,""z"":11.88,""building"":""EDIFICIO_1"",""reasons"":[""VERTICAL_CENTROID"",""WALL_VERTICAL_OVERLAP""]},""node_j_xyz_m"":{""tag"":388,""x"":30.766,""y"":13.187,""z"":15.84,""building"":""EDIFICIO_1"",""reasons"":[""VERTICAL_CENTROID"",""WALL_VERTICAL_OVERLAP""]}}]","{""nearest_column"":{""id"":""E1-P3-C-003"",""floor"":""P3"",""axis_distance_xy_m"":4.063238,""face_gap_xy_m"":3.473218,""vertical_gap_m"":0,""footprint_overlap_m2"":0,""meaning"":""Proximidad geométrica; NO prueba de conexión resistente""},""nearest_wall"":{""id"":""E1-P3-M-008"",""floor"":""P3"",""axis_distance_xy_m"":0.160078,""face_gap_xy_m"":0,""vertical_gap_m"":0,""footprint_overlap_m2"":0,""meaning"":""Proximidad geométrica; NO prueba de conexión resistente""},""below"":{""id"":""E1-P2-M-003"",""floor"":""P2"",""axis_distance_xy_m"":0,""face_gap_xy_m"":0,""vertical_gap_m"":0,""footprint_overlap_m2"":0.3697,""meaning"":""Proximidad geométrica; NO prueba de conexión resistente""},""above"":{""id"":""E1-P4-M-003"",""floor"":""P4"",""axis_distance_xy_m"":0,""face_gap_xy_m"":0,""vertical_gap_m"":0,""footprint_overlap_m2"":0.3697,""meaning"":""Proximidad geométrica; NO prueba de conexión resistente""},""candidate_junctions"":[""E1-P2-M-003"",""E1-P4-M-003""],""component_members"":[""E1-P2-M-003"",""E1-P3-M-003"",""E1-P4-M-003""],""connected_beams_candidate"":[],""floor_visual_panels"":[""E1-P3-D-001""],""load_panel_receptor"":""NO SABEMOS: coincidencia de piso no establece panel tributario/receptor aprobado.""}","[{""endpoint"":""i"",""wall"":""E1-P4-M-003"",""axis_distance_xy_m"":0,""face_distance_xy_m"":0,""plane_z_m"":15.84,""meaning"":""Distancia horizontal de punto a segmento/huella rectangular, no conexión ni distancia 3D.""},{""endpoint"":""j"",""wall"":""E1-P4-M-003"",""axis_distance_xy_m"":0,""face_distance_xy_m"":0,""plane_z_m"":15.84,""meaning"":""Distancia horizontal de punto a segmento/huella rectangular, no conexión ni distancia 3D.""}]","[{""id"":""H1"",""statement"":""Falta representar un encuentro físico en el adaptador FE."",""for"":""La geometría existe y el componente está desconectado; revisar las distancias y vecinos medidos."",""against"":""Proximidad o solape de huellas no demuestra unión resistente ni autoriza un rigidLink."",""confidence"":""MEDIA como candidato de revisión""},{""id"":""H2"",""statement"":""El elemento tiene apoyo/transferencia exterior o participa en un sistema local distinto."",""for"":""RETURN_WALL"",""against"":""No se ha establecido un camino resistente completo ni una exclusión FE aprobada."",""confidence"":""BAJA""},{""id"":""H3"",""statement"":""El alcance, nivel o interpretación de una entidad CAD requiere revisión."",""for"":""La desconexión continúa en la regeneración actual."",""against"":""CONFIRMED_CONTOUR_PAIR"",""confidence"":""BAJA; no borrar ni mover automáticamente""}]","{""source_dxf"":""2017_67-102.dxf"",""source_layer"":""RLE-MURO_CONTOUR_PAIR"",""sourceTags"":[""P3-RLE-MURO-0003"",""P3-RLE-MURO-0005""],""source_label"":""M.H.A. e= 25"",""source_label_tag"":""LBL_3_wall_label_0033"",""geometry_confirmation"":{""status"":""CONFIRMED_CONTOUR_PAIR"",""audit_file"":""entregas/P1L2/edificio/validacion/ed1_walls/ed1_wall_face_audit.json"",""face_ids"":[""P3-RLE-MURO-0003"",""P3-RLE-MURO-0005""],""thickness_m"":0.25},""section_source"":""NO ENCONTRADA"",""section_confidence"":""NO ENCONTRADA"",""material_source"":""2017_67-100.dxf / MTEXT 1E116 / Main ED1 through cielo P3; excludes P4, sheet600 electrical room, slabs and radier"",""CAD_handle"":""NO ENCONTRADA en el contrato canónico; sourceTags son IDs derivados, no handles DWG."",""joint_detail"":""NO ENCONTRADA inequívoca"",""dimension_joint"":""NO ENCONTRADA inequívoca"",""physical_context_audit"":{""element_id"":""E1-P3-M-003"",""building"":""EDIFICIO_1"",""floor"":""P3"",""type"":""wall"",""prior_validation"":""DISCONNECTED_ERROR"",""prior_structural_classification"":""UNRESOLVED"",""cluster"":""CORE_ELEVATOR_P1_P4"",""physical_geometry"":""CONFIRMED"",""physical_classification"":""RETURN_WALL"",""physical_support"":""VERTICAL_CONTINUITY_CONFIRMED"",""main_fe_participation"":""PRIMARY_FE_REVIEW_REQUIRED"",""revised_diagnostic"":""PHYSICAL_CONFIRMED_FE_ADAPTER_REVIEW"",""duplicate_classification"":""SAME_PHYSICAL_WALL"",""participates_in_FE_changed"":false,""opensees_changed"":false,""start"":[3.2749,12.4477,13.86],""end"":[3.2749,13.9265,13.86],""width_m"":0.25,""height_m"":3.959999999999999,""source_dxf"":""2017_67-102.dxf"",""source_layer"":""RLE-MURO_CONTOUR_PAIR"",""evidence"":""Paño/retorno del shaft confirmado por pares de contorno y repetición vertical S1–P4; el nodo central del adaptador no representa todos los encuentros.""},""prior_diagnosis"":{""element_id"":""E1-P3-M-003"",""type"":""wall"",""building"":""EDIFICIO_1"",""floor"":""P3"",""classification"":""UNRESOLVED_REAL"",""qualification"":""CANDIDATE diagnosis, support path NOT APPROVED"",""cause"":""WALL_SUPPORT_PATH_REVIEW"",""primary_source"":""2017_67-102.dxf"",""decision"":""NO_REMOVAL_NO_ARTIFICIAL_SUPPORT""}}","{""SANTIAGO"":{""candidate_match"":{""id"":""S-W-14"",""start_xy_m"":[30.77,14.025],""end_xy_m"":[30.77,12.45],""length_m"":1.575,""thickness_m"":0.25,""match"":{""perpendicular_distance_m"":0.0041,""angle_delta_deg"":0,""overlap_m"":1.4765,""overlap_ratio"":0.9984,""length_delta_m"":0.0962,""strong"":true}},""interpretation"":""Pista geométrica secundaria del snapshot auditado; NO SABEMOS su unión resistente a partir de este matching.""},""CACERES"":{""candidate_match"":{""id"":""C-W-1504"",""start_xy_m"":[30.79,14.025],""end_xy_m"":[30.79,12.445],""length_m"":1.58,""thickness_m"":0.25,""match"":{""perpendicular_distance_m"":0.0241,""angle_delta_deg"":0,""overlap_m"":1.4788,""overlap_ratio"":1,""length_delta_m"":0.1012,""strong"":true}},""interpretation"":""Pista geométrica secundaria del snapshot auditado; NO SABEMOS su unión resistente a partir de este matching.""}}","[{""analysis_id"":""POST-A-00259"",""x_geometric_i_to_j_global"":[0,0,1],""y_local"":""NO SABEMOS: geomTransf actual no exportado/ejecutado"",""z_local"":""NO SABEMOS: geomTransf actual no exportado/ejecutado"",""note"":""Dirección geométrica del candidato, NO triada FE validada; no inferir My/Mz.""}]","{""center"":[30.765900000000002,13.187100000000001,13.86],""i"":[30.765900000000002,12.4477,13.86],""j"":[30.765900000000002,13.9265,13.86],""z_bottom"":11.88,""z_top"":15.84}","{""center"":{""X"":{""relation"":""E–Ea"",""nearest_axis"":""Ea"",""offset_m"":-0.0251,""text"":""E–Ea (Ea -0.0251 m)""},""Y"":{""relation"":""2–2a"",""nearest_axis"":""2a"",""offset_m"":-0.6579,""text"":""2–2a (2a -0.6579 m)""}},""i"":{""X"":{""relation"":""E–Ea"",""nearest_axis"":""Ea"",""offset_m"":-0.0251,""text"":""E–Ea (Ea -0.0251 m)""},""Y"":{""relation"":""2–2a"",""nearest_axis"":""2a"",""offset_m"":-1.3973,""text"":""2–2a (2a -1.3973 m)""}},""j"":{""X"":{""relation"":""E–Ea"",""nearest_axis"":""Ea"",""offset_m"":-0.0251,""text"":""E–Ea (Ea -0.0251 m)""},""Y"":{""relation"":""2a–3"",""nearest_axis"":""2a"",""offset_m"":0.0815,""text"":""2a–3 (2a +0.0815 m)""}}}","Localizar E1-P3-M-003 por los offsets de ejes, no por su ID (el ID es nuestro, no una etiqueta CAD).
Comparar con E1-P2-M-003: verificar contacto de caras, nivel de arranque y continuidad del hormigón.
Seguir la llamada de corte/detalle dibujada; si no aparece, registrar NO ENCONTRADA, no completar por proximidad.
Leer sección y cambios de nivel. Distinguir borde de losa de viga/muro y fotografiar la evidencia con ejes visibles.","Podría omitir rigidez/camino vertical del núcleo; magnitud NO SABEMOS sin idealización validada y análisis.","REVIEW_REQUIRED","FE_PENDING_43_DETAILED_REVIEW.json; 2017_67-102.dxf","",""
"10","E1-P3-M-010","A","EDIFICIO_1","P3","MURO","X Ea–Eb (Eb -0.0501 m) / Y 1''–2 (1'' +1.3565 m)","El candidato sitúa este muro en POST-FLOAT-015 sin camino de conectividad a los apoyos de fundación. Respecto de E1-P2-M-010: distancia entre ejes XY 0.0000 m, separación entre huellas 0.0000 m y separación vertical 0.0000 m.","HECHO: geometría actual desde 2017_67-102.dxf, layer RLE-MURO_CONTOUR_PAIR.
HECHO: regeneración reproduce POST-FLOAT-015, 3 segmentos FE sin camino al sistema apoyado.
HECHO: geometría y resultados no modificados. Ancho/espesor 0.3 m; altura visible 3.959999999999999 m (no confundir con sección resistente).","NO SABEMOS cuál es el detalle resistente que completa el camino a fundación ni si el alcance del FE debe incluir todo este componente.
NO SABEMOS los ejes locales y tags de un análisis ACTUAL ejecutado: este candidato no ha sido ejecutado.
NO SABEMOS si los offsets entre muros representan un encuentro físico/transferencia que el adaptador no captura, o una interpretación geométrica pendiente.","2017_67-102 — Planta fuente del elemento P3. Buscar X Ea–Eb (Eb -0.0501 m) / Y 1''–2 (1'' +1.3565 m); revisar las entidades y la correspondencia cielo/piso, no solo el título.
2017_67-304 — Elevaciones: localizar el eje Eb y comparar niveles. Recomendación por eje cercano, NO afirmación de que el corte atraviese este elemento fuera de eje.","¿La planta y el corte muestran una unión resistente entre E1-P3-M-010 y E1-P2-M-010, o un apoyo/transferencia diferente? Indica la llamada del detalle.","31.040900000000004","5.2565","13.86","15.84","7.87","SOL_3_wall_0116","[{""analysis_id"":""POST-A-00261"",""opensees_element_tag"":10261,""element_id"":""E1-P3-M-010"",""geometry_elementTag"":""SOL_3_wall_0116"",""geometry_segment_index"":0,""type"":""wall"",""building"":""EDIFICIO_1"",""floor"":""P3"",""node_i"":380,""node_j"":390,""opensees_node_i"":380,""opensees_node_j"":390,""status"":""CANDIDATO / NO EJECUTADO"",""node_i_xyz_m"":{""tag"":380,""x"":31.041,""y"":5.256,""z"":11.88,""building"":""EDIFICIO_1"",""reasons"":[""VERTICAL_CENTROID"",""WALL_VERTICAL_OVERLAP""]},""node_j_xyz_m"":{""tag"":390,""x"":31.041,""y"":5.256,""z"":15.84,""building"":""EDIFICIO_1"",""reasons"":[""VERTICAL_CENTROID"",""WALL_VERTICAL_OVERLAP""]}}]","{""nearest_column"":{""id"":""E1-P3-C-002"",""floor"":""P3"",""axis_distance_xy_m"":4.490474,""face_gap_xy_m"":3.880971,""vertical_gap_m"":0,""footprint_overlap_m2"":0,""meaning"":""Proximidad geométrica; NO prueba de conexión resistente""},""nearest_wall"":{""id"":""E1-P3-M-007"",""floor"":""P3"",""axis_distance_xy_m"":0.180278,""face_gap_xy_m"":0,""vertical_gap_m"":0,""footprint_overlap_m2"":0,""meaning"":""Proximidad geométrica; NO prueba de conexión resistente""},""below"":{""id"":""E1-P2-M-010"",""floor"":""P2"",""axis_distance_xy_m"":0,""face_gap_xy_m"":0,""vertical_gap_m"":0,""footprint_overlap_m2"":0.645,""meaning"":""Proximidad geométrica; NO prueba de conexión resistente""},""above"":{""id"":""E1-P4-M-009"",""floor"":""P4"",""axis_distance_xy_m"":0,""face_gap_xy_m"":0,""vertical_gap_m"":0,""footprint_overlap_m2"":0.645,""meaning"":""Proximidad geométrica; NO prueba de conexión resistente""},""candidate_junctions"":[""E1-P2-M-010"",""E1-P4-M-009""],""component_members"":[""E1-P2-M-010"",""E1-P3-M-010"",""E1-P4-M-009""],""connected_beams_candidate"":[],""floor_visual_panels"":[""E1-P3-D-001""],""load_panel_receptor"":""NO SABEMOS: coincidencia de piso no establece panel tributario/receptor aprobado.""}","[{""endpoint"":""i"",""wall"":""E1-P4-M-009"",""axis_distance_xy_m"":0,""face_distance_xy_m"":0,""plane_z_m"":15.84,""meaning"":""Distancia horizontal de punto a segmento/huella rectangular, no conexión ni distancia 3D.""},{""endpoint"":""j"",""wall"":""E1-P4-M-009"",""axis_distance_xy_m"":0,""face_distance_xy_m"":0,""plane_z_m"":15.84,""meaning"":""Distancia horizontal de punto a segmento/huella rectangular, no conexión ni distancia 3D.""}]","[{""id"":""H1"",""statement"":""Falta representar un encuentro físico en el adaptador FE."",""for"":""La geometría existe y el componente está desconectado; revisar las distancias y vecinos medidos."",""against"":""Proximidad o solape de huellas no demuestra unión resistente ni autoriza un rigidLink."",""confidence"":""MEDIA como candidato de revisión""},{""id"":""H2"",""statement"":""El elemento tiene apoyo/transferencia exterior o participa en un sistema local distinto."",""for"":""RETURN_WALL"",""against"":""No se ha establecido un camino resistente completo ni una exclusión FE aprobada."",""confidence"":""BAJA""},{""id"":""H3"",""statement"":""El alcance, nivel o interpretación de una entidad CAD requiere revisión."",""for"":""La desconexión continúa en la regeneración actual."",""against"":""CONFIRMED_CONTOUR_PAIR"",""confidence"":""BAJA; no borrar ni mover automáticamente""}]","{""source_dxf"":""2017_67-102.dxf"",""source_layer"":""RLE-MURO_CONTOUR_PAIR"",""sourceTags"":[""P3-RLE-MURO-0009"",""P3-RLE-MURO-0010""],""source_label"":""M.H.A. e= 30"",""source_label_tag"":""LBL_3_wall_label_0036"",""geometry_confirmation"":{""status"":""CONFIRMED_CONTOUR_PAIR"",""audit_file"":""entregas/P1L2/edificio/validacion/ed1_walls/ed1_wall_face_audit.json"",""face_ids"":[""P3-RLE-MURO-0009"",""P3-RLE-MURO-0010""],""thickness_m"":0.3},""section_source"":""NO ENCONTRADA"",""section_confidence"":""NO ENCONTRADA"",""material_source"":""2017_67-100.dxf / MTEXT 1E116 / Main ED1 through cielo P3; excludes P4, sheet600 electrical room, slabs and radier"",""CAD_handle"":""NO ENCONTRADA en el contrato canónico; sourceTags son IDs derivados, no handles DWG."",""joint_detail"":""NO ENCONTRADA inequívoca"",""dimension_joint"":""NO ENCONTRADA inequívoca"",""physical_context_audit"":{""element_id"":""E1-P3-M-010"",""building"":""EDIFICIO_1"",""floor"":""P3"",""type"":""wall"",""prior_validation"":""DISCONNECTED_ERROR"",""prior_structural_classification"":""UNRESOLVED"",""cluster"":""CORE_ELEVATOR_P1_P4"",""physical_geometry"":""CONFIRMED"",""physical_classification"":""RETURN_WALL"",""physical_support"":""VERTICAL_CONTINUITY_CONFIRMED"",""main_fe_participation"":""PRIMARY_FE_REVIEW_REQUIRED"",""revised_diagnostic"":""PHYSICAL_CONFIRMED_FE_ADAPTER_REVIEW"",""duplicate_classification"":""SAME_PHYSICAL_WALL"",""participates_in_FE_changed"":false,""opensees_changed"":false,""start"":[3.5499,4.1815,13.86],""end"":[3.5499,6.3315,13.86],""width_m"":0.3,""height_m"":3.959999999999999,""source_dxf"":""2017_67-102.dxf"",""source_layer"":""RLE-MURO_CONTOUR_PAIR"",""evidence"":""Paño/retorno del shaft confirmado por pares de contorno y repetición vertical S1–P4; el nodo central del adaptador no representa todos los encuentros.""},""prior_diagnosis"":{""element_id"":""E1-P3-M-010"",""type"":""wall"",""building"":""EDIFICIO_1"",""floor"":""P3"",""classification"":""UNRESOLVED_REAL"",""qualification"":""CANDIDATE diagnosis, support path NOT APPROVED"",""cause"":""WALL_SUPPORT_PATH_REVIEW"",""primary_source"":""2017_67-102.dxf"",""decision"":""NO_REMOVAL_NO_ARTIFICIAL_SUPPORT""}}","{""SANTIAGO"":{""candidate_match"":{""id"":""S-W-29"",""start_xy_m"":[30.77,4.08],""end_xy_m"":[30.77,5.655],""length_m"":1.575,""thickness_m"":0.25,""match"":{""perpendicular_distance_m"":0.2709,""angle_delta_deg"":0,""overlap_m"":1.4735,""overlap_ratio"":0.9356,""length_delta_m"":0.575,""strong"":false}},""interpretation"":""Pista geométrica secundaria del snapshot auditado; NO SABEMOS su unión resistente a partir de este matching.""},""CACERES"":{""candidate_match"":{""id"":""C-W-1104"",""start_xy_m"":[31.09,6.33],""end_xy_m"":[31.09,4.08],""length_m"":2.25,""thickness_m"":0.3,""match"":{""perpendicular_distance_m"":0.0491,""angle_delta_deg"":0,""overlap_m"":2.1485,""overlap_ratio"":0.9993,""length_delta_m"":0.1,""strong"":true}},""interpretation"":""Pista geométrica secundaria del snapshot auditado; NO SABEMOS su unión resistente a partir de este matching.""}}","[{""analysis_id"":""POST-A-00261"",""x_geometric_i_to_j_global"":[0,0,1],""y_local"":""NO SABEMOS: geomTransf actual no exportado/ejecutado"",""z_local"":""NO SABEMOS: geomTransf actual no exportado/ejecutado"",""note"":""Dirección geométrica del candidato, NO triada FE validada; no inferir My/Mz.""}]","{""center"":[31.040900000000004,5.2565,13.86],""i"":[31.040900000000004,4.1815,13.86],""j"":[31.040900000000004,6.3315,13.86],""z_bottom"":11.88,""z_top"":15.84}","{""center"":{""X"":{""relation"":""Ea–Eb"",""nearest_axis"":""Eb"",""offset_m"":-0.0501,""text"":""Ea–Eb (Eb -0.0501 m)""},""Y"":{""relation"":""1''–2"",""nearest_axis"":""1''"",""offset_m"":1.3565,""text"":""1''–2 (1'' +1.3565 m)""}},""i"":{""X"":{""relation"":""Ea–Eb"",""nearest_axis"":""Eb"",""offset_m"":-0.0501,""text"":""Ea–Eb (Eb -0.0501 m)""},""Y"":{""relation"":""1''–2"",""nearest_axis"":""1''"",""offset_m"":0.2815,""text"":""1''–2 (1'' +0.2815 m)""}},""j"":{""X"":{""relation"":""Ea–Eb"",""nearest_axis"":""Eb"",""offset_m"":-0.0501,""text"":""Ea–Eb (Eb -0.0501 m)""},""Y"":{""relation"":""1''–2"",""nearest_axis"":""1''"",""offset_m"":2.4315,""text"":""1''–2 (1'' +2.4315 m)""}}}","Localizar E1-P3-M-010 por los offsets de ejes, no por su ID (el ID es nuestro, no una etiqueta CAD).
Comparar con E1-P2-M-010: verificar contacto de caras, nivel de arranque y continuidad del hormigón.
Seguir la llamada de corte/detalle dibujada; si no aparece, registrar NO ENCONTRADA, no completar por proximidad.
Leer sección y cambios de nivel. Distinguir borde de losa de viga/muro y fotografiar la evidencia con ejes visibles.","Podría omitir rigidez/camino vertical del núcleo; magnitud NO SABEMOS sin idealización validada y análisis.","REVIEW_REQUIRED","FE_PENDING_43_DETAILED_REVIEW.json; 2017_67-102.dxf","",""
"11","E1-P3-M-007","A","EDIFICIO_1","P3","MURO","X Eb–Ec (Eb +1.3999 m) / Y 1''–2 (1'' +0.1815 m)","El candidato sitúa este muro en POST-FLOAT-016 sin camino de conectividad a los apoyos de fundación. Respecto de E1-P2-M-007: distancia entre ejes XY 0.0000 m, separación entre huellas 0.0000 m y separación vertical 0.0000 m.","HECHO: geometría actual desde 2017_67-102.dxf, layer RLE-MURO_CONTOUR_PAIR.
HECHO: regeneración reproduce POST-FLOAT-016, 3 segmentos FE sin camino al sistema apoyado.
HECHO: geometría y resultados no modificados. Ancho/espesor 0.2 m; altura visible 3.959999999999999 m (no confundir con sección resistente).","NO SABEMOS cuál es el detalle resistente que completa el camino a fundación ni si el alcance del FE debe incluir todo este componente.
NO SABEMOS los ejes locales y tags de un análisis ACTUAL ejecutado: este candidato no ha sido ejecutado.
NO SABEMOS si los offsets entre muros representan un encuentro físico/transferencia que el adaptador no captura, o una interpretación geométrica pendiente.","2017_67-102 — Planta fuente del elemento P3. Buscar X Eb–Ec (Eb +1.3999 m) / Y 1''–2 (1'' +0.1815 m); revisar las entidades y la correspondencia cielo/piso, no solo el título.
2017_67-304 — Elevaciones: localizar el eje Eb y comparar niveles. Recomendación por eje cercano, NO afirmación de que el corte atraviese este elemento fuera de eje.","¿La planta y el corte muestran una unión resistente entre E1-P3-M-007 y E1-P2-M-007, o un apoyo/transferencia diferente? Indica la llamada del detalle.","32.4909","4.0815","13.86","15.84","7.87","SOL_3_wall_0112","[{""analysis_id"":""POST-A-00262"",""opensees_element_tag"":10262,""element_id"":""E1-P3-M-007"",""geometry_elementTag"":""SOL_3_wall_0112"",""geometry_segment_index"":0,""type"":""wall"",""building"":""EDIFICIO_1"",""floor"":""P3"",""node_i"":382,""node_j"":391,""opensees_node_i"":382,""opensees_node_j"":391,""status"":""CANDIDATO / NO EJECUTADO"",""node_i_xyz_m"":{""tag"":382,""x"":32.491,""y"":4.082,""z"":11.88,""building"":""EDIFICIO_1"",""reasons"":[""VERTICAL_CENTROID"",""WALL_VERTICAL_OVERLAP""]},""node_j_xyz_m"":{""tag"":391,""x"":32.491,""y"":4.082,""z"":15.84,""building"":""EDIFICIO_1"",""reasons"":[""VERTICAL_CENTROID"",""WALL_VERTICAL_OVERLAP""]}}]","{""nearest_column"":{""id"":""E1-P3-C-004"",""floor"":""P3"",""axis_distance_xy_m"":5.375965,""face_gap_xy_m"":4.808937,""vertical_gap_m"":0,""footprint_overlap_m2"":0,""meaning"":""Proximidad geométrica; NO prueba de conexión resistente""},""nearest_wall"":{""id"":""E1-P3-M-009"",""floor"":""P3"",""axis_distance_xy_m"":0.180278,""face_gap_xy_m"":0,""vertical_gap_m"":0,""footprint_overlap_m2"":0,""meaning"":""Proximidad geométrica; NO prueba de conexión resistente""},""below"":{""id"":""E1-P2-M-007"",""floor"":""P2"",""axis_distance_xy_m"":0,""face_gap_xy_m"":0,""vertical_gap_m"":0,""footprint_overlap_m2"":0.52,""meaning"":""Proximidad geométrica; NO prueba de conexión resistente""},""above"":{""id"":""E1-P4-M-007"",""floor"":""P4"",""axis_distance_xy_m"":0,""face_gap_xy_m"":0,""vertical_gap_m"":0,""footprint_overlap_m2"":0.52,""meaning"":""Proximidad geométrica; NO prueba de conexión resistente""},""candidate_junctions"":[""E1-P2-M-007"",""E1-P4-M-007""],""component_members"":[""E1-P2-M-007"",""E1-P3-M-007"",""E1-P4-M-007""],""connected_beams_candidate"":[],""floor_visual_panels"":[""E1-P3-D-001""],""load_panel_receptor"":""NO SABEMOS: coincidencia de piso no establece panel tributario/receptor aprobado.""}","[{""endpoint"":""i"",""wall"":""E1-P4-M-007"",""axis_distance_xy_m"":0,""face_distance_xy_m"":0,""plane_z_m"":15.84,""meaning"":""Distancia horizontal de punto a segmento/huella rectangular, no conexión ni distancia 3D.""},{""endpoint"":""j"",""wall"":""E1-P4-M-007"",""axis_distance_xy_m"":0,""face_distance_xy_m"":0,""plane_z_m"":15.84,""meaning"":""Distancia horizontal de punto a segmento/huella rectangular, no conexión ni distancia 3D.""}]","[{""id"":""H1"",""statement"":""Falta representar un encuentro físico en el adaptador FE."",""for"":""La geometría existe y el componente está desconectado; revisar las distancias y vecinos medidos."",""against"":""Proximidad o solape de huellas no demuestra unión resistente ni autoriza un rigidLink."",""confidence"":""MEDIA como candidato de revisión""},{""id"":""H2"",""statement"":""El elemento tiene apoyo/transferencia exterior o participa en un sistema local distinto."",""for"":""SHAFT_WALL"",""against"":""No se ha establecido un camino resistente completo ni una exclusión FE aprobada."",""confidence"":""BAJA""},{""id"":""H3"",""statement"":""El alcance, nivel o interpretación de una entidad CAD requiere revisión."",""for"":""La desconexión continúa en la regeneración actual."",""against"":""CONFIRMED_CONTOUR_PAIR"",""confidence"":""BAJA; no borrar ni mover automáticamente""}]","{""source_dxf"":""2017_67-102.dxf"",""source_layer"":""RLE-MURO_CONTOUR_PAIR"",""sourceTags"":[""P3-RLE-MURO-0015"",""P3-RLE-MURO-0016""],""source_label"":""M.H.A. e= 20"",""source_label_tag"":""LBL_3_wall_label_0038"",""geometry_confirmation"":{""status"":""CONFIRMED_CONTOUR_PAIR"",""audit_file"":""entregas/P1L2/edificio/validacion/ed1_walls/ed1_wall_face_audit.json"",""face_ids"":[""P3-RLE-MURO-0015"",""P3-RLE-MURO-0016""],""thickness_m"":0.2},""section_source"":""NO ENCONTRADA"",""section_confidence"":""NO ENCONTRADA"",""material_source"":""2017_67-100.dxf / MTEXT 1E116 / Main ED1 through cielo P3; excludes P4, sheet600 electrical room, slabs and radier"",""CAD_handle"":""NO ENCONTRADA en el contrato canónico; sourceTags son IDs derivados, no handles DWG."",""joint_detail"":""NO ENCONTRADA inequívoca"",""dimension_joint"":""NO ENCONTRADA inequívoca"",""physical_context_audit"":{""element_id"":""E1-P3-M-007"",""building"":""EDIFICIO_1"",""floor"":""P3"",""type"":""wall"",""prior_validation"":""DISCONNECTED_ERROR"",""prior_structural_classification"":""UNRESOLVED"",""cluster"":""CORE_ELEVATOR_P1_P4"",""physical_geometry"":""CONFIRMED"",""physical_classification"":""SHAFT_WALL"",""physical_support"":""VERTICAL_CONTINUITY_CONFIRMED"",""main_fe_participation"":""PRIMARY_FE_REVIEW_REQUIRED"",""revised_diagnostic"":""PHYSICAL_CONFIRMED_FE_ADAPTER_REVIEW"",""duplicate_classification"":""SAME_PHYSICAL_WALL"",""participates_in_FE_changed"":false,""opensees_changed"":false,""start"":[3.6999,4.0815,13.86],""end"":[6.2999,4.0815,13.86],""width_m"":0.2,""height_m"":3.959999999999999,""source_dxf"":""2017_67-102.dxf"",""source_layer"":""RLE-MURO_CONTOUR_PAIR"",""evidence"":""Paño/retorno del shaft confirmado por pares de contorno y repetición vertical S1–P4; el nodo central del adaptador no representa todos los encuentros.""},""prior_diagnosis"":{""element_id"":""E1-P3-M-007"",""type"":""wall"",""building"":""EDIFICIO_1"",""floor"":""P3"",""classification"":""UNRESOLVED_REAL"",""qualification"":""CANDIDATE diagnosis, support path NOT APPROVED"",""cause"":""WALL_SUPPORT_PATH_REVIEW"",""primary_source"":""2017_67-102.dxf"",""decision"":""NO_REMOVAL_NO_ARTIFICIAL_SUPPORT""}}","{""SANTIAGO"":{""candidate_match"":{""id"":""S-W-19"",""start_xy_m"":[30.77,4.08],""end_xy_m"":[34.17,4.08],""length_m"":3.4,""thickness_m"":0.2,""match"":{""perpendicular_distance_m"":0.0015,""angle_delta_deg"":0,""overlap_m"":2.6,""overlap_ratio"":1,""length_delta_m"":0.8,""strong"":true}},""interpretation"":""Pista geométrica secundaria del snapshot auditado; NO SABEMOS su unión resistente a partir de este matching.""},""CACERES"":{""candidate_match"":{""id"":""C-W-1004"",""start_xy_m"":[27.24,4.08],""end_xy_m"":[33.89,4.08],""length_m"":6.65,""thickness_m"":0.2,""match"":{""perpendicular_distance_m"":0.0015,""angle_delta_deg"":0,""overlap_m"":2.6,""overlap_ratio"":1,""length_delta_m"":4.05,""strong"":true}},""interpretation"":""Pista geométrica secundaria del snapshot auditado; NO SABEMOS su unión resistente a partir de este matching.""}}","[{""analysis_id"":""POST-A-00262"",""x_geometric_i_to_j_global"":[0,0,1],""y_local"":""NO SABEMOS: geomTransf actual no exportado/ejecutado"",""z_local"":""NO SABEMOS: geomTransf actual no exportado/ejecutado"",""note"":""Dirección geométrica del candidato, NO triada FE validada; no inferir My/Mz.""}]","{""center"":[32.4909,4.0815,13.86],""i"":[31.190900000000003,4.0815,13.86],""j"":[33.79090000000001,4.0815,13.86],""z_bottom"":11.88,""z_top"":15.84}","{""center"":{""X"":{""relation"":""Eb–Ec"",""nearest_axis"":""Eb"",""offset_m"":1.3999,""text"":""Eb–Ec (Eb +1.3999 m)""},""Y"":{""relation"":""1''–2"",""nearest_axis"":""1''"",""offset_m"":0.1815,""text"":""1''–2 (1'' +0.1815 m)""}},""i"":{""X"":{""relation"":""Eb–Ec"",""nearest_axis"":""Eb"",""offset_m"":0.0999,""text"":""Eb–Ec (Eb +0.0999 m)""},""Y"":{""relation"":""1''–2"",""nearest_axis"":""1''"",""offset_m"":0.1815,""text"":""1''–2 (1'' +0.1815 m)""}},""j"":{""X"":{""relation"":""Eb–Ec"",""nearest_axis"":""Ec"",""offset_m"":-0.1001,""text"":""Eb–Ec (Ec -0.1001 m)""},""Y"":{""relation"":""1''–2"",""nearest_axis"":""1''"",""offset_m"":0.1815,""text"":""1''–2 (1'' +0.1815 m)""}}}","Localizar E1-P3-M-007 por los offsets de ejes, no por su ID (el ID es nuestro, no una etiqueta CAD).
Comparar con E1-P2-M-007: verificar contacto de caras, nivel de arranque y continuidad del hormigón.
Seguir la llamada de corte/detalle dibujada; si no aparece, registrar NO ENCONTRADA, no completar por proximidad.
Leer sección y cambios de nivel. Distinguir borde de losa de viga/muro y fotografiar la evidencia con ejes visibles.","Podría omitir rigidez/camino vertical del núcleo; magnitud NO SABEMOS sin idealización validada y análisis.","REVIEW_REQUIRED","FE_PENDING_43_DETAILED_REVIEW.json; 2017_67-102.dxf","",""
"12","E1-P3-M-008","A","EDIFICIO_1","P3","MURO","X Eb–Ec (Eb +1.3999 m) / Y 2a–3 (2a +0.1815 m)","El candidato sitúa este muro en POST-FLOAT-014 sin camino de conectividad a los apoyos de fundación. Respecto de E1-P2-M-008: distancia entre ejes XY 0.0000 m, separación entre huellas 0.0000 m y separación vertical 0.0000 m.","HECHO: geometría actual desde 2017_67-102.dxf, layer RLE-MURO_CONTOUR_PAIR.
HECHO: regeneración reproduce POST-FLOAT-014, 3 segmentos FE sin camino al sistema apoyado.
HECHO: geometría y resultados no modificados. Ancho/espesor 0.2 m; altura visible 3.959999999999999 m (no confundir con sección resistente).","NO SABEMOS cuál es el detalle resistente que completa el camino a fundación ni si el alcance del FE debe incluir todo este componente.
NO SABEMOS los ejes locales y tags de un análisis ACTUAL ejecutado: este candidato no ha sido ejecutado.
NO SABEMOS si los offsets entre muros representan un encuentro físico/transferencia que el adaptador no captura, o una interpretación geométrica pendiente.","2017_67-102 — Planta fuente del elemento P3. Buscar X Eb–Ec (Eb +1.3999 m) / Y 2a–3 (2a +0.1815 m); revisar las entidades y la correspondencia cielo/piso, no solo el título.
2017_67-304 — Elevaciones: localizar el eje Eb y comparar niveles. Recomendación por eje cercano, NO afirmación de que el corte atraviese este elemento fuera de eje.","¿La planta y el corte muestran una unión resistente entre E1-P3-M-008 y E1-P2-M-008, o un apoyo/transferencia diferente? Indica la llamada del detalle.","32.4909","14.0265","13.86","15.84","7.87","SOL_3_wall_0111","[{""analysis_id"":""POST-A-00260"",""opensees_element_tag"":10260,""element_id"":""E1-P3-M-008"",""geometry_elementTag"":""SOL_3_wall_0111"",""geometry_segment_index"":0,""type"":""wall"",""building"":""EDIFICIO_1"",""floor"":""P3"",""node_i"":378,""node_j"":389,""opensees_node_i"":378,""opensees_node_j"":389,""status"":""CANDIDATO / NO EJECUTADO"",""node_i_xyz_m"":{""tag"":378,""x"":32.491,""y"":14.027,""z"":11.88,""building"":""EDIFICIO_1"",""reasons"":[""VERTICAL_CENTROID"",""WALL_VERTICAL_OVERLAP""]},""node_j_xyz_m"":{""tag"":389,""x"":32.491,""y"":14.027,""z"":15.84,""building"":""EDIFICIO_1"",""reasons"":[""VERTICAL_CENTROID"",""WALL_VERTICAL_OVERLAP""]}}]","{""nearest_column"":{""id"":""E1-P3-C-006"",""floor"":""P3"",""axis_distance_xy_m"":4.107656,""face_gap_xy_m"":3.569784,""vertical_gap_m"":0,""footprint_overlap_m2"":0,""meaning"":""Proximidad geométrica; NO prueba de conexión resistente""},""nearest_wall"":{""id"":""E1-P3-M-003"",""floor"":""P3"",""axis_distance_xy_m"":0.160078,""face_gap_xy_m"":0,""vertical_gap_m"":0,""footprint_overlap_m2"":0,""meaning"":""Proximidad geométrica; NO prueba de conexión resistente""},""below"":{""id"":""E1-P2-M-008"",""floor"":""P2"",""axis_distance_xy_m"":0,""face_gap_xy_m"":0,""vertical_gap_m"":0,""footprint_overlap_m2"":0.64,""meaning"":""Proximidad geométrica; NO prueba de conexión resistente""},""above"":{""id"":""E1-P4-M-008"",""floor"":""P4"",""axis_distance_xy_m"":0,""face_gap_xy_m"":0,""vertical_gap_m"":0,""footprint_overlap_m2"":0.64,""meaning"":""Proximidad geométrica; NO prueba de conexión resistente""},""candidate_junctions"":[""E1-P2-M-008"",""E1-P4-M-008""],""component_members"":[""E1-P2-M-008"",""E1-P3-M-008"",""E1-P4-M-008""],""connected_beams_candidate"":[],""floor_visual_panels"":[""E1-P3-D-001""],""load_panel_receptor"":""NO SABEMOS: coincidencia de piso no establece panel tributario/receptor aprobado.""}","[{""endpoint"":""i"",""wall"":""E1-P4-M-008"",""axis_distance_xy_m"":0,""face_distance_xy_m"":0,""plane_z_m"":15.84,""meaning"":""Distancia horizontal de punto a segmento/huella rectangular, no conexión ni distancia 3D.""},{""endpoint"":""j"",""wall"":""E1-P4-M-008"",""axis_distance_xy_m"":0,""face_distance_xy_m"":0,""plane_z_m"":15.84,""meaning"":""Distancia horizontal de punto a segmento/huella rectangular, no conexión ni distancia 3D.""}]","[{""id"":""H1"",""statement"":""Falta representar un encuentro físico en el adaptador FE."",""for"":""La geometría existe y el componente está desconectado; revisar las distancias y vecinos medidos."",""against"":""Proximidad o solape de huellas no demuestra unión resistente ni autoriza un rigidLink."",""confidence"":""MEDIA como candidato de revisión""},{""id"":""H2"",""statement"":""El elemento tiene apoyo/transferencia exterior o participa en un sistema local distinto."",""for"":""SHAFT_WALL"",""against"":""No se ha establecido un camino resistente completo ni una exclusión FE aprobada."",""confidence"":""BAJA""},{""id"":""H3"",""statement"":""El alcance, nivel o interpretación de una entidad CAD requiere revisión."",""for"":""La desconexión continúa en la regeneración actual."",""against"":""CONFIRMED_CONTOUR_PAIR"",""confidence"":""BAJA; no borrar ni mover automáticamente""}]","{""source_dxf"":""2017_67-102.dxf"",""source_layer"":""RLE-MURO_CONTOUR_PAIR"",""sourceTags"":[""P3-RLE-MURO-0001"",""P3-RLE-MURO-0002""],""source_label"":""M.H.A. e= 20"",""source_label_tag"":""LBL_3_wall_label_0032"",""geometry_confirmation"":{""status"":""CONFIRMED_CONTOUR_PAIR"",""audit_file"":""entregas/P1L2/edificio/validacion/ed1_walls/ed1_wall_face_audit.json"",""face_ids"":[""P3-RLE-MURO-0001"",""P3-RLE-MURO-0002""],""thickness_m"":0.2},""section_source"":""NO ENCONTRADA"",""section_confidence"":""NO ENCONTRADA"",""material_source"":""2017_67-100.dxf / MTEXT 1E116 / Main ED1 through cielo P3; excludes P4, sheet600 electrical room, slabs and radier"",""CAD_handle"":""NO ENCONTRADA en el contrato canónico; sourceTags son IDs derivados, no handles DWG."",""joint_detail"":""NO ENCONTRADA inequívoca"",""dimension_joint"":""NO ENCONTRADA inequívoca"",""physical_context_audit"":{""element_id"":""E1-P3-M-008"",""building"":""EDIFICIO_1"",""floor"":""P3"",""type"":""wall"",""prior_validation"":""DISCONNECTED_ERROR"",""prior_structural_classification"":""UNRESOLVED"",""cluster"":""CORE_ELEVATOR_P1_P4"",""physical_geometry"":""CONFIRMED"",""physical_classification"":""SHAFT_WALL"",""physical_support"":""VERTICAL_CONTINUITY_CONFIRMED"",""main_fe_participation"":""PRIMARY_FE_REVIEW_REQUIRED"",""revised_diagnostic"":""PHYSICAL_CONFIRMED_FE_ADAPTER_REVIEW"",""duplicate_classification"":""SAME_PHYSICAL_WALL"",""participates_in_FE_changed"":false,""opensees_changed"":false,""start"":[3.3999,14.0265,13.86],""end"":[6.5999,14.0265,13.86],""width_m"":0.2,""height_m"":3.959999999999999,""source_dxf"":""2017_67-102.dxf"",""source_layer"":""RLE-MURO_CONTOUR_PAIR"",""evidence"":""Paño/retorno del shaft confirmado por pares de contorno y repetición vertical S1–P4; el nodo central del adaptador no representa todos los encuentros.""},""prior_diagnosis"":{""element_id"":""E1-P3-M-008"",""type"":""wall"",""building"":""EDIFICIO_1"",""floor"":""P3"",""classification"":""UNRESOLVED_REAL"",""qualification"":""CANDIDATE diagnosis, support path NOT APPROVED"",""cause"":""WALL_SUPPORT_PATH_REVIEW"",""primary_source"":""2017_67-102.dxf"",""decision"":""NO_REMOVAL_NO_ARTIFICIAL_SUPPORT""}}","{""SANTIAGO"":{""candidate_match"":{""id"":""S-W-4"",""start_xy_m"":[30.77,14.025],""end_xy_m"":[34.17,14.025],""length_m"":3.4,""thickness_m"":0.2,""match"":{""perpendicular_distance_m"":0.0015,""angle_delta_deg"":0,""overlap_m"":3.2,""overlap_ratio"":1,""length_delta_m"":0.2,""strong"":true}},""interpretation"":""Pista geométrica secundaria del snapshot auditado; NO SABEMOS su unión resistente a partir de este matching.""},""CACERES"":{""candidate_match"":{""id"":""C-W-1404"",""start_xy_m"":[30.79,14.025],""end_xy_m"":[34.19,14.025],""length_m"":3.4,""thickness_m"":0.2,""match"":{""perpendicular_distance_m"":0.0015,""angle_delta_deg"":0,""overlap_m"":3.2,""overlap_ratio"":1,""length_delta_m"":0.2,""strong"":true}},""interpretation"":""Pista geométrica secundaria del snapshot auditado; NO SABEMOS su unión resistente a partir de este matching.""}}","[{""analysis_id"":""POST-A-00260"",""x_geometric_i_to_j_global"":[0,0,1],""y_local"":""NO SABEMOS: geomTransf actual no exportado/ejecutado"",""z_local"":""NO SABEMOS: geomTransf actual no exportado/ejecutado"",""note"":""Dirección geométrica del candidato, NO triada FE validada; no inferir My/Mz.""}]","{""center"":[32.4909,14.0265,13.86],""i"":[30.890900000000002,14.0265,13.86],""j"":[34.090900000000005,14.0265,13.86],""z_bottom"":11.88,""z_top"":15.84}","{""center"":{""X"":{""relation"":""Eb–Ec"",""nearest_axis"":""Eb"",""offset_m"":1.3999,""text"":""Eb–Ec (Eb +1.3999 m)""},""Y"":{""relation"":""2a–3"",""nearest_axis"":""2a"",""offset_m"":0.1815,""text"":""2a–3 (2a +0.1815 m)""}},""i"":{""X"":{""relation"":""Ea–Eb"",""nearest_axis"":""Ea"",""offset_m"":0.0999,""text"":""Ea–Eb (Ea +0.0999 m)""},""Y"":{""relation"":""2a–3"",""nearest_axis"":""2a"",""offset_m"":0.1815,""text"":""2a–3 (2a +0.1815 m)""}},""j"":{""X"":{""relation"":""Ec–Ed"",""nearest_axis"":""Ed"",""offset_m"":-0.1001,""text"":""Ec–Ed (Ed -0.1001 m)""},""Y"":{""relation"":""2a–3"",""nearest_axis"":""2a"",""offset_m"":0.1815,""text"":""2a–3 (2a +0.1815 m)""}}}","Localizar E1-P3-M-008 por los offsets de ejes, no por su ID (el ID es nuestro, no una etiqueta CAD).
Comparar con E1-P2-M-008: verificar contacto de caras, nivel de arranque y continuidad del hormigón.
Seguir la llamada de corte/detalle dibujada; si no aparece, registrar NO ENCONTRADA, no completar por proximidad.
Leer sección y cambios de nivel. Distinguir borde de losa de viga/muro y fotografiar la evidencia con ejes visibles.","Podría omitir rigidez/camino vertical del núcleo; magnitud NO SABEMOS sin idealización validada y análisis.","REVIEW_REQUIRED","FE_PENDING_43_DETAILED_REVIEW.json; 2017_67-102.dxf","",""
"13","E1-P3-M-009","A","EDIFICIO_1","P3","MURO","X Ec–Ed (Ec +0.0499 m) / Y 1''–2 (1'' +1.3565 m)","El candidato sitúa este muro en POST-FLOAT-017 sin camino de conectividad a los apoyos de fundación. Respecto de E1-P2-M-009: distancia entre ejes XY 0.0000 m, separación entre huellas 0.0000 m y separación vertical 0.0000 m.","HECHO: geometría actual desde 2017_67-102.dxf, layer RLE-MURO_CONTOUR_PAIR.
HECHO: regeneración reproduce POST-FLOAT-017, 3 segmentos FE sin camino al sistema apoyado.
HECHO: geometría y resultados no modificados. Ancho/espesor 0.3 m; altura visible 3.959999999999999 m (no confundir con sección resistente).","NO SABEMOS cuál es el detalle resistente que completa el camino a fundación ni si el alcance del FE debe incluir todo este componente.
NO SABEMOS los ejes locales y tags de un análisis ACTUAL ejecutado: este candidato no ha sido ejecutado.
NO SABEMOS si los offsets entre muros representan un encuentro físico/transferencia que el adaptador no captura, o una interpretación geométrica pendiente.","2017_67-102 — Planta fuente del elemento P3. Buscar X Ec–Ed (Ec +0.0499 m) / Y 1''–2 (1'' +1.3565 m); revisar las entidades y la correspondencia cielo/piso, no solo el título.
2017_67-304 — Elevaciones: localizar el eje Ec y comparar niveles. Recomendación por eje cercano, NO afirmación de que el corte atraviese este elemento fuera de eje.","¿La planta y el corte muestran una unión resistente entre E1-P3-M-009 y E1-P2-M-009, o un apoyo/transferencia diferente? Indica la llamada del detalle.","33.9409","5.2565","13.86","15.84","7.87","SOL_3_wall_0120","[{""analysis_id"":""POST-A-00263"",""opensees_element_tag"":10263,""element_id"":""E1-P3-M-009"",""geometry_elementTag"":""SOL_3_wall_0120"",""geometry_segment_index"":0,""type"":""wall"",""building"":""EDIFICIO_1"",""floor"":""P3"",""node_i"":384,""node_j"":392,""opensees_node_i"":384,""opensees_node_j"":392,""status"":""CANDIDATO / NO EJECUTADO"",""node_i_xyz_m"":{""tag"":384,""x"":33.941,""y"":5.256,""z"":11.88,""building"":""EDIFICIO_1"",""reasons"":[""VERTICAL_CENTROID"",""WALL_VERTICAL_OVERLAP""]},""node_j_xyz_m"":{""tag"":392,""x"":33.941,""y"":5.256,""z"":15.84,""building"":""EDIFICIO_1"",""reasons"":[""VERTICAL_CENTROID"",""WALL_VERTICAL_OVERLAP""]}}]","{""nearest_column"":{""id"":""E1-P3-C-005"",""floor"":""P3"",""axis_distance_xy_m"":4.490423,""face_gap_xy_m"":3.88092,""vertical_gap_m"":0,""footprint_overlap_m2"":0,""meaning"":""Proximidad geométrica; NO prueba de conexión resistente""},""nearest_wall"":{""id"":""E1-P3-M-007"",""floor"":""P3"",""axis_distance_xy_m"":0.180278,""face_gap_xy_m"":0,""vertical_gap_m"":0,""footprint_overlap_m2"":0,""meaning"":""Proximidad geométrica; NO prueba de conexión resistente""},""below"":{""id"":""E1-P2-M-009"",""floor"":""P2"",""axis_distance_xy_m"":0,""face_gap_xy_m"":0,""vertical_gap_m"":0,""footprint_overlap_m2"":0.645,""meaning"":""Proximidad geométrica; NO prueba de conexión resistente""},""above"":{""id"":""E1-P4-M-010"",""floor"":""P4"",""axis_distance_xy_m"":0,""face_gap_xy_m"":0,""vertical_gap_m"":0,""footprint_overlap_m2"":0.645,""meaning"":""Proximidad geométrica; NO prueba de conexión resistente""},""candidate_junctions"":[""E1-P2-M-009"",""E1-P4-M-010""],""component_members"":[""E1-P2-M-009"",""E1-P3-M-009"",""E1-P4-M-010""],""connected_beams_candidate"":[],""floor_visual_panels"":[""E1-P3-D-001""],""load_panel_receptor"":""NO SABEMOS: coincidencia de piso no establece panel tributario/receptor aprobado.""}","[{""endpoint"":""i"",""wall"":""E1-P4-M-010"",""axis_distance_xy_m"":0,""face_distance_xy_m"":0,""plane_z_m"":15.84,""meaning"":""Distancia horizontal de punto a segmento/huella rectangular, no conexión ni distancia 3D.""},{""endpoint"":""j"",""wall"":""E1-P4-M-010"",""axis_distance_xy_m"":0,""face_distance_xy_m"":0,""plane_z_m"":15.84,""meaning"":""Distancia horizontal de punto a segmento/huella rectangular, no conexión ni distancia 3D.""}]","[{""id"":""H1"",""statement"":""Falta representar un encuentro físico en el adaptador FE."",""for"":""La geometría existe y el componente está desconectado; revisar las distancias y vecinos medidos."",""against"":""Proximidad o solape de huellas no demuestra unión resistente ni autoriza un rigidLink."",""confidence"":""MEDIA como candidato de revisión""},{""id"":""H2"",""statement"":""El elemento tiene apoyo/transferencia exterior o participa en un sistema local distinto."",""for"":""RETURN_WALL"",""against"":""No se ha establecido un camino resistente completo ni una exclusión FE aprobada."",""confidence"":""BAJA""},{""id"":""H3"",""statement"":""El alcance, nivel o interpretación de una entidad CAD requiere revisión."",""for"":""La desconexión continúa en la regeneración actual."",""against"":""CONFIRMED_CONTOUR_PAIR"",""confidence"":""BAJA; no borrar ni mover automáticamente""}]","{""source_dxf"":""2017_67-102.dxf"",""source_layer"":""RLE-MURO_CONTOUR_PAIR"",""sourceTags"":[""P3-RLE-MURO-0012"",""P3-RLE-MURO-0013""],""source_label"":""M.H.A. e= 30"",""source_label_tag"":""LBL_3_wall_label_0037"",""geometry_confirmation"":{""status"":""CONFIRMED_CONTOUR_PAIR"",""audit_file"":""entregas/P1L2/edificio/validacion/ed1_walls/ed1_wall_face_audit.json"",""face_ids"":[""P3-RLE-MURO-0012"",""P3-RLE-MURO-0013""],""thickness_m"":0.3},""section_source"":""NO ENCONTRADA"",""section_confidence"":""NO ENCONTRADA"",""material_source"":""2017_67-100.dxf / MTEXT 1E116 / Main ED1 through cielo P3; excludes P4, sheet600 electrical room, slabs and radier"",""CAD_handle"":""NO ENCONTRADA en el contrato canónico; sourceTags son IDs derivados, no handles DWG."",""joint_detail"":""NO ENCONTRADA inequívoca"",""dimension_joint"":""NO ENCONTRADA inequívoca"",""physical_context_audit"":{""element_id"":""E1-P3-M-009"",""building"":""EDIFICIO_1"",""floor"":""P3"",""type"":""wall"",""prior_validation"":""DISCONNECTED_ERROR"",""prior_structural_classification"":""UNRESOLVED"",""cluster"":""CORE_ELEVATOR_P1_P4"",""physical_geometry"":""CONFIRMED"",""physical_classification"":""RETURN_WALL"",""physical_support"":""VERTICAL_CONTINUITY_CONFIRMED"",""main_fe_participation"":""PRIMARY_FE_REVIEW_REQUIRED"",""revised_diagnostic"":""PHYSICAL_CONFIRMED_FE_ADAPTER_REVIEW"",""duplicate_classification"":""SAME_PHYSICAL_WALL"",""participates_in_FE_changed"":false,""opensees_changed"":false,""start"":[6.4499,4.1815,13.86],""end"":[6.4499,6.3315,13.86],""width_m"":0.3,""height_m"":3.959999999999999,""source_dxf"":""2017_67-102.dxf"",""source_layer"":""RLE-MURO_CONTOUR_PAIR"",""evidence"":""Paño/retorno del shaft confirmado por pares de contorno y repetición vertical S1–P4; el nodo central del adaptador no representa todos los encuentros.""},""prior_diagnosis"":{""element_id"":""E1-P3-M-009"",""type"":""wall"",""building"":""EDIFICIO_1"",""floor"":""P3"",""classification"":""UNRESOLVED_REAL"",""qualification"":""CANDIDATE diagnosis, support path NOT APPROVED"",""cause"":""WALL_SUPPORT_PATH_REVIEW"",""primary_source"":""2017_67-102.dxf"",""decision"":""NO_REMOVAL_NO_ARTIFICIAL_SUPPORT""}}","{""SANTIAGO"":{""candidate_match"":{""id"":""S-W-24"",""start_xy_m"":[34.17,4.08],""end_xy_m"":[34.17,5.655],""length_m"":1.575,""thickness_m"":0.25,""match"":{""perpendicular_distance_m"":0.2291,""angle_delta_deg"":0,""overlap_m"":1.4735,""overlap_ratio"":0.9356,""length_delta_m"":0.575,""strong"":false}},""interpretation"":""Pista geométrica secundaria del snapshot auditado; NO SABEMOS su unión resistente a partir de este matching.""},""CACERES"":{""candidate_match"":{""id"":""C-W-1204"",""start_xy_m"":[33.89,6.33],""end_xy_m"":[33.89,4.08],""length_m"":2.25,""thickness_m"":0.3,""match"":{""perpendicular_distance_m"":0.0509,""angle_delta_deg"":0,""overlap_m"":2.1485,""overlap_ratio"":0.9993,""length_delta_m"":0.1,""strong"":true}},""interpretation"":""Pista geométrica secundaria del snapshot auditado; NO SABEMOS su unión resistente a partir de este matching.""}}","[{""analysis_id"":""POST-A-00263"",""x_geometric_i_to_j_global"":[0,0,1],""y_local"":""NO SABEMOS: geomTransf actual no exportado/ejecutado"",""z_local"":""NO SABEMOS: geomTransf actual no exportado/ejecutado"",""note"":""Dirección geométrica del candidato, NO triada FE validada; no inferir My/Mz.""}]","{""center"":[33.9409,5.2565,13.86],""i"":[33.9409,4.1815,13.86],""j"":[33.9409,6.3315,13.86],""z_bottom"":11.88,""z_top"":15.84}","{""center"":{""X"":{""relation"":""Ec–Ed"",""nearest_axis"":""Ec"",""offset_m"":0.0499,""text"":""Ec–Ed (Ec +0.0499 m)""},""Y"":{""relation"":""1''–2"",""nearest_axis"":""1''"",""offset_m"":1.3565,""text"":""1''–2 (1'' +1.3565 m)""}},""i"":{""X"":{""relation"":""Ec–Ed"",""nearest_axis"":""Ec"",""offset_m"":0.0499,""text"":""Ec–Ed (Ec +0.0499 m)""},""Y"":{""relation"":""1''–2"",""nearest_axis"":""1''"",""offset_m"":0.2815,""text"":""1''–2 (1'' +0.2815 m)""}},""j"":{""X"":{""relation"":""Ec–Ed"",""nearest_axis"":""Ec"",""offset_m"":0.0499,""text"":""Ec–Ed (Ec +0.0499 m)""},""Y"":{""relation"":""1''–2"",""nearest_axis"":""1''"",""offset_m"":2.4315,""text"":""1''–2 (1'' +2.4315 m)""}}}","Localizar E1-P3-M-009 por los offsets de ejes, no por su ID (el ID es nuestro, no una etiqueta CAD).
Comparar con E1-P2-M-009: verificar contacto de caras, nivel de arranque y continuidad del hormigón.
Seguir la llamada de corte/detalle dibujada; si no aparece, registrar NO ENCONTRADA, no completar por proximidad.
Leer sección y cambios de nivel. Distinguir borde de losa de viga/muro y fotografiar la evidencia con ejes visibles.","Podría omitir rigidez/camino vertical del núcleo; magnitud NO SABEMOS sin idealización validada y análisis.","REVIEW_REQUIRED","FE_PENDING_43_DETAILED_REVIEW.json; 2017_67-102.dxf","",""
"14","E1-P3-M-005","A","EDIFICIO_1","P3","MURO","X Ed–F (Ed +0.0249 m) / Y 2–2a (2a -0.6579 m)","El candidato sitúa este muro en POST-FLOAT-018 sin camino de conectividad a los apoyos de fundación. Respecto de E1-P2-M-005: distancia entre ejes XY 0.0000 m, separación entre huellas 0.0000 m y separación vertical 0.0000 m.","HECHO: geometría actual desde 2017_67-102.dxf, layer RLE-MURO_CONTOUR_PAIR.
HECHO: regeneración reproduce POST-FLOAT-018, 3 segmentos FE sin camino al sistema apoyado.
HECHO: geometría y resultados no modificados. Ancho/espesor 0.25 m; altura visible 3.959999999999999 m (no confundir con sección resistente).","NO SABEMOS cuál es el detalle resistente que completa el camino a fundación ni si el alcance del FE debe incluir todo este componente.
NO SABEMOS los ejes locales y tags de un análisis ACTUAL ejecutado: este candidato no ha sido ejecutado.
NO SABEMOS si los offsets entre muros representan un encuentro físico/transferencia que el adaptador no captura, o una interpretación geométrica pendiente.","2017_67-102 — Planta fuente del elemento P3. Buscar X Ed–F (Ed +0.0249 m) / Y 2–2a (2a -0.6579 m); revisar las entidades y la correspondencia cielo/piso, no solo el título.
2017_67-304 — Elevaciones: localizar el eje Ed y comparar niveles. Recomendación por eje cercano, NO afirmación de que el corte atraviese este elemento fuera de eje.","¿La planta y el corte muestran una unión resistente entre E1-P3-M-005 y E1-P2-M-005, o un apoyo/transferencia diferente? Indica la llamada del detalle.","34.215900000000005","13.187100000000001","13.86","15.84","7.87","SOL_3_wall_0115","[{""analysis_id"":""POST-A-00264"",""opensees_element_tag"":10264,""element_id"":""E1-P3-M-005"",""geometry_elementTag"":""SOL_3_wall_0115"",""geometry_segment_index"":0,""type"":""wall"",""building"":""EDIFICIO_1"",""floor"":""P3"",""node_i"":386,""node_j"":393,""opensees_node_i"":386,""opensees_node_j"":393,""status"":""CANDIDATO / NO EJECUTADO"",""node_i_xyz_m"":{""tag"":386,""x"":34.216,""y"":13.187,""z"":11.88,""building"":""EDIFICIO_1"",""reasons"":[""VERTICAL_CENTROID"",""WALL_VERTICAL_OVERLAP""]},""node_j_xyz_m"":{""tag"":393,""x"":34.216,""y"":13.187,""z"":15.84,""building"":""EDIFICIO_1"",""reasons"":[""VERTICAL_CENTROID"",""WALL_VERTICAL_OVERLAP""]}}]","{""nearest_column"":{""id"":""E1-P3-C-006"",""floor"":""P3"",""axis_distance_xy_m"":4.063185,""face_gap_xy_m"":3.473165,""vertical_gap_m"":0,""footprint_overlap_m2"":0,""meaning"":""Proximidad geométrica; NO prueba de conexión resistente""},""nearest_wall"":{""id"":""E1-P3-M-008"",""floor"":""P3"",""axis_distance_xy_m"":0.160078,""face_gap_xy_m"":0,""vertical_gap_m"":0,""footprint_overlap_m2"":0,""meaning"":""Proximidad geométrica; NO prueba de conexión resistente""},""below"":{""id"":""E1-P2-M-005"",""floor"":""P2"",""axis_distance_xy_m"":0,""face_gap_xy_m"":0,""vertical_gap_m"":0,""footprint_overlap_m2"":0.3697,""meaning"":""Proximidad geométrica; NO prueba de conexión resistente""},""above"":{""id"":""E1-P4-M-012"",""floor"":""P4"",""axis_distance_xy_m"":0,""face_gap_xy_m"":0,""vertical_gap_m"":0,""footprint_overlap_m2"":0.3697,""meaning"":""Proximidad geométrica; NO prueba de conexión resistente""},""candidate_junctions"":[""E1-P2-M-005"",""E1-P4-M-012""],""component_members"":[""E1-P2-M-005"",""E1-P3-M-005"",""E1-P4-M-012""],""connected_beams_candidate"":[],""floor_visual_panels"":[""E1-P3-D-001""],""load_panel_receptor"":""NO SABEMOS: coincidencia de piso no establece panel tributario/receptor aprobado.""}","[{""endpoint"":""i"",""wall"":""E1-P4-M-012"",""axis_distance_xy_m"":0,""face_distance_xy_m"":0,""plane_z_m"":15.84,""meaning"":""Distancia horizontal de punto a segmento/huella rectangular, no conexión ni distancia 3D.""},{""endpoint"":""j"",""wall"":""E1-P4-M-012"",""axis_distance_xy_m"":0,""face_distance_xy_m"":0,""plane_z_m"":15.84,""meaning"":""Distancia horizontal de punto a segmento/huella rectangular, no conexión ni distancia 3D.""}]","[{""id"":""H1"",""statement"":""Falta representar un encuentro físico en el adaptador FE."",""for"":""La geometría existe y el componente está desconectado; revisar las distancias y vecinos medidos."",""against"":""Proximidad o solape de huellas no demuestra unión resistente ni autoriza un rigidLink."",""confidence"":""MEDIA como candidato de revisión""},{""id"":""H2"",""statement"":""El elemento tiene apoyo/transferencia exterior o participa en un sistema local distinto."",""for"":""RETURN_WALL"",""against"":""No se ha establecido un camino resistente completo ni una exclusión FE aprobada."",""confidence"":""BAJA""},{""id"":""H3"",""statement"":""El alcance, nivel o interpretación de una entidad CAD requiere revisión."",""for"":""La desconexión continúa en la regeneración actual."",""against"":""CONFIRMED_CONTOUR_PAIR"",""confidence"":""BAJA; no borrar ni mover automáticamente""}]","{""source_dxf"":""2017_67-102.dxf"",""source_layer"":""RLE-MURO_CONTOUR_PAIR"",""sourceTags"":[""P3-RLE-MURO-0006"",""P3-RLE-MURO-0008""],""source_label"":""M.H.A. e= 25"",""source_label_tag"":""LBL_3_wall_label_0034"",""geometry_confirmation"":{""status"":""CONFIRMED_CONTOUR_PAIR"",""audit_file"":""entregas/P1L2/edificio/validacion/ed1_walls/ed1_wall_face_audit.json"",""face_ids"":[""P3-RLE-MURO-0006"",""P3-RLE-MURO-0008""],""thickness_m"":0.25},""section_source"":""NO ENCONTRADA"",""section_confidence"":""NO ENCONTRADA"",""material_source"":""2017_67-100.dxf / MTEXT 1E116 / Main ED1 through cielo P3; excludes P4, sheet600 electrical room, slabs and radier"",""CAD_handle"":""NO ENCONTRADA en el contrato canónico; sourceTags son IDs derivados, no handles DWG."",""joint_detail"":""NO ENCONTRADA inequívoca"",""dimension_joint"":""NO ENCONTRADA inequívoca"",""physical_context_audit"":{""element_id"":""E1-P3-M-005"",""building"":""EDIFICIO_1"",""floor"":""P3"",""type"":""wall"",""prior_validation"":""DISCONNECTED_ERROR"",""prior_structural_classification"":""UNRESOLVED"",""cluster"":""CORE_ELEVATOR_P1_P4"",""physical_geometry"":""CONFIRMED"",""physical_classification"":""RETURN_WALL"",""physical_support"":""VERTICAL_CONTINUITY_CONFIRMED"",""main_fe_participation"":""PRIMARY_FE_REVIEW_REQUIRED"",""revised_diagnostic"":""PHYSICAL_CONFIRMED_FE_ADAPTER_REVIEW"",""duplicate_classification"":""SAME_PHYSICAL_WALL"",""participates_in_FE_changed"":false,""opensees_changed"":false,""start"":[6.7249,12.4477,13.86],""end"":[6.7249,13.9265,13.86],""width_m"":0.25,""height_m"":3.959999999999999,""source_dxf"":""2017_67-102.dxf"",""source_layer"":""RLE-MURO_CONTOUR_PAIR"",""evidence"":""Paño/retorno del shaft confirmado por pares de contorno y repetición vertical S1–P4; el nodo central del adaptador no representa todos los encuentros.""},""prior_diagnosis"":{""element_id"":""E1-P3-M-005"",""type"":""wall"",""building"":""EDIFICIO_1"",""floor"":""P3"",""classification"":""UNRESOLVED_REAL"",""qualification"":""CANDIDATE diagnosis, support path NOT APPROVED"",""cause"":""WALL_SUPPORT_PATH_REVIEW"",""primary_source"":""2017_67-102.dxf"",""decision"":""NO_REMOVAL_NO_ARTIFICIAL_SUPPORT""}}","{""SANTIAGO"":{""candidate_match"":{""id"":""S-W-9"",""start_xy_m"":[34.17,14.025],""end_xy_m"":[34.17,12.45],""length_m"":1.575,""thickness_m"":0.25,""match"":{""perpendicular_distance_m"":0.0459,""angle_delta_deg"":0,""overlap_m"":1.4765,""overlap_ratio"":0.9984,""length_delta_m"":0.0962,""strong"":true}},""interpretation"":""Pista geométrica secundaria del snapshot auditado; NO SABEMOS su unión resistente a partir de este matching.""},""CACERES"":{""candidate_match"":{""id"":""C-W-1604"",""start_xy_m"":[34.19,14.025],""end_xy_m"":[34.19,12.445],""length_m"":1.58,""thickness_m"":0.25,""match"":{""perpendicular_distance_m"":0.0259,""angle_delta_deg"":0,""overlap_m"":1.4788,""overlap_ratio"":1,""length_delta_m"":0.1012,""strong"":true}},""interpretation"":""Pista geométrica secundaria del snapshot auditado; NO SABEMOS su unión resistente a partir de este matching.""}}","[{""analysis_id"":""POST-A-00264"",""x_geometric_i_to_j_global"":[0,0,1],""y_local"":""NO SABEMOS: geomTransf actual no exportado/ejecutado"",""z_local"":""NO SABEMOS: geomTransf actual no exportado/ejecutado"",""note"":""Dirección geométrica del candidato, NO triada FE validada; no inferir My/Mz.""}]","{""center"":[34.215900000000005,13.187100000000001,13.86],""i"":[34.215900000000005,12.4477,13.86],""j"":[34.215900000000005,13.9265,13.86],""z_bottom"":11.88,""z_top"":15.84}","{""center"":{""X"":{""relation"":""Ed–F"",""nearest_axis"":""Ed"",""offset_m"":0.0249,""text"":""Ed–F (Ed +0.0249 m)""},""Y"":{""relation"":""2–2a"",""nearest_axis"":""2a"",""offset_m"":-0.6579,""text"":""2–2a (2a -0.6579 m)""}},""i"":{""X"":{""relation"":""Ed–F"",""nearest_axis"":""Ed"",""offset_m"":0.0249,""text"":""Ed–F (Ed +0.0249 m)""},""Y"":{""relation"":""2–2a"",""nearest_axis"":""2a"",""offset_m"":-1.3973,""text"":""2–2a (2a -1.3973 m)""}},""j"":{""X"":{""relation"":""Ed–F"",""nearest_axis"":""Ed"",""offset_m"":0.0249,""text"":""Ed–F (Ed +0.0249 m)""},""Y"":{""relation"":""2a–3"",""nearest_axis"":""2a"",""offset_m"":0.0815,""text"":""2a–3 (2a +0.0815 m)""}}}","Localizar E1-P3-M-005 por los offsets de ejes, no por su ID (el ID es nuestro, no una etiqueta CAD).
Comparar con E1-P2-M-005: verificar contacto de caras, nivel de arranque y continuidad del hormigón.
Seguir la llamada de corte/detalle dibujada; si no aparece, registrar NO ENCONTRADA, no completar por proximidad.
Leer sección y cambios de nivel. Distinguir borde de losa de viga/muro y fotografiar la evidencia con ejes visibles.","Podría omitir rigidez/camino vertical del núcleo; magnitud NO SABEMOS sin idealización validada y análisis.","REVIEW_REQUIRED","FE_PENDING_43_DETAILED_REVIEW.json; 2017_67-102.dxf","",""
"15","E1-P4-M-003","A","EDIFICIO_1","P4","MURO","X E–Ea (Ea -0.0251 m) / Y 2–2a (2a -0.6579 m)","El candidato sitúa este muro en POST-FLOAT-013 sin camino de conectividad a los apoyos de fundación. Respecto de E1-P3-M-003: distancia entre ejes XY 0.0000 m, separación entre huellas 0.0000 m y separación vertical 0.0000 m.","HECHO: geometría actual desde 2017_67-103.dxf, layer RLE-MURO_CONTOUR_PAIR.
HECHO: regeneración reproduce POST-FLOAT-013, 3 segmentos FE sin camino al sistema apoyado.
HECHO: geometría y resultados no modificados. Ancho/espesor 0.25 m; altura visible 3.960000000000001 m (no confundir con sección resistente).","NO SABEMOS cuál es el detalle resistente que completa el camino a fundación ni si el alcance del FE debe incluir todo este componente.
NO SABEMOS los ejes locales y tags de un análisis ACTUAL ejecutado: este candidato no ha sido ejecutado.
NO SABEMOS si los offsets entre muros representan un encuentro físico/transferencia que el adaptador no captura, o una interpretación geométrica pendiente.","2017_67-103 — Planta fuente del elemento P4. Buscar X E–Ea (Ea -0.0251 m) / Y 2–2a (2a -0.6579 m); revisar las entidades y la correspondencia cielo/piso, no solo el título.
2017_67-304 — Elevaciones: localizar el eje Ea y comparar niveles. Recomendación por eje cercano, NO afirmación de que el corte atraviese este elemento fuera de eje.","¿La planta y el corte muestran una unión resistente entre E1-P4-M-003 y E1-P3-M-003, o un apoyo/transferencia diferente? Indica la llamada del detalle.","30.765900000000002","13.187100000000001","17.82","19.8","11.83","SOL_4_wall_0125","[{""analysis_id"":""POST-A-00266"",""opensees_element_tag"":10266,""element_id"":""E1-P4-M-003"",""geometry_elementTag"":""SOL_4_wall_0125"",""geometry_segment_index"":0,""type"":""wall"",""building"":""EDIFICIO_1"",""floor"":""P4"",""node_i"":388,""node_j"":395,""opensees_node_i"":388,""opensees_node_j"":395,""status"":""CANDIDATO / NO EJECUTADO"",""node_i_xyz_m"":{""tag"":388,""x"":30.766,""y"":13.187,""z"":15.84,""building"":""EDIFICIO_1"",""reasons"":[""VERTICAL_CENTROID"",""WALL_VERTICAL_OVERLAP""]},""node_j_xyz_m"":{""tag"":395,""x"":30.766,""y"":13.187,""z"":19.8,""building"":""EDIFICIO_1"",""reasons"":[""VERTICAL_CENTROID""]}}]","{""nearest_column"":{""id"":""E1-P4-C-003"",""floor"":""P4"",""axis_distance_xy_m"":4.063215,""face_gap_xy_m"":3.473195,""vertical_gap_m"":0,""footprint_overlap_m2"":0,""meaning"":""Proximidad geométrica; NO prueba de conexión resistente""},""nearest_wall"":{""id"":""E1-P4-M-008"",""floor"":""P4"",""axis_distance_xy_m"":0.160078,""face_gap_xy_m"":0,""vertical_gap_m"":0,""footprint_overlap_m2"":0,""meaning"":""Proximidad geométrica; NO prueba de conexión resistente""},""below"":{""id"":""E1-P3-M-003"",""floor"":""P3"",""axis_distance_xy_m"":0,""face_gap_xy_m"":0,""vertical_gap_m"":0,""footprint_overlap_m2"":0.3697,""meaning"":""Proximidad geométrica; NO prueba de conexión resistente""},""above"":null,""candidate_junctions"":[""E1-P3-M-003""],""component_members"":[""E1-P2-M-003"",""E1-P3-M-003"",""E1-P4-M-003""],""connected_beams_candidate"":[],""floor_visual_panels"":[""E1-P4-D-001""],""load_panel_receptor"":""NO SABEMOS: coincidencia de piso no establece panel tributario/receptor aprobado.""}","[{""endpoint"":""i"",""wall"":""E1-P4-M-008"",""axis_distance_xy_m"":1.583741,""face_distance_xy_m"":1.484074,""plane_z_m"":19.8,""meaning"":""Distancia horizontal de punto a segmento/huella rectangular, no conexión ni distancia 3D.""},{""endpoint"":""j"",""wall"":""E1-P4-M-008"",""axis_distance_xy_m"":0.160078,""face_distance_xy_m"":0.125,""plane_z_m"":19.8,""meaning"":""Distancia horizontal de punto a segmento/huella rectangular, no conexión ni distancia 3D.""}]","[{""id"":""H1"",""statement"":""Falta representar un encuentro físico en el adaptador FE."",""for"":""La geometría existe y el componente está desconectado; revisar las distancias y vecinos medidos."",""against"":""Proximidad o solape de huellas no demuestra unión resistente ni autoriza un rigidLink."",""confidence"":""MEDIA como candidato de revisión""},{""id"":""H2"",""statement"":""El elemento tiene apoyo/transferencia exterior o participa en un sistema local distinto."",""for"":""RETURN_WALL"",""against"":""No se ha establecido un camino resistente completo ni una exclusión FE aprobada."",""confidence"":""BAJA""},{""id"":""H3"",""statement"":""El alcance, nivel o interpretación de una entidad CAD requiere revisión."",""for"":""La desconexión continúa en la regeneración actual."",""against"":""CONFIRMED_CONTOUR_PAIR"",""confidence"":""BAJA; no borrar ni mover automáticamente""}]","{""source_dxf"":""2017_67-103.dxf"",""source_layer"":""RLE-MURO_CONTOUR_PAIR"",""sourceTags"":[""P4-RLE-MURO-0003"",""P4-RLE-MURO-0005""],""source_label"":""M.H.A. e= 25"",""source_label_tag"":""LBL_4_wall_label_0033"",""geometry_confirmation"":{""status"":""CONFIRMED_CONTOUR_PAIR"",""audit_file"":""entregas/P1L2/edificio/validacion/ed1_walls/ed1_wall_face_audit.json"",""face_ids"":[""P4-RLE-MURO-0003"",""P4-RLE-MURO-0005""],""thickness_m"":0.25},""section_source"":""NO ENCONTRADA"",""section_confidence"":""NO ENCONTRADA"",""material_source"":""TEXT_LABEL"",""CAD_handle"":""NO ENCONTRADA en el contrato canónico; sourceTags son IDs derivados, no handles DWG."",""joint_detail"":""NO ENCONTRADA inequívoca"",""dimension_joint"":""NO ENCONTRADA inequívoca"",""physical_context_audit"":{""element_id"":""E1-P4-M-003"",""building"":""EDIFICIO_1"",""floor"":""P4"",""type"":""wall"",""prior_validation"":""DISCONNECTED_ERROR"",""prior_structural_classification"":""UNRESOLVED"",""cluster"":""CORE_ELEVATOR_P1_P4"",""physical_geometry"":""CONFIRMED"",""physical_classification"":""RETURN_WALL"",""physical_support"":""VERTICAL_CONTINUITY_CONFIRMED"",""main_fe_participation"":""PRIMARY_FE_REVIEW_REQUIRED"",""revised_diagnostic"":""PHYSICAL_CONFIRMED_FE_ADAPTER_REVIEW"",""duplicate_classification"":""SAME_PHYSICAL_WALL"",""participates_in_FE_changed"":false,""opensees_changed"":false,""start"":[3.2749,12.4477,17.82],""end"":[3.2749,13.9265,17.82],""width_m"":0.25,""height_m"":3.960000000000001,""source_dxf"":""2017_67-103.dxf"",""source_layer"":""RLE-MURO_CONTOUR_PAIR"",""evidence"":""Paño/retorno del shaft confirmado por pares de contorno y repetición vertical S1–P4; el nodo central del adaptador no representa todos los encuentros.""},""prior_diagnosis"":{""element_id"":""E1-P4-M-003"",""type"":""wall"",""building"":""EDIFICIO_1"",""floor"":""P4"",""classification"":""UNRESOLVED_REAL"",""qualification"":""CANDIDATE diagnosis, support path NOT APPROVED"",""cause"":""WALL_SUPPORT_PATH_REVIEW"",""primary_source"":""2017_67-103.dxf"",""decision"":""NO_REMOVAL_NO_ARTIFICIAL_SUPPORT""}}","{""SANTIAGO"":{""candidate_match"":{""id"":""S-W-15"",""start_xy_m"":[30.77,14.025],""end_xy_m"":[30.77,12.45],""length_m"":1.575,""thickness_m"":0.25,""match"":{""perpendicular_distance_m"":0.0041,""angle_delta_deg"":0,""overlap_m"":1.4765,""overlap_ratio"":0.9984,""length_delta_m"":0.0962,""strong"":true}},""interpretation"":""Pista geométrica secundaria del snapshot auditado; NO SABEMOS su unión resistente a partir de este matching.""},""CACERES"":{""candidate_match"":{""id"":""C-W-1505"",""start_xy_m"":[30.79,14.025],""end_xy_m"":[30.79,12.445],""length_m"":1.58,""thickness_m"":0.25,""match"":{""perpendicular_distance_m"":0.0241,""angle_delta_deg"":0,""overlap_m"":1.4788,""overlap_ratio"":1,""length_delta_m"":0.1012,""strong"":true}},""interpretation"":""Pista geométrica secundaria del snapshot auditado; NO SABEMOS su unión resistente a partir de este matching.""}}","[{""analysis_id"":""POST-A-00266"",""x_geometric_i_to_j_global"":[0,0,1],""y_local"":""NO SABEMOS: geomTransf actual no exportado/ejecutado"",""z_local"":""NO SABEMOS: geomTransf actual no exportado/ejecutado"",""note"":""Dirección geométrica del candidato, NO triada FE validada; no inferir My/Mz.""}]","{""center"":[30.765900000000002,13.187100000000001,17.82],""i"":[30.765900000000002,12.4477,17.82],""j"":[30.765900000000002,13.9265,17.82],""z_bottom"":15.84,""z_top"":19.8}","{""center"":{""X"":{""relation"":""E–Ea"",""nearest_axis"":""Ea"",""offset_m"":-0.0251,""text"":""E–Ea (Ea -0.0251 m)""},""Y"":{""relation"":""2–2a"",""nearest_axis"":""2a"",""offset_m"":-0.6579,""text"":""2–2a (2a -0.6579 m)""}},""i"":{""X"":{""relation"":""E–Ea"",""nearest_axis"":""Ea"",""offset_m"":-0.0251,""text"":""E–Ea (Ea -0.0251 m)""},""Y"":{""relation"":""2–2a"",""nearest_axis"":""2a"",""offset_m"":-1.3973,""text"":""2–2a (2a -1.3973 m)""}},""j"":{""X"":{""relation"":""E–Ea"",""nearest_axis"":""Ea"",""offset_m"":-0.0251,""text"":""E–Ea (Ea -0.0251 m)""},""Y"":{""relation"":""2a–3"",""nearest_axis"":""2a"",""offset_m"":0.0815,""text"":""2a–3 (2a +0.0815 m)""}}}","Localizar E1-P4-M-003 por los offsets de ejes, no por su ID (el ID es nuestro, no una etiqueta CAD).
Comparar con E1-P3-M-003: verificar contacto de caras, nivel de arranque y continuidad del hormigón.
Seguir la llamada de corte/detalle dibujada; si no aparece, registrar NO ENCONTRADA, no completar por proximidad.
Leer sección y cambios de nivel. Distinguir borde de losa de viga/muro y fotografiar la evidencia con ejes visibles.","Podría omitir rigidez/camino vertical del núcleo; magnitud NO SABEMOS sin idealización validada y análisis.","REVIEW_REQUIRED","FE_PENDING_43_DETAILED_REVIEW.json; 2017_67-103.dxf","",""
"16","E1-P4-M-009","A","EDIFICIO_1","P4","MURO","X Ea–Eb (Eb -0.0501 m) / Y 1''–2 (1'' +1.3565 m)","El candidato sitúa este muro en POST-FLOAT-015 sin camino de conectividad a los apoyos de fundación. Respecto de E1-P3-M-010: distancia entre ejes XY 0.0000 m, separación entre huellas 0.0000 m y separación vertical 0.0000 m.","HECHO: geometría actual desde 2017_67-103.dxf, layer RLE-MURO_CONTOUR_PAIR.
HECHO: regeneración reproduce POST-FLOAT-015, 3 segmentos FE sin camino al sistema apoyado.
HECHO: geometría y resultados no modificados. Ancho/espesor 0.3 m; altura visible 3.960000000000001 m (no confundir con sección resistente).","NO SABEMOS cuál es el detalle resistente que completa el camino a fundación ni si el alcance del FE debe incluir todo este componente.
NO SABEMOS los ejes locales y tags de un análisis ACTUAL ejecutado: este candidato no ha sido ejecutado.
NO SABEMOS si los offsets entre muros representan un encuentro físico/transferencia que el adaptador no captura, o una interpretación geométrica pendiente.","2017_67-103 — Planta fuente del elemento P4. Buscar X Ea–Eb (Eb -0.0501 m) / Y 1''–2 (1'' +1.3565 m); revisar las entidades y la correspondencia cielo/piso, no solo el título.
2017_67-304 — Elevaciones: localizar el eje Eb y comparar niveles. Recomendación por eje cercano, NO afirmación de que el corte atraviese este elemento fuera de eje.","¿La planta y el corte muestran una unión resistente entre E1-P4-M-009 y E1-P3-M-010, o un apoyo/transferencia diferente? Indica la llamada del detalle.","31.040900000000004","5.2565","17.82","19.8","11.83","SOL_4_wall_0132","[{""analysis_id"":""POST-A-00268"",""opensees_element_tag"":10268,""element_id"":""E1-P4-M-009"",""geometry_elementTag"":""SOL_4_wall_0132"",""geometry_segment_index"":0,""type"":""wall"",""building"":""EDIFICIO_1"",""floor"":""P4"",""node_i"":390,""node_j"":397,""opensees_node_i"":390,""opensees_node_j"":397,""status"":""CANDIDATO / NO EJECUTADO"",""node_i_xyz_m"":{""tag"":390,""x"":31.041,""y"":5.256,""z"":15.84,""building"":""EDIFICIO_1"",""reasons"":[""VERTICAL_CENTROID"",""WALL_VERTICAL_OVERLAP""]},""node_j_xyz_m"":{""tag"":397,""x"":31.041,""y"":5.256,""z"":19.8,""building"":""EDIFICIO_1"",""reasons"":[""VERTICAL_CENTROID""]}}]","{""nearest_column"":{""id"":""E1-P4-C-002"",""floor"":""P4"",""axis_distance_xy_m"":4.490451,""face_gap_xy_m"":3.880948,""vertical_gap_m"":0,""footprint_overlap_m2"":0,""meaning"":""Proximidad geométrica; NO prueba de conexión resistente""},""nearest_wall"":{""id"":""E1-P4-M-007"",""floor"":""P4"",""axis_distance_xy_m"":0.180278,""face_gap_xy_m"":0,""vertical_gap_m"":0,""footprint_overlap_m2"":0,""meaning"":""Proximidad geométrica; NO prueba de conexión resistente""},""below"":{""id"":""E1-P3-M-010"",""floor"":""P3"",""axis_distance_xy_m"":0,""face_gap_xy_m"":0,""vertical_gap_m"":0,""footprint_overlap_m2"":0.645,""meaning"":""Proximidad geométrica; NO prueba de conexión resistente""},""above"":null,""candidate_junctions"":[""E1-P3-M-010""],""component_members"":[""E1-P2-M-010"",""E1-P3-M-010"",""E1-P4-M-009""],""connected_beams_candidate"":[],""floor_visual_panels"":[""E1-P4-D-001""],""load_panel_receptor"":""NO SABEMOS: coincidencia de piso no establece panel tributario/receptor aprobado.""}","[{""endpoint"":""i"",""wall"":""E1-P4-M-007"",""axis_distance_xy_m"":0.180278,""face_distance_xy_m"":0.15,""plane_z_m"":19.8,""meaning"":""Distancia horizontal de punto a segmento/huella rectangular, no conexión ni distancia 3D.""},{""endpoint"":""j"",""wall"":""E1-P4-M-007"",""axis_distance_xy_m"":2.254994,""face_distance_xy_m"":2.155226,""plane_z_m"":19.8,""meaning"":""Distancia horizontal de punto a segmento/huella rectangular, no conexión ni distancia 3D.""}]","[{""id"":""H1"",""statement"":""Falta representar un encuentro físico en el adaptador FE."",""for"":""La geometría existe y el componente está desconectado; revisar las distancias y vecinos medidos."",""against"":""Proximidad o solape de huellas no demuestra unión resistente ni autoriza un rigidLink."",""confidence"":""MEDIA como candidato de revisión""},{""id"":""H2"",""statement"":""El elemento tiene apoyo/transferencia exterior o participa en un sistema local distinto."",""for"":""RETURN_WALL"",""against"":""No se ha establecido un camino resistente completo ni una exclusión FE aprobada."",""confidence"":""BAJA""},{""id"":""H3"",""statement"":""El alcance, nivel o interpretación de una entidad CAD requiere revisión."",""for"":""La desconexión continúa en la regeneración actual."",""against"":""CONFIRMED_CONTOUR_PAIR"",""confidence"":""BAJA; no borrar ni mover automáticamente""}]","{""source_dxf"":""2017_67-103.dxf"",""source_layer"":""RLE-MURO_CONTOUR_PAIR"",""sourceTags"":[""P4-RLE-MURO-0009"",""P4-RLE-MURO-0010""],""source_label"":""M.H.A. e= 30"",""source_label_tag"":""LBL_4_wall_label_0036"",""geometry_confirmation"":{""status"":""CONFIRMED_CONTOUR_PAIR"",""audit_file"":""entregas/P1L2/edificio/validacion/ed1_walls/ed1_wall_face_audit.json"",""face_ids"":[""P4-RLE-MURO-0009"",""P4-RLE-MURO-0010""],""thickness_m"":0.3},""section_source"":""NO ENCONTRADA"",""section_confidence"":""NO ENCONTRADA"",""material_source"":""TEXT_LABEL"",""CAD_handle"":""NO ENCONTRADA en el contrato canónico; sourceTags son IDs derivados, no handles DWG."",""joint_detail"":""NO ENCONTRADA inequívoca"",""dimension_joint"":""NO ENCONTRADA inequívoca"",""physical_context_audit"":{""element_id"":""E1-P4-M-009"",""building"":""EDIFICIO_1"",""floor"":""P4"",""type"":""wall"",""prior_validation"":""DISCONNECTED_ERROR"",""prior_structural_classification"":""UNRESOLVED"",""cluster"":""CORE_ELEVATOR_P1_P4"",""physical_geometry"":""CONFIRMED"",""physical_classification"":""RETURN_WALL"",""physical_support"":""VERTICAL_CONTINUITY_CONFIRMED"",""main_fe_participation"":""PRIMARY_FE_REVIEW_REQUIRED"",""revised_diagnostic"":""PHYSICAL_CONFIRMED_FE_ADAPTER_REVIEW"",""duplicate_classification"":""SAME_PHYSICAL_WALL"",""participates_in_FE_changed"":false,""opensees_changed"":false,""start"":[3.5499,4.1815,17.82],""end"":[3.5499,6.3315,17.82],""width_m"":0.3,""height_m"":3.960000000000001,""source_dxf"":""2017_67-103.dxf"",""source_layer"":""RLE-MURO_CONTOUR_PAIR"",""evidence"":""Paño/retorno del shaft confirmado por pares de contorno y repetición vertical S1–P4; el nodo central del adaptador no representa todos los encuentros.""},""prior_diagnosis"":{""element_id"":""E1-P4-M-009"",""type"":""wall"",""building"":""EDIFICIO_1"",""floor"":""P4"",""classification"":""UNRESOLVED_REAL"",""qualification"":""CANDIDATE diagnosis, support path NOT APPROVED"",""cause"":""WALL_SUPPORT_PATH_REVIEW"",""primary_source"":""2017_67-103.dxf"",""decision"":""NO_REMOVAL_NO_ARTIFICIAL_SUPPORT""}}","{""SANTIAGO"":{""candidate_match"":{""id"":""S-W-30"",""start_xy_m"":[30.77,4.08],""end_xy_m"":[30.77,5.655],""length_m"":1.575,""thickness_m"":0.25,""match"":{""perpendicular_distance_m"":0.2709,""angle_delta_deg"":0,""overlap_m"":1.4735,""overlap_ratio"":0.9356,""length_delta_m"":0.575,""strong"":false}},""interpretation"":""Pista geométrica secundaria del snapshot auditado; NO SABEMOS su unión resistente a partir de este matching.""},""CACERES"":{""candidate_match"":{""id"":""C-W-1105"",""start_xy_m"":[31.09,6.33],""end_xy_m"":[31.09,4.08],""length_m"":2.25,""thickness_m"":0.3,""match"":{""perpendicular_distance_m"":0.0491,""angle_delta_deg"":0,""overlap_m"":2.1485,""overlap_ratio"":0.9993,""length_delta_m"":0.1,""strong"":true}},""interpretation"":""Pista geométrica secundaria del snapshot auditado; NO SABEMOS su unión resistente a partir de este matching.""}}","[{""analysis_id"":""POST-A-00268"",""x_geometric_i_to_j_global"":[0,0,1],""y_local"":""NO SABEMOS: geomTransf actual no exportado/ejecutado"",""z_local"":""NO SABEMOS: geomTransf actual no exportado/ejecutado"",""note"":""Dirección geométrica del candidato, NO triada FE validada; no inferir My/Mz.""}]","{""center"":[31.040900000000004,5.2565,17.82],""i"":[31.040900000000004,4.1815,17.82],""j"":[31.040900000000004,6.3315,17.82],""z_bottom"":15.84,""z_top"":19.8}","{""center"":{""X"":{""relation"":""Ea–Eb"",""nearest_axis"":""Eb"",""offset_m"":-0.0501,""text"":""Ea–Eb (Eb -0.0501 m)""},""Y"":{""relation"":""1''–2"",""nearest_axis"":""1''"",""offset_m"":1.3565,""text"":""1''–2 (1'' +1.3565 m)""}},""i"":{""X"":{""relation"":""Ea–Eb"",""nearest_axis"":""Eb"",""offset_m"":-0.0501,""text"":""Ea–Eb (Eb -0.0501 m)""},""Y"":{""relation"":""1''–2"",""nearest_axis"":""1''"",""offset_m"":0.2815,""text"":""1''–2 (1'' +0.2815 m)""}},""j"":{""X"":{""relation"":""Ea–Eb"",""nearest_axis"":""Eb"",""offset_m"":-0.0501,""text"":""Ea–Eb (Eb -0.0501 m)""},""Y"":{""relation"":""1''–2"",""nearest_axis"":""1''"",""offset_m"":2.4315,""text"":""1''–2 (1'' +2.4315 m)""}}}","Localizar E1-P4-M-009 por los offsets de ejes, no por su ID (el ID es nuestro, no una etiqueta CAD).
Comparar con E1-P3-M-010: verificar contacto de caras, nivel de arranque y continuidad del hormigón.
Seguir la llamada de corte/detalle dibujada; si no aparece, registrar NO ENCONTRADA, no completar por proximidad.
Leer sección y cambios de nivel. Distinguir borde de losa de viga/muro y fotografiar la evidencia con ejes visibles.","Podría omitir rigidez/camino vertical del núcleo; magnitud NO SABEMOS sin idealización validada y análisis.","REVIEW_REQUIRED","FE_PENDING_43_DETAILED_REVIEW.json; 2017_67-103.dxf","",""
"17","E1-P4-M-007","A","EDIFICIO_1","P4","MURO","X Eb–Ec (Eb +1.3999 m) / Y 1''–2 (1'' +0.1815 m)","El candidato sitúa este muro en POST-FLOAT-016 sin camino de conectividad a los apoyos de fundación. Respecto de E1-P3-M-007: distancia entre ejes XY 0.0000 m, separación entre huellas 0.0000 m y separación vertical 0.0000 m.","HECHO: geometría actual desde 2017_67-103.dxf, layer RLE-MURO_CONTOUR_PAIR.
HECHO: regeneración reproduce POST-FLOAT-016, 3 segmentos FE sin camino al sistema apoyado.
HECHO: geometría y resultados no modificados. Ancho/espesor 0.2 m; altura visible 3.960000000000001 m (no confundir con sección resistente).","NO SABEMOS cuál es el detalle resistente que completa el camino a fundación ni si el alcance del FE debe incluir todo este componente.
NO SABEMOS los ejes locales y tags de un análisis ACTUAL ejecutado: este candidato no ha sido ejecutado.
NO SABEMOS si los offsets entre muros representan un encuentro físico/transferencia que el adaptador no captura, o una interpretación geométrica pendiente.","2017_67-103 — Planta fuente del elemento P4. Buscar X Eb–Ec (Eb +1.3999 m) / Y 1''–2 (1'' +0.1815 m); revisar las entidades y la correspondencia cielo/piso, no solo el título.
2017_67-304 — Elevaciones: localizar el eje Eb y comparar niveles. Recomendación por eje cercano, NO afirmación de que el corte atraviese este elemento fuera de eje.","¿La planta y el corte muestran una unión resistente entre E1-P4-M-007 y E1-P3-M-007, o un apoyo/transferencia diferente? Indica la llamada del detalle.","32.4909","4.0815","17.82","19.8","11.83","SOL_4_wall_0124","[{""analysis_id"":""POST-A-00269"",""opensees_element_tag"":10269,""element_id"":""E1-P4-M-007"",""geometry_elementTag"":""SOL_4_wall_0124"",""geometry_segment_index"":0,""type"":""wall"",""building"":""EDIFICIO_1"",""floor"":""P4"",""node_i"":391,""node_j"":398,""opensees_node_i"":391,""opensees_node_j"":398,""status"":""CANDIDATO / NO EJECUTADO"",""node_i_xyz_m"":{""tag"":391,""x"":32.491,""y"":4.082,""z"":15.84,""building"":""EDIFICIO_1"",""reasons"":[""VERTICAL_CENTROID"",""WALL_VERTICAL_OVERLAP""]},""node_j_xyz_m"":{""tag"":398,""x"":32.491,""y"":4.082,""z"":19.8,""building"":""EDIFICIO_1"",""reasons"":[""VERTICAL_CENTROID""]}}]","{""nearest_column"":{""id"":""E1-P4-C-004"",""floor"":""P4"",""axis_distance_xy_m"":5.375989,""face_gap_xy_m"":4.808961,""vertical_gap_m"":0,""footprint_overlap_m2"":0,""meaning"":""Proximidad geométrica; NO prueba de conexión resistente""},""nearest_wall"":{""id"":""E1-P4-M-010"",""floor"":""P4"",""axis_distance_xy_m"":0.180278,""face_gap_xy_m"":0,""vertical_gap_m"":0,""footprint_overlap_m2"":0,""meaning"":""Proximidad geométrica; NO prueba de conexión resistente""},""below"":{""id"":""E1-P3-M-007"",""floor"":""P3"",""axis_distance_xy_m"":0,""face_gap_xy_m"":0,""vertical_gap_m"":0,""footprint_overlap_m2"":0.52,""meaning"":""Proximidad geométrica; NO prueba de conexión resistente""},""above"":null,""candidate_junctions"":[""E1-P3-M-007""],""component_members"":[""E1-P2-M-007"",""E1-P3-M-007"",""E1-P4-M-007""],""connected_beams_candidate"":[],""floor_visual_panels"":[""E1-P4-D-001""],""load_panel_receptor"":""NO SABEMOS: coincidencia de piso no establece panel tributario/receptor aprobado.""}","[{""endpoint"":""i"",""wall"":""E1-P4-M-009"",""axis_distance_xy_m"":0.180278,""face_distance_xy_m"":0.1,""plane_z_m"":19.8,""meaning"":""Distancia horizontal de punto a segmento/huella rectangular, no conexión ni distancia 3D.""},{""endpoint"":""j"",""wall"":""E1-P4-M-010"",""axis_distance_xy_m"":0.180278,""face_distance_xy_m"":0.1,""plane_z_m"":19.8,""meaning"":""Distancia horizontal de punto a segmento/huella rectangular, no conexión ni distancia 3D.""}]","[{""id"":""H1"",""statement"":""Falta representar un encuentro físico en el adaptador FE."",""for"":""La geometría existe y el componente está desconectado; revisar las distancias y vecinos medidos."",""against"":""Proximidad o solape de huellas no demuestra unión resistente ni autoriza un rigidLink."",""confidence"":""MEDIA como candidato de revisión""},{""id"":""H2"",""statement"":""El elemento tiene apoyo/transferencia exterior o participa en un sistema local distinto."",""for"":""SHAFT_WALL"",""against"":""No se ha establecido un camino resistente completo ni una exclusión FE aprobada."",""confidence"":""BAJA""},{""id"":""H3"",""statement"":""El alcance, nivel o interpretación de una entidad CAD requiere revisión."",""for"":""La desconexión continúa en la regeneración actual."",""against"":""CONFIRMED_CONTOUR_PAIR"",""confidence"":""BAJA; no borrar ni mover automáticamente""}]","{""source_dxf"":""2017_67-103.dxf"",""source_layer"":""RLE-MURO_CONTOUR_PAIR"",""sourceTags"":[""P4-RLE-MURO-0015"",""P4-RLE-MURO-0016""],""source_label"":""M.H.A. e= 20"",""source_label_tag"":""LBL_4_wall_label_0038"",""geometry_confirmation"":{""status"":""CONFIRMED_CONTOUR_PAIR"",""audit_file"":""entregas/P1L2/edificio/validacion/ed1_walls/ed1_wall_face_audit.json"",""face_ids"":[""P4-RLE-MURO-0015"",""P4-RLE-MURO-0016""],""thickness_m"":0.2},""section_source"":""NO ENCONTRADA"",""section_confidence"":""NO ENCONTRADA"",""material_source"":""TEXT_LABEL"",""CAD_handle"":""NO ENCONTRADA en el contrato canónico; sourceTags son IDs derivados, no handles DWG."",""joint_detail"":""NO ENCONTRADA inequívoca"",""dimension_joint"":""NO ENCONTRADA inequívoca"",""physical_context_audit"":{""element_id"":""E1-P4-M-007"",""building"":""EDIFICIO_1"",""floor"":""P4"",""type"":""wall"",""prior_validation"":""DISCONNECTED_ERROR"",""prior_structural_classification"":""UNRESOLVED"",""cluster"":""CORE_ELEVATOR_P1_P4"",""physical_geometry"":""CONFIRMED"",""physical_classification"":""SHAFT_WALL"",""physical_support"":""VERTICAL_CONTINUITY_CONFIRMED"",""main_fe_participation"":""PRIMARY_FE_REVIEW_REQUIRED"",""revised_diagnostic"":""PHYSICAL_CONFIRMED_FE_ADAPTER_REVIEW"",""duplicate_classification"":""SAME_PHYSICAL_WALL"",""participates_in_FE_changed"":false,""opensees_changed"":false,""start"":[3.6999,4.0815,17.82],""end"":[6.2999,4.0815,17.82],""width_m"":0.2,""height_m"":3.960000000000001,""source_dxf"":""2017_67-103.dxf"",""source_layer"":""RLE-MURO_CONTOUR_PAIR"",""evidence"":""Paño/retorno del shaft confirmado por pares de contorno y repetición vertical S1–P4; el nodo central del adaptador no representa todos los encuentros.""},""prior_diagnosis"":{""element_id"":""E1-P4-M-007"",""type"":""wall"",""building"":""EDIFICIO_1"",""floor"":""P4"",""classification"":""UNRESOLVED_REAL"",""qualification"":""CANDIDATE diagnosis, support path NOT APPROVED"",""cause"":""WALL_SUPPORT_PATH_REVIEW"",""primary_source"":""2017_67-103.dxf"",""decision"":""NO_REMOVAL_NO_ARTIFICIAL_SUPPORT""}}","{""SANTIAGO"":{""candidate_match"":{""id"":""S-W-20"",""start_xy_m"":[30.77,4.08],""end_xy_m"":[34.17,4.08],""length_m"":3.4,""thickness_m"":0.2,""match"":{""perpendicular_distance_m"":0.0015,""angle_delta_deg"":0,""overlap_m"":2.6,""overlap_ratio"":1,""length_delta_m"":0.8,""strong"":true}},""interpretation"":""Pista geométrica secundaria del snapshot auditado; NO SABEMOS su unión resistente a partir de este matching.""},""CACERES"":{""candidate_match"":{""id"":""C-W-1005"",""start_xy_m"":[27.24,4.08],""end_xy_m"":[33.89,4.08],""length_m"":6.65,""thickness_m"":0.2,""match"":{""perpendicular_distance_m"":0.0015,""angle_delta_deg"":0,""overlap_m"":2.6,""overlap_ratio"":1,""length_delta_m"":4.05,""strong"":true}},""interpretation"":""Pista geométrica secundaria del snapshot auditado; NO SABEMOS su unión resistente a partir de este matching.""}}","[{""analysis_id"":""POST-A-00269"",""x_geometric_i_to_j_global"":[0,0,1],""y_local"":""NO SABEMOS: geomTransf actual no exportado/ejecutado"",""z_local"":""NO SABEMOS: geomTransf actual no exportado/ejecutado"",""note"":""Dirección geométrica del candidato, NO triada FE validada; no inferir My/Mz.""}]","{""center"":[32.4909,4.0815,17.82],""i"":[31.190900000000003,4.0815,17.82],""j"":[33.79090000000001,4.0815,17.82],""z_bottom"":15.84,""z_top"":19.8}","{""center"":{""X"":{""relation"":""Eb–Ec"",""nearest_axis"":""Eb"",""offset_m"":1.3999,""text"":""Eb–Ec (Eb +1.3999 m)""},""Y"":{""relation"":""1''–2"",""nearest_axis"":""1''"",""offset_m"":0.1815,""text"":""1''–2 (1'' +0.1815 m)""}},""i"":{""X"":{""relation"":""Eb–Ec"",""nearest_axis"":""Eb"",""offset_m"":0.0999,""text"":""Eb–Ec (Eb +0.0999 m)""},""Y"":{""relation"":""1''–2"",""nearest_axis"":""1''"",""offset_m"":0.1815,""text"":""1''–2 (1'' +0.1815 m)""}},""j"":{""X"":{""relation"":""Eb–Ec"",""nearest_axis"":""Ec"",""offset_m"":-0.1001,""text"":""Eb–Ec (Ec -0.1001 m)""},""Y"":{""relation"":""1''–2"",""nearest_axis"":""1''"",""offset_m"":0.1815,""text"":""1''–2 (1'' +0.1815 m)""}}}","Localizar E1-P4-M-007 por los offsets de ejes, no por su ID (el ID es nuestro, no una etiqueta CAD).
Comparar con E1-P3-M-007: verificar contacto de caras, nivel de arranque y continuidad del hormigón.
Seguir la llamada de corte/detalle dibujada; si no aparece, registrar NO ENCONTRADA, no completar por proximidad.
Leer sección y cambios de nivel. Distinguir borde de losa de viga/muro y fotografiar la evidencia con ejes visibles.","Podría omitir rigidez/camino vertical del núcleo; magnitud NO SABEMOS sin idealización validada y análisis.","REVIEW_REQUIRED","FE_PENDING_43_DETAILED_REVIEW.json; 2017_67-103.dxf","",""
"18","E1-P4-M-008","A","EDIFICIO_1","P4","MURO","X Eb–Ec (Eb +1.3999 m) / Y 2a–3 (2a +0.1815 m)","El candidato sitúa este muro en POST-FLOAT-014 sin camino de conectividad a los apoyos de fundación. Respecto de E1-P3-M-008: distancia entre ejes XY 0.0000 m, separación entre huellas 0.0000 m y separación vertical 0.0000 m.","HECHO: geometría actual desde 2017_67-103.dxf, layer RLE-MURO_CONTOUR_PAIR.
HECHO: regeneración reproduce POST-FLOAT-014, 3 segmentos FE sin camino al sistema apoyado.
HECHO: geometría y resultados no modificados. Ancho/espesor 0.2 m; altura visible 3.960000000000001 m (no confundir con sección resistente).","NO SABEMOS cuál es el detalle resistente que completa el camino a fundación ni si el alcance del FE debe incluir todo este componente.
NO SABEMOS los ejes locales y tags de un análisis ACTUAL ejecutado: este candidato no ha sido ejecutado.
NO SABEMOS si los offsets entre muros representan un encuentro físico/transferencia que el adaptador no captura, o una interpretación geométrica pendiente.","2017_67-103 — Planta fuente del elemento P4. Buscar X Eb–Ec (Eb +1.3999 m) / Y 2a–3 (2a +0.1815 m); revisar las entidades y la correspondencia cielo/piso, no solo el título.
2017_67-304 — Elevaciones: localizar el eje Eb y comparar niveles. Recomendación por eje cercano, NO afirmación de que el corte atraviese este elemento fuera de eje.","¿La planta y el corte muestran una unión resistente entre E1-P4-M-008 y E1-P3-M-008, o un apoyo/transferencia diferente? Indica la llamada del detalle.","32.4909","14.0265","17.82","19.8","11.83","SOL_4_wall_0123","[{""analysis_id"":""POST-A-00267"",""opensees_element_tag"":10267,""element_id"":""E1-P4-M-008"",""geometry_elementTag"":""SOL_4_wall_0123"",""geometry_segment_index"":0,""type"":""wall"",""building"":""EDIFICIO_1"",""floor"":""P4"",""node_i"":389,""node_j"":396,""opensees_node_i"":389,""opensees_node_j"":396,""status"":""CANDIDATO / NO EJECUTADO"",""node_i_xyz_m"":{""tag"":389,""x"":32.491,""y"":14.027,""z"":15.84,""building"":""EDIFICIO_1"",""reasons"":[""VERTICAL_CENTROID"",""WALL_VERTICAL_OVERLAP""]},""node_j_xyz_m"":{""tag"":396,""x"":32.491,""y"":14.027,""z"":19.8,""building"":""EDIFICIO_1"",""reasons"":[""VERTICAL_CENTROID""]}}]","{""nearest_column"":{""id"":""E1-P4-C-006"",""floor"":""P4"",""axis_distance_xy_m"":4.107656,""face_gap_xy_m"":3.569784,""vertical_gap_m"":0,""footprint_overlap_m2"":0,""meaning"":""Proximidad geométrica; NO prueba de conexión resistente""},""nearest_wall"":{""id"":""E1-P4-M-003"",""floor"":""P4"",""axis_distance_xy_m"":0.160078,""face_gap_xy_m"":0,""vertical_gap_m"":0,""footprint_overlap_m2"":0,""meaning"":""Proximidad geométrica; NO prueba de conexión resistente""},""below"":{""id"":""E1-P3-M-008"",""floor"":""P3"",""axis_distance_xy_m"":0,""face_gap_xy_m"":0,""vertical_gap_m"":0,""footprint_overlap_m2"":0.64,""meaning"":""Proximidad geométrica; NO prueba de conexión resistente""},""above"":null,""candidate_junctions"":[""E1-P3-M-008""],""component_members"":[""E1-P2-M-008"",""E1-P3-M-008"",""E1-P4-M-008""],""connected_beams_candidate"":[],""floor_visual_panels"":[""E1-P4-D-001""],""load_panel_receptor"":""NO SABEMOS: coincidencia de piso no establece panel tributario/receptor aprobado.""}","[{""endpoint"":""i"",""wall"":""E1-P4-M-003"",""axis_distance_xy_m"":0.160078,""face_distance_xy_m"":0.1,""plane_z_m"":19.8,""meaning"":""Distancia horizontal de punto a segmento/huella rectangular, no conexión ni distancia 3D.""},{""endpoint"":""j"",""wall"":""E1-P4-M-012"",""axis_distance_xy_m"":0.160078,""face_distance_xy_m"":0.1,""plane_z_m"":19.8,""meaning"":""Distancia horizontal de punto a segmento/huella rectangular, no conexión ni distancia 3D.""}]","[{""id"":""H1"",""statement"":""Falta representar un encuentro físico en el adaptador FE."",""for"":""La geometría existe y el componente está desconectado; revisar las distancias y vecinos medidos."",""against"":""Proximidad o solape de huellas no demuestra unión resistente ni autoriza un rigidLink."",""confidence"":""MEDIA como candidato de revisión""},{""id"":""H2"",""statement"":""El elemento tiene apoyo/transferencia exterior o participa en un sistema local distinto."",""for"":""SHAFT_WALL"",""against"":""No se ha establecido un camino resistente completo ni una exclusión FE aprobada."",""confidence"":""BAJA""},{""id"":""H3"",""statement"":""El alcance, nivel o interpretación de una entidad CAD requiere revisión."",""for"":""La desconexión continúa en la regeneración actual."",""against"":""CONFIRMED_CONTOUR_PAIR"",""confidence"":""BAJA; no borrar ni mover automáticamente""}]","{""source_dxf"":""2017_67-103.dxf"",""source_layer"":""RLE-MURO_CONTOUR_PAIR"",""sourceTags"":[""P4-RLE-MURO-0001"",""P4-RLE-MURO-0002""],""source_label"":""M.H.A. e= 20"",""source_label_tag"":""LBL_4_wall_label_0032"",""geometry_confirmation"":{""status"":""CONFIRMED_CONTOUR_PAIR"",""audit_file"":""entregas/P1L2/edificio/validacion/ed1_walls/ed1_wall_face_audit.json"",""face_ids"":[""P4-RLE-MURO-0001"",""P4-RLE-MURO-0002""],""thickness_m"":0.2},""section_source"":""NO ENCONTRADA"",""section_confidence"":""NO ENCONTRADA"",""material_source"":""TEXT_LABEL"",""CAD_handle"":""NO ENCONTRADA en el contrato canónico; sourceTags son IDs derivados, no handles DWG."",""joint_detail"":""NO ENCONTRADA inequívoca"",""dimension_joint"":""NO ENCONTRADA inequívoca"",""physical_context_audit"":{""element_id"":""E1-P4-M-008"",""building"":""EDIFICIO_1"",""floor"":""P4"",""type"":""wall"",""prior_validation"":""DISCONNECTED_ERROR"",""prior_structural_classification"":""UNRESOLVED"",""cluster"":""CORE_ELEVATOR_P1_P4"",""physical_geometry"":""CONFIRMED"",""physical_classification"":""SHAFT_WALL"",""physical_support"":""VERTICAL_CONTINUITY_CONFIRMED"",""main_fe_participation"":""PRIMARY_FE_REVIEW_REQUIRED"",""revised_diagnostic"":""PHYSICAL_CONFIRMED_FE_ADAPTER_REVIEW"",""duplicate_classification"":""SAME_PHYSICAL_WALL"",""participates_in_FE_changed"":false,""opensees_changed"":false,""start"":[3.3999,14.0265,17.82],""end"":[6.5999,14.0265,17.82],""width_m"":0.2,""height_m"":3.960000000000001,""source_dxf"":""2017_67-103.dxf"",""source_layer"":""RLE-MURO_CONTOUR_PAIR"",""evidence"":""Paño/retorno del shaft confirmado por pares de contorno y repetición vertical S1–P4; el nodo central del adaptador no representa todos los encuentros.""},""prior_diagnosis"":{""element_id"":""E1-P4-M-008"",""type"":""wall"",""building"":""EDIFICIO_1"",""floor"":""P4"",""classification"":""UNRESOLVED_REAL"",""qualification"":""CANDIDATE diagnosis, support path NOT APPROVED"",""cause"":""WALL_SUPPORT_PATH_REVIEW"",""primary_source"":""2017_67-103.dxf"",""decision"":""NO_REMOVAL_NO_ARTIFICIAL_SUPPORT""}}","{""SANTIAGO"":{""candidate_match"":{""id"":""S-W-5"",""start_xy_m"":[30.77,14.025],""end_xy_m"":[34.17,14.025],""length_m"":3.4,""thickness_m"":0.2,""match"":{""perpendicular_distance_m"":0.0015,""angle_delta_deg"":0,""overlap_m"":3.2,""overlap_ratio"":1,""length_delta_m"":0.2,""strong"":true}},""interpretation"":""Pista geométrica secundaria del snapshot auditado; NO SABEMOS su unión resistente a partir de este matching.""},""CACERES"":{""candidate_match"":{""id"":""C-W-1405"",""start_xy_m"":[30.79,14.025],""end_xy_m"":[34.19,14.025],""length_m"":3.4,""thickness_m"":0.2,""match"":{""perpendicular_distance_m"":0.0015,""angle_delta_deg"":0,""overlap_m"":3.2,""overlap_ratio"":1,""length_delta_m"":0.2,""strong"":true}},""interpretation"":""Pista geométrica secundaria del snapshot auditado; NO SABEMOS su unión resistente a partir de este matching.""}}","[{""analysis_id"":""POST-A-00267"",""x_geometric_i_to_j_global"":[0,0,1],""y_local"":""NO SABEMOS: geomTransf actual no exportado/ejecutado"",""z_local"":""NO SABEMOS: geomTransf actual no exportado/ejecutado"",""note"":""Dirección geométrica del candidato, NO triada FE validada; no inferir My/Mz.""}]","{""center"":[32.4909,14.0265,17.82],""i"":[30.890900000000002,14.0265,17.82],""j"":[34.090900000000005,14.0265,17.82],""z_bottom"":15.84,""z_top"":19.8}","{""center"":{""X"":{""relation"":""Eb–Ec"",""nearest_axis"":""Eb"",""offset_m"":1.3999,""text"":""Eb–Ec (Eb +1.3999 m)""},""Y"":{""relation"":""2a–3"",""nearest_axis"":""2a"",""offset_m"":0.1815,""text"":""2a–3 (2a +0.1815 m)""}},""i"":{""X"":{""relation"":""Ea–Eb"",""nearest_axis"":""Ea"",""offset_m"":0.0999,""text"":""Ea–Eb (Ea +0.0999 m)""},""Y"":{""relation"":""2a–3"",""nearest_axis"":""2a"",""offset_m"":0.1815,""text"":""2a–3 (2a +0.1815 m)""}},""j"":{""X"":{""relation"":""Ec–Ed"",""nearest_axis"":""Ed"",""offset_m"":-0.1001,""text"":""Ec–Ed (Ed -0.1001 m)""},""Y"":{""relation"":""2a–3"",""nearest_axis"":""2a"",""offset_m"":0.1815,""text"":""2a–3 (2a +0.1815 m)""}}}","Localizar E1-P4-M-008 por los offsets de ejes, no por su ID (el ID es nuestro, no una etiqueta CAD).
Comparar con E1-P3-M-008: verificar contacto de caras, nivel de arranque y continuidad del hormigón.
Seguir la llamada de corte/detalle dibujada; si no aparece, registrar NO ENCONTRADA, no completar por proximidad.
Leer sección y cambios de nivel. Distinguir borde de losa de viga/muro y fotografiar la evidencia con ejes visibles.","Podría omitir rigidez/camino vertical del núcleo; magnitud NO SABEMOS sin idealización validada y análisis.","REVIEW_REQUIRED","FE_PENDING_43_DETAILED_REVIEW.json; 2017_67-103.dxf","",""
"19","E1-P4-M-010","A","EDIFICIO_1","P4","MURO","X Ec–Ed (Ec +0.0499 m) / Y 1''–2 (1'' +1.3565 m)","El candidato sitúa este muro en POST-FLOAT-017 sin camino de conectividad a los apoyos de fundación. Respecto de E1-P3-M-009: distancia entre ejes XY 0.0000 m, separación entre huellas 0.0000 m y separación vertical 0.0000 m.","HECHO: geometría actual desde 2017_67-103.dxf, layer RLE-MURO_CONTOUR_PAIR.
HECHO: regeneración reproduce POST-FLOAT-017, 3 segmentos FE sin camino al sistema apoyado.
HECHO: geometría y resultados no modificados. Ancho/espesor 0.3 m; altura visible 3.960000000000001 m (no confundir con sección resistente).","NO SABEMOS cuál es el detalle resistente que completa el camino a fundación ni si el alcance del FE debe incluir todo este componente.
NO SABEMOS los ejes locales y tags de un análisis ACTUAL ejecutado: este candidato no ha sido ejecutado.
NO SABEMOS si los offsets entre muros representan un encuentro físico/transferencia que el adaptador no captura, o una interpretación geométrica pendiente.","2017_67-103 — Planta fuente del elemento P4. Buscar X Ec–Ed (Ec +0.0499 m) / Y 1''–2 (1'' +1.3565 m); revisar las entidades y la correspondencia cielo/piso, no solo el título.
2017_67-304 — Elevaciones: localizar el eje Ec y comparar niveles. Recomendación por eje cercano, NO afirmación de que el corte atraviese este elemento fuera de eje.","¿La planta y el corte muestran una unión resistente entre E1-P4-M-010 y E1-P3-M-009, o un apoyo/transferencia diferente? Indica la llamada del detalle.","33.9409","5.2565","17.82","19.8","11.83","SOL_4_wall_0128","[{""analysis_id"":""POST-A-00270"",""opensees_element_tag"":10270,""element_id"":""E1-P4-M-010"",""geometry_elementTag"":""SOL_4_wall_0128"",""geometry_segment_index"":0,""type"":""wall"",""building"":""EDIFICIO_1"",""floor"":""P4"",""node_i"":392,""node_j"":399,""opensees_node_i"":392,""opensees_node_j"":399,""status"":""CANDIDATO / NO EJECUTADO"",""node_i_xyz_m"":{""tag"":392,""x"":33.941,""y"":5.256,""z"":15.84,""building"":""EDIFICIO_1"",""reasons"":[""VERTICAL_CENTROID"",""WALL_VERTICAL_OVERLAP""]},""node_j_xyz_m"":{""tag"":399,""x"":33.941,""y"":5.256,""z"":19.8,""building"":""EDIFICIO_1"",""reasons"":[""VERTICAL_CENTROID""]}}]","{""nearest_column"":{""id"":""E1-P4-C-005"",""floor"":""P4"",""axis_distance_xy_m"":4.490421,""face_gap_xy_m"":3.880918,""vertical_gap_m"":0,""footprint_overlap_m2"":0,""meaning"":""Proximidad geométrica; NO prueba de conexión resistente""},""nearest_wall"":{""id"":""E1-P4-M-007"",""floor"":""P4"",""axis_distance_xy_m"":0.180278,""face_gap_xy_m"":0,""vertical_gap_m"":0,""footprint_overlap_m2"":0,""meaning"":""Proximidad geométrica; NO prueba de conexión resistente""},""below"":{""id"":""E1-P3-M-009"",""floor"":""P3"",""axis_distance_xy_m"":0,""face_gap_xy_m"":0,""vertical_gap_m"":0,""footprint_overlap_m2"":0.645,""meaning"":""Proximidad geométrica; NO prueba de conexión resistente""},""above"":null,""candidate_junctions"":[""E1-P3-M-009""],""component_members"":[""E1-P2-M-009"",""E1-P3-M-009"",""E1-P4-M-010""],""connected_beams_candidate"":[],""floor_visual_panels"":[""E1-P4-D-001""],""load_panel_receptor"":""NO SABEMOS: coincidencia de piso no establece panel tributario/receptor aprobado.""}","[{""endpoint"":""i"",""wall"":""E1-P4-M-007"",""axis_distance_xy_m"":0.180278,""face_distance_xy_m"":0.15,""plane_z_m"":19.8,""meaning"":""Distancia horizontal de punto a segmento/huella rectangular, no conexión ni distancia 3D.""},{""endpoint"":""j"",""wall"":""E1-P4-M-007"",""axis_distance_xy_m"":2.254994,""face_distance_xy_m"":2.155226,""plane_z_m"":19.8,""meaning"":""Distancia horizontal de punto a segmento/huella rectangular, no conexión ni distancia 3D.""}]","[{""id"":""H1"",""statement"":""Falta representar un encuentro físico en el adaptador FE."",""for"":""La geometría existe y el componente está desconectado; revisar las distancias y vecinos medidos."",""against"":""Proximidad o solape de huellas no demuestra unión resistente ni autoriza un rigidLink."",""confidence"":""MEDIA como candidato de revisión""},{""id"":""H2"",""statement"":""El elemento tiene apoyo/transferencia exterior o participa en un sistema local distinto."",""for"":""RETURN_WALL"",""against"":""No se ha establecido un camino resistente completo ni una exclusión FE aprobada."",""confidence"":""BAJA""},{""id"":""H3"",""statement"":""El alcance, nivel o interpretación de una entidad CAD requiere revisión."",""for"":""La desconexión continúa en la regeneración actual."",""against"":""CONFIRMED_CONTOUR_PAIR"",""confidence"":""BAJA; no borrar ni mover automáticamente""}]","{""source_dxf"":""2017_67-103.dxf"",""source_layer"":""RLE-MURO_CONTOUR_PAIR"",""sourceTags"":[""P4-RLE-MURO-0012"",""P4-RLE-MURO-0013""],""source_label"":""M.H.A. e= 30"",""source_label_tag"":""LBL_4_wall_label_0037"",""geometry_confirmation"":{""status"":""CONFIRMED_CONTOUR_PAIR"",""audit_file"":""entregas/P1L2/edificio/validacion/ed1_walls/ed1_wall_face_audit.json"",""face_ids"":[""P4-RLE-MURO-0012"",""P4-RLE-MURO-0013""],""thickness_m"":0.3},""section_source"":""NO ENCONTRADA"",""section_confidence"":""NO ENCONTRADA"",""material_source"":""TEXT_LABEL"",""CAD_handle"":""NO ENCONTRADA en el contrato canónico; sourceTags son IDs derivados, no handles DWG."",""joint_detail"":""NO ENCONTRADA inequívoca"",""dimension_joint"":""NO ENCONTRADA inequívoca"",""physical_context_audit"":{""element_id"":""E1-P4-M-010"",""building"":""EDIFICIO_1"",""floor"":""P4"",""type"":""wall"",""prior_validation"":""DISCONNECTED_ERROR"",""prior_structural_classification"":""UNRESOLVED"",""cluster"":""CORE_ELEVATOR_P1_P4"",""physical_geometry"":""CONFIRMED"",""physical_classification"":""RETURN_WALL"",""physical_support"":""VERTICAL_CONTINUITY_CONFIRMED"",""main_fe_participation"":""PRIMARY_FE_REVIEW_REQUIRED"",""revised_diagnostic"":""PHYSICAL_CONFIRMED_FE_ADAPTER_REVIEW"",""duplicate_classification"":""SAME_PHYSICAL_WALL"",""participates_in_FE_changed"":false,""opensees_changed"":false,""start"":[6.4499,4.1815,17.82],""end"":[6.4499,6.3315,17.82],""width_m"":0.3,""height_m"":3.960000000000001,""source_dxf"":""2017_67-103.dxf"",""source_layer"":""RLE-MURO_CONTOUR_PAIR"",""evidence"":""Paño/retorno del shaft confirmado por pares de contorno y repetición vertical S1–P4; el nodo central del adaptador no representa todos los encuentros.""},""prior_diagnosis"":{""element_id"":""E1-P4-M-010"",""type"":""wall"",""building"":""EDIFICIO_1"",""floor"":""P4"",""classification"":""UNRESOLVED_REAL"",""qualification"":""CANDIDATE diagnosis, support path NOT APPROVED"",""cause"":""WALL_SUPPORT_PATH_REVIEW"",""primary_source"":""2017_67-103.dxf"",""decision"":""NO_REMOVAL_NO_ARTIFICIAL_SUPPORT""}}","{""SANTIAGO"":{""candidate_match"":{""id"":""S-W-25"",""start_xy_m"":[34.17,4.08],""end_xy_m"":[34.17,5.655],""length_m"":1.575,""thickness_m"":0.25,""match"":{""perpendicular_distance_m"":0.2291,""angle_delta_deg"":0,""overlap_m"":1.4735,""overlap_ratio"":0.9356,""length_delta_m"":0.575,""strong"":false}},""interpretation"":""Pista geométrica secundaria del snapshot auditado; NO SABEMOS su unión resistente a partir de este matching.""},""CACERES"":{""candidate_match"":{""id"":""C-W-1205"",""start_xy_m"":[33.89,6.33],""end_xy_m"":[33.89,4.08],""length_m"":2.25,""thickness_m"":0.3,""match"":{""perpendicular_distance_m"":0.0509,""angle_delta_deg"":0,""overlap_m"":2.1485,""overlap_ratio"":0.9993,""length_delta_m"":0.1,""strong"":true}},""interpretation"":""Pista geométrica secundaria del snapshot auditado; NO SABEMOS su unión resistente a partir de este matching.""}}","[{""analysis_id"":""POST-A-00270"",""x_geometric_i_to_j_global"":[0,0,1],""y_local"":""NO SABEMOS: geomTransf actual no exportado/ejecutado"",""z_local"":""NO SABEMOS: geomTransf actual no exportado/ejecutado"",""note"":""Dirección geométrica del candidato, NO triada FE validada; no inferir My/Mz.""}]","{""center"":[33.9409,5.2565,17.82],""i"":[33.9409,4.1815,17.82],""j"":[33.9409,6.3315,17.82],""z_bottom"":15.84,""z_top"":19.8}","{""center"":{""X"":{""relation"":""Ec–Ed"",""nearest_axis"":""Ec"",""offset_m"":0.0499,""text"":""Ec–Ed (Ec +0.0499 m)""},""Y"":{""relation"":""1''–2"",""nearest_axis"":""1''"",""offset_m"":1.3565,""text"":""1''–2 (1'' +1.3565 m)""}},""i"":{""X"":{""relation"":""Ec–Ed"",""nearest_axis"":""Ec"",""offset_m"":0.0499,""text"":""Ec–Ed (Ec +0.0499 m)""},""Y"":{""relation"":""1''–2"",""nearest_axis"":""1''"",""offset_m"":0.2815,""text"":""1''–2 (1'' +0.2815 m)""}},""j"":{""X"":{""relation"":""Ec–Ed"",""nearest_axis"":""Ec"",""offset_m"":0.0499,""text"":""Ec–Ed (Ec +0.0499 m)""},""Y"":{""relation"":""1''–2"",""nearest_axis"":""1''"",""offset_m"":2.4315,""text"":""1''–2 (1'' +2.4315 m)""}}}","Localizar E1-P4-M-010 por los offsets de ejes, no por su ID (el ID es nuestro, no una etiqueta CAD).
Comparar con E1-P3-M-009: verificar contacto de caras, nivel de arranque y continuidad del hormigón.
Seguir la llamada de corte/detalle dibujada; si no aparece, registrar NO ENCONTRADA, no completar por proximidad.
Leer sección y cambios de nivel. Distinguir borde de losa de viga/muro y fotografiar la evidencia con ejes visibles.","Podría omitir rigidez/camino vertical del núcleo; magnitud NO SABEMOS sin idealización validada y análisis.","REVIEW_REQUIRED","FE_PENDING_43_DETAILED_REVIEW.json; 2017_67-103.dxf","",""
"20","E1-P4-M-012","A","EDIFICIO_1","P4","MURO","X Ed–F (Ed +0.0249 m) / Y 2–2a (2a -0.6579 m)","El candidato sitúa este muro en POST-FLOAT-018 sin camino de conectividad a los apoyos de fundación. Respecto de E1-P3-M-005: distancia entre ejes XY 0.0000 m, separación entre huellas 0.0000 m y separación vertical 0.0000 m.","HECHO: geometría actual desde 2017_67-103.dxf, layer RLE-MURO_CONTOUR_PAIR.
HECHO: regeneración reproduce POST-FLOAT-018, 3 segmentos FE sin camino al sistema apoyado.
HECHO: geometría y resultados no modificados. Ancho/espesor 0.25 m; altura visible 3.960000000000001 m (no confundir con sección resistente).","NO SABEMOS cuál es el detalle resistente que completa el camino a fundación ni si el alcance del FE debe incluir todo este componente.
NO SABEMOS los ejes locales y tags de un análisis ACTUAL ejecutado: este candidato no ha sido ejecutado.
NO SABEMOS si los offsets entre muros representan un encuentro físico/transferencia que el adaptador no captura, o una interpretación geométrica pendiente.","2017_67-103 — Planta fuente del elemento P4. Buscar X Ed–F (Ed +0.0249 m) / Y 2–2a (2a -0.6579 m); revisar las entidades y la correspondencia cielo/piso, no solo el título.
2017_67-304 — Elevaciones: localizar el eje Ed y comparar niveles. Recomendación por eje cercano, NO afirmación de que el corte atraviese este elemento fuera de eje.","¿La planta y el corte muestran una unión resistente entre E1-P4-M-012 y E1-P3-M-005, o un apoyo/transferencia diferente? Indica la llamada del detalle.","34.215900000000005","13.187100000000001","17.82","19.8","11.83","SOL_4_wall_0130","[{""analysis_id"":""POST-A-00271"",""opensees_element_tag"":10271,""element_id"":""E1-P4-M-012"",""geometry_elementTag"":""SOL_4_wall_0130"",""geometry_segment_index"":0,""type"":""wall"",""building"":""EDIFICIO_1"",""floor"":""P4"",""node_i"":393,""node_j"":400,""opensees_node_i"":393,""opensees_node_j"":400,""status"":""CANDIDATO / NO EJECUTADO"",""node_i_xyz_m"":{""tag"":393,""x"":34.216,""y"":13.187,""z"":15.84,""building"":""EDIFICIO_1"",""reasons"":[""VERTICAL_CENTROID"",""WALL_VERTICAL_OVERLAP""]},""node_j_xyz_m"":{""tag"":400,""x"":34.216,""y"":13.187,""z"":19.8,""building"":""EDIFICIO_1"",""reasons"":[""VERTICAL_CENTROID""]}}]","{""nearest_column"":{""id"":""E1-P4-C-006"",""floor"":""P4"",""axis_distance_xy_m"":4.063184,""face_gap_xy_m"":3.473164,""vertical_gap_m"":0,""footprint_overlap_m2"":0,""meaning"":""Proximidad geométrica; NO prueba de conexión resistente""},""nearest_wall"":{""id"":""E1-P4-M-008"",""floor"":""P4"",""axis_distance_xy_m"":0.160078,""face_gap_xy_m"":0,""vertical_gap_m"":0,""footprint_overlap_m2"":0,""meaning"":""Proximidad geométrica; NO prueba de conexión resistente""},""below"":{""id"":""E1-P3-M-005"",""floor"":""P3"",""axis_distance_xy_m"":0,""face_gap_xy_m"":0,""vertical_gap_m"":0,""footprint_overlap_m2"":0.3697,""meaning"":""Proximidad geométrica; NO prueba de conexión resistente""},""above"":null,""candidate_junctions"":[""E1-P3-M-005""],""component_members"":[""E1-P2-M-005"",""E1-P3-M-005"",""E1-P4-M-012""],""connected_beams_candidate"":[],""floor_visual_panels"":[""E1-P4-D-001""],""load_panel_receptor"":""NO SABEMOS: coincidencia de piso no establece panel tributario/receptor aprobado.""}","[{""endpoint"":""i"",""wall"":""E1-P4-M-008"",""axis_distance_xy_m"":1.583741,""face_distance_xy_m"":1.484074,""plane_z_m"":19.8,""meaning"":""Distancia horizontal de punto a segmento/huella rectangular, no conexión ni distancia 3D.""},{""endpoint"":""j"",""wall"":""E1-P4-M-008"",""axis_distance_xy_m"":0.160078,""face_distance_xy_m"":0.125,""plane_z_m"":19.8,""meaning"":""Distancia horizontal de punto a segmento/huella rectangular, no conexión ni distancia 3D.""}]","[{""id"":""H1"",""statement"":""Falta representar un encuentro físico en el adaptador FE."",""for"":""La geometría existe y el componente está desconectado; revisar las distancias y vecinos medidos."",""against"":""Proximidad o solape de huellas no demuestra unión resistente ni autoriza un rigidLink."",""confidence"":""MEDIA como candidato de revisión""},{""id"":""H2"",""statement"":""El elemento tiene apoyo/transferencia exterior o participa en un sistema local distinto."",""for"":""RETURN_WALL"",""against"":""No se ha establecido un camino resistente completo ni una exclusión FE aprobada."",""confidence"":""BAJA""},{""id"":""H3"",""statement"":""El alcance, nivel o interpretación de una entidad CAD requiere revisión."",""for"":""La desconexión continúa en la regeneración actual."",""against"":""CONFIRMED_CONTOUR_PAIR"",""confidence"":""BAJA; no borrar ni mover automáticamente""}]","{""source_dxf"":""2017_67-103.dxf"",""source_layer"":""RLE-MURO_CONTOUR_PAIR"",""sourceTags"":[""P4-RLE-MURO-0006"",""P4-RLE-MURO-0008""],""source_label"":""M.H.A. e= 25"",""source_label_tag"":""LBL_4_wall_label_0034"",""geometry_confirmation"":{""status"":""CONFIRMED_CONTOUR_PAIR"",""audit_file"":""entregas/P1L2/edificio/validacion/ed1_walls/ed1_wall_face_audit.json"",""face_ids"":[""P4-RLE-MURO-0006"",""P4-RLE-MURO-0008""],""thickness_m"":0.25},""section_source"":""NO ENCONTRADA"",""section_confidence"":""NO ENCONTRADA"",""material_source"":""TEXT_LABEL"",""CAD_handle"":""NO ENCONTRADA en el contrato canónico; sourceTags son IDs derivados, no handles DWG."",""joint_detail"":""NO ENCONTRADA inequívoca"",""dimension_joint"":""NO ENCONTRADA inequívoca"",""physical_context_audit"":{""element_id"":""E1-P4-M-012"",""building"":""EDIFICIO_1"",""floor"":""P4"",""type"":""wall"",""prior_validation"":""DISCONNECTED_ERROR"",""prior_structural_classification"":""UNRESOLVED"",""cluster"":""CORE_ELEVATOR_P1_P4"",""physical_geometry"":""CONFIRMED"",""physical_classification"":""RETURN_WALL"",""physical_support"":""VERTICAL_CONTINUITY_CONFIRMED"",""main_fe_participation"":""PRIMARY_FE_REVIEW_REQUIRED"",""revised_diagnostic"":""PHYSICAL_CONFIRMED_FE_ADAPTER_REVIEW"",""duplicate_classification"":""SAME_PHYSICAL_WALL"",""participates_in_FE_changed"":false,""opensees_changed"":false,""start"":[6.7249,12.4477,17.82],""end"":[6.7249,13.9265,17.82],""width_m"":0.25,""height_m"":3.960000000000001,""source_dxf"":""2017_67-103.dxf"",""source_layer"":""RLE-MURO_CONTOUR_PAIR"",""evidence"":""Paño/retorno del shaft confirmado por pares de contorno y repetición vertical S1–P4; el nodo central del adaptador no representa todos los encuentros.""},""prior_diagnosis"":{""element_id"":""E1-P4-M-012"",""type"":""wall"",""building"":""EDIFICIO_1"",""floor"":""P4"",""classification"":""UNRESOLVED_REAL"",""qualification"":""CANDIDATE diagnosis, support path NOT APPROVED"",""cause"":""WALL_SUPPORT_PATH_REVIEW"",""primary_source"":""2017_67-103.dxf"",""decision"":""NO_REMOVAL_NO_ARTIFICIAL_SUPPORT""}}","{""SANTIAGO"":{""candidate_match"":{""id"":""S-W-10"",""start_xy_m"":[34.17,14.025],""end_xy_m"":[34.17,12.45],""length_m"":1.575,""thickness_m"":0.25,""match"":{""perpendicular_distance_m"":0.0459,""angle_delta_deg"":0,""overlap_m"":1.4765,""overlap_ratio"":0.9984,""length_delta_m"":0.0962,""strong"":true}},""interpretation"":""Pista geométrica secundaria del snapshot auditado; NO SABEMOS su unión resistente a partir de este matching.""},""CACERES"":{""candidate_match"":{""id"":""C-W-1605"",""start_xy_m"":[34.19,14.025],""end_xy_m"":[34.19,12.445],""length_m"":1.58,""thickness_m"":0.25,""match"":{""perpendicular_distance_m"":0.0259,""angle_delta_deg"":0,""overlap_m"":1.4788,""overlap_ratio"":1,""length_delta_m"":0.1012,""strong"":true}},""interpretation"":""Pista geométrica secundaria del snapshot auditado; NO SABEMOS su unión resistente a partir de este matching.""}}","[{""analysis_id"":""POST-A-00271"",""x_geometric_i_to_j_global"":[0,0,1],""y_local"":""NO SABEMOS: geomTransf actual no exportado/ejecutado"",""z_local"":""NO SABEMOS: geomTransf actual no exportado/ejecutado"",""note"":""Dirección geométrica del candidato, NO triada FE validada; no inferir My/Mz.""}]","{""center"":[34.215900000000005,13.187100000000001,17.82],""i"":[34.215900000000005,12.4477,17.82],""j"":[34.215900000000005,13.9265,17.82],""z_bottom"":15.84,""z_top"":19.8}","{""center"":{""X"":{""relation"":""Ed–F"",""nearest_axis"":""Ed"",""offset_m"":0.0249,""text"":""Ed–F (Ed +0.0249 m)""},""Y"":{""relation"":""2–2a"",""nearest_axis"":""2a"",""offset_m"":-0.6579,""text"":""2–2a (2a -0.6579 m)""}},""i"":{""X"":{""relation"":""Ed–F"",""nearest_axis"":""Ed"",""offset_m"":0.0249,""text"":""Ed–F (Ed +0.0249 m)""},""Y"":{""relation"":""2–2a"",""nearest_axis"":""2a"",""offset_m"":-1.3973,""text"":""2–2a (2a -1.3973 m)""}},""j"":{""X"":{""relation"":""Ed–F"",""nearest_axis"":""Ed"",""offset_m"":0.0249,""text"":""Ed–F (Ed +0.0249 m)""},""Y"":{""relation"":""2a–3"",""nearest_axis"":""2a"",""offset_m"":0.0815,""text"":""2a–3 (2a +0.0815 m)""}}}","Localizar E1-P4-M-012 por los offsets de ejes, no por su ID (el ID es nuestro, no una etiqueta CAD).
Comparar con E1-P3-M-005: verificar contacto de caras, nivel de arranque y continuidad del hormigón.
Seguir la llamada de corte/detalle dibujada; si no aparece, registrar NO ENCONTRADA, no completar por proximidad.
Leer sección y cambios de nivel. Distinguir borde de losa de viga/muro y fotografiar la evidencia con ejes visibles.","Podría omitir rigidez/camino vertical del núcleo; magnitud NO SABEMOS sin idealización validada y análisis.","REVIEW_REQUIRED","FE_PENDING_43_DETAILED_REVIEW.json; 2017_67-103.dxf","",""
"21","E1-P1-C-016","B","EDIFICIO_1","P1","COLUMNA","X H–H1 (H +0.0271 m) / Y OUTBOARD >3 (3 +2.6926 m)","El candidato sitúa este columna en POST-FLOAT-001 sin camino de conectividad a los apoyos de fundación. Respecto de E1-S1-C-013: distancia entre ejes XY 2.6927 m, separación entre huellas 2.1676 m y separación vertical 0.0000 m. Pertenece al contexto de escalera B; su apoyo y alcance FE siguen sin aprobar.","HECHO: geometría actual desde 2017_67-101.dxf, layer RLE-PILAR.
HECHO: regeneración reproduce POST-FLOAT-001, 1 segmentos FE sin camino al sistema apoyado.
HECHO: geometría y resultados no modificados. Ancho/espesor 0.35 m; altura visible 3.96 m (no confundir con sección resistente).","NO SABEMOS cuál es el detalle resistente que completa el camino a fundación ni si el alcance del FE debe incluir todo este componente.
NO SABEMOS los ejes locales y tags de un análisis ACTUAL ejecutado: este candidato no ha sido ejecutado.
NO SABEMOS el detalle de apoyo exterior ni su vínculo resistente con el edificio principal; SECONDARY_STRUCTURE_EXPECTED no equivale a una exclusión FE aprobada.","2017_67-101 — Planta fuente del elemento P1. Buscar X H–H1 (H +0.0271 m) / Y OUTBOARD >3 (3 +2.6926 m); revisar las entidades y la correspondencia cielo/piso, no solo el título.
2017_67-308 — Elevaciones: localizar el eje H y comparar niveles. Recomendación por eje cercano, NO afirmación de que el corte atraviese este elemento fuera de eje.","¿Qué detalle muestra el apoyo real de E1-P1-C-016 en escalera B y su conexión o independencia respecto del edificio?","57.518062003397326","18.842590245405034","5.9399999999999995","7.92","-0.05","SOL_1_column_0022","[{""analysis_id"":""POST-A-00135"",""opensees_element_tag"":10135,""element_id"":""E1-P1-C-016"",""geometry_elementTag"":""SOL_1_column_0022"",""geometry_segment_index"":0,""type"":""column"",""building"":""EDIFICIO_1"",""floor"":""P1"",""node_i"":179,""node_j"":180,""opensees_node_i"":179,""opensees_node_j"":180,""status"":""CANDIDATO / NO EJECUTADO"",""node_i_xyz_m"":{""tag"":179,""x"":57.518,""y"":18.843,""z"":3.96,""building"":""EDIFICIO_1"",""reasons"":[""VERTICAL_CENTROID""]},""node_j_xyz_m"":{""tag"":180,""x"":57.518,""y"":18.843,""z"":7.92,""building"":""EDIFICIO_1"",""reasons"":[""VERTICAL_CENTROID""]}}]","{""nearest_column"":{""id"":""E1-P1-C-015"",""floor"":""P1"",""axis_distance_xy_m"":2.692589,""face_gap_xy_m"":2.167454,""vertical_gap_m"":0,""footprint_overlap_m2"":0,""meaning"":""Proximidad geométrica; NO prueba de conexión resistente""},""nearest_wall"":{""id"":""E1-P1-M-027"",""floor"":""P1"",""axis_distance_xy_m"":10.122938,""face_gap_xy_m"":9.797938,""vertical_gap_m"":0,""footprint_overlap_m2"":0,""meaning"":""Proximidad geométrica; NO prueba de conexión resistente""},""below"":{""id"":""E1-S1-C-013"",""floor"":""S1"",""axis_distance_xy_m"":2.692726,""face_gap_xy_m"":2.16759,""vertical_gap_m"":0,""footprint_overlap_m2"":0,""meaning"":""Proximidad geométrica; NO prueba de conexión resistente""},""above"":{""id"":""E1-P2-C-015"",""floor"":""P2"",""axis_distance_xy_m"":2.511213,""face_gap_xy_m"":1.986066,""vertical_gap_m"":0,""footprint_overlap_m2"":0,""meaning"":""Proximidad geométrica; NO prueba de conexión resistente""},""candidate_junctions"":[],""component_members"":[""E1-P1-C-016""],""connected_beams_candidate"":[],""floor_visual_panels"":[""E1-P1-D-001""],""load_panel_receptor"":""NO SABEMOS: coincidencia de piso no establece panel tributario/receptor aprobado.""}","[{""endpoint"":""i"",""wall"":""E1-P1-M-027"",""axis_distance_xy_m"":10.122938,""face_distance_xy_m"":9.972938,""plane_z_m"":7.92,""meaning"":""Distancia horizontal de punto a segmento/huella rectangular, no conexión ni distancia 3D.""},{""endpoint"":""j"",""wall"":""E1-P1-M-027"",""axis_distance_xy_m"":10.122938,""face_distance_xy_m"":9.972938,""plane_z_m"":7.92,""meaning"":""Distancia horizontal de punto a segmento/huella rectangular, no conexión ni distancia 3D.""}]","[{""id"":""H1"",""statement"":""Falta representar un encuentro físico en el adaptador FE."",""for"":""La geometría existe y el componente está desconectado; revisar las distancias y vecinos medidos."",""against"":""Proximidad o solape de huellas no demuestra unión resistente ni autoriza un rigidLink."",""confidence"":""BAJA""},{""id"":""H2"",""statement"":""El elemento tiene apoyo/transferencia exterior o participa en un sistema local distinto."",""for"":""EXTERIOR_STAIR_SUPPORT"",""against"":""No se ha establecido un camino resistente completo ni una exclusión FE aprobada."",""confidence"":""MEDIA para contexto escalera; BAJA para vínculo resistente""},{""id"":""H3"",""statement"":""El alcance, nivel o interpretación de una entidad CAD requiere revisión."",""for"":""La desconexión continúa en la regeneración actual."",""against"":""La entidad está conservada en el modelo auditado; desconexión sola no prueba error."",""confidence"":""BAJA; no borrar ni mover automáticamente""}]","{""source_dxf"":""2017_67-101.dxf"",""source_layer"":""RLE-PILAR"",""sourceTags"":[""CAD_1_column_plan_0293""],""source_label"":""NO ENCONTRADA"",""source_label_tag"":""NO ENCONTRADA"",""geometry_confirmation"":""NO ENCONTRADA"",""section_source"":""CAD_GEOMETRY_RLE-PILAR"",""section_confidence"":""CAD_GEOMETRY"",""material_source"":""2017_67-100.dxf / MTEXT 1E116 / Main ED1 through cielo P3; excludes P4, sheet600 electrical room, slabs and radier"",""CAD_handle"":""NO ENCONTRADA en el contrato canónico; sourceTags son IDs derivados, no handles DWG."",""joint_detail"":""NO ENCONTRADA inequívoca"",""dimension_joint"":""NO ENCONTRADA inequívoca"",""physical_context_audit"":{""element_id"":""E1-P1-C-016"",""building"":""EDIFICIO_1"",""floor"":""P1"",""type"":""column"",""prior_validation"":""UNRESOLVED"",""prior_structural_classification"":""UNRESOLVED"",""cluster"":""STAIR_ACCESS_B"",""physical_geometry"":""CONFIRMED"",""physical_classification"":""EXTERIOR_STAIR_SUPPORT"",""physical_support"":""EXTERIOR_FOUNDATION_CONNECTION"",""main_fe_participation"":""SECONDARY_STRUCTURE_EXPECTED"",""revised_diagnostic"":""PHYSICAL_CONFIRMED_SECONDARY_FE_SCOPE"",""duplicate_classification"":""NO_DUPLICATE"",""participates_in_FE_changed"":false,""opensees_changed"":false,""start"":[30.02706,18.84259,5.94],""end"":[30.02706,18.84259,5.94],""width_m"":0.35,""height_m"":3.96,""source_dxf"":""2017_67-101.dxf"",""source_layer"":""RLE-PILAR"",""evidence"":""Elemento exterior coherente con el sistema de escalera/pasarela B; las vigas V-055/V-075 forman un borde continuo y llegan por huella a vigas transversales.""},""prior_diagnosis"":{""element_id"":""E1-P1-C-016"",""type"":""column"",""building"":""EDIFICIO_1"",""floor"":""P1"",""classification"":""UNRESOLVED_REAL"",""qualification"":""CANDIDATE diagnosis, support path NOT APPROVED"",""cause"":""EXTERIOR_STAIR_SUPPORT_FE_SCOPE"",""primary_source"":""2017_67-101.dxf"",""decision"":""NO_REMOVAL_NO_ARTIFICIAL_SUPPORT""}}","{""SANTIAGO"":{""candidate_match"":null,""interpretation"":""Sin match en el snapshot comparado; no demuestra ausencia en todo el repositorio.""},""CACERES"":{""candidate_match"":null,""interpretation"":""Sin match en el snapshot comparado; no demuestra ausencia en todo el repositorio.""}}","[{""analysis_id"":""POST-A-00135"",""x_geometric_i_to_j_global"":[0,0,1],""y_local"":""NO SABEMOS: geomTransf actual no exportado/ejecutado"",""z_local"":""NO SABEMOS: geomTransf actual no exportado/ejecutado"",""note"":""Dirección geométrica del candidato, NO triada FE validada; no inferir My/Mz.""}]","{""center"":[57.518062003397326,18.842590245405034,5.9399999999999995],""i"":[57.518062003397326,18.842590245405034,3.96],""j"":[57.518062003397326,18.842590245405034,7.92],""z_bottom"":3.96,""z_top"":7.92}","{""center"":{""X"":{""relation"":""H–H1"",""nearest_axis"":""H"",""offset_m"":0.027062,""text"":""H–H1 (H +0.0271 m)""},""Y"":{""relation"":""OUTBOARD >3"",""nearest_axis"":""3"",""offset_m"":2.69259,""text"":""OUTBOARD >3 (3 +2.6926 m)""}},""i"":{""X"":{""relation"":""H–H1"",""nearest_axis"":""H"",""offset_m"":0.027062,""text"":""H–H1 (H +0.0271 m)""},""Y"":{""relation"":""OUTBOARD >3"",""nearest_axis"":""3"",""offset_m"":2.69259,""text"":""OUTBOARD >3 (3 +2.6926 m)""}},""j"":{""X"":{""relation"":""H–H1"",""nearest_axis"":""H"",""offset_m"":0.027062,""text"":""H–H1 (H +0.0271 m)""},""Y"":{""relation"":""OUTBOARD >3"",""nearest_axis"":""3"",""offset_m"":2.69259,""text"":""OUTBOARD >3 (3 +2.6926 m)""}}}","Localizar E1-P1-C-016 por los offsets de ejes, no por su ID (el ID es nuestro, no una etiqueta CAD).
Comparar con E1-S1-C-013: verificar contacto de caras, nivel de arranque y continuidad del hormigón.
Seguir la llamada de corte/detalle dibujada; si no aparece, registrar NO ENCONTRADA, no completar por proximidad.
Leer sección y cambios de nivel. Distinguir borde de losa de viga/muro y fotografiar la evidencia con ejes visibles.","Puede omitir el camino de cargas del componente local. Efecto global NO SABEMOS; no se ha calculado.","REVIEW_REQUIRED","FE_PENDING_43_DETAILED_REVIEW.json; 2017_67-101.dxf","",""
"22","E1-P1-C-017","B","EDIFICIO_1","P1","COLUMNA","X H–H1 (H +0.0271 m) / Y OUTBOARD >3 (3 +10.0256 m)","El candidato sitúa este columna en POST-FLOAT-002 sin camino de conectividad a los apoyos de fundación. Respecto de E1-S1-C-013: distancia entre ejes XY 10.0256 m, separación entre huellas 9.5006 m y separación vertical 0.0000 m. Pertenece al contexto de escalera B; su apoyo y alcance FE siguen sin aprobar.","HECHO: geometría actual desde 2017_67-101.dxf, layer RLE-PILAR.
HECHO: regeneración reproduce POST-FLOAT-002, 1 segmentos FE sin camino al sistema apoyado.
HECHO: geometría y resultados no modificados. Ancho/espesor 0.35 m; altura visible 3.96 m (no confundir con sección resistente).","NO SABEMOS cuál es el detalle resistente que completa el camino a fundación ni si el alcance del FE debe incluir todo este componente.
NO SABEMOS los ejes locales y tags de un análisis ACTUAL ejecutado: este candidato no ha sido ejecutado.
NO SABEMOS el detalle de apoyo exterior ni su vínculo resistente con el edificio principal; SECONDARY_STRUCTURE_EXPECTED no equivale a una exclusión FE aprobada.","2017_67-101 — Planta fuente del elemento P1. Buscar X H–H1 (H +0.0271 m) / Y OUTBOARD >3 (3 +10.0256 m); revisar las entidades y la correspondencia cielo/piso, no solo el título.
2017_67-308 — Elevaciones: localizar el eje H y comparar niveles. Recomendación por eje cercano, NO afirmación de que el corte atraviese este elemento fuera de eje.","¿Qué detalle muestra el apoyo real de E1-P1-C-017 en escalera B y su conexión o independencia respecto del edificio?","57.518062003397326","26.1755827703045","5.9399999999999995","7.92","-0.05","SOL_1_column_0023","[{""analysis_id"":""POST-A-00136"",""opensees_element_tag"":10136,""element_id"":""E1-P1-C-017"",""geometry_elementTag"":""SOL_1_column_0023"",""geometry_segment_index"":0,""type"":""column"",""building"":""EDIFICIO_1"",""floor"":""P1"",""node_i"":181,""node_j"":182,""opensees_node_i"":181,""opensees_node_j"":182,""status"":""CANDIDATO / NO EJECUTADO"",""node_i_xyz_m"":{""tag"":181,""x"":57.518,""y"":26.176,""z"":3.96,""building"":""EDIFICIO_1"",""reasons"":[""VERTICAL_CENTROID""]},""node_j_xyz_m"":{""tag"":182,""x"":57.518,""y"":26.176,""z"":7.92,""building"":""EDIFICIO_1"",""reasons"":[""VERTICAL_CENTROID""]}}]","{""nearest_column"":{""id"":""E1-P1-C-020"",""floor"":""P1"",""axis_distance_xy_m"":4.94706,""face_gap_xy_m"":4.482252,""vertical_gap_m"":0,""footprint_overlap_m2"":0,""meaning"":""Proximidad geométrica; NO prueba de conexión resistente""},""nearest_wall"":{""id"":""E1-P1-M-027"",""floor"":""P1"",""axis_distance_xy_m"":10.122938,""face_gap_xy_m"":9.797938,""vertical_gap_m"":0,""footprint_overlap_m2"":0,""meaning"":""Proximidad geométrica; NO prueba de conexión resistente""},""below"":{""id"":""E1-S1-C-013"",""floor"":""S1"",""axis_distance_xy_m"":10.025619,""face_gap_xy_m"":9.500583,""vertical_gap_m"":0,""footprint_overlap_m2"":0,""meaning"":""Proximidad geométrica; NO prueba de conexión resistente""},""above"":{""id"":""E1-P2-C-015"",""floor"":""P2"",""axis_distance_xy_m"":9.844096,""face_gap_xy_m"":9.319058,""vertical_gap_m"":0,""footprint_overlap_m2"":0,""meaning"":""Proximidad geométrica; NO prueba de conexión resistente""},""candidate_junctions"":[],""component_members"":[""E1-P1-C-017""],""connected_beams_candidate"":[],""floor_visual_panels"":[""E1-P1-D-001""],""load_panel_receptor"":""NO SABEMOS: coincidencia de piso no establece panel tributario/receptor aprobado.""}","[{""endpoint"":""i"",""wall"":""E1-P1-M-027"",""axis_distance_xy_m"":10.122938,""face_distance_xy_m"":9.972938,""plane_z_m"":7.92,""meaning"":""Distancia horizontal de punto a segmento/huella rectangular, no conexión ni distancia 3D.""},{""endpoint"":""j"",""wall"":""E1-P1-M-027"",""axis_distance_xy_m"":10.122938,""face_distance_xy_m"":9.972938,""plane_z_m"":7.92,""meaning"":""Distancia horizontal de punto a segmento/huella rectangular, no conexión ni distancia 3D.""}]","[{""id"":""H1"",""statement"":""Falta representar un encuentro físico en el adaptador FE."",""for"":""La geometría existe y el componente está desconectado; revisar las distancias y vecinos medidos."",""against"":""Proximidad o solape de huellas no demuestra unión resistente ni autoriza un rigidLink."",""confidence"":""BAJA""},{""id"":""H2"",""statement"":""El elemento tiene apoyo/transferencia exterior o participa en un sistema local distinto."",""for"":""EXTERIOR_STAIR_SUPPORT"",""against"":""No se ha establecido un camino resistente completo ni una exclusión FE aprobada."",""confidence"":""MEDIA para contexto escalera; BAJA para vínculo resistente""},{""id"":""H3"",""statement"":""El alcance, nivel o interpretación de una entidad CAD requiere revisión."",""for"":""La desconexión continúa en la regeneración actual."",""against"":""La entidad está conservada en el modelo auditado; desconexión sola no prueba error."",""confidence"":""BAJA; no borrar ni mover automáticamente""}]","{""source_dxf"":""2017_67-101.dxf"",""source_layer"":""RLE-PILAR"",""sourceTags"":[""CAD_1_column_plan_0295""],""source_label"":""NO ENCONTRADA"",""source_label_tag"":""NO ENCONTRADA"",""geometry_confirmation"":""NO ENCONTRADA"",""section_source"":""CAD_GEOMETRY_RLE-PILAR"",""section_confidence"":""CAD_GEOMETRY"",""material_source"":""2017_67-100.dxf / MTEXT 1E116 / Main ED1 through cielo P3; excludes P4, sheet600 electrical room, slabs and radier"",""CAD_handle"":""NO ENCONTRADA en el contrato canónico; sourceTags son IDs derivados, no handles DWG."",""joint_detail"":""NO ENCONTRADA inequívoca"",""dimension_joint"":""NO ENCONTRADA inequívoca"",""physical_context_audit"":{""element_id"":""E1-P1-C-017"",""building"":""EDIFICIO_1"",""floor"":""P1"",""type"":""column"",""prior_validation"":""UNRESOLVED"",""prior_structural_classification"":""UNRESOLVED"",""cluster"":""STAIR_ACCESS_B"",""physical_geometry"":""CONFIRMED"",""physical_classification"":""EXTERIOR_STAIR_SUPPORT"",""physical_support"":""EXTERIOR_FOUNDATION_CONNECTION"",""main_fe_participation"":""SECONDARY_STRUCTURE_EXPECTED"",""revised_diagnostic"":""PHYSICAL_CONFIRMED_SECONDARY_FE_SCOPE"",""duplicate_classification"":""NO_DUPLICATE"",""participates_in_FE_changed"":false,""opensees_changed"":false,""start"":[30.02706,26.17558,5.94],""end"":[30.02706,26.17558,5.94],""width_m"":0.35,""height_m"":3.96,""source_dxf"":""2017_67-101.dxf"",""source_layer"":""RLE-PILAR"",""evidence"":""Elemento exterior coherente con el sistema de escalera/pasarela B; las vigas V-055/V-075 forman un borde continuo y llegan por huella a vigas transversales.""},""prior_diagnosis"":{""element_id"":""E1-P1-C-017"",""type"":""column"",""building"":""EDIFICIO_1"",""floor"":""P1"",""classification"":""UNRESOLVED_REAL"",""qualification"":""CANDIDATE diagnosis, support path NOT APPROVED"",""cause"":""EXTERIOR_STAIR_SUPPORT_FE_SCOPE"",""primary_source"":""2017_67-101.dxf"",""decision"":""NO_REMOVAL_NO_ARTIFICIAL_SUPPORT""}}","{""SANTIAGO"":{""candidate_match"":null,""interpretation"":""Sin match en el snapshot comparado; no demuestra ausencia en todo el repositorio.""},""CACERES"":{""candidate_match"":null,""interpretation"":""Sin match en el snapshot comparado; no demuestra ausencia en todo el repositorio.""}}","[{""analysis_id"":""POST-A-00136"",""x_geometric_i_to_j_global"":[0,0,1],""y_local"":""NO SABEMOS: geomTransf actual no exportado/ejecutado"",""z_local"":""NO SABEMOS: geomTransf actual no exportado/ejecutado"",""note"":""Dirección geométrica del candidato, NO triada FE validada; no inferir My/Mz.""}]","{""center"":[57.518062003397326,26.1755827703045,5.9399999999999995],""i"":[57.518062003397326,26.1755827703045,3.96],""j"":[57.518062003397326,26.1755827703045,7.92],""z_bottom"":3.96,""z_top"":7.92}","{""center"":{""X"":{""relation"":""H–H1"",""nearest_axis"":""H"",""offset_m"":0.027062,""text"":""H–H1 (H +0.0271 m)""},""Y"":{""relation"":""OUTBOARD >3"",""nearest_axis"":""3"",""offset_m"":10.025583,""text"":""OUTBOARD >3 (3 +10.0256 m)""}},""i"":{""X"":{""relation"":""H–H1"",""nearest_axis"":""H"",""offset_m"":0.027062,""text"":""H–H1 (H +0.0271 m)""},""Y"":{""relation"":""OUTBOARD >3"",""nearest_axis"":""3"",""offset_m"":10.025583,""text"":""OUTBOARD >3 (3 +10.0256 m)""}},""j"":{""X"":{""relation"":""H–H1"",""nearest_axis"":""H"",""offset_m"":0.027062,""text"":""H–H1 (H +0.0271 m)""},""Y"":{""relation"":""OUTBOARD >3"",""nearest_axis"":""3"",""offset_m"":10.025583,""text"":""OUTBOARD >3 (3 +10.0256 m)""}}}","Localizar E1-P1-C-017 por los offsets de ejes, no por su ID (el ID es nuestro, no una etiqueta CAD).
Comparar con E1-S1-C-013: verificar contacto de caras, nivel de arranque y continuidad del hormigón.
Seguir la llamada de corte/detalle dibujada; si no aparece, registrar NO ENCONTRADA, no completar por proximidad.
Leer sección y cambios de nivel. Distinguir borde de losa de viga/muro y fotografiar la evidencia con ejes visibles.","Puede omitir el camino de cargas del componente local. Efecto global NO SABEMOS; no se ha calculado.","REVIEW_REQUIRED","FE_PENDING_43_DETAILED_REVIEW.json; 2017_67-101.dxf","",""
"23","E1-P1-M-016","B","EDIFICIO_1","P1","MURO","X H'–H2 (H2 -1.8169 m) / Y OUTBOARD <1 (1 -3.5749 m)","El candidato sitúa este muro en POST-FLOAT-012 sin camino de conectividad a los apoyos de fundación. Respecto de E1-S1-M-060: distancia entre ejes XY 13.8663 m, separación entre huellas 13.7163 m y separación vertical 0.0000 m.","HECHO: geometría actual desde 2017_67-101.dxf, layer RLE-MURO_CONTOUR_PAIR.
HECHO: regeneración reproduce POST-FLOAT-012, 7 segmentos FE sin camino al sistema apoyado.
HECHO: geometría y resultados no modificados. Ancho/espesor 0.15 m; altura visible 3.9599999999999995 m (no confundir con sección resistente).","NO SABEMOS cuál es el detalle resistente que completa el camino a fundación ni si el alcance del FE debe incluir todo este componente.
NO SABEMOS los ejes locales y tags de un análisis ACTUAL ejecutado: este candidato no ha sido ejecutado.","2017_67-101 — Planta fuente del elemento P1. Buscar X H'–H2 (H2 -1.8169 m) / Y OUTBOARD <1 (1 -3.5749 m); revisar las entidades y la correspondencia cielo/piso, no solo el título.
2017_67-306 — Elevaciones: localizar el eje H2 y comparar niveles. Recomendación por eje cercano, NO afirmación de que el corte atraviese este elemento fuera de eje.","¿La planta y el corte muestran una unión resistente entre E1-P1-M-016 y E1-S1-M-060, o un apoyo/transferencia diferente? Indica la llamada del detalle.","64.49915","-3.5749","5.9399999999999995","7.92","-0.05","SOL_1_wall_0083","[{""analysis_id"":""POST-A-00237"",""opensees_element_tag"":10237,""element_id"":""E1-P1-M-016"",""geometry_elementTag"":""SOL_1_wall_0083"",""geometry_segment_index"":0,""type"":""wall"",""building"":""EDIFICIO_1"",""floor"":""P1"",""node_i"":345,""node_j"":346,""opensees_node_i"":345,""opensees_node_j"":346,""status"":""CANDIDATO / NO EJECUTADO"",""node_i_xyz_m"":{""tag"":345,""x"":64.499,""y"":-3.575,""z"":3.96,""building"":""EDIFICIO_1"",""reasons"":[""VERTICAL_CENTROID""]},""node_j_xyz_m"":{""tag"":346,""x"":64.499,""y"":-3.575,""z"":7.92,""building"":""EDIFICIO_1"",""reasons"":[""VERTICAL_CENTROID""]}}]","{""nearest_column"":{""id"":""E1-P1-C-022"",""floor"":""P1"",""axis_distance_xy_m"":3.8442,""face_gap_xy_m"":3.336776,""vertical_gap_m"":0,""footprint_overlap_m2"":0,""meaning"":""Proximidad geométrica; NO prueba de conexión resistente""},""nearest_wall"":{""id"":""E1-P1-M-020"",""floor"":""P1"",""axis_distance_xy_m"":0.106066,""face_gap_xy_m"":0,""vertical_gap_m"":0,""footprint_overlap_m2"":0,""meaning"":""Proximidad geométrica; NO prueba de conexión resistente""},""below"":{""id"":""E1-S1-M-060"",""floor"":""S1"",""axis_distance_xy_m"":13.8663,""face_gap_xy_m"":13.7163,""vertical_gap_m"":0,""footprint_overlap_m2"":0,""meaning"":""Proximidad geométrica; NO prueba de conexión resistente""},""above"":{""id"":""E1-P2-M-009"",""floor"":""P2"",""axis_distance_xy_m"":29.842028,""face_gap_xy_m"":29.677709,""vertical_gap_m"":0,""footprint_overlap_m2"":0,""meaning"":""Proximidad geométrica; NO prueba de conexión resistente""},""candidate_junctions"":[""E1-P1-V-072"",""E1-P1-V-098""],""component_members"":[""E1-P1-M-016"",""E1-P1-M-020"",""E1-P1-M-024"",""E1-P1-M-037"",""E1-P1-V-068"",""E1-P1-V-072"",""E1-P1-V-098""],""connected_beams_candidate"":[""E1-P1-V-072"",""E1-P1-V-098""],""floor_visual_panels"":[""E1-P1-D-001""],""load_panel_receptor"":""NO SABEMOS: coincidencia de piso no establece panel tributario/receptor aprobado.""}","[{""endpoint"":""i"",""wall"":""E1-P1-M-023"",""axis_distance_xy_m"":2.65,""face_distance_xy_m"":2.575,""plane_z_m"":7.92,""meaning"":""Distancia horizontal de punto a segmento/huella rectangular, no conexión ni distancia 3D.""},{""endpoint"":""j"",""wall"":""E1-P1-M-020"",""axis_distance_xy_m"":0.106066,""face_distance_xy_m"":0.075,""plane_z_m"":7.92,""meaning"":""Distancia horizontal de punto a segmento/huella rectangular, no conexión ni distancia 3D.""}]","[{""id"":""H1"",""statement"":""Falta representar un encuentro físico en el adaptador FE."",""for"":""La geometría existe y el componente está desconectado; revisar las distancias y vecinos medidos."",""against"":""Proximidad o solape de huellas no demuestra unión resistente ni autoriza un rigidLink."",""confidence"":""BAJA""},{""id"":""H2"",""statement"":""El elemento tiene apoyo/transferencia exterior o participa en un sistema local distinto."",""for"":""RETAINING_WALL"",""against"":""No se ha establecido un camino resistente completo ni una exclusión FE aprobada."",""confidence"":""BAJA""},{""id"":""H3"",""statement"":""El alcance, nivel o interpretación de una entidad CAD requiere revisión."",""for"":""La desconexión continúa en la regeneración actual."",""against"":""CONFIRMED_CONTOUR_PAIR"",""confidence"":""BAJA; no borrar ni mover automáticamente""}]","{""source_dxf"":""2017_67-101.dxf"",""source_layer"":""RLE-MURO_CONTOUR_PAIR"",""sourceTags"":[""P1-RLE-MURO-0048"",""P1-RLE-MURO-0049""],""source_label"":""M.H.A. e=15"",""source_label_tag"":""LBL_1_wall_label_0099"",""geometry_confirmation"":{""status"":""CONFIRMED_CONTOUR_PAIR"",""audit_file"":""entregas/P1L2/edificio/validacion/ed1_walls/ed1_wall_face_audit.json"",""face_ids"":[""P1-RLE-MURO-0048"",""P1-RLE-MURO-0049""],""thickness_m"":0.15},""section_source"":""NO ENCONTRADA"",""section_confidence"":""NO ENCONTRADA"",""material_source"":""2017_67-100.dxf / MTEXT 1E116 / Main ED1 through cielo P3; excludes P4, sheet600 electrical room, slabs and radier"",""CAD_handle"":""NO ENCONTRADA en el contrato canónico; sourceTags son IDs derivados, no handles DWG."",""joint_detail"":""NO ENCONTRADA inequívoca"",""dimension_joint"":""NO ENCONTRADA inequívoca"",""physical_context_audit"":{""element_id"":""E1-P1-M-016"",""building"":""EDIFICIO_1"",""floor"":""P1"",""type"":""wall"",""prior_validation"":""DISCONNECTED_ERROR"",""prior_structural_classification"":""UNRESOLVED"",""cluster"":""STAIR_ACCESS_D"",""physical_geometry"":""CONFIRMED"",""physical_classification"":""RETAINING_WALL"",""physical_support"":""TERRAIN_SUPPORTED_REVIEW"",""main_fe_participation"":""SECONDARY_STRUCTURE_EXPECTED"",""revised_diagnostic"":""PHYSICAL_CONFIRMED_TOPOGRAPHY_OR_STAIR_CONTEXT"",""duplicate_classification"":""NO_DUPLICATE"",""participates_in_FE_changed"":false,""opensees_changed"":false,""start"":[35.2663,-3.5749,5.94],""end"":[38.75,-3.5749,5.94],""width_m"":0.15,""height_m"":3.9599999999999995,""source_dxf"":""2017_67-101.dxf"",""source_layer"":""RLE-MURO_CONTOUR_PAIR"",""evidence"":""Parte del recinto de acceso/escalera D, sobre zona con radier y cotas exteriores variables próximas a P1; no debe evaluarse como pieza interior aislada.""},""prior_diagnosis"":{""element_id"":""E1-P1-M-016"",""type"":""wall"",""building"":""EDIFICIO_1"",""floor"":""P1"",""classification"":""UNRESOLVED_REAL"",""qualification"":""CANDIDATE diagnosis, support path NOT APPROVED"",""cause"":""WALL_SUPPORT_PATH_REVIEW"",""primary_source"":""2017_67-101.dxf"",""decision"":""NO_REMOVAL_NO_ARTIFICIAL_SUPPORT""}}","{""SANTIAGO"":{""candidate_match"":null,""interpretation"":""Sin match en el snapshot comparado; no demuestra ausencia en todo el repositorio.""},""CACERES"":{""candidate_match"":null,""interpretation"":""Sin match en el snapshot comparado; no demuestra ausencia en todo el repositorio.""}}","[{""analysis_id"":""POST-A-00237"",""x_geometric_i_to_j_global"":[0,0,1],""y_local"":""NO SABEMOS: geomTransf actual no exportado/ejecutado"",""z_local"":""NO SABEMOS: geomTransf actual no exportado/ejecutado"",""note"":""Dirección geométrica del candidato, NO triada FE validada; no inferir My/Mz.""}]","{""center"":[64.49915,-3.5749,5.9399999999999995],""i"":[62.7573,-3.5749,5.9399999999999995],""j"":[66.241,-3.5749,5.9399999999999995],""z_bottom"":3.96,""z_top"":7.92}","{""center"":{""X"":{""relation"":""H'–H2"",""nearest_axis"":""H2"",""offset_m"":-1.81685,""text"":""H'–H2 (H2 -1.8169 m)""},""Y"":{""relation"":""OUTBOARD <1"",""nearest_axis"":""1"",""offset_m"":-3.5749,""text"":""OUTBOARD <1 (1 -3.5749 m)""}},""i"":{""X"":{""relation"":""H'–H2"",""nearest_axis"":""H'"",""offset_m"":0.7893,""text"":""H'–H2 (H' +0.7893 m)""},""Y"":{""relation"":""OUTBOARD <1"",""nearest_axis"":""1"",""offset_m"":-3.5749,""text"":""OUTBOARD <1 (1 -3.5749 m)""}},""j"":{""X"":{""relation"":""H'–H2"",""nearest_axis"":""H2"",""offset_m"":-0.075,""text"":""H'–H2 (H2 -0.0750 m)""},""Y"":{""relation"":""OUTBOARD <1"",""nearest_axis"":""1"",""offset_m"":-3.5749,""text"":""OUTBOARD <1 (1 -3.5749 m)""}}}","Localizar E1-P1-M-016 por los offsets de ejes, no por su ID (el ID es nuestro, no una etiqueta CAD).
Comparar con E1-S1-M-060: verificar contacto de caras, nivel de arranque y continuidad del hormigón.
Seguir la llamada de corte/detalle dibujada; si no aparece, registrar NO ENCONTRADA, no completar por proximidad.
Leer sección y cambios de nivel. Distinguir borde de losa de viga/muro y fotografiar la evidencia con ejes visibles.","Puede omitir el camino de cargas del componente local. Efecto global NO SABEMOS; no se ha calculado.","REVIEW_REQUIRED","FE_PENDING_43_DETAILED_REVIEW.json; 2017_67-101.dxf","",""
"24","E1-P1-M-024","B","EDIFICIO_1","P1","MURO","X H'–H2 (H2 -1.8000 m) / Y OUTBOARD <1 (1 -0.5249 m)","El candidato sitúa este muro en POST-FLOAT-012 sin camino de conectividad a los apoyos de fundación. Respecto de E1-S1-M-060: distancia entre ejes XY 12.3501 m, separación entre huellas 12.2000 m y separación vertical 0.0000 m.","HECHO: geometría actual desde 2017_67-101.dxf, layer RLE-MURO_CONTOUR_PAIR.
HECHO: regeneración reproduce POST-FLOAT-012, 7 segmentos FE sin camino al sistema apoyado.
HECHO: geometría y resultados no modificados. Ancho/espesor 0.15 m; altura visible 3.9599999999999995 m (no confundir con sección resistente).","NO SABEMOS cuál es el detalle resistente que completa el camino a fundación ni si el alcance del FE debe incluir todo este componente.
NO SABEMOS los ejes locales y tags de un análisis ACTUAL ejecutado: este candidato no ha sido ejecutado.","2017_67-101 — Planta fuente del elemento P1. Buscar X H'–H2 (H2 -1.8000 m) / Y OUTBOARD <1 (1 -0.5249 m); revisar las entidades y la correspondencia cielo/piso, no solo el título.
2017_67-306 — Elevaciones: localizar el eje H2 y comparar niveles. Recomendación por eje cercano, NO afirmación de que el corte atraviese este elemento fuera de eje.","¿La planta y el corte muestran una unión resistente entre E1-P1-M-024 y E1-S1-M-060, o un apoyo/transferencia diferente? Indica la llamada del detalle.","64.51599999999999","-0.5249","5.9399999999999995","7.92","-0.05","SOL_1_wall_0097","[{""analysis_id"":""POST-A-00235"",""opensees_element_tag"":10235,""element_id"":""E1-P1-M-024"",""geometry_elementTag"":""SOL_1_wall_0097"",""geometry_segment_index"":0,""type"":""wall"",""building"":""EDIFICIO_1"",""floor"":""P1"",""node_i"":341,""node_j"":342,""opensees_node_i"":341,""opensees_node_j"":342,""status"":""CANDIDATO / NO EJECUTADO"",""node_i_xyz_m"":{""tag"":341,""x"":64.516,""y"":-0.525,""z"":3.96,""building"":""EDIFICIO_1"",""reasons"":[""VERTICAL_CENTROID""]},""node_j_xyz_m"":{""tag"":342,""x"":64.516,""y"":-0.525,""z"":7.92,""building"":""EDIFICIO_1"",""reasons"":[""VERTICAL_CENTROID""]}}]","{""nearest_column"":{""id"":""E1-P1-C-022"",""floor"":""P1"",""axis_distance_xy_m"":0.600037,""face_gap_xy_m"":0.175037,""vertical_gap_m"":0,""footprint_overlap_m2"":0,""meaning"":""Proximidad geométrica; NO prueba de conexión resistente""},""nearest_wall"":{""id"":""E1-P1-M-021"",""floor"":""P1"",""axis_distance_xy_m"":0.05,""face_gap_xy_m"":0.05,""vertical_gap_m"":0,""footprint_overlap_m2"":0,""meaning"":""Proximidad geométrica; NO prueba de conexión resistente""},""below"":{""id"":""E1-S1-M-060"",""floor"":""S1"",""axis_distance_xy_m"":12.350078,""face_gap_xy_m"":12.2,""vertical_gap_m"":0,""footprint_overlap_m2"":0,""meaning"":""Proximidad geométrica; NO prueba de conexión resistente""},""above"":{""id"":""E1-P2-M-009"",""floor"":""P2"",""axis_distance_xy_m"":27.70281,""face_gap_xy_m"":27.542291,""vertical_gap_m"":0,""footprint_overlap_m2"":0,""meaning"":""Proximidad geométrica; NO prueba de conexión resistente""},""candidate_junctions"":[""E1-P1-V-068""],""component_members"":[""E1-P1-M-016"",""E1-P1-M-020"",""E1-P1-M-024"",""E1-P1-M-037"",""E1-P1-V-068"",""E1-P1-V-072"",""E1-P1-V-098""],""connected_beams_candidate"":[""E1-P1-V-068""],""floor_visual_panels"":[""E1-P1-D-001""],""load_panel_receptor"":""NO SABEMOS: coincidencia de piso no establece panel tributario/receptor aprobado.""}","[{""endpoint"":""i"",""wall"":""E1-P1-M-015"",""axis_distance_xy_m"":0.325,""face_distance_xy_m"":0.175,""plane_z_m"":7.92,""meaning"":""Distancia horizontal de punto a segmento/huella rectangular, no conexión ni distancia 3D.""},{""endpoint"":""j"",""wall"":""E1-P1-M-021"",""axis_distance_xy_m"":0.05,""face_distance_xy_m"":0.05,""plane_z_m"":7.92,""meaning"":""Distancia horizontal de punto a segmento/huella rectangular, no conexión ni distancia 3D.""}]","[{""id"":""H1"",""statement"":""Falta representar un encuentro físico en el adaptador FE."",""for"":""La geometría existe y el componente está desconectado; revisar las distancias y vecinos medidos."",""against"":""Proximidad o solape de huellas no demuestra unión resistente ni autoriza un rigidLink."",""confidence"":""BAJA""},{""id"":""H2"",""statement"":""El elemento tiene apoyo/transferencia exterior o participa en un sistema local distinto."",""for"":""RETAINING_WALL"",""against"":""No se ha establecido un camino resistente completo ni una exclusión FE aprobada."",""confidence"":""BAJA""},{""id"":""H3"",""statement"":""El alcance, nivel o interpretación de una entidad CAD requiere revisión."",""for"":""La desconexión continúa en la regeneración actual."",""against"":""CONFIRMED_CONTOUR_PAIR"",""confidence"":""BAJA; no borrar ni mover automáticamente""}]","{""source_dxf"":""2017_67-101.dxf"",""source_layer"":""RLE-MURO_CONTOUR_PAIR"",""sourceTags"":[""P1-RLE-MURO-0050"",""P1-RLE-MURO-0052""],""source_label"":""M.H.A. e=15"",""source_label_tag"":""LBL_1_wall_label_0106"",""geometry_confirmation"":{""status"":""CONFIRMED_CONTOUR_PAIR"",""audit_file"":""entregas/P1L2/edificio/validacion/ed1_walls/ed1_wall_face_audit.json"",""face_ids"":[""P1-RLE-MURO-0050"",""P1-RLE-MURO-0052""],""thickness_m"":0.15},""section_source"":""NO ENCONTRADA"",""section_confidence"":""NO ENCONTRADA"",""material_source"":""2017_67-100.dxf / MTEXT 1E116 / Main ED1 through cielo P3; excludes P4, sheet600 electrical room, slabs and radier"",""CAD_handle"":""NO ENCONTRADA en el contrato canónico; sourceTags son IDs derivados, no handles DWG."",""joint_detail"":""NO ENCONTRADA inequívoca"",""dimension_joint"":""NO ENCONTRADA inequívoca"",""physical_context_audit"":{""element_id"":""E1-P1-M-024"",""building"":""EDIFICIO_1"",""floor"":""P1"",""type"":""wall"",""prior_validation"":""DISCONNECTED_ERROR"",""prior_structural_classification"":""UNRESOLVED"",""cluster"":""STAIR_ACCESS_D"",""physical_geometry"":""CONFIRMED"",""physical_classification"":""RETAINING_WALL"",""physical_support"":""TERRAIN_SUPPORTED_REVIEW"",""main_fe_participation"":""SECONDARY_STRUCTURE_EXPECTED"",""revised_diagnostic"":""PHYSICAL_CONFIRMED_TOPOGRAPHY_OR_STAIR_CONTEXT"",""duplicate_classification"":""NO_DUPLICATE"",""participates_in_FE_changed"":false,""opensees_changed"":false,""start"":[33.75,-0.5249,5.94],""end"":[40.3,-0.5249,5.94],""width_m"":0.15,""height_m"":3.9599999999999995,""source_dxf"":""2017_67-101.dxf"",""source_layer"":""RLE-MURO_CONTOUR_PAIR"",""evidence"":""Parte del recinto de acceso/escalera D, sobre zona con radier y cotas exteriores variables próximas a P1; no debe evaluarse como pieza interior aislada.""},""prior_diagnosis"":{""element_id"":""E1-P1-M-024"",""type"":""wall"",""building"":""EDIFICIO_1"",""floor"":""P1"",""classification"":""UNRESOLVED_REAL"",""qualification"":""CANDIDATE diagnosis, support path NOT APPROVED"",""cause"":""WALL_SUPPORT_PATH_REVIEW"",""primary_source"":""2017_67-101.dxf"",""decision"":""NO_REMOVAL_NO_ARTIFICIAL_SUPPORT""}}","{""SANTIAGO"":{""candidate_match"":null,""interpretation"":""Sin match en el snapshot comparado; no demuestra ausencia en todo el repositorio.""},""CACERES"":{""candidate_match"":null,""interpretation"":""Sin match en el snapshot comparado; no demuestra ausencia en todo el repositorio.""}}","[{""analysis_id"":""POST-A-00235"",""x_geometric_i_to_j_global"":[0,0,1],""y_local"":""NO SABEMOS: geomTransf actual no exportado/ejecutado"",""z_local"":""NO SABEMOS: geomTransf actual no exportado/ejecutado"",""note"":""Dirección geométrica del candidato, NO triada FE validada; no inferir My/Mz.""}]","{""center"":[64.51599999999999,-0.5249,5.9399999999999995],""i"":[61.241,-0.5249,5.9399999999999995],""j"":[67.791,-0.5249,5.9399999999999995],""z_bottom"":3.96,""z_top"":7.92}","{""center"":{""X"":{""relation"":""H'–H2"",""nearest_axis"":""H2"",""offset_m"":-1.8,""text"":""H'–H2 (H2 -1.8000 m)""},""Y"":{""relation"":""OUTBOARD <1"",""nearest_axis"":""1"",""offset_m"":-0.5249,""text"":""OUTBOARD <1 (1 -0.5249 m)""}},""i"":{""X"":{""relation"":""H–H1"",""nearest_axis"":""H1"",""offset_m"":-0.075,""text"":""H–H1 (H1 -0.0750 m)""},""Y"":{""relation"":""OUTBOARD <1"",""nearest_axis"":""1"",""offset_m"":-0.5249,""text"":""OUTBOARD <1 (1 -0.5249 m)""}},""j"":{""X"":{""relation"":""I–IA"",""nearest_axis"":""I"",""offset_m"":0.3,""text"":""I–IA (I +0.3000 m)""},""Y"":{""relation"":""OUTBOARD <1"",""nearest_axis"":""1"",""offset_m"":-0.5249,""text"":""OUTBOARD <1 (1 -0.5249 m)""}}}","Localizar E1-P1-M-024 por los offsets de ejes, no por su ID (el ID es nuestro, no una etiqueta CAD).
Comparar con E1-S1-M-060: verificar contacto de caras, nivel de arranque y continuidad del hormigón.
Seguir la llamada de corte/detalle dibujada; si no aparece, registrar NO ENCONTRADA, no completar por proximidad.
Leer sección y cambios de nivel. Distinguir borde de losa de viga/muro y fotografiar la evidencia con ejes visibles.","Puede omitir el camino de cargas del componente local. Efecto global NO SABEMOS; no se ha calculado.","REVIEW_REQUIRED","FE_PENDING_43_DETAILED_REVIEW.json; 2017_67-101.dxf","",""
"25","E1-P1-M-023","B","EDIFICIO_1","P1","MURO","X H'–H2 (H2 -1.0419 m) / Y OUTBOARD <1 (1 -6.2249 m)","El candidato sitúa este muro en POST-FLOAT-005 sin camino de conectividad a los apoyos de fundación. Respecto de E1-S1-M-060: distancia entre ejes XY 13.8663 m, separación entre huellas 13.7163 m y separación vertical 0.0000 m.","HECHO: geometría actual desde 2017_67-101.dxf, layer RLE-MURO_CONTOUR_PAIR.
HECHO: regeneración reproduce POST-FLOAT-005, 1 segmentos FE sin camino al sistema apoyado.
HECHO: geometría y resultados no modificados. Ancho/espesor 0.15 m; altura visible 3.9599999999999995 m (no confundir con sección resistente).","NO SABEMOS cuál es el detalle resistente que completa el camino a fundación ni si el alcance del FE debe incluir todo este componente.
NO SABEMOS los ejes locales y tags de un análisis ACTUAL ejecutado: este candidato no ha sido ejecutado.","2017_67-101 — Planta fuente del elemento P1. Buscar X H'–H2 (H2 -1.0419 m) / Y OUTBOARD <1 (1 -6.2249 m); revisar las entidades y la correspondencia cielo/piso, no solo el título.
2017_67-306 — Elevaciones: localizar el eje H2 y comparar niveles. Recomendación por eje cercano, NO afirmación de que el corte atraviese este elemento fuera de eje.","¿La planta y el corte muestran una unión resistente entre E1-P1-M-023 y E1-S1-M-060, o un apoyo/transferencia diferente? Indica la llamada del detalle.","65.27414999999999","-6.2249","5.9399999999999995","7.92","-0.05","SOL_1_wall_0098","[{""analysis_id"":""POST-A-00236"",""opensees_element_tag"":10236,""element_id"":""E1-P1-M-023"",""geometry_elementTag"":""SOL_1_wall_0098"",""geometry_segment_index"":0,""type"":""wall"",""building"":""EDIFICIO_1"",""floor"":""P1"",""node_i"":343,""node_j"":344,""opensees_node_i"":343,""opensees_node_j"":344,""status"":""CANDIDATO / NO EJECUTADO"",""node_i_xyz_m"":{""tag"":343,""x"":65.274,""y"":-6.225,""z"":3.96,""building"":""EDIFICIO_1"",""reasons"":[""VERTICAL_CENTROID""]},""node_j_xyz_m"":{""tag"":344,""x"":65.274,""y"":-6.225,""z"":7.92,""building"":""EDIFICIO_1"",""reasons"":[""VERTICAL_CENTROID""]}}]","{""nearest_column"":{""id"":""E1-P1-C-022"",""floor"":""P1"",""axis_distance_xy_m"":6.300037,""face_gap_xy_m"":5.875037,""vertical_gap_m"":0,""footprint_overlap_m2"":0,""meaning"":""Proximidad geométrica; NO prueba de conexión resistente""},""nearest_wall"":{""id"":""E1-P1-M-022"",""floor"":""P1"",""axis_distance_xy_m"":0.05,""face_gap_xy_m"":0.05,""vertical_gap_m"":0,""footprint_overlap_m2"":0,""meaning"":""Proximidad geométrica; NO prueba de conexión resistente""},""below"":{""id"":""E1-S1-M-060"",""floor"":""S1"",""axis_distance_xy_m"":13.8663,""face_gap_xy_m"":13.7163,""vertical_gap_m"":0,""footprint_overlap_m2"":0,""meaning"":""Proximidad geométrica; NO prueba de conexión resistente""},""above"":{""id"":""E1-P2-M-009"",""floor"":""P2"",""axis_distance_xy_m"":30.637854,""face_gap_xy_m"":30.471303,""vertical_gap_m"":0,""footprint_overlap_m2"":0,""meaning"":""Proximidad geométrica; NO prueba de conexión resistente""},""candidate_junctions"":[],""component_members"":[""E1-P1-M-023""],""connected_beams_candidate"":[],""floor_visual_panels"":[""E1-P1-D-001""],""load_panel_receptor"":""NO SABEMOS: coincidencia de piso no establece panel tributario/receptor aprobado.""}","[{""endpoint"":""i"",""wall"":""E1-P1-M-016"",""axis_distance_xy_m"":2.65,""face_distance_xy_m"":2.575,""plane_z_m"":7.92,""meaning"":""Distancia horizontal de punto a segmento/huella rectangular, no conexión ni distancia 3D.""},{""endpoint"":""j"",""wall"":""E1-P1-M-022"",""axis_distance_xy_m"":0.05,""face_distance_xy_m"":0.05,""plane_z_m"":7.92,""meaning"":""Distancia horizontal de punto a segmento/huella rectangular, no conexión ni distancia 3D.""}]","[{""id"":""H1"",""statement"":""Falta representar un encuentro físico en el adaptador FE."",""for"":""La geometría existe y el componente está desconectado; revisar las distancias y vecinos medidos."",""against"":""Proximidad o solape de huellas no demuestra unión resistente ni autoriza un rigidLink."",""confidence"":""BAJA""},{""id"":""H2"",""statement"":""El elemento tiene apoyo/transferencia exterior o participa en un sistema local distinto."",""for"":""RETAINING_WALL"",""against"":""No se ha establecido un camino resistente completo ni una exclusión FE aprobada."",""confidence"":""BAJA""},{""id"":""H3"",""statement"":""El alcance, nivel o interpretación de una entidad CAD requiere revisión."",""for"":""La desconexión continúa en la regeneración actual."",""against"":""CONFIRMED_CONTOUR_PAIR"",""confidence"":""BAJA; no borrar ni mover automáticamente""}]","{""source_dxf"":""2017_67-101.dxf"",""source_layer"":""RLE-MURO_CONTOUR_PAIR"",""sourceTags"":[""P1-RLE-MURO-0044"",""P1-RLE-MURO-0046""],""source_label"":""M.H.A. e= 15"",""source_label_tag"":""LBL_1_wall_label_0098"",""geometry_confirmation"":{""status"":""CONFIRMED_CONTOUR_PAIR"",""audit_file"":""entregas/P1L2/edificio/validacion/ed1_walls/ed1_wall_face_audit.json"",""face_ids"":[""P1-RLE-MURO-0044"",""P1-RLE-MURO-0046""],""thickness_m"":0.15},""section_source"":""NO ENCONTRADA"",""section_confidence"":""NO ENCONTRADA"",""material_source"":""2017_67-100.dxf / MTEXT 1E116 / Main ED1 through cielo P3; excludes P4, sheet600 electrical room, slabs and radier"",""CAD_handle"":""NO ENCONTRADA en el contrato canónico; sourceTags son IDs derivados, no handles DWG."",""joint_detail"":""NO ENCONTRADA inequívoca"",""dimension_joint"":""NO ENCONTRADA inequívoca"",""physical_context_audit"":{""element_id"":""E1-P1-M-023"",""building"":""EDIFICIO_1"",""floor"":""P1"",""type"":""wall"",""prior_validation"":""DISCONNECTED_ERROR"",""prior_structural_classification"":""UNRESOLVED"",""cluster"":""STAIR_ACCESS_D"",""physical_geometry"":""CONFIRMED"",""physical_classification"":""RETAINING_WALL"",""physical_support"":""TERRAIN_SUPPORTED_REVIEW"",""main_fe_participation"":""SECONDARY_STRUCTURE_EXPECTED"",""revised_diagnostic"":""PHYSICAL_CONFIRMED_TOPOGRAPHY_OR_STAIR_CONTEXT"",""duplicate_classification"":""NO_DUPLICATE"",""participates_in_FE_changed"":false,""opensees_changed"":false,""start"":[35.2663,-6.2249,5.94],""end"":[40.3,-6.2249,5.94],""width_m"":0.15,""height_m"":3.9599999999999995,""source_dxf"":""2017_67-101.dxf"",""source_layer"":""RLE-MURO_CONTOUR_PAIR"",""evidence"":""Parte del recinto de acceso/escalera D, sobre zona con radier y cotas exteriores variables próximas a P1; no debe evaluarse como pieza interior aislada.""},""prior_diagnosis"":{""element_id"":""E1-P1-M-023"",""type"":""wall"",""building"":""EDIFICIO_1"",""floor"":""P1"",""classification"":""UNRESOLVED_REAL"",""qualification"":""CANDIDATE diagnosis, support path NOT APPROVED"",""cause"":""WALL_SUPPORT_PATH_REVIEW"",""primary_source"":""2017_67-101.dxf"",""decision"":""NO_REMOVAL_NO_ARTIFICIAL_SUPPORT""}}","{""SANTIAGO"":{""candidate_match"":null,""interpretation"":""Sin match en el snapshot comparado; no demuestra ausencia en todo el repositorio.""},""CACERES"":{""candidate_match"":null,""interpretation"":""Sin match en el snapshot comparado; no demuestra ausencia en todo el repositorio.""}}","[{""analysis_id"":""POST-A-00236"",""x_geometric_i_to_j_global"":[0,0,1],""y_local"":""NO SABEMOS: geomTransf actual no exportado/ejecutado"",""z_local"":""NO SABEMOS: geomTransf actual no exportado/ejecutado"",""note"":""Dirección geométrica del candidato, NO triada FE validada; no inferir My/Mz.""}]","{""center"":[65.27414999999999,-6.2249,5.9399999999999995],""i"":[62.7573,-6.2249,5.9399999999999995],""j"":[67.791,-6.2249,5.9399999999999995],""z_bottom"":3.96,""z_top"":7.92}","{""center"":{""X"":{""relation"":""H'–H2"",""nearest_axis"":""H2"",""offset_m"":-1.04185,""text"":""H'–H2 (H2 -1.0419 m)""},""Y"":{""relation"":""OUTBOARD <1"",""nearest_axis"":""1"",""offset_m"":-6.2249,""text"":""OUTBOARD <1 (1 -6.2249 m)""}},""i"":{""X"":{""relation"":""H'–H2"",""nearest_axis"":""H'"",""offset_m"":0.7893,""text"":""H'–H2 (H' +0.7893 m)""},""Y"":{""relation"":""OUTBOARD <1"",""nearest_axis"":""1"",""offset_m"":-6.2249,""text"":""OUTBOARD <1 (1 -6.2249 m)""}},""j"":{""X"":{""relation"":""I–IA"",""nearest_axis"":""I"",""offset_m"":0.3,""text"":""I–IA (I +0.3000 m)""},""Y"":{""relation"":""OUTBOARD <1"",""nearest_axis"":""1"",""offset_m"":-6.2249,""text"":""OUTBOARD <1 (1 -6.2249 m)""}}}","Localizar E1-P1-M-023 por los offsets de ejes, no por su ID (el ID es nuestro, no una etiqueta CAD).
Comparar con E1-S1-M-060: verificar contacto de caras, nivel de arranque y continuidad del hormigón.
Seguir la llamada de corte/detalle dibujada; si no aparece, registrar NO ENCONTRADA, no completar por proximidad.
Leer sección y cambios de nivel. Distinguir borde de losa de viga/muro y fotografiar la evidencia con ejes visibles.","Puede omitir el camino de cargas del componente local. Efecto global NO SABEMOS; no se ha calculado.","REVIEW_REQUIRED","FE_PENDING_43_DETAILED_REVIEW.json; 2017_67-101.dxf","",""
"26","E1-P1-M-020","B","EDIFICIO_1","P1","MURO","X SOBRE EJE H2 (H2 +0.0000 m) / Y OUTBOARD <1 (1 -2.0499 m)","El candidato sitúa este muro en POST-FLOAT-012 sin camino de conectividad a los apoyos de fundación. Respecto de E1-S1-M-060: distancia entre ejes XY 17.4250 m, separación entre huellas 17.2000 m y separación vertical 0.0000 m.","HECHO: geometría actual desde 2017_67-101.dxf, layer RLE-MURO_CONTOUR_PAIR.
HECHO: regeneración reproduce POST-FLOAT-012, 7 segmentos FE sin camino al sistema apoyado.
HECHO: geometría y resultados no modificados. Ancho/espesor 0.15 m; altura visible 3.9599999999999995 m (no confundir con sección resistente).","NO SABEMOS cuál es el detalle resistente que completa el camino a fundación ni si el alcance del FE debe incluir todo este componente.
NO SABEMOS los ejes locales y tags de un análisis ACTUAL ejecutado: este candidato no ha sido ejecutado.","2017_67-101 — Planta fuente del elemento P1. Buscar X SOBRE EJE H2 (H2 +0.0000 m) / Y OUTBOARD <1 (1 -2.0499 m); revisar las entidades y la correspondencia cielo/piso, no solo el título.
2017_67-306 — Elevaciones: localizar el eje H2 y comparar niveles. Recomendación por eje cercano, NO afirmación de que el corte atraviese este elemento fuera de eje.","¿La planta y el corte muestran una unión resistente entre E1-P1-M-020 y E1-S1-M-060, o un apoyo/transferencia diferente? Indica la llamada del detalle.","66.316","-2.0499","5.9399999999999995","7.92","-0.05","SOL_1_wall_0092","[{""analysis_id"":""POST-A-00238"",""opensees_element_tag"":10238,""element_id"":""E1-P1-M-020"",""geometry_elementTag"":""SOL_1_wall_0092"",""geometry_segment_index"":0,""type"":""wall"",""building"":""EDIFICIO_1"",""floor"":""P1"",""node_i"":347,""node_j"":348,""opensees_node_i"":347,""opensees_node_j"":348,""status"":""CANDIDATO / NO EJECUTADO"",""node_i_xyz_m"":{""tag"":347,""x"":66.316,""y"":-2.05,""z"":3.96,""building"":""EDIFICIO_1"",""reasons"":[""VERTICAL_CENTROID""]},""node_j_xyz_m"":{""tag"":348,""x"":66.316,""y"":-2.05,""z"":7.92,""building"":""EDIFICIO_1"",""reasons"":[""VERTICAL_CENTROID""]}}]","{""nearest_column"":{""id"":""E1-P1-C-022"",""floor"":""P1"",""axis_distance_xy_m"":1.31737,""face_gap_xy_m"":0.777481,""vertical_gap_m"":0,""footprint_overlap_m2"":0,""meaning"":""Proximidad geométrica; NO prueba de conexión resistente""},""nearest_wall"":{""id"":""E1-P1-M-024"",""floor"":""P1"",""axis_distance_xy_m"":0.075,""face_gap_xy_m"":0,""vertical_gap_m"":0,""footprint_overlap_m2"":0,""meaning"":""Proximidad geométrica; NO prueba de conexión resistente""},""below"":{""id"":""E1-S1-M-060"",""floor"":""S1"",""axis_distance_xy_m"":17.425,""face_gap_xy_m"":17.2,""vertical_gap_m"":0,""footprint_overlap_m2"":0,""meaning"":""Proximidad geométrica; NO prueba de conexión resistente""},""above"":{""id"":""E1-P2-M-009"",""floor"":""P2"",""axis_distance_xy_m"":32.726272,""face_gap_xy_m"":32.503703,""vertical_gap_m"":0,""footprint_overlap_m2"":0,""meaning"":""Proximidad geométrica; NO prueba de conexión resistente""},""candidate_junctions"":[""E1-P1-V-098""],""component_members"":[""E1-P1-M-016"",""E1-P1-M-020"",""E1-P1-M-024"",""E1-P1-M-037"",""E1-P1-V-068"",""E1-P1-V-072"",""E1-P1-V-098""],""connected_beams_candidate"":[""E1-P1-V-098""],""floor_visual_panels"":[""E1-P1-D-001""],""load_panel_receptor"":""NO SABEMOS: coincidencia de piso no establece panel tributario/receptor aprobado.""}","[{""endpoint"":""i"",""wall"":""E1-P1-M-016"",""axis_distance_xy_m"":0.106066,""face_distance_xy_m"":0.075,""plane_z_m"":7.92,""meaning"":""Distancia horizontal de punto a segmento/huella rectangular, no conexión ni distancia 3D.""},{""endpoint"":""j"",""wall"":""E1-P1-M-024"",""axis_distance_xy_m"":0.075,""face_distance_xy_m"":0,""plane_z_m"":7.92,""meaning"":""Distancia horizontal de punto a segmento/huella rectangular, no conexión ni distancia 3D.""}]","[{""id"":""H1"",""statement"":""Falta representar un encuentro físico en el adaptador FE."",""for"":""La geometría existe y el componente está desconectado; revisar las distancias y vecinos medidos."",""against"":""Proximidad o solape de huellas no demuestra unión resistente ni autoriza un rigidLink."",""confidence"":""BAJA""},{""id"":""H2"",""statement"":""El elemento tiene apoyo/transferencia exterior o participa en un sistema local distinto."",""for"":""EXTERIOR_STAIR_SUPPORT"",""against"":""No se ha establecido un camino resistente completo ni una exclusión FE aprobada."",""confidence"":""BAJA""},{""id"":""H3"",""statement"":""El alcance, nivel o interpretación de una entidad CAD requiere revisión."",""for"":""La desconexión continúa en la regeneración actual."",""against"":""CONFIRMED_CONTOUR_PAIR"",""confidence"":""BAJA; no borrar ni mover automáticamente""}]","{""source_dxf"":""2017_67-101.dxf"",""source_layer"":""RLE-MURO_CONTOUR_PAIR"",""sourceTags"":[""P1-RLE-MURO-0042"",""P1-RLE-MURO-0043""],""source_label"":""M.H.A. e=15"",""source_label_tag"":""LBL_1_wall_label_0093"",""geometry_confirmation"":{""status"":""CONFIRMED_CONTOUR_PAIR"",""audit_file"":""entregas/P1L2/edificio/validacion/ed1_walls/ed1_wall_face_audit.json"",""face_ids"":[""P1-RLE-MURO-0042"",""P1-RLE-MURO-0043""],""thickness_m"":0.15},""section_source"":""NO ENCONTRADA"",""section_confidence"":""NO ENCONTRADA"",""material_source"":""2017_67-100.dxf / MTEXT 1E116 / Main ED1 through cielo P3; excludes P4, sheet600 electrical room, slabs and radier"",""CAD_handle"":""NO ENCONTRADA en el contrato canónico; sourceTags son IDs derivados, no handles DWG."",""joint_detail"":""NO ENCONTRADA inequívoca"",""dimension_joint"":""NO ENCONTRADA inequívoca"",""physical_context_audit"":{""element_id"":""E1-P1-M-020"",""building"":""EDIFICIO_1"",""floor"":""P1"",""type"":""wall"",""prior_validation"":""DISCONNECTED_ERROR"",""prior_structural_classification"":""UNRESOLVED"",""cluster"":""STAIR_ACCESS_D"",""physical_geometry"":""CONFIRMED"",""physical_classification"":""EXTERIOR_STAIR_SUPPORT"",""physical_support"":""TERRAIN_SUPPORTED_REVIEW"",""main_fe_participation"":""SECONDARY_STRUCTURE_EXPECTED"",""revised_diagnostic"":""PHYSICAL_CONFIRMED_TOPOGRAPHY_OR_STAIR_CONTEXT"",""duplicate_classification"":""NO_DUPLICATE"",""participates_in_FE_changed"":false,""opensees_changed"":false,""start"":[38.825,-3.4999,5.94],""end"":[38.825,-0.5999,5.94],""width_m"":0.15,""height_m"":3.9599999999999995,""source_dxf"":""2017_67-101.dxf"",""source_layer"":""RLE-MURO_CONTOUR_PAIR"",""evidence"":""Parte del recinto de acceso/escalera D, sobre zona con radier y cotas exteriores variables próximas a P1; no debe evaluarse como pieza interior aislada.""},""prior_diagnosis"":{""element_id"":""E1-P1-M-020"",""type"":""wall"",""building"":""EDIFICIO_1"",""floor"":""P1"",""classification"":""UNRESOLVED_REAL"",""qualification"":""CANDIDATE diagnosis, support path NOT APPROVED"",""cause"":""WALL_SUPPORT_PATH_REVIEW"",""primary_source"":""2017_67-101.dxf"",""decision"":""NO_REMOVAL_NO_ARTIFICIAL_SUPPORT""}}","{""SANTIAGO"":{""candidate_match"":null,""interpretation"":""Sin match en el snapshot comparado; no demuestra ausencia en todo el repositorio.""},""CACERES"":{""candidate_match"":null,""interpretation"":""Sin match en el snapshot comparado; no demuestra ausencia en todo el repositorio.""}}","[{""analysis_id"":""POST-A-00238"",""x_geometric_i_to_j_global"":[0,0,1],""y_local"":""NO SABEMOS: geomTransf actual no exportado/ejecutado"",""z_local"":""NO SABEMOS: geomTransf actual no exportado/ejecutado"",""note"":""Dirección geométrica del candidato, NO triada FE validada; no inferir My/Mz.""}]","{""center"":[66.316,-2.0499,5.9399999999999995],""i"":[66.316,-3.4999,5.9399999999999995],""j"":[66.316,-0.5999,5.9399999999999995],""z_bottom"":3.96,""z_top"":7.92}","{""center"":{""X"":{""relation"":""SOBRE EJE H2"",""nearest_axis"":""H2"",""offset_m"":0,""text"":""SOBRE EJE H2 (H2 +0.0000 m)""},""Y"":{""relation"":""OUTBOARD <1"",""nearest_axis"":""1"",""offset_m"":-2.0499,""text"":""OUTBOARD <1 (1 -2.0499 m)""}},""i"":{""X"":{""relation"":""SOBRE EJE H2"",""nearest_axis"":""H2"",""offset_m"":0,""text"":""SOBRE EJE H2 (H2 +0.0000 m)""},""Y"":{""relation"":""OUTBOARD <1"",""nearest_axis"":""1"",""offset_m"":-3.4999,""text"":""OUTBOARD <1 (1 -3.4999 m)""}},""j"":{""X"":{""relation"":""SOBRE EJE H2"",""nearest_axis"":""H2"",""offset_m"":0,""text"":""SOBRE EJE H2 (H2 +0.0000 m)""},""Y"":{""relation"":""OUTBOARD <1"",""nearest_axis"":""1"",""offset_m"":-0.5999,""text"":""OUTBOARD <1 (1 -0.5999 m)""}}}","Localizar E1-P1-M-020 por los offsets de ejes, no por su ID (el ID es nuestro, no una etiqueta CAD).
Comparar con E1-S1-M-060: verificar contacto de caras, nivel de arranque y continuidad del hormigón.
Seguir la llamada de corte/detalle dibujada; si no aparece, registrar NO ENCONTRADA, no completar por proximidad.
Leer sección y cambios de nivel. Distinguir borde de losa de viga/muro y fotografiar la evidencia con ejes visibles.","Puede omitir el camino de cargas del componente local. Efecto global NO SABEMOS; no se ha calculado.","REVIEW_REQUIRED","FE_PENDING_43_DETAILED_REVIEW.json; 2017_67-101.dxf","",""
"27","E1-P1-M-022","B","EDIFICIO_1","P1","MURO","X I–IA (IA -1.0750 m) / Y OUTBOARD <1 (1 -6.2249 m)","El candidato sitúa este muro en POST-FLOAT-006 sin camino de conectividad a los apoyos de fundación. Respecto de E1-S1-M-060: distancia entre ejes XY 18.9500 m, separación entre huellas 18.8000 m y separación vertical 0.0000 m.","HECHO: geometría actual desde 2017_67-101.dxf, layer RLE-MURO_CONTOUR_PAIR.
HECHO: regeneración reproduce POST-FLOAT-006, 1 segmentos FE sin camino al sistema apoyado.
HECHO: geometría y resultados no modificados. Ancho/espesor 0.15 m; altura visible 3.9599999999999995 m (no confundir con sección resistente).","NO SABEMOS cuál es el detalle resistente que completa el camino a fundación ni si el alcance del FE debe incluir todo este componente.
NO SABEMOS los ejes locales y tags de un análisis ACTUAL ejecutado: este candidato no ha sido ejecutado.","2017_67-101 — Planta fuente del elemento P1. Buscar X I–IA (IA -1.0750 m) / Y OUTBOARD <1 (1 -6.2249 m); revisar las entidades y la correspondencia cielo/piso, no solo el título.
2017_67-310 — Elevaciones: localizar el eje IA y comparar niveles. Recomendación por eje cercano, NO afirmación de que el corte atraviese este elemento fuera de eje.","¿La planta y el corte muestran una unión resistente entre E1-P1-M-022 y E1-S1-M-060, o un apoyo/transferencia diferente? Indica la llamada del detalle.","69.01599999999999","-6.2249","5.9399999999999995","7.92","-0.05","SOL_1_wall_0094","[{""analysis_id"":""POST-A-00242"",""opensees_element_tag"":10242,""element_id"":""E1-P1-M-022"",""geometry_elementTag"":""SOL_1_wall_0094"",""geometry_segment_index"":0,""type"":""wall"",""building"":""EDIFICIO_1"",""floor"":""P1"",""node_i"":355,""node_j"":356,""opensees_node_i"":355,""opensees_node_j"":356,""status"":""CANDIDATO / NO EJECUTADO"",""node_i_xyz_m"":{""tag"":355,""x"":69.016,""y"":-6.225,""z"":3.96,""building"":""EDIFICIO_1"",""reasons"":[""VERTICAL_CENTROID""]},""node_j_xyz_m"":{""tag"":356,""x"":69.016,""y"":-6.225,""z"":7.92,""building"":""EDIFICIO_1"",""reasons"":[""VERTICAL_CENTROID""]}}]","{""nearest_column"":{""id"":""E1-P1-C-022"",""floor"":""P1"",""axis_distance_xy_m"":6.312327,""face_gap_xy_m"":5.875199,""vertical_gap_m"":0,""footprint_overlap_m2"":0,""meaning"":""Proximidad geométrica; NO prueba de conexión resistente""},""nearest_wall"":{""id"":""E1-P1-M-023"",""floor"":""P1"",""axis_distance_xy_m"":0.05,""face_gap_xy_m"":0.05,""vertical_gap_m"":0,""footprint_overlap_m2"":0,""meaning"":""Proximidad geométrica; NO prueba de conexión resistente""},""below"":{""id"":""E1-S1-M-060"",""floor"":""S1"",""axis_distance_xy_m"":18.95,""face_gap_xy_m"":18.8,""vertical_gap_m"":0,""footprint_overlap_m2"":0,""meaning"":""Proximidad geométrica; NO prueba de conexión resistente""},""above"":{""id"":""E1-P2-M-009"",""floor"":""P2"",""axis_distance_xy_m"":35.461387,""face_gap_xy_m"":35.295992,""vertical_gap_m"":0,""footprint_overlap_m2"":0,""meaning"":""Proximidad geométrica; NO prueba de conexión resistente""},""candidate_junctions"":[],""component_members"":[""E1-P1-M-022""],""connected_beams_candidate"":[],""floor_visual_panels"":[""E1-P1-D-001""],""load_panel_receptor"":""NO SABEMOS: coincidencia de piso no establece panel tributario/receptor aprobado.""}","[{""endpoint"":""i"",""wall"":""E1-P1-M-023"",""axis_distance_xy_m"":0.05,""face_distance_xy_m"":0.05,""plane_z_m"":7.92,""meaning"":""Distancia horizontal de punto a segmento/huella rectangular, no conexión ni distancia 3D.""},{""endpoint"":""j"",""wall"":""E1-P1-M-023"",""axis_distance_xy_m"":2.4,""face_distance_xy_m"":2.4,""plane_z_m"":7.92,""meaning"":""Distancia horizontal de punto a segmento/huella rectangular, no conexión ni distancia 3D.""}]","[{""id"":""H1"",""statement"":""Falta representar un encuentro físico en el adaptador FE."",""for"":""La geometría existe y el componente está desconectado; revisar las distancias y vecinos medidos."",""against"":""Proximidad o solape de huellas no demuestra unión resistente ni autoriza un rigidLink."",""confidence"":""BAJA""},{""id"":""H2"",""statement"":""El elemento tiene apoyo/transferencia exterior o participa en un sistema local distinto."",""for"":""RETAINING_WALL"",""against"":""No se ha establecido un camino resistente completo ni una exclusión FE aprobada."",""confidence"":""BAJA""},{""id"":""H3"",""statement"":""El alcance, nivel o interpretación de una entidad CAD requiere revisión."",""for"":""La desconexión continúa en la regeneración actual."",""against"":""CONFIRMED_CONTOUR_PAIR"",""confidence"":""BAJA; no borrar ni mover automáticamente""}]","{""source_dxf"":""2017_67-101.dxf"",""source_layer"":""RLE-MURO_CONTOUR_PAIR"",""sourceTags"":[""P1-RLE-MURO-0044"",""P1-RLE-MURO-0046""],""source_label"":""NO ENCONTRADA"",""source_label_tag"":""NO ENCONTRADA"",""geometry_confirmation"":{""status"":""CONFIRMED_CONTOUR_PAIR"",""audit_file"":""entregas/P1L2/edificio/validacion/ed1_walls/ed1_wall_face_audit.json"",""face_ids"":[""P1-RLE-MURO-0044"",""P1-RLE-MURO-0046""],""thickness_m"":0.15},""section_source"":""NO ENCONTRADA"",""section_confidence"":""NO ENCONTRADA"",""material_source"":""2017_67-100.dxf / MTEXT 1E116 / Main ED1 through cielo P3; excludes P4, sheet600 electrical room, slabs and radier"",""CAD_handle"":""NO ENCONTRADA en el contrato canónico; sourceTags son IDs derivados, no handles DWG."",""joint_detail"":""NO ENCONTRADA inequívoca"",""dimension_joint"":""NO ENCONTRADA inequívoca"",""physical_context_audit"":{""element_id"":""E1-P1-M-022"",""building"":""EDIFICIO_1"",""floor"":""P1"",""type"":""wall"",""prior_validation"":""DISCONNECTED_ERROR"",""prior_structural_classification"":""UNRESOLVED"",""cluster"":""STAIR_ACCESS_D"",""physical_geometry"":""CONFIRMED"",""physical_classification"":""RETAINING_WALL"",""physical_support"":""TERRAIN_SUPPORTED_REVIEW"",""main_fe_participation"":""SECONDARY_STRUCTURE_EXPECTED"",""revised_diagnostic"":""PHYSICAL_CONFIRMED_TOPOGRAPHY_OR_STAIR_CONTEXT"",""duplicate_classification"":""NO_DUPLICATE"",""participates_in_FE_changed"":false,""opensees_changed"":false,""start"":[40.35,-6.2249,5.94],""end"":[42.7,-6.2249,5.94],""width_m"":0.15,""height_m"":3.9599999999999995,""source_dxf"":""2017_67-101.dxf"",""source_layer"":""RLE-MURO_CONTOUR_PAIR"",""evidence"":""Parte del recinto de acceso/escalera D, sobre zona con radier y cotas exteriores variables próximas a P1; no debe evaluarse como pieza interior aislada.""},""prior_diagnosis"":{""element_id"":""E1-P1-M-022"",""type"":""wall"",""building"":""EDIFICIO_1"",""floor"":""P1"",""classification"":""UNRESOLVED_REAL"",""qualification"":""CANDIDATE diagnosis, support path NOT APPROVED"",""cause"":""WALL_SUPPORT_PATH_REVIEW"",""primary_source"":""2017_67-101.dxf"",""decision"":""NO_REMOVAL_NO_ARTIFICIAL_SUPPORT""}}","{""SANTIAGO"":{""candidate_match"":null,""interpretation"":""Sin match en el snapshot comparado; no demuestra ausencia en todo el repositorio.""},""CACERES"":{""candidate_match"":null,""interpretation"":""Sin match en el snapshot comparado; no demuestra ausencia en todo el repositorio.""}}","[{""analysis_id"":""POST-A-00242"",""x_geometric_i_to_j_global"":[0,0,1],""y_local"":""NO SABEMOS: geomTransf actual no exportado/ejecutado"",""z_local"":""NO SABEMOS: geomTransf actual no exportado/ejecutado"",""note"":""Dirección geométrica del candidato, NO triada FE validada; no inferir My/Mz.""}]","{""center"":[69.01599999999999,-6.2249,5.9399999999999995],""i"":[67.841,-6.2249,5.9399999999999995],""j"":[70.191,-6.2249,5.9399999999999995],""z_bottom"":3.96,""z_top"":7.92}","{""center"":{""X"":{""relation"":""I–IA"",""nearest_axis"":""IA"",""offset_m"":-1.075,""text"":""I–IA (IA -1.0750 m)""},""Y"":{""relation"":""OUTBOARD <1"",""nearest_axis"":""1"",""offset_m"":-6.2249,""text"":""OUTBOARD <1 (1 -6.2249 m)""}},""i"":{""X"":{""relation"":""I–IA"",""nearest_axis"":""I"",""offset_m"":0.35,""text"":""I–IA (I +0.3500 m)""},""Y"":{""relation"":""OUTBOARD <1"",""nearest_axis"":""1"",""offset_m"":-6.2249,""text"":""OUTBOARD <1 (1 -6.2249 m)""}},""j"":{""X"":{""relation"":""IA–I'"",""nearest_axis"":""IA"",""offset_m"":0.1,""text"":""IA–I' (IA +0.1000 m)""},""Y"":{""relation"":""OUTBOARD <1"",""nearest_axis"":""1"",""offset_m"":-6.2249,""text"":""OUTBOARD <1 (1 -6.2249 m)""}}}","Localizar E1-P1-M-022 por los offsets de ejes, no por su ID (el ID es nuestro, no una etiqueta CAD).
Comparar con E1-S1-M-060: verificar contacto de caras, nivel de arranque y continuidad del hormigón.
Seguir la llamada de corte/detalle dibujada; si no aparece, registrar NO ENCONTRADA, no completar por proximidad.
Leer sección y cambios de nivel. Distinguir borde de losa de viga/muro y fotografiar la evidencia con ejes visibles.","Puede omitir el camino de cargas del componente local. Efecto global NO SABEMOS; no se ha calculado.","REVIEW_REQUIRED","FE_PENDING_43_DETAILED_REVIEW.json; 2017_67-101.dxf","",""
"28","E1-P1-M-021","B","EDIFICIO_1","P1","MURO","X I–IA (IA -1.0750 m) / Y OUTBOARD <1 (1 -0.5249 m)","El candidato sitúa este muro en POST-FLOAT-007 sin camino de conectividad a los apoyos de fundación. Respecto de E1-S1-M-060: distancia entre ejes XY 18.9501 m, separación entre huellas 18.8000 m y separación vertical 0.0000 m.","HECHO: geometría actual desde 2017_67-101.dxf, layer RLE-MURO_CONTOUR_PAIR.
HECHO: regeneración reproduce POST-FLOAT-007, 1 segmentos FE sin camino al sistema apoyado.
HECHO: geometría y resultados no modificados. Ancho/espesor 0.15 m; altura visible 3.9599999999999995 m (no confundir con sección resistente).","NO SABEMOS cuál es el detalle resistente que completa el camino a fundación ni si el alcance del FE debe incluir todo este componente.
NO SABEMOS los ejes locales y tags de un análisis ACTUAL ejecutado: este candidato no ha sido ejecutado.","2017_67-101 — Planta fuente del elemento P1. Buscar X I–IA (IA -1.0750 m) / Y OUTBOARD <1 (1 -0.5249 m); revisar las entidades y la correspondencia cielo/piso, no solo el título.
2017_67-310 — Elevaciones: localizar el eje IA y comparar niveles. Recomendación por eje cercano, NO afirmación de que el corte atraviese este elemento fuera de eje.","¿La planta y el corte muestran una unión resistente entre E1-P1-M-021 y E1-S1-M-060, o un apoyo/transferencia diferente? Indica la llamada del detalle.","69.01599999999999","-0.5249","5.9399999999999995","7.92","-0.05","SOL_1_wall_0093","[{""analysis_id"":""POST-A-00243"",""opensees_element_tag"":10243,""element_id"":""E1-P1-M-021"",""geometry_elementTag"":""SOL_1_wall_0093"",""geometry_segment_index"":0,""type"":""wall"",""building"":""EDIFICIO_1"",""floor"":""P1"",""node_i"":357,""node_j"":358,""opensees_node_i"":357,""opensees_node_j"":358,""status"":""CANDIDATO / NO EJECUTADO"",""node_i_xyz_m"":{""tag"":357,""x"":69.016,""y"":-0.525,""z"":3.96,""building"":""EDIFICIO_1"",""reasons"":[""VERTICAL_CENTROID""]},""node_j_xyz_m"":{""tag"":358,""x"":69.016,""y"":-0.525,""z"":7.92,""building"":""EDIFICIO_1"",""reasons"":[""VERTICAL_CENTROID""]}}]","{""nearest_column"":{""id"":""E1-P1-C-022"",""floor"":""P1"",""axis_distance_xy_m"":0.717678,""face_gap_xy_m"":0.180415,""vertical_gap_m"":0,""footprint_overlap_m2"":0,""meaning"":""Proximidad geométrica; NO prueba de conexión resistente""},""nearest_wall"":{""id"":""E1-P1-M-035"",""floor"":""P1"",""axis_distance_xy_m"":0.0203,""face_gap_xy_m"":0.0203,""vertical_gap_m"":0,""footprint_overlap_m2"":0,""meaning"":""Proximidad geométrica; NO prueba de conexión resistente""},""below"":{""id"":""E1-S1-M-060"",""floor"":""S1"",""axis_distance_xy_m"":18.950051,""face_gap_xy_m"":18.8,""vertical_gap_m"":0,""footprint_overlap_m2"":0,""meaning"":""Proximidad geométrica; NO prueba de conexión resistente""},""above"":{""id"":""E1-P2-M-009"",""floor"":""P2"",""axis_distance_xy_m"":34.225239,""face_gap_xy_m"":34.066393,""vertical_gap_m"":0,""footprint_overlap_m2"":0,""meaning"":""Proximidad geométrica; NO prueba de conexión resistente""},""candidate_junctions"":[],""component_members"":[""E1-P1-M-021""],""connected_beams_candidate"":[],""floor_visual_panels"":[""E1-P1-D-001""],""load_panel_receptor"":""NO SABEMOS: coincidencia de piso no establece panel tributario/receptor aprobado.""}","[{""endpoint"":""i"",""wall"":""E1-P1-M-024"",""axis_distance_xy_m"":0.05,""face_distance_xy_m"":0.05,""plane_z_m"":7.92,""meaning"":""Distancia horizontal de punto a segmento/huella rectangular, no conexión ni distancia 3D.""},{""endpoint"":""j"",""wall"":""E1-P1-M-035"",""axis_distance_xy_m"":0.0203,""face_distance_xy_m"":0.0203,""plane_z_m"":7.92,""meaning"":""Distancia horizontal de punto a segmento/huella rectangular, no conexión ni distancia 3D.""}]","[{""id"":""H1"",""statement"":""Falta representar un encuentro físico en el adaptador FE."",""for"":""La geometría existe y el componente está desconectado; revisar las distancias y vecinos medidos."",""against"":""Proximidad o solape de huellas no demuestra unión resistente ni autoriza un rigidLink."",""confidence"":""BAJA""},{""id"":""H2"",""statement"":""El elemento tiene apoyo/transferencia exterior o participa en un sistema local distinto."",""for"":""RETAINING_WALL"",""against"":""No se ha establecido un camino resistente completo ni una exclusión FE aprobada."",""confidence"":""BAJA""},{""id"":""H3"",""statement"":""El alcance, nivel o interpretación de una entidad CAD requiere revisión."",""for"":""La desconexión continúa en la regeneración actual."",""against"":""CONFIRMED_CONTOUR_PAIR"",""confidence"":""BAJA; no borrar ni mover automáticamente""}]","{""source_dxf"":""2017_67-101.dxf"",""source_layer"":""RLE-MURO_CONTOUR_PAIR"",""sourceTags"":[""P1-RLE-MURO-0050"",""P1-RLE-MURO-0052""],""source_label"":""NO ENCONTRADA"",""source_label_tag"":""NO ENCONTRADA"",""geometry_confirmation"":{""status"":""CONFIRMED_CONTOUR_PAIR"",""audit_file"":""entregas/P1L2/edificio/validacion/ed1_walls/ed1_wall_face_audit.json"",""face_ids"":[""P1-RLE-MURO-0050"",""P1-RLE-MURO-0052""],""thickness_m"":0.15},""section_source"":""NO ENCONTRADA"",""section_confidence"":""NO ENCONTRADA"",""material_source"":""2017_67-100.dxf / MTEXT 1E116 / Main ED1 through cielo P3; excludes P4, sheet600 electrical room, slabs and radier"",""CAD_handle"":""NO ENCONTRADA en el contrato canónico; sourceTags son IDs derivados, no handles DWG."",""joint_detail"":""NO ENCONTRADA inequívoca"",""dimension_joint"":""NO ENCONTRADA inequívoca"",""physical_context_audit"":{""element_id"":""E1-P1-M-021"",""building"":""EDIFICIO_1"",""floor"":""P1"",""type"":""wall"",""prior_validation"":""DISCONNECTED_ERROR"",""prior_structural_classification"":""UNRESOLVED"",""cluster"":""STAIR_ACCESS_D"",""physical_geometry"":""CONFIRMED"",""physical_classification"":""RETAINING_WALL"",""physical_support"":""TERRAIN_SUPPORTED_REVIEW"",""main_fe_participation"":""SECONDARY_STRUCTURE_EXPECTED"",""revised_diagnostic"":""PHYSICAL_CONFIRMED_TOPOGRAPHY_OR_STAIR_CONTEXT"",""duplicate_classification"":""NO_DUPLICATE"",""participates_in_FE_changed"":false,""opensees_changed"":false,""start"":[40.35,-0.5249,5.94],""end"":[42.7,-0.5249,5.94],""width_m"":0.15,""height_m"":3.9599999999999995,""source_dxf"":""2017_67-101.dxf"",""source_layer"":""RLE-MURO_CONTOUR_PAIR"",""evidence"":""Parte del recinto de acceso/escalera D, sobre zona con radier y cotas exteriores variables próximas a P1; no debe evaluarse como pieza interior aislada.""},""prior_diagnosis"":{""element_id"":""E1-P1-M-021"",""type"":""wall"",""building"":""EDIFICIO_1"",""floor"":""P1"",""classification"":""UNRESOLVED_REAL"",""qualification"":""CANDIDATE diagnosis, support path NOT APPROVED"",""cause"":""WALL_SUPPORT_PATH_REVIEW"",""primary_source"":""2017_67-101.dxf"",""decision"":""NO_REMOVAL_NO_ARTIFICIAL_SUPPORT""}}","{""SANTIAGO"":{""candidate_match"":null,""interpretation"":""Sin match en el snapshot comparado; no demuestra ausencia en todo el repositorio.""},""CACERES"":{""candidate_match"":null,""interpretation"":""Sin match en el snapshot comparado; no demuestra ausencia en todo el repositorio.""}}","[{""analysis_id"":""POST-A-00243"",""x_geometric_i_to_j_global"":[0,0,1],""y_local"":""NO SABEMOS: geomTransf actual no exportado/ejecutado"",""z_local"":""NO SABEMOS: geomTransf actual no exportado/ejecutado"",""note"":""Dirección geométrica del candidato, NO triada FE validada; no inferir My/Mz.""}]","{""center"":[69.01599999999999,-0.5249,5.9399999999999995],""i"":[67.841,-0.5249,5.9399999999999995],""j"":[70.191,-0.5249,5.9399999999999995],""z_bottom"":3.96,""z_top"":7.92}","{""center"":{""X"":{""relation"":""I–IA"",""nearest_axis"":""IA"",""offset_m"":-1.075,""text"":""I–IA (IA -1.0750 m)""},""Y"":{""relation"":""OUTBOARD <1"",""nearest_axis"":""1"",""offset_m"":-0.5249,""text"":""OUTBOARD <1 (1 -0.5249 m)""}},""i"":{""X"":{""relation"":""I–IA"",""nearest_axis"":""I"",""offset_m"":0.35,""text"":""I–IA (I +0.3500 m)""},""Y"":{""relation"":""OUTBOARD <1"",""nearest_axis"":""1"",""offset_m"":-0.5249,""text"":""OUTBOARD <1 (1 -0.5249 m)""}},""j"":{""X"":{""relation"":""IA–I'"",""nearest_axis"":""IA"",""offset_m"":0.1,""text"":""IA–I' (IA +0.1000 m)""},""Y"":{""relation"":""OUTBOARD <1"",""nearest_axis"":""1"",""offset_m"":-0.5249,""text"":""OUTBOARD <1 (1 -0.5249 m)""}}}","Localizar E1-P1-M-021 por los offsets de ejes, no por su ID (el ID es nuestro, no una etiqueta CAD).
Comparar con E1-S1-M-060: verificar contacto de caras, nivel de arranque y continuidad del hormigón.
Seguir la llamada de corte/detalle dibujada; si no aparece, registrar NO ENCONTRADA, no completar por proximidad.
Leer sección y cambios de nivel. Distinguir borde de losa de viga/muro y fotografiar la evidencia con ejes visibles.","Puede omitir el camino de cargas del componente local. Efecto global NO SABEMOS; no se ha calculado.","REVIEW_REQUIRED","FE_PENDING_43_DETAILED_REVIEW.json; 2017_67-101.dxf","",""
"29","E1-P1-M-031","B","EDIFICIO_1","P1","MURO","X SOBRE EJE IA (IA -0.0000 m) / Y OUTBOARD <1 (1 -11.1362 m)","El candidato sitúa este muro en POST-FLOAT-008 sin camino de conectividad a los apoyos de fundación. Respecto de E1-S1-M-060: distancia entre ejes XY 21.3386 m, separación entre huellas 21.0903 m y separación vertical 0.0000 m.","HECHO: geometría actual desde 2017_67-101.dxf, layer RLE-MURO_CONTOUR_PAIR.
HECHO: regeneración reproduce POST-FLOAT-008, 1 segmentos FE sin camino al sistema apoyado.
HECHO: geometría y resultados no modificados. Ancho/espesor 0.2 m; altura visible 3.9599999999999995 m (no confundir con sección resistente).","NO SABEMOS cuál es el detalle resistente que completa el camino a fundación ni si el alcance del FE debe incluir todo este componente.
NO SABEMOS los ejes locales y tags de un análisis ACTUAL ejecutado: este candidato no ha sido ejecutado.","2017_67-101 — Planta fuente del elemento P1. Buscar X SOBRE EJE IA (IA -0.0000 m) / Y OUTBOARD <1 (1 -11.1362 m); revisar las entidades y la correspondencia cielo/piso, no solo el título.
2017_67-310 — Elevaciones: localizar el eje IA y comparar niveles. Recomendación por eje cercano, NO afirmación de que el corte atraviese este elemento fuera de eje.","¿La planta y el corte muestran una unión resistente entre E1-P1-M-031 y E1-S1-M-060, o un apoyo/transferencia diferente? Indica la llamada del detalle.","70.091","-11.1362","5.9399999999999995","7.92","-0.05","SOL_1_wall_0088","[{""analysis_id"":""POST-A-00245"",""opensees_element_tag"":10245,""element_id"":""E1-P1-M-031"",""geometry_elementTag"":""SOL_1_wall_0088"",""geometry_segment_index"":0,""type"":""wall"",""building"":""EDIFICIO_1"",""floor"":""P1"",""node_i"":361,""node_j"":362,""opensees_node_i"":361,""opensees_node_j"":362,""status"":""CANDIDATO / NO EJECUTADO"",""node_i_xyz_m"":{""tag"":361,""x"":70.091,""y"":-11.136,""z"":3.96,""building"":""EDIFICIO_1"",""reasons"":[""VERTICAL_CENTROID""]},""node_j_xyz_m"":{""tag"":362,""x"":70.091,""y"":-11.136,""z"":7.92,""building"":""EDIFICIO_1"",""reasons"":[""VERTICAL_CENTROID""]}}]","{""nearest_column"":{""id"":""E1-P1-C-024"",""floor"":""P1"",""axis_distance_xy_m"":11.097274,""face_gap_xy_m"":10.664437,""vertical_gap_m"":0,""footprint_overlap_m2"":0,""meaning"":""Proximidad geométrica; NO prueba de conexión resistente""},""nearest_wall"":{""id"":""E1-P1-M-036"",""floor"":""P1"",""axis_distance_xy_m"":0.156436,""face_gap_xy_m"":0.0203,""vertical_gap_m"":0,""footprint_overlap_m2"":0,""meaning"":""Proximidad geométrica; NO prueba de conexión resistente""},""below"":{""id"":""E1-S1-M-060"",""floor"":""S1"",""axis_distance_xy_m"":21.33863,""face_gap_xy_m"":21.090273,""vertical_gap_m"":0,""footprint_overlap_m2"":0,""meaning"":""Proximidad geométrica; NO prueba de conexión resistente""},""above"":{""id"":""E1-P2-M-009"",""floor"":""P2"",""axis_distance_xy_m"":39.130362,""face_gap_xy_m"":38.89952,""vertical_gap_m"":0,""footprint_overlap_m2"":0,""meaning"":""Proximidad geométrica; NO prueba de conexión resistente""},""candidate_junctions"":[],""component_members"":[""E1-P1-M-031""],""connected_beams_candidate"":[],""floor_visual_panels"":[""E1-P1-D-001""],""load_panel_receptor"":""NO SABEMOS: coincidencia de piso no establece panel tributario/receptor aprobado.""}","[{""endpoint"":""i"",""wall"":""E1-P1-M-036"",""axis_distance_xy_m"":0.787641,""face_distance_xy_m"":0.688984,""plane_z_m"":7.92,""meaning"":""Distancia horizontal de punto a segmento/huella rectangular, no conexión ni distancia 3D.""},{""endpoint"":""j"",""wall"":""E1-P1-M-036"",""axis_distance_xy_m"":0.156436,""face_distance_xy_m"":0.1203,""plane_z_m"":7.92,""meaning"":""Distancia horizontal de punto a segmento/huella rectangular, no conexión ni distancia 3D.""}]","[{""id"":""H1"",""statement"":""Falta representar un encuentro físico en el adaptador FE."",""for"":""La geometría existe y el componente está desconectado; revisar las distancias y vecinos medidos."",""against"":""Proximidad o solape de huellas no demuestra unión resistente ni autoriza un rigidLink."",""confidence"":""BAJA""},{""id"":""H2"",""statement"":""El elemento tiene apoyo/transferencia exterior o participa en un sistema local distinto."",""for"":""EXTERIOR_STAIR_MEMBER"",""against"":""No se ha establecido un camino resistente completo ni una exclusión FE aprobada."",""confidence"":""BAJA""},{""id"":""H3"",""statement"":""El alcance, nivel o interpretación de una entidad CAD requiere revisión."",""for"":""La desconexión continúa en la regeneración actual."",""against"":""CONFIRMED_CONTOUR_PAIR"",""confidence"":""BAJA; no borrar ni mover automáticamente""}]","{""source_dxf"":""2017_67-101.dxf"",""source_layer"":""RLE-MURO_CONTOUR_PAIR"",""sourceTags"":[""P1-RLE-MURO-0038"",""P1-RLE-MURO-0039""],""source_label"":""NO ENCONTRADA"",""source_label_tag"":""NO ENCONTRADA"",""geometry_confirmation"":{""status"":""CONFIRMED_CONTOUR_PAIR"",""audit_file"":""entregas/P1L2/edificio/validacion/ed1_walls/ed1_wall_face_audit.json"",""face_ids"":[""P1-RLE-MURO-0038"",""P1-RLE-MURO-0039""],""thickness_m"":0.2},""section_source"":""NO ENCONTRADA"",""section_confidence"":""NO ENCONTRADA"",""material_source"":""2017_67-100.dxf / MTEXT 1E116 / Main ED1 through cielo P3; excludes P4, sheet600 electrical room, slabs and radier"",""CAD_handle"":""NO ENCONTRADA en el contrato canónico; sourceTags son IDs derivados, no handles DWG."",""joint_detail"":""NO ENCONTRADA inequívoca"",""dimension_joint"":""NO ENCONTRADA inequívoca"",""physical_context_audit"":{""element_id"":""E1-P1-M-031"",""building"":""EDIFICIO_1"",""floor"":""P1"",""type"":""wall"",""prior_validation"":""DISCONNECTED_ERROR"",""prior_structural_classification"":""UNRESOLVED"",""cluster"":""STAIR_ACCESS_D"",""physical_geometry"":""CONFIRMED"",""physical_classification"":""EXTERIOR_STAIR_MEMBER"",""physical_support"":""TERRAIN_SUPPORTED_REVIEW"",""main_fe_participation"":""SECONDARY_STRUCTURE_EXPECTED"",""revised_diagnostic"":""PHYSICAL_CONFIRMED_TOPOGRAPHY_OR_STAIR_CONTEXT"",""duplicate_classification"":""NO_DUPLICATE"",""participates_in_FE_changed"":false,""opensees_changed"":false,""start"":[42.6,-11.4754,5.94],""end"":[42.6,-10.797,5.94],""width_m"":0.2,""height_m"":3.9599999999999995,""source_dxf"":""2017_67-101.dxf"",""source_layer"":""RLE-MURO_CONTOUR_PAIR"",""evidence"":""Parte del recinto de acceso/escalera D, sobre zona con radier y cotas exteriores variables próximas a P1; no debe evaluarse como pieza interior aislada.""},""prior_diagnosis"":{""element_id"":""E1-P1-M-031"",""type"":""wall"",""building"":""EDIFICIO_1"",""floor"":""P1"",""classification"":""UNRESOLVED_REAL"",""qualification"":""CANDIDATE diagnosis, support path NOT APPROVED"",""cause"":""WALL_SUPPORT_PATH_REVIEW"",""primary_source"":""2017_67-101.dxf"",""decision"":""NO_REMOVAL_NO_ARTIFICIAL_SUPPORT""}}","{""SANTIAGO"":{""candidate_match"":null,""interpretation"":""Sin match en el snapshot comparado; no demuestra ausencia en todo el repositorio.""},""CACERES"":{""candidate_match"":null,""interpretation"":""Sin match en el snapshot comparado; no demuestra ausencia en todo el repositorio.""}}","[{""analysis_id"":""POST-A-00245"",""x_geometric_i_to_j_global"":[0,0,1],""y_local"":""NO SABEMOS: geomTransf actual no exportado/ejecutado"",""z_local"":""NO SABEMOS: geomTransf actual no exportado/ejecutado"",""note"":""Dirección geométrica del candidato, NO triada FE validada; no inferir My/Mz.""}]","{""center"":[70.091,-11.1362,5.9399999999999995],""i"":[70.091,-11.4754,5.9399999999999995],""j"":[70.091,-10.797,5.9399999999999995],""z_bottom"":3.96,""z_top"":7.92}","{""center"":{""X"":{""relation"":""SOBRE EJE IA"",""nearest_axis"":""IA"",""offset_m"":0,""text"":""SOBRE EJE IA (IA -0.0000 m)""},""Y"":{""relation"":""OUTBOARD <1"",""nearest_axis"":""1"",""offset_m"":-11.1362,""text"":""OUTBOARD <1 (1 -11.1362 m)""}},""i"":{""X"":{""relation"":""SOBRE EJE IA"",""nearest_axis"":""IA"",""offset_m"":0,""text"":""SOBRE EJE IA (IA -0.0000 m)""},""Y"":{""relation"":""OUTBOARD <1"",""nearest_axis"":""1"",""offset_m"":-11.4754,""text"":""OUTBOARD <1 (1 -11.4754 m)""}},""j"":{""X"":{""relation"":""SOBRE EJE IA"",""nearest_axis"":""IA"",""offset_m"":0,""text"":""SOBRE EJE IA (IA -0.0000 m)""},""Y"":{""relation"":""OUTBOARD <1"",""nearest_axis"":""1"",""offset_m"":-10.797,""text"":""OUTBOARD <1 (1 -10.7970 m)""}}}","Localizar E1-P1-M-031 por los offsets de ejes, no por su ID (el ID es nuestro, no una etiqueta CAD).
Comparar con E1-S1-M-060: verificar contacto de caras, nivel de arranque y continuidad del hormigón.
Seguir la llamada de corte/detalle dibujada; si no aparece, registrar NO ENCONTRADA, no completar por proximidad.
Leer sección y cambios de nivel. Distinguir borde de losa de viga/muro y fotografiar la evidencia con ejes visibles.","Puede omitir el camino de cargas del componente local. Efecto global NO SABEMOS; no se ha calculado.","REVIEW_REQUIRED","FE_PENDING_43_DETAILED_REVIEW.json; 2017_67-101.dxf","",""
"30","E1-P1-M-034","B","EDIFICIO_1","P1","MURO","X SOBRE EJE IA (IA -0.0000 m) / Y OUTBOARD <1 (1 -10.3310 m)","El candidato sitúa este muro en POST-FLOAT-009 sin camino de conectividad a los apoyos de fundación. Respecto de E1-S1-M-060: distancia entre ejes XY 21.2678 m, separación entre huellas 21.0186 m y separación vertical 0.0000 m.","HECHO: geometría actual desde 2017_67-101.dxf, layer RLE-MURO_CONTOUR_PAIR.
HECHO: regeneración reproduce POST-FLOAT-009, 1 segmentos FE sin camino al sistema apoyado.
HECHO: geometría y resultados no modificados. Ancho/espesor 0.2 m; altura visible 3.9599999999999995 m (no confundir con sección resistente).","NO SABEMOS cuál es el detalle resistente que completa el camino a fundación ni si el alcance del FE debe incluir todo este componente.
NO SABEMOS los ejes locales y tags de un análisis ACTUAL ejecutado: este candidato no ha sido ejecutado.","2017_67-101 — Planta fuente del elemento P1. Buscar X SOBRE EJE IA (IA -0.0000 m) / Y OUTBOARD <1 (1 -10.3310 m); revisar las entidades y la correspondencia cielo/piso, no solo el título.
2017_67-310 — Elevaciones: localizar el eje IA y comparar niveles. Recomendación por eje cercano, NO afirmación de que el corte atraviese este elemento fuera de eje.","¿La planta y el corte muestran una unión resistente entre E1-P1-M-034 y E1-S1-M-060, o un apoyo/transferencia diferente? Indica la llamada del detalle.","70.091","-10.33105","5.9399999999999995","7.92","-0.05","SOL_1_wall_0085","[{""analysis_id"":""POST-A-00246"",""opensees_element_tag"":10246,""element_id"":""E1-P1-M-034"",""geometry_elementTag"":""SOL_1_wall_0085"",""geometry_segment_index"":0,""type"":""wall"",""building"":""EDIFICIO_1"",""floor"":""P1"",""node_i"":363,""node_j"":364,""opensees_node_i"":363,""opensees_node_j"":364,""status"":""CANDIDATO / NO EJECUTADO"",""node_i_xyz_m"":{""tag"":363,""x"":70.091,""y"":-10.331,""z"":3.96,""building"":""EDIFICIO_1"",""reasons"":[""VERTICAL_CENTROID""]},""node_j_xyz_m"":{""tag"":364,""x"":70.091,""y"":-10.331,""z"":7.92,""building"":""EDIFICIO_1"",""reasons"":[""VERTICAL_CENTROID""]}}]","{""nearest_column"":{""id"":""E1-P1-C-024"",""floor"":""P1"",""axis_distance_xy_m"":10.383902,""face_gap_xy_m"":9.945777,""vertical_gap_m"":0,""footprint_overlap_m2"":0,""meaning"":""Proximidad geométrica; NO prueba de conexión resistente""},""nearest_wall"":{""id"":""E1-P1-M-036"",""floor"":""P1"",""axis_distance_xy_m"":0.156436,""face_gap_xy_m"":0.0203,""vertical_gap_m"":0,""footprint_overlap_m2"":0,""meaning"":""Proximidad geométrica; NO prueba de conexión resistente""},""below"":{""id"":""E1-S1-M-060"",""floor"":""S1"",""axis_distance_xy_m"":21.267772,""face_gap_xy_m"":21.018578,""vertical_gap_m"":0,""footprint_overlap_m2"":0,""meaning"":""Proximidad geométrica; NO prueba de conexión resistente""},""above"":{""id"":""E1-P2-M-009"",""floor"":""P2"",""axis_distance_xy_m"":38.856085,""face_gap_xy_m"":38.623604,""vertical_gap_m"":0,""footprint_overlap_m2"":0,""meaning"":""Proximidad geométrica; NO prueba de conexión resistente""},""candidate_junctions"":[],""component_members"":[""E1-P1-M-034""],""connected_beams_candidate"":[],""floor_visual_panels"":[""E1-P1-D-001""],""load_panel_receptor"":""NO SABEMOS: coincidencia de piso no establece panel tributario/receptor aprobado.""}","[{""endpoint"":""i"",""wall"":""E1-P1-M-036"",""axis_distance_xy_m"":0.156436,""face_distance_xy_m"":0.1203,""plane_z_m"":7.92,""meaning"":""Distancia horizontal de punto a segmento/huella rectangular, no conexión ni distancia 3D.""},{""endpoint"":""j"",""wall"":""E1-P1-M-036"",""axis_distance_xy_m"":0.643249,""face_distance_xy_m"":0.545334,""plane_z_m"":7.92,""meaning"":""Distancia horizontal de punto a segmento/huella rectangular, no conexión ni distancia 3D.""}]","[{""id"":""H1"",""statement"":""Falta representar un encuentro físico en el adaptador FE."",""for"":""La geometría existe y el componente está desconectado; revisar las distancias y vecinos medidos."",""against"":""Proximidad o solape de huellas no demuestra unión resistente ni autoriza un rigidLink."",""confidence"":""BAJA""},{""id"":""H2"",""statement"":""El elemento tiene apoyo/transferencia exterior o participa en un sistema local distinto."",""for"":""EXTERIOR_STAIR_MEMBER"",""against"":""No se ha establecido un camino resistente completo ni una exclusión FE aprobada."",""confidence"":""BAJA""},{""id"":""H3"",""statement"":""El alcance, nivel o interpretación de una entidad CAD requiere revisión."",""for"":""La desconexión continúa en la regeneración actual."",""against"":""CONFIRMED_CONTOUR_PAIR"",""confidence"":""BAJA; no borrar ni mover automáticamente""}]","{""source_dxf"":""2017_67-101.dxf"",""source_layer"":""RLE-MURO_CONTOUR_PAIR"",""sourceTags"":[""P1-RLE-MURO-0035"",""P1-RLE-MURO-0039""],""source_label"":""NO ENCONTRADA"",""source_label_tag"":""NO ENCONTRADA"",""geometry_confirmation"":{""status"":""CONFIRMED_CONTOUR_PAIR"",""audit_file"":""entregas/P1L2/edificio/validacion/ed1_walls/ed1_wall_face_audit.json"",""face_ids"":[""P1-RLE-MURO-0035"",""P1-RLE-MURO-0039""],""thickness_m"":0.2},""section_source"":""NO ENCONTRADA"",""section_confidence"":""NO ENCONTRADA"",""material_source"":""2017_67-100.dxf / MTEXT 1E116 / Main ED1 through cielo P3; excludes P4, sheet600 electrical room, slabs and radier"",""CAD_handle"":""NO ENCONTRADA en el contrato canónico; sourceTags son IDs derivados, no handles DWG."",""joint_detail"":""NO ENCONTRADA inequívoca"",""dimension_joint"":""NO ENCONTRADA inequívoca"",""physical_context_audit"":{""element_id"":""E1-P1-M-034"",""building"":""EDIFICIO_1"",""floor"":""P1"",""type"":""wall"",""prior_validation"":""DISCONNECTED_ERROR"",""prior_structural_classification"":""UNRESOLVED"",""cluster"":""STAIR_ACCESS_D"",""physical_geometry"":""CONFIRMED"",""physical_classification"":""EXTERIOR_STAIR_MEMBER"",""physical_support"":""TERRAIN_SUPPORTED_REVIEW"",""main_fe_participation"":""SECONDARY_STRUCTURE_EXPECTED"",""revised_diagnostic"":""PHYSICAL_CONFIRMED_TOPOGRAPHY_OR_STAIR_CONTEXT"",""duplicate_classification"":""NO_DUPLICATE"",""participates_in_FE_changed"":false,""opensees_changed"":false,""start"":[42.6,-10.597,5.94],""end"":[42.6,-10.0651,5.94],""width_m"":0.2,""height_m"":3.9599999999999995,""source_dxf"":""2017_67-101.dxf"",""source_layer"":""RLE-MURO_CONTOUR_PAIR"",""evidence"":""Parte del recinto de acceso/escalera D, sobre zona con radier y cotas exteriores variables próximas a P1; no debe evaluarse como pieza interior aislada.""},""prior_diagnosis"":{""element_id"":""E1-P1-M-034"",""type"":""wall"",""building"":""EDIFICIO_1"",""floor"":""P1"",""classification"":""UNRESOLVED_REAL"",""qualification"":""CANDIDATE diagnosis, support path NOT APPROVED"",""cause"":""WALL_SUPPORT_PATH_REVIEW"",""primary_source"":""2017_67-101.dxf"",""decision"":""NO_REMOVAL_NO_ARTIFICIAL_SUPPORT""}}","{""SANTIAGO"":{""candidate_match"":null,""interpretation"":""Sin match en el snapshot comparado; no demuestra ausencia en todo el repositorio.""},""CACERES"":{""candidate_match"":null,""interpretation"":""Sin match en el snapshot comparado; no demuestra ausencia en todo el repositorio.""}}","[{""analysis_id"":""POST-A-00246"",""x_geometric_i_to_j_global"":[0,0,1],""y_local"":""NO SABEMOS: geomTransf actual no exportado/ejecutado"",""z_local"":""NO SABEMOS: geomTransf actual no exportado/ejecutado"",""note"":""Dirección geométrica del candidato, NO triada FE validada; no inferir My/Mz.""}]","{""center"":[70.091,-10.33105,5.9399999999999995],""i"":[70.091,-10.597,5.9399999999999995],""j"":[70.091,-10.0651,5.9399999999999995],""z_bottom"":3.96,""z_top"":7.92}","{""center"":{""X"":{""relation"":""SOBRE EJE IA"",""nearest_axis"":""IA"",""offset_m"":0,""text"":""SOBRE EJE IA (IA -0.0000 m)""},""Y"":{""relation"":""OUTBOARD <1"",""nearest_axis"":""1"",""offset_m"":-10.33105,""text"":""OUTBOARD <1 (1 -10.3310 m)""}},""i"":{""X"":{""relation"":""SOBRE EJE IA"",""nearest_axis"":""IA"",""offset_m"":0,""text"":""SOBRE EJE IA (IA -0.0000 m)""},""Y"":{""relation"":""OUTBOARD <1"",""nearest_axis"":""1"",""offset_m"":-10.597,""text"":""OUTBOARD <1 (1 -10.5970 m)""}},""j"":{""X"":{""relation"":""SOBRE EJE IA"",""nearest_axis"":""IA"",""offset_m"":0,""text"":""SOBRE EJE IA (IA -0.0000 m)""},""Y"":{""relation"":""OUTBOARD <1"",""nearest_axis"":""1"",""offset_m"":-10.0651,""text"":""OUTBOARD <1 (1 -10.0651 m)""}}}","Localizar E1-P1-M-034 por los offsets de ejes, no por su ID (el ID es nuestro, no una etiqueta CAD).
Comparar con E1-S1-M-060: verificar contacto de caras, nivel de arranque y continuidad del hormigón.
Seguir la llamada de corte/detalle dibujada; si no aparece, registrar NO ENCONTRADA, no completar por proximidad.
Leer sección y cambios de nivel. Distinguir borde de losa de viga/muro y fotografiar la evidencia con ejes visibles.","Puede omitir el camino de cargas del componente local. Efecto global NO SABEMOS; no se ha calculado.","REVIEW_REQUIRED","FE_PENDING_43_DETAILED_REVIEW.json; 2017_67-101.dxf","",""
"31","E1-P1-M-036","B","EDIFICIO_1","P1","MURO","X IA–I' (I' -1.0172 m) / Y OUTBOARD <1 (1 -10.6970 m)","El candidato sitúa este muro en POST-FLOAT-010 sin camino de conectividad a los apoyos de fundación. Respecto de E1-S1-M-060: distancia entre ejes XY 21.4471 m, separación entre huellas 21.2873 m y separación vertical 0.0000 m.","HECHO: geometría actual desde 2017_67-101.dxf, layer RLE-MURO_CONTOUR_PAIR.
HECHO: regeneración reproduce POST-FLOAT-010, 1 segmentos FE sin camino al sistema apoyado.
HECHO: geometría y resultados no modificados. Ancho/espesor 0.2 m; altura visible 3.9599999999999995 m (no confundir con sección resistente).","NO SABEMOS cuál es el detalle resistente que completa el camino a fundación ni si el alcance del FE debe incluir todo este componente.
NO SABEMOS los ejes locales y tags de un análisis ACTUAL ejecutado: este candidato no ha sido ejecutado.","2017_67-101 — Planta fuente del elemento P1. Buscar X IA–I' (I' -1.0172 m) / Y OUTBOARD <1 (1 -10.6970 m); revisar las entidades y la correspondencia cielo/piso, no solo el título.
2017_67-310 — Elevaciones: localizar el eje I' y comparar niveles. Recomendación por eje cercano, NO afirmación de que el corte atraviese este elemento fuera de eje.","¿La planta y el corte muestran una unión resistente entre E1-P1-M-036 y E1-S1-M-060, o un apoyo/transferencia diferente? Indica la llamada del detalle.","71.4738","-10.697","5.9399999999999995","7.92","-0.05","SOL_1_wall_0086","[{""analysis_id"":""POST-A-00247"",""opensees_element_tag"":10247,""element_id"":""E1-P1-M-036"",""geometry_elementTag"":""SOL_1_wall_0086"",""geometry_segment_index"":0,""type"":""wall"",""building"":""EDIFICIO_1"",""floor"":""P1"",""node_i"":365,""node_j"":366,""opensees_node_i"":365,""opensees_node_j"":366,""status"":""CANDIDATO / NO EJECUTADO"",""node_i_xyz_m"":{""tag"":365,""x"":71.474,""y"":-10.697,""z"":3.96,""building"":""EDIFICIO_1"",""reasons"":[""VERTICAL_CENTROID""]},""node_j_xyz_m"":{""tag"":366,""x"":71.474,""y"":-10.697,""z"":7.92,""building"":""EDIFICIO_1"",""reasons"":[""VERTICAL_CENTROID""]}}]","{""nearest_column"":{""id"":""E1-P1-C-024"",""floor"":""P1"",""axis_distance_xy_m"":10.734637,""face_gap_xy_m"":10.284637,""vertical_gap_m"":0,""footprint_overlap_m2"":0,""meaning"":""Proximidad geométrica; NO prueba de conexión resistente""},""nearest_wall"":{""id"":""E1-P1-M-037"",""floor"":""P1"",""axis_distance_xy_m"":0.15,""face_gap_xy_m"":0,""vertical_gap_m"":0,""footprint_overlap_m2"":0,""meaning"":""Proximidad geométrica; NO prueba de conexión resistente""},""below"":{""id"":""E1-S1-M-060"",""floor"":""S1"",""axis_distance_xy_m"":21.447066,""face_gap_xy_m"":21.287258,""vertical_gap_m"":0,""footprint_overlap_m2"":0,""meaning"":""Proximidad geométrica; NO prueba de conexión resistente""},""above"":{""id"":""E1-P2-M-009"",""floor"":""P2"",""axis_distance_xy_m"":39.203465,""face_gap_xy_m"":39.026752,""vertical_gap_m"":0,""footprint_overlap_m2"":0,""meaning"":""Proximidad geométrica; NO prueba de conexión resistente""},""candidate_junctions"":[],""component_members"":[""E1-P1-M-036""],""connected_beams_candidate"":[],""floor_visual_panels"":[""E1-P1-D-001""],""load_panel_receptor"":""NO SABEMOS: coincidencia de piso no establece panel tributario/receptor aprobado.""}","[{""endpoint"":""i"",""wall"":""E1-P1-M-034"",""axis_distance_xy_m"":0.156436,""face_distance_xy_m"":0.10204,""plane_z_m"":7.92,""meaning"":""Distancia horizontal de punto a segmento/huella rectangular, no conexión ni distancia 3D.""},{""endpoint"":""j"",""wall"":""E1-P1-M-037"",""axis_distance_xy_m"":0.15,""face_distance_xy_m"":0,""plane_z_m"":7.92,""meaning"":""Distancia horizontal de punto a segmento/huella rectangular, no conexión ni distancia 3D.""}]","[{""id"":""H1"",""statement"":""Falta representar un encuentro físico en el adaptador FE."",""for"":""La geometría existe y el componente está desconectado; revisar las distancias y vecinos medidos."",""against"":""Proximidad o solape de huellas no demuestra unión resistente ni autoriza un rigidLink."",""confidence"":""BAJA""},{""id"":""H2"",""statement"":""El elemento tiene apoyo/transferencia exterior o participa en un sistema local distinto."",""for"":""RETAINING_WALL"",""against"":""No se ha establecido un camino resistente completo ni una exclusión FE aprobada."",""confidence"":""BAJA""},{""id"":""H3"",""statement"":""El alcance, nivel o interpretación de una entidad CAD requiere revisión."",""for"":""La desconexión continúa en la regeneración actual."",""against"":""CONFIRMED_CONTOUR_PAIR"",""confidence"":""BAJA; no borrar ni mover automáticamente""}]","{""source_dxf"":""2017_67-101.dxf"",""source_layer"":""RLE-MURO_CONTOUR_PAIR"",""sourceTags"":[""P1-RLE-MURO-0036"",""P1-RLE-MURO-0037""],""source_label"":""M.H.A. e=20"",""source_label_tag"":""LBL_1_wall_label_0092"",""geometry_confirmation"":{""status"":""CONFIRMED_CONTOUR_PAIR"",""audit_file"":""entregas/P1L2/edificio/validacion/ed1_walls/ed1_wall_face_audit.json"",""face_ids"":[""P1-RLE-MURO-0036"",""P1-RLE-MURO-0037""],""thickness_m"":0.2},""section_source"":""NO ENCONTRADA"",""section_confidence"":""NO ENCONTRADA"",""material_source"":""2017_67-100.dxf / MTEXT 1E116 / Main ED1 through cielo P3; excludes P4, sheet600 electrical room, slabs and radier"",""CAD_handle"":""NO ENCONTRADA en el contrato canónico; sourceTags son IDs derivados, no handles DWG."",""joint_detail"":""NO ENCONTRADA inequívoca"",""dimension_joint"":""NO ENCONTRADA inequívoca"",""physical_context_audit"":{""element_id"":""E1-P1-M-036"",""building"":""EDIFICIO_1"",""floor"":""P1"",""type"":""wall"",""prior_validation"":""DISCONNECTED_ERROR"",""prior_structural_classification"":""UNRESOLVED"",""cluster"":""STAIR_ACCESS_D"",""physical_geometry"":""CONFIRMED"",""physical_classification"":""RETAINING_WALL"",""physical_support"":""TERRAIN_SUPPORTED_REVIEW"",""main_fe_participation"":""SECONDARY_STRUCTURE_EXPECTED"",""revised_diagnostic"":""PHYSICAL_CONFIRMED_TOPOGRAPHY_OR_STAIR_CONTEXT"",""duplicate_classification"":""NO_DUPLICATE"",""participates_in_FE_changed"":false,""opensees_changed"":false,""start"":[42.7203,-10.697,5.94],""end"":[45.2453,-10.697,5.94],""width_m"":0.2,""height_m"":3.9599999999999995,""source_dxf"":""2017_67-101.dxf"",""source_layer"":""RLE-MURO_CONTOUR_PAIR"",""evidence"":""Parte del recinto de acceso/escalera D, sobre zona con radier y cotas exteriores variables próximas a P1; no debe evaluarse como pieza interior aislada.""},""prior_diagnosis"":{""element_id"":""E1-P1-M-036"",""type"":""wall"",""building"":""EDIFICIO_1"",""floor"":""P1"",""classification"":""UNRESOLVED_REAL"",""qualification"":""CANDIDATE diagnosis, support path NOT APPROVED"",""cause"":""WALL_SUPPORT_PATH_REVIEW"",""primary_source"":""2017_67-101.dxf"",""decision"":""NO_REMOVAL_NO_ARTIFICIAL_SUPPORT""}}","{""SANTIAGO"":{""candidate_match"":null,""interpretation"":""Sin match en el snapshot comparado; no demuestra ausencia en todo el repositorio.""},""CACERES"":{""candidate_match"":null,""interpretation"":""Sin match en el snapshot comparado; no demuestra ausencia en todo el repositorio.""}}","[{""analysis_id"":""POST-A-00247"",""x_geometric_i_to_j_global"":[0,0,1],""y_local"":""NO SABEMOS: geomTransf actual no exportado/ejecutado"",""z_local"":""NO SABEMOS: geomTransf actual no exportado/ejecutado"",""note"":""Dirección geométrica del candidato, NO triada FE validada; no inferir My/Mz.""}]","{""center"":[71.4738,-10.697,5.9399999999999995],""i"":[70.2113,-10.697,5.9399999999999995],""j"":[72.7363,-10.697,5.9399999999999995],""z_bottom"":3.96,""z_top"":7.92}","{""center"":{""X"":{""relation"":""IA–I'"",""nearest_axis"":""I'"",""offset_m"":-1.0172,""text"":""IA–I' (I' -1.0172 m)""},""Y"":{""relation"":""OUTBOARD <1"",""nearest_axis"":""1"",""offset_m"":-10.697,""text"":""OUTBOARD <1 (1 -10.6970 m)""}},""i"":{""X"":{""relation"":""IA–I'"",""nearest_axis"":""IA"",""offset_m"":0.1203,""text"":""IA–I' (IA +0.1203 m)""},""Y"":{""relation"":""OUTBOARD <1"",""nearest_axis"":""1"",""offset_m"":-10.697,""text"":""OUTBOARD <1 (1 -10.6970 m)""}},""j"":{""X"":{""relation"":""I'–IB"",""nearest_axis"":""I'"",""offset_m"":0.2453,""text"":""I'–IB (I' +0.2453 m)""},""Y"":{""relation"":""OUTBOARD <1"",""nearest_axis"":""1"",""offset_m"":-10.697,""text"":""OUTBOARD <1 (1 -10.6970 m)""}}}","Localizar E1-P1-M-036 por los offsets de ejes, no por su ID (el ID es nuestro, no una etiqueta CAD).
Comparar con E1-S1-M-060: verificar contacto de caras, nivel de arranque y continuidad del hormigón.
Seguir la llamada de corte/detalle dibujada; si no aparece, registrar NO ENCONTRADA, no completar por proximidad.
Leer sección y cambios de nivel. Distinguir borde de losa de viga/muro y fotografiar la evidencia con ejes visibles.","Puede omitir el camino de cargas del componente local. Efecto global NO SABEMOS; no se ha calculado.","REVIEW_REQUIRED","FE_PENDING_43_DETAILED_REVIEW.json; 2017_67-101.dxf","",""
"32","E1-P1-M-035","B","EDIFICIO_1","P1","MURO","X IA–I' (I' -1.0172 m) / Y OUTBOARD <1 (1 -0.5249 m)","El candidato sitúa este muro en POST-FLOAT-011 sin camino de conectividad a los apoyos de fundación. Respecto de E1-S1-M-060: distancia entre ejes XY 21.3203 m, separación entre huellas 21.1703 m y separación vertical 0.0000 m.","HECHO: geometría actual desde 2017_67-101.dxf, layer RLE-MURO_CONTOUR_PAIR.
HECHO: regeneración reproduce POST-FLOAT-011, 1 segmentos FE sin camino al sistema apoyado.
HECHO: geometría y resultados no modificados. Ancho/espesor 0.15 m; altura visible 3.9599999999999995 m (no confundir con sección resistente).","NO SABEMOS cuál es el detalle resistente que completa el camino a fundación ni si el alcance del FE debe incluir todo este componente.
NO SABEMOS los ejes locales y tags de un análisis ACTUAL ejecutado: este candidato no ha sido ejecutado.","2017_67-101 — Planta fuente del elemento P1. Buscar X IA–I' (I' -1.0172 m) / Y OUTBOARD <1 (1 -0.5249 m); revisar las entidades y la correspondencia cielo/piso, no solo el título.
2017_67-310 — Elevaciones: localizar el eje I' y comparar niveles. Recomendación por eje cercano, NO afirmación de que el corte atraviese este elemento fuera de eje.","¿La planta y el corte muestran una unión resistente entre E1-P1-M-035 y E1-S1-M-060, o un apoyo/transferencia diferente? Indica la llamada del detalle.","71.4738","-0.5249","5.9399999999999995","7.92","-0.05","SOL_1_wall_0087","[{""analysis_id"":""POST-A-00248"",""opensees_element_tag"":10248,""element_id"":""E1-P1-M-035"",""geometry_elementTag"":""SOL_1_wall_0087"",""geometry_segment_index"":0,""type"":""wall"",""building"":""EDIFICIO_1"",""floor"":""P1"",""node_i"":367,""node_j"":368,""opensees_node_i"":367,""opensees_node_j"":368,""status"":""CANDIDATO / NO EJECUTADO"",""node_i_xyz_m"":{""tag"":367,""x"":71.474,""y"":-0.525,""z"":3.96,""building"":""EDIFICIO_1"",""reasons"":[""VERTICAL_CENTROID""]},""node_j_xyz_m"":{""tag"":368,""x"":71.474,""y"":-0.525,""z"":7.92,""building"":""EDIFICIO_1"",""reasons"":[""VERTICAL_CENTROID""]}}]","{""nearest_column"":{""id"":""E1-P1-C-024"",""floor"":""P1"",""axis_distance_xy_m"":0.562537,""face_gap_xy_m"":0.137537,""vertical_gap_m"":0,""footprint_overlap_m2"":0,""meaning"":""Proximidad geométrica; NO prueba de conexión resistente""},""nearest_wall"":{""id"":""E1-P1-M-021"",""floor"":""P1"",""axis_distance_xy_m"":0.0203,""face_gap_xy_m"":0.0203,""vertical_gap_m"":0,""footprint_overlap_m2"":0,""meaning"":""Proximidad geométrica; NO prueba de conexión resistente""},""below"":{""id"":""E1-S1-M-060"",""floor"":""S1"",""axis_distance_xy_m"":21.320345,""face_gap_xy_m"":21.1703,""vertical_gap_m"":0,""footprint_overlap_m2"":0,""meaning"":""Proximidad geométrica; NO prueba de conexión resistente""},""above"":{""id"":""E1-P2-M-009"",""floor"":""P2"",""axis_distance_xy_m"":36.574474,""face_gap_xy_m"":36.416111,""vertical_gap_m"":0,""footprint_overlap_m2"":0,""meaning"":""Proximidad geométrica; NO prueba de conexión resistente""},""candidate_junctions"":[],""component_members"":[""E1-P1-M-035""],""connected_beams_candidate"":[],""floor_visual_panels"":[""E1-P1-D-001""],""load_panel_receptor"":""NO SABEMOS: coincidencia de piso no establece panel tributario/receptor aprobado.""}","[{""endpoint"":""i"",""wall"":""E1-P1-M-021"",""axis_distance_xy_m"":0.0203,""face_distance_xy_m"":0.0203,""plane_z_m"":7.92,""meaning"":""Distancia horizontal de punto a segmento/huella rectangular, no conexión ni distancia 3D.""},{""endpoint"":""j"",""wall"":""E1-P1-M-037"",""axis_distance_xy_m"":0.15,""face_distance_xy_m"":0,""plane_z_m"":7.92,""meaning"":""Distancia horizontal de punto a segmento/huella rectangular, no conexión ni distancia 3D.""}]","[{""id"":""H1"",""statement"":""Falta representar un encuentro físico en el adaptador FE."",""for"":""La geometría existe y el componente está desconectado; revisar las distancias y vecinos medidos."",""against"":""Proximidad o solape de huellas no demuestra unión resistente ni autoriza un rigidLink."",""confidence"":""BAJA""},{""id"":""H2"",""statement"":""El elemento tiene apoyo/transferencia exterior o participa en un sistema local distinto."",""for"":""RETAINING_WALL"",""against"":""No se ha establecido un camino resistente completo ni una exclusión FE aprobada."",""confidence"":""BAJA""},{""id"":""H3"",""statement"":""El alcance, nivel o interpretación de una entidad CAD requiere revisión."",""for"":""La desconexión continúa en la regeneración actual."",""against"":""CONFIRMED_CONTOUR_PAIR"",""confidence"":""BAJA; no borrar ni mover automáticamente""}]","{""source_dxf"":""2017_67-101.dxf"",""source_layer"":""RLE-MURO_CONTOUR_PAIR"",""sourceTags"":[""P1-RLE-MURO-0050"",""P1-RLE-MURO-0052""],""source_label"":""NO ENCONTRADA"",""source_label_tag"":""NO ENCONTRADA"",""geometry_confirmation"":{""status"":""CONFIRMED_CONTOUR_PAIR"",""audit_file"":""entregas/P1L2/edificio/validacion/ed1_walls/ed1_wall_face_audit.json"",""face_ids"":[""P1-RLE-MURO-0050"",""P1-RLE-MURO-0052""],""thickness_m"":0.15},""section_source"":""NO ENCONTRADA"",""section_confidence"":""NO ENCONTRADA"",""material_source"":""2017_67-100.dxf / MTEXT 1E116 / Main ED1 through cielo P3; excludes P4, sheet600 electrical room, slabs and radier"",""CAD_handle"":""NO ENCONTRADA en el contrato canónico; sourceTags son IDs derivados, no handles DWG."",""joint_detail"":""NO ENCONTRADA inequívoca"",""dimension_joint"":""NO ENCONTRADA inequívoca"",""physical_context_audit"":{""element_id"":""E1-P1-M-035"",""building"":""EDIFICIO_1"",""floor"":""P1"",""type"":""wall"",""prior_validation"":""DISCONNECTED_ERROR"",""prior_structural_classification"":""UNRESOLVED"",""cluster"":""STAIR_ACCESS_D"",""physical_geometry"":""CONFIRMED"",""physical_classification"":""RETAINING_WALL"",""physical_support"":""TERRAIN_SUPPORTED_REVIEW"",""main_fe_participation"":""SECONDARY_STRUCTURE_EXPECTED"",""revised_diagnostic"":""PHYSICAL_CONFIRMED_TOPOGRAPHY_OR_STAIR_CONTEXT"",""duplicate_classification"":""NO_DUPLICATE"",""participates_in_FE_changed"":false,""opensees_changed"":false,""start"":[42.7203,-0.5249,5.94],""end"":[45.2453,-0.5249,5.94],""width_m"":0.15,""height_m"":3.9599999999999995,""source_dxf"":""2017_67-101.dxf"",""source_layer"":""RLE-MURO_CONTOUR_PAIR"",""evidence"":""Parte del recinto de acceso/escalera D, sobre zona con radier y cotas exteriores variables próximas a P1; no debe evaluarse como pieza interior aislada.""},""prior_diagnosis"":{""element_id"":""E1-P1-M-035"",""type"":""wall"",""building"":""EDIFICIO_1"",""floor"":""P1"",""classification"":""UNRESOLVED_REAL"",""qualification"":""CANDIDATE diagnosis, support path NOT APPROVED"",""cause"":""WALL_SUPPORT_PATH_REVIEW"",""primary_source"":""2017_67-101.dxf"",""decision"":""NO_REMOVAL_NO_ARTIFICIAL_SUPPORT""}}","{""SANTIAGO"":{""candidate_match"":null,""interpretation"":""Sin match en el snapshot comparado; no demuestra ausencia en todo el repositorio.""},""CACERES"":{""candidate_match"":null,""interpretation"":""Sin match en el snapshot comparado; no demuestra ausencia en todo el repositorio.""}}","[{""analysis_id"":""POST-A-00248"",""x_geometric_i_to_j_global"":[0,0,1],""y_local"":""NO SABEMOS: geomTransf actual no exportado/ejecutado"",""z_local"":""NO SABEMOS: geomTransf actual no exportado/ejecutado"",""note"":""Dirección geométrica del candidato, NO triada FE validada; no inferir My/Mz.""}]","{""center"":[71.4738,-0.5249,5.9399999999999995],""i"":[70.2113,-0.5249,5.9399999999999995],""j"":[72.7363,-0.5249,5.9399999999999995],""z_bottom"":3.96,""z_top"":7.92}","{""center"":{""X"":{""relation"":""IA–I'"",""nearest_axis"":""I'"",""offset_m"":-1.0172,""text"":""IA–I' (I' -1.0172 m)""},""Y"":{""relation"":""OUTBOARD <1"",""nearest_axis"":""1"",""offset_m"":-0.5249,""text"":""OUTBOARD <1 (1 -0.5249 m)""}},""i"":{""X"":{""relation"":""IA–I'"",""nearest_axis"":""IA"",""offset_m"":0.1203,""text"":""IA–I' (IA +0.1203 m)""},""Y"":{""relation"":""OUTBOARD <1"",""nearest_axis"":""1"",""offset_m"":-0.5249,""text"":""OUTBOARD <1 (1 -0.5249 m)""}},""j"":{""X"":{""relation"":""I'–IB"",""nearest_axis"":""I'"",""offset_m"":0.2453,""text"":""I'–IB (I' +0.2453 m)""},""Y"":{""relation"":""OUTBOARD <1"",""nearest_axis"":""1"",""offset_m"":-0.5249,""text"":""OUTBOARD <1 (1 -0.5249 m)""}}}","Localizar E1-P1-M-035 por los offsets de ejes, no por su ID (el ID es nuestro, no una etiqueta CAD).
Comparar con E1-S1-M-060: verificar contacto de caras, nivel de arranque y continuidad del hormigón.
Seguir la llamada de corte/detalle dibujada; si no aparece, registrar NO ENCONTRADA, no completar por proximidad.
Leer sección y cambios de nivel. Distinguir borde de losa de viga/muro y fotografiar la evidencia con ejes visibles.","Puede omitir el camino de cargas del componente local. Efecto global NO SABEMOS; no se ha calculado.","REVIEW_REQUIRED","FE_PENDING_43_DETAILED_REVIEW.json; 2017_67-101.dxf","",""
"33","E1-P1-M-037","B","EDIFICIO_1","P1","MURO","X I'–IB (I' +0.3953 m) / Y OUTBOARD <1 (1 -5.9627 m)","El candidato sitúa este muro en POST-FLOAT-012 sin camino de conectividad a los apoyos de fundación. Respecto de E1-S1-M-060: distancia entre ejes XY 23.9953 m, separación entre huellas 23.6953 m y separación vertical 0.0000 m.","HECHO: geometría actual desde 2017_67-101.dxf, layer RLE-MURO_CONTOUR_PAIR.
HECHO: regeneración reproduce POST-FLOAT-012, 7 segmentos FE sin camino al sistema apoyado.
HECHO: geometría y resultados no modificados. Ancho/espesor 0.3 m; altura visible 3.9599999999999995 m (no confundir con sección resistente).","NO SABEMOS cuál es el detalle resistente que completa el camino a fundación ni si el alcance del FE debe incluir todo este componente.
NO SABEMOS los ejes locales y tags de un análisis ACTUAL ejecutado: este candidato no ha sido ejecutado.","2017_67-101 — Planta fuente del elemento P1. Buscar X I'–IB (I' +0.3953 m) / Y OUTBOARD <1 (1 -5.9627 m); revisar las entidades y la correspondencia cielo/piso, no solo el título.
2017_67-310 — Elevaciones: localizar el eje I' y comparar niveles. Recomendación por eje cercano, NO afirmación de que el corte atraviese este elemento fuera de eje.","¿La planta y el corte muestran una unión resistente entre E1-P1-M-037 y E1-S1-M-060, o un apoyo/transferencia diferente? Indica la llamada del detalle.","72.8863","-5.96265","5.9399999999999995","7.92","-0.05","SOL_1_wall_0090","[{""analysis_id"":""POST-A-00250"",""opensees_element_tag"":10250,""element_id"":""E1-P1-M-037"",""geometry_elementTag"":""SOL_1_wall_0090"",""geometry_segment_index"":0,""type"":""wall"",""building"":""EDIFICIO_1"",""floor"":""P1"",""node_i"":371,""node_j"":372,""opensees_node_i"":371,""opensees_node_j"":372,""status"":""CANDIDATO / NO EJECUTADO"",""node_i_xyz_m"":{""tag"":371,""x"":72.886,""y"":-5.963,""z"":3.96,""building"":""EDIFICIO_1"",""reasons"":[""VERTICAL_CENTROID""]},""node_j_xyz_m"":{""tag"":372,""x"":72.886,""y"":-5.963,""z"":7.92,""building"":""EDIFICIO_1"",""reasons"":[""VERTICAL_CENTROID""]}}]","{""nearest_column"":{""id"":""E1-P1-C-024"",""floor"":""P1"",""axis_distance_xy_m"":0.62764,""face_gap_xy_m"":0.137537,""vertical_gap_m"":0,""footprint_overlap_m2"":0,""meaning"":""Proximidad geométrica; NO prueba de conexión resistente""},""nearest_wall"":{""id"":""E1-P1-M-036"",""floor"":""P1"",""axis_distance_xy_m"":0.15,""face_gap_xy_m"":0,""vertical_gap_m"":0,""footprint_overlap_m2"":0,""meaning"":""Proximidad geométrica; NO prueba de conexión resistente""},""below"":{""id"":""E1-S1-M-060"",""floor"":""S1"",""axis_distance_xy_m"":23.9953,""face_gap_xy_m"":23.6953,""vertical_gap_m"":0,""footprint_overlap_m2"":0,""meaning"":""Proximidad geométrica; NO prueba de conexión resistente""},""above"":{""id"":""E1-P2-M-009"",""floor"":""P2"",""axis_distance_xy_m"":39.219817,""face_gap_xy_m"":38.921932,""vertical_gap_m"":0,""footprint_overlap_m2"":0,""meaning"":""Proximidad geométrica; NO prueba de conexión resistente""},""candidate_junctions"":[""E1-P1-V-098""],""component_members"":[""E1-P1-M-016"",""E1-P1-M-020"",""E1-P1-M-024"",""E1-P1-M-037"",""E1-P1-V-068"",""E1-P1-V-072"",""E1-P1-V-098""],""connected_beams_candidate"":[""E1-P1-V-098""],""floor_visual_panels"":[""E1-P1-D-001""],""load_panel_receptor"":""NO SABEMOS: coincidencia de piso no establece panel tributario/receptor aprobado.""}","[{""endpoint"":""i"",""wall"":""E1-P1-M-036"",""axis_distance_xy_m"":0.792721,""face_distance_xy_m"":0.694785,""plane_z_m"":7.92,""meaning"":""Distancia horizontal de punto a segmento/huella rectangular, no conexión ni distancia 3D.""},{""endpoint"":""j"",""wall"":""E1-P1-M-035"",""axis_distance_xy_m"":0.167705,""face_distance_xy_m"":0.15,""plane_z_m"":7.92,""meaning"":""Distancia horizontal de punto a segmento/huella rectangular, no conexión ni distancia 3D.""}]","[{""id"":""H1"",""statement"":""Falta representar un encuentro físico en el adaptador FE."",""for"":""La geometría existe y el componente está desconectado; revisar las distancias y vecinos medidos."",""against"":""Proximidad o solape de huellas no demuestra unión resistente ni autoriza un rigidLink."",""confidence"":""BAJA""},{""id"":""H2"",""statement"":""El elemento tiene apoyo/transferencia exterior o participa en un sistema local distinto."",""for"":""RETAINING_WALL"",""against"":""No se ha establecido un camino resistente completo ni una exclusión FE aprobada."",""confidence"":""BAJA""},{""id"":""H3"",""statement"":""El alcance, nivel o interpretación de una entidad CAD requiere revisión."",""for"":""La desconexión continúa en la regeneración actual."",""against"":""CONFIRMED_CONTOUR_PAIR"",""confidence"":""BAJA; no borrar ni mover automáticamente""}]","{""source_dxf"":""2017_67-101.dxf"",""source_layer"":""RLE-MURO_CONTOUR_PAIR"",""sourceTags"":[""P1-RLE-MURO-0040"",""P1-RLE-MURO-0041""],""source_label"":""M.H.A. e=30"",""source_label_tag"":""LBL_1_wall_label_0097"",""geometry_confirmation"":{""status"":""CONFIRMED_CONTOUR_PAIR"",""audit_file"":""entregas/P1L2/edificio/validacion/ed1_walls/ed1_wall_face_audit.json"",""face_ids"":[""P1-RLE-MURO-0040"",""P1-RLE-MURO-0041""],""thickness_m"":0.3},""section_source"":""NO ENCONTRADA"",""section_confidence"":""NO ENCONTRADA"",""material_source"":""2017_67-100.dxf / MTEXT 1E116 / Main ED1 through cielo P3; excludes P4, sheet600 electrical room, slabs and radier"",""CAD_handle"":""NO ENCONTRADA en el contrato canónico; sourceTags son IDs derivados, no handles DWG."",""joint_detail"":""NO ENCONTRADA inequívoca"",""dimension_joint"":""NO ENCONTRADA inequívoca"",""physical_context_audit"":{""element_id"":""E1-P1-M-037"",""building"":""EDIFICIO_1"",""floor"":""P1"",""type"":""wall"",""prior_validation"":""DISCONNECTED_ERROR"",""prior_structural_classification"":""UNRESOLVED"",""cluster"":""STAIR_ACCESS_D"",""physical_geometry"":""CONFIRMED"",""physical_classification"":""RETAINING_WALL"",""physical_support"":""TERRAIN_SUPPORTED_REVIEW"",""main_fe_participation"":""SECONDARY_STRUCTURE_EXPECTED"",""revised_diagnostic"":""PHYSICAL_CONFIRMED_TOPOGRAPHY_OR_STAIR_CONTEXT"",""duplicate_classification"":""NO_DUPLICATE"",""participates_in_FE_changed"":false,""opensees_changed"":false,""start"":[45.3953,-11.4754,5.94],""end"":[45.3953,-0.4499,5.94],""width_m"":0.3,""height_m"":3.9599999999999995,""source_dxf"":""2017_67-101.dxf"",""source_layer"":""RLE-MURO_CONTOUR_PAIR"",""evidence"":""Parte del recinto de acceso/escalera D, sobre zona con radier y cotas exteriores variables próximas a P1; no debe evaluarse como pieza interior aislada.""},""prior_diagnosis"":{""element_id"":""E1-P1-M-037"",""type"":""wall"",""building"":""EDIFICIO_1"",""floor"":""P1"",""classification"":""UNRESOLVED_REAL"",""qualification"":""CANDIDATE diagnosis, support path NOT APPROVED"",""cause"":""WALL_SUPPORT_PATH_REVIEW"",""primary_source"":""2017_67-101.dxf"",""decision"":""NO_REMOVAL_NO_ARTIFICIAL_SUPPORT""}}","{""SANTIAGO"":{""candidate_match"":null,""interpretation"":""Sin match en el snapshot comparado; no demuestra ausencia en todo el repositorio.""},""CACERES"":{""candidate_match"":null,""interpretation"":""Sin match en el snapshot comparado; no demuestra ausencia en todo el repositorio.""}}","[{""analysis_id"":""POST-A-00250"",""x_geometric_i_to_j_global"":[0,0,1],""y_local"":""NO SABEMOS: geomTransf actual no exportado/ejecutado"",""z_local"":""NO SABEMOS: geomTransf actual no exportado/ejecutado"",""note"":""Dirección geométrica del candidato, NO triada FE validada; no inferir My/Mz.""}]","{""center"":[72.8863,-5.96265,5.9399999999999995],""i"":[72.8863,-11.4754,5.9399999999999995],""j"":[72.8863,-0.4499,5.9399999999999995],""z_bottom"":3.96,""z_top"":7.92}","{""center"":{""X"":{""relation"":""I'–IB"",""nearest_axis"":""I'"",""offset_m"":0.3953,""text"":""I'–IB (I' +0.3953 m)""},""Y"":{""relation"":""OUTBOARD <1"",""nearest_axis"":""1"",""offset_m"":-5.96265,""text"":""OUTBOARD <1 (1 -5.9627 m)""}},""i"":{""X"":{""relation"":""I'–IB"",""nearest_axis"":""I'"",""offset_m"":0.3953,""text"":""I'–IB (I' +0.3953 m)""},""Y"":{""relation"":""OUTBOARD <1"",""nearest_axis"":""1"",""offset_m"":-11.4754,""text"":""OUTBOARD <1 (1 -11.4754 m)""}},""j"":{""X"":{""relation"":""I'–IB"",""nearest_axis"":""I'"",""offset_m"":0.3953,""text"":""I'–IB (I' +0.3953 m)""},""Y"":{""relation"":""OUTBOARD <1"",""nearest_axis"":""1"",""offset_m"":-0.4499,""text"":""OUTBOARD <1 (1 -0.4499 m)""}}}","Localizar E1-P1-M-037 por los offsets de ejes, no por su ID (el ID es nuestro, no una etiqueta CAD).
Comparar con E1-S1-M-060: verificar contacto de caras, nivel de arranque y continuidad del hormigón.
Seguir la llamada de corte/detalle dibujada; si no aparece, registrar NO ENCONTRADA, no completar por proximidad.
Leer sección y cambios de nivel. Distinguir borde de losa de viga/muro y fotografiar la evidencia con ejes visibles.","Puede omitir el camino de cargas del componente local. Efecto global NO SABEMOS; no se ha calculado.","REVIEW_REQUIRED","FE_PENDING_43_DETAILED_REVIEW.json; 2017_67-101.dxf","",""
"34","E1-P1-V-068","B","EDIFICIO_1","P1","VIGA","X SOBRE EJE H1 (H1 +0.0000 m) / Y OUTBOARD <1 (1 -2.0499 m)","El candidato sitúa este viga en POST-FLOAT-012 sin camino de conectividad a los apoyos de fundación. Respecto de E1-P1-M-024: distancia entre ejes XY 0.0750 m, separación entre huellas 0.0000 m y separación vertical 0.0000 m.","HECHO: geometría actual desde 2017_67-101.dxf, layer RLE-VIGA_CONTOUR_CENTERLINE.
HECHO: regeneración reproduce POST-FLOAT-012, 7 segmentos FE sin camino al sistema apoyado.
HECHO: geometría y resultados no modificados. Ancho/espesor 0.15 m; altura visible 1.0 m (no confundir con sección resistente).","NO SABEMOS cuál es el detalle resistente que completa el camino a fundación ni si el alcance del FE debe incluir todo este componente.
NO SABEMOS los ejes locales y tags de un análisis ACTUAL ejecutado: este candidato no ha sido ejecutado.","2017_67-101 — Planta fuente del elemento P1. Buscar X SOBRE EJE H1 (H1 +0.0000 m) / Y OUTBOARD <1 (1 -2.0499 m); revisar las entidades y la correspondencia cielo/piso, no solo el título.
2017_67-306 — Elevaciones: localizar el eje H1 y comparar niveles. Recomendación por eje cercano, NO afirmación de que el corte atraviese este elemento fuera de eje.","¿La planta y el corte muestran una unión resistente entre E1-P1-V-068 y E1-P1-M-024, o un apoyo/transferencia diferente? Indica la llamada del detalle.","61.316","-2.0499","7.42","7.92","-0.05","SOL_1_beam_0185","[{""analysis_id"":""POST-A-00664"",""opensees_element_tag"":10664,""element_id"":""E1-P1-V-068"",""geometry_elementTag"":""SOL_1_beam_0185"",""geometry_segment_index"":0,""type"":""beam"",""building"":""EDIFICIO_1"",""floor"":""P1"",""node_i"":1212,""node_j"":519,""opensees_node_i"":1212,""opensees_node_j"":519,""status"":""CANDIDATO / NO EJECUTADO"",""node_i_xyz_m"":{""tag"":1212,""x"":61.316,""y"":-3.5,""z"":7.92,""building"":""EDIFICIO_1"",""reasons"":[""BEAM_BEAM_FOOTPRINT_INTERSECTION"",""VALIDATION""]},""node_j_xyz_m"":{""tag"":519,""x"":61.316,""y"":-0.6,""z"":7.92,""building"":""EDIFICIO_1"",""reasons"":[""BEAM_WALL_INTERSECTION"",""VALIDATION""]}}]","{""nearest_column"":{""id"":""E1-P1-C-013"",""floor"":""P1"",""axis_distance_xy_m"":3.87774,""face_gap_xy_m"":3.41211,""vertical_gap_m"":0,""footprint_overlap_m2"":0,""meaning"":""Proximidad geométrica; NO prueba de conexión resistente""},""nearest_wall"":{""id"":""E1-P1-M-024"",""floor"":""P1"",""axis_distance_xy_m"":0.075,""face_gap_xy_m"":0,""vertical_gap_m"":0,""footprint_overlap_m2"":0,""meaning"":""Proximidad geométrica; NO prueba de conexión resistente""},""below"":{""id"":""E1-S1-V-079"",""floor"":""S1"",""axis_distance_xy_m"":13.419104,""face_gap_xy_m"":13.211045,""vertical_gap_m"":2.96,""footprint_overlap_m2"":0,""meaning"":""Proximidad geométrica; NO prueba de conexión resistente""},""above"":{""id"":""E1-P2-V-089"",""floor"":""P2"",""axis_distance_xy_m"":0.7813,""face_gap_xy_m"":0.4813,""vertical_gap_m"":3.16,""footprint_overlap_m2"":0,""meaning"":""Proximidad geométrica; NO prueba de conexión resistente""},""candidate_junctions"":[""E1-P1-M-024"",""E1-P1-V-072""],""component_members"":[""E1-P1-M-016"",""E1-P1-M-020"",""E1-P1-M-024"",""E1-P1-M-037"",""E1-P1-V-068"",""E1-P1-V-072"",""E1-P1-V-098""],""connected_beams_candidate"":[""E1-P1-V-072""],""floor_visual_panels"":[""E1-P1-D-001""],""load_panel_receptor"":""NO SABEMOS: coincidencia de piso no establece panel tributario/receptor aprobado.""}","[{""endpoint"":""i"",""wall"":""E1-P1-M-016"",""axis_distance_xy_m"":1.44325,""face_distance_xy_m"":1.4413,""plane_z_m"":7.92,""meaning"":""Distancia horizontal de punto a segmento/huella rectangular, no conexión ni distancia 3D.""},{""endpoint"":""j"",""wall"":""E1-P1-M-024"",""axis_distance_xy_m"":0.075,""face_distance_xy_m"":0,""plane_z_m"":7.92,""meaning"":""Distancia horizontal de punto a segmento/huella rectangular, no conexión ni distancia 3D.""}]","[{""id"":""H1"",""statement"":""Falta representar un encuentro físico en el adaptador FE."",""for"":""La geometría existe y el componente está desconectado; revisar las distancias y vecinos medidos."",""against"":""Proximidad o solape de huellas no demuestra unión resistente ni autoriza un rigidLink."",""confidence"":""BAJA""},{""id"":""H2"",""statement"":""El elemento tiene apoyo/transferencia exterior o participa en un sistema local distinto."",""for"":""LANDING_BEAM"",""against"":""No se ha establecido un camino resistente completo ni una exclusión FE aprobada."",""confidence"":""BAJA""},{""id"":""H3"",""statement"":""El alcance, nivel o interpretación de una entidad CAD requiere revisión."",""for"":""La desconexión continúa en la regeneración actual."",""against"":""CONFIRMED_LABEL_WIDTH"",""confidence"":""BAJA; no borrar ni mover automáticamente""}]","{""source_dxf"":""2017_67-101.dxf"",""source_layer"":""RLE-VIGA_CONTOUR_CENTERLINE"",""sourceTags"":[""P1-VB-0106"",""P1-VB-0109""],""source_label"":""NO ENCONTRADA"",""source_label_tag"":""NO ENCONTRADA"",""geometry_confirmation"":{""status"":""CONFIRMED_LABEL_WIDTH"",""proposal_file"":""entregas/P1L2/edificio/validacion/ed1_beams/ed1_beam_centerline_proposal.json"",""face_ids"":[""P1-VB-0106"",""P1-VB-0109""],""width_m"":0.15},""section_source"":""CAD_CONTOUR_WIDTH+TEXT_LABEL"",""section_confidence"":""CONFIRMED_FROM_GEOMETRY_AND_LABEL"",""material_source"":""2017_67-100.dxf / MTEXT 1E116 / Main ED1 through cielo P3; excludes P4, sheet600 electrical room, slabs and radier"",""CAD_handle"":""NO ENCONTRADA en el contrato canónico; sourceTags son IDs derivados, no handles DWG."",""joint_detail"":""NO ENCONTRADA inequívoca"",""dimension_joint"":""NO ENCONTRADA inequívoca"",""physical_context_audit"":{""element_id"":""E1-P1-V-068"",""building"":""EDIFICIO_1"",""floor"":""P1"",""type"":""beam"",""prior_validation"":""UNRESOLVED"",""prior_structural_classification"":""UNRESOLVED"",""cluster"":""STAIR_ACCESS_D"",""physical_geometry"":""CONFIRMED"",""physical_classification"":""LANDING_BEAM"",""physical_support"":""MEMBER_FOOTPRINT_CONNECTION"",""main_fe_participation"":""SECONDARY_STRUCTURE_EXPECTED"",""revised_diagnostic"":""PHYSICAL_CONFIRMED_TOPOGRAPHY_OR_STAIR_CONTEXT"",""duplicate_classification"":""NO_DUPLICATE"",""participates_in_FE_changed"":false,""opensees_changed"":false,""start"":[33.825,-3.4999,7.42],""end"":[33.825,-0.5999,7.42],""width_m"":0.15,""height_m"":1,""source_dxf"":""2017_67-101.dxf"",""source_layer"":""RLE-VIGA_CONTOUR_CENTERLINE"",""evidence"":""Parte del recinto de acceso/escalera D, sobre zona con radier y cotas exteriores variables próximas a P1; no debe evaluarse como pieza interior aislada.""},""prior_diagnosis"":{""element_id"":""E1-P1-V-068"",""type"":""beam"",""building"":""EDIFICIO_1"",""floor"":""P1"",""classification"":""UNRESOLVED_REAL"",""qualification"":""CANDIDATE diagnosis, support path NOT APPROVED"",""cause"":""ED1_OUTBOARD_BEAM_SUPPORT_REVIEW"",""primary_source"":""2017_67-101.dxf"",""decision"":""NO_REMOVAL_NO_ARTIFICIAL_SUPPORT""}}","{""SANTIAGO"":{""candidate_match"":null,""interpretation"":""Sin match en el snapshot comparado; no demuestra ausencia en todo el repositorio.""},""CACERES"":{""candidate_match"":null,""interpretation"":""Sin match en el snapshot comparado; no demuestra ausencia en todo el repositorio.""}}","[{""analysis_id"":""POST-A-00664"",""x_geometric_i_to_j_global"":[0,1,0],""y_local"":""NO SABEMOS: geomTransf actual no exportado/ejecutado"",""z_local"":""NO SABEMOS: geomTransf actual no exportado/ejecutado"",""note"":""Dirección geométrica del candidato, NO triada FE validada; no inferir My/Mz.""}]","{""center"":[61.316,-2.0499,7.42],""i"":[61.316,-3.4999,7.42],""j"":[61.316,-0.5999,7.42],""z_bottom"":6.92,""z_top"":7.92}","{""center"":{""X"":{""relation"":""SOBRE EJE H1"",""nearest_axis"":""H1"",""offset_m"":0,""text"":""SOBRE EJE H1 (H1 +0.0000 m)""},""Y"":{""relation"":""OUTBOARD <1"",""nearest_axis"":""1"",""offset_m"":-2.0499,""text"":""OUTBOARD <1 (1 -2.0499 m)""}},""i"":{""X"":{""relation"":""SOBRE EJE H1"",""nearest_axis"":""H1"",""offset_m"":0,""text"":""SOBRE EJE H1 (H1 +0.0000 m)""},""Y"":{""relation"":""OUTBOARD <1"",""nearest_axis"":""1"",""offset_m"":-3.4999,""text"":""OUTBOARD <1 (1 -3.4999 m)""}},""j"":{""X"":{""relation"":""SOBRE EJE H1"",""nearest_axis"":""H1"",""offset_m"":0,""text"":""SOBRE EJE H1 (H1 +0.0000 m)""},""Y"":{""relation"":""OUTBOARD <1"",""nearest_axis"":""1"",""offset_m"":-0.5999,""text"":""OUTBOARD <1 (1 -0.5999 m)""}}}","Localizar E1-P1-V-068 por los offsets de ejes, no por su ID (el ID es nuestro, no una etiqueta CAD).
Comparar con E1-P1-M-024: verificar contacto de caras, nivel de arranque y continuidad del hormigón.
Seguir la llamada de corte/detalle dibujada; si no aparece, registrar NO ENCONTRADA, no completar por proximidad.
Leer sección y cambios de nivel. Distinguir borde de losa de viga/muro y fotografiar la evidencia con ejes visibles.","Puede omitir el camino de cargas del componente local. Efecto global NO SABEMOS; no se ha calculado.","REVIEW_REQUIRED","FE_PENDING_43_DETAILED_REVIEW.json; 2017_67-101.dxf","",""
"35","E1-P1-V-072","B","EDIFICIO_1","P1","VIGA","X H'–H2 (H' +0.1061 m) / Y OUTBOARD <1 (1 -3.5749 m)","El candidato sitúa este viga en POST-FLOAT-012 sin camino de conectividad a los apoyos de fundación. Respecto de E1-P1-M-016: distancia entre ejes XY 0.0000 m, separación entre huellas 0.0000 m y separación vertical 0.0000 m.","HECHO: geometría actual desde 2017_67-101.dxf, layer RLE-VIGA_CONTOUR_CENTERLINE.
HECHO: regeneración reproduce POST-FLOAT-012, 7 segmentos FE sin camino al sistema apoyado.
HECHO: geometría y resultados no modificados. Ancho/espesor 0.15 m; altura visible 1.0 m (no confundir con sección resistente).","NO SABEMOS cuál es el detalle resistente que completa el camino a fundación ni si el alcance del FE debe incluir todo este componente.
NO SABEMOS los ejes locales y tags de un análisis ACTUAL ejecutado: este candidato no ha sido ejecutado.","2017_67-101 — Planta fuente del elemento P1. Buscar X H'–H2 (H' +0.1061 m) / Y OUTBOARD <1 (1 -3.5749 m); revisar las entidades y la correspondencia cielo/piso, no solo el título.
2017_67-305 — Elevaciones: localizar el eje H' y comparar niveles. Recomendación por eje cercano, NO afirmación de que el corte atraviese este elemento fuera de eje.","¿La planta y el corte muestran una unión resistente entre E1-P1-V-072 y E1-P1-M-016, o un apoyo/transferencia diferente? Indica la llamada del detalle.","62.07415","-3.5749","7.42","7.92","-0.05","SOL_1_beam_0186","[{""analysis_id"":""POST-A-00665"",""opensees_element_tag"":10665,""element_id"":""E1-P1-V-072"",""geometry_elementTag"":""SOL_1_beam_0186"",""geometry_segment_index"":0,""type"":""beam"",""building"":""EDIFICIO_1"",""floor"":""P1"",""node_i"":1213,""node_j"":521,""opensees_node_i"":1213,""opensees_node_j"":521,""status"":""CANDIDATO / NO EJECUTADO"",""node_i_xyz_m"":{""tag"":1213,""x"":61.391,""y"":-3.575,""z"":7.92,""building"":""EDIFICIO_1"",""reasons"":[""BEAM_BEAM_FOOTPRINT_INTERSECTION"",""VALIDATION""]},""node_j_xyz_m"":{""tag"":521,""x"":62.757,""y"":-3.575,""z"":7.92,""building"":""EDIFICIO_1"",""reasons"":[""BEAM_WALL_INTERSECTION"",""VALIDATION""]}}]","{""nearest_column"":{""id"":""E1-P1-C-013"",""floor"":""P1"",""axis_distance_xy_m"":5.316033,""face_gap_xy_m"":4.771027,""vertical_gap_m"":0,""footprint_overlap_m2"":0,""meaning"":""Proximidad geométrica; NO prueba de conexión resistente""},""nearest_wall"":{""id"":""E1-P1-M-016"",""floor"":""P1"",""axis_distance_xy_m"":0,""face_gap_xy_m"":0,""vertical_gap_m"":0,""footprint_overlap_m2"":0,""meaning"":""Proximidad geométrica; NO prueba de conexión resistente""},""below"":{""id"":""E1-S1-V-079"",""floor"":""S1"",""axis_distance_xy_m"":13.460574,""face_gap_xy_m"":13.293461,""vertical_gap_m"":2.96,""footprint_overlap_m2"":0,""meaning"":""Proximidad geométrica; NO prueba de conexión resistente""},""above"":{""id"":""E1-P2-V-089"",""floor"":""P2"",""axis_distance_xy_m"":3.7563,""face_gap_xy_m"":3.3813,""vertical_gap_m"":3.16,""footprint_overlap_m2"":0,""meaning"":""Proximidad geométrica; NO prueba de conexión resistente""},""candidate_junctions"":[""E1-P1-M-016"",""E1-P1-V-068""],""component_members"":[""E1-P1-M-016"",""E1-P1-M-020"",""E1-P1-M-024"",""E1-P1-M-037"",""E1-P1-V-068"",""E1-P1-V-072"",""E1-P1-V-098""],""connected_beams_candidate"":[""E1-P1-V-068""],""floor_visual_panels"":[""E1-P1-D-001""],""load_panel_receptor"":""NO SABEMOS: coincidencia de piso no establece panel tributario/receptor aprobado.""}","[{""endpoint"":""i"",""wall"":""E1-P1-M-016"",""axis_distance_xy_m"":1.3663,""face_distance_xy_m"":1.3663,""plane_z_m"":7.92,""meaning"":""Distancia horizontal de punto a segmento/huella rectangular, no conexión ni distancia 3D.""},{""endpoint"":""j"",""wall"":""E1-P1-M-016"",""axis_distance_xy_m"":0,""face_distance_xy_m"":0,""plane_z_m"":7.92,""meaning"":""Distancia horizontal de punto a segmento/huella rectangular, no conexión ni distancia 3D.""}]","[{""id"":""H1"",""statement"":""Falta representar un encuentro físico en el adaptador FE."",""for"":""La geometría existe y el componente está desconectado; revisar las distancias y vecinos medidos."",""against"":""Proximidad o solape de huellas no demuestra unión resistente ni autoriza un rigidLink."",""confidence"":""BAJA""},{""id"":""H2"",""statement"":""El elemento tiene apoyo/transferencia exterior o participa en un sistema local distinto."",""for"":""LANDING_BEAM"",""against"":""No se ha establecido un camino resistente completo ni una exclusión FE aprobada."",""confidence"":""BAJA""},{""id"":""H3"",""statement"":""El alcance, nivel o interpretación de una entidad CAD requiere revisión."",""for"":""La desconexión continúa en la regeneración actual."",""against"":""CONFIRMED_RESIDUAL_LABEL_WIDTH"",""confidence"":""BAJA; no borrar ni mover automáticamente""}]","{""source_dxf"":""2017_67-101.dxf"",""source_layer"":""RLE-VIGA_CONTOUR_CENTERLINE"",""sourceTags"":[""P1-VB-0110"",""P1-VB-0111""],""source_label"":""NO ENCONTRADA"",""source_label_tag"":""NO ENCONTRADA"",""geometry_confirmation"":{""status"":""CONFIRMED_RESIDUAL_LABEL_WIDTH"",""proposal_file"":""entregas/P1L2/edificio/validacion/ed1_beams/ed1_beam_centerline_proposal.json"",""face_ids"":[""P1-VB-0110"",""P1-VB-0111""],""width_m"":0.15},""section_source"":""CAD_CONTOUR_WIDTH+TEXT_LABEL"",""section_confidence"":""CONFIRMED_FROM_GEOMETRY_AND_LABEL"",""material_source"":""2017_67-100.dxf / MTEXT 1E116 / Main ED1 through cielo P3; excludes P4, sheet600 electrical room, slabs and radier"",""CAD_handle"":""NO ENCONTRADA en el contrato canónico; sourceTags son IDs derivados, no handles DWG."",""joint_detail"":""NO ENCONTRADA inequívoca"",""dimension_joint"":""NO ENCONTRADA inequívoca"",""physical_context_audit"":{""element_id"":""E1-P1-V-072"",""building"":""EDIFICIO_1"",""floor"":""P1"",""type"":""beam"",""prior_validation"":""UNRESOLVED"",""prior_structural_classification"":""UNRESOLVED"",""cluster"":""STAIR_ACCESS_D"",""physical_geometry"":""CONFIRMED"",""physical_classification"":""LANDING_BEAM"",""physical_support"":""MEMBER_FOOTPRINT_CONNECTION"",""main_fe_participation"":""SECONDARY_STRUCTURE_EXPECTED"",""revised_diagnostic"":""PHYSICAL_CONFIRMED_TOPOGRAPHY_OR_STAIR_CONTEXT"",""duplicate_classification"":""NO_DUPLICATE"",""participates_in_FE_changed"":false,""opensees_changed"":false,""start"":[33.9,-3.5749,7.42],""end"":[35.2663,-3.5749,7.42],""width_m"":0.15,""height_m"":1,""source_dxf"":""2017_67-101.dxf"",""source_layer"":""RLE-VIGA_CONTOUR_CENTERLINE"",""evidence"":""Parte del recinto de acceso/escalera D, sobre zona con radier y cotas exteriores variables próximas a P1; no debe evaluarse como pieza interior aislada.""},""prior_diagnosis"":{""element_id"":""E1-P1-V-072"",""type"":""beam"",""building"":""EDIFICIO_1"",""floor"":""P1"",""classification"":""UNRESOLVED_REAL"",""qualification"":""CANDIDATE diagnosis, support path NOT APPROVED"",""cause"":""ED1_OUTBOARD_BEAM_SUPPORT_REVIEW"",""primary_source"":""2017_67-101.dxf"",""decision"":""NO_REMOVAL_NO_ARTIFICIAL_SUPPORT""}}","{""SANTIAGO"":{""candidate_match"":null,""interpretation"":""Sin match en el snapshot comparado; no demuestra ausencia en todo el repositorio.""},""CACERES"":{""candidate_match"":null,""interpretation"":""Sin match en el snapshot comparado; no demuestra ausencia en todo el repositorio.""}}","[{""analysis_id"":""POST-A-00665"",""x_geometric_i_to_j_global"":[1,0,0],""y_local"":""NO SABEMOS: geomTransf actual no exportado/ejecutado"",""z_local"":""NO SABEMOS: geomTransf actual no exportado/ejecutado"",""note"":""Dirección geométrica del candidato, NO triada FE validada; no inferir My/Mz.""}]","{""center"":[62.07415,-3.5749,7.42],""i"":[61.391000000000005,-3.5749,7.42],""j"":[62.7573,-3.5749,7.42],""z_bottom"":6.92,""z_top"":7.92}","{""center"":{""X"":{""relation"":""H'–H2"",""nearest_axis"":""H'"",""offset_m"":0.10615,""text"":""H'–H2 (H' +0.1061 m)""},""Y"":{""relation"":""OUTBOARD <1"",""nearest_axis"":""1"",""offset_m"":-3.5749,""text"":""OUTBOARD <1 (1 -3.5749 m)""}},""i"":{""X"":{""relation"":""H1–H'"",""nearest_axis"":""H1"",""offset_m"":0.075,""text"":""H1–H' (H1 +0.0750 m)""},""Y"":{""relation"":""OUTBOARD <1"",""nearest_axis"":""1"",""offset_m"":-3.5749,""text"":""OUTBOARD <1 (1 -3.5749 m)""}},""j"":{""X"":{""relation"":""H'–H2"",""nearest_axis"":""H'"",""offset_m"":0.7893,""text"":""H'–H2 (H' +0.7893 m)""},""Y"":{""relation"":""OUTBOARD <1"",""nearest_axis"":""1"",""offset_m"":-3.5749,""text"":""OUTBOARD <1 (1 -3.5749 m)""}}}","Localizar E1-P1-V-072 por los offsets de ejes, no por su ID (el ID es nuestro, no una etiqueta CAD).
Comparar con E1-P1-M-016: verificar contacto de caras, nivel de arranque y continuidad del hormigón.
Seguir la llamada de corte/detalle dibujada; si no aparece, registrar NO ENCONTRADA, no completar por proximidad.
Leer sección y cambios de nivel. Distinguir borde de losa de viga/muro y fotografiar la evidencia con ejes visibles.","Puede omitir el camino de cargas del componente local. Efecto global NO SABEMOS; no se ha calculado.","REVIEW_REQUIRED","FE_PENDING_43_DETAILED_REVIEW.json; 2017_67-101.dxf","",""
"36","E1-P1-V-098","B","EDIFICIO_1","P1","VIGA","X I–IA (IA -0.5274 m) / Y OUTBOARD <1 (1 -3.5749 m)","El candidato sitúa este viga en POST-FLOAT-012 sin camino de conectividad a los apoyos de fundación. Respecto de E1-P1-M-020: distancia entre ejes XY 0.1061 m, separación entre huellas 0.0000 m y separación vertical 0.0000 m.","HECHO: geometría actual desde 2017_67-101.dxf, layer RLE-VIGA_CONTOUR_CENTERLINE.
HECHO: regeneración reproduce POST-FLOAT-012, 7 segmentos FE sin camino al sistema apoyado.
HECHO: geometría y resultados no modificados. Ancho/espesor 0.15 m; altura visible 1.25 m (no confundir con sección resistente).","NO SABEMOS cuál es el detalle resistente que completa el camino a fundación ni si el alcance del FE debe incluir todo este componente.
NO SABEMOS los ejes locales y tags de un análisis ACTUAL ejecutado: este candidato no ha sido ejecutado.","2017_67-101 — Planta fuente del elemento P1. Buscar X I–IA (IA -0.5274 m) / Y OUTBOARD <1 (1 -3.5749 m); revisar las entidades y la correspondencia cielo/piso, no solo el título.
2017_67-310 — Elevaciones: localizar el eje IA y comparar niveles. Recomendación por eje cercano, NO afirmación de que el corte atraviese este elemento fuera de eje.","¿La planta y el corte muestran una unión resistente entre E1-P1-V-098 y E1-P1-M-020, o un apoyo/transferencia diferente? Indica la llamada del detalle.","69.56365","-3.5749","7.295","7.92","-0.05","SOL_1_beam_0181","[{""analysis_id"":""POST-A-00663"",""opensees_element_tag"":10663,""element_id"":""E1-P1-V-098"",""geometry_elementTag"":""SOL_1_beam_0181"",""geometry_segment_index"":0,""type"":""beam"",""building"":""EDIFICIO_1"",""floor"":""P1"",""node_i"":520,""node_j"":547,""opensees_node_i"":520,""opensees_node_j"":547,""status"":""CANDIDATO / NO EJECUTADO"",""node_i_xyz_m"":{""tag"":520,""x"":66.391,""y"":-3.575,""z"":7.92,""building"":""EDIFICIO_1"",""reasons"":[""BEAM_WALL_INTERSECTION"",""VALIDATION""]},""node_j_xyz_m"":{""tag"":547,""x"":72.736,""y"":-3.575,""z"":7.92,""building"":""EDIFICIO_1"",""reasons"":[""BEAM_WALL_INTERSECTION"",""VALIDATION""]}}]","{""nearest_column"":{""id"":""E1-P1-C-024"",""floor"":""P1"",""axis_distance_xy_m"":3.612537,""face_gap_xy_m"":3.187537,""vertical_gap_m"":0,""footprint_overlap_m2"":0,""meaning"":""Proximidad geométrica; NO prueba de conexión resistente""},""nearest_wall"":{""id"":""E1-P1-M-020"",""floor"":""P1"",""axis_distance_xy_m"":0.106066,""face_gap_xy_m"":0,""vertical_gap_m"":0,""footprint_overlap_m2"":0,""meaning"":""Proximidad geométrica; NO prueba de conexión resistente""},""below"":{""id"":""E1-S1-V-079"",""floor"":""S1"",""axis_distance_xy_m"":18.198545,""face_gap_xy_m"":18.033749,""vertical_gap_m"":2.71,""footprint_overlap_m2"":0,""meaning"":""Proximidad geométrica; NO prueba de conexión resistente""},""above"":{""id"":""E1-P2-V-093"",""floor"":""P2"",""axis_distance_xy_m"":3.7563,""face_gap_xy_m"":3.3813,""vertical_gap_m"":3.16,""footprint_overlap_m2"":0,""meaning"":""Proximidad geométrica; NO prueba de conexión resistente""},""candidate_junctions"":[""E1-P1-M-016"",""E1-P1-M-020"",""E1-P1-M-037""],""component_members"":[""E1-P1-M-016"",""E1-P1-M-020"",""E1-P1-M-024"",""E1-P1-M-037"",""E1-P1-V-068"",""E1-P1-V-072"",""E1-P1-V-098""],""connected_beams_candidate"":[],""floor_visual_panels"":[""E1-P1-D-001""],""load_panel_receptor"":""NO SABEMOS: coincidencia de piso no establece panel tributario/receptor aprobado.""}","[{""endpoint"":""i"",""wall"":""E1-P1-M-020"",""axis_distance_xy_m"":0.106066,""face_distance_xy_m"":0.075,""plane_z_m"":7.92,""meaning"":""Distancia horizontal de punto a segmento/huella rectangular, no conexión ni distancia 3D.""},{""endpoint"":""j"",""wall"":""E1-P1-M-037"",""axis_distance_xy_m"":0.15,""face_distance_xy_m"":0,""plane_z_m"":7.92,""meaning"":""Distancia horizontal de punto a segmento/huella rectangular, no conexión ni distancia 3D.""}]","[{""id"":""H1"",""statement"":""Falta representar un encuentro físico en el adaptador FE."",""for"":""La geometría existe y el componente está desconectado; revisar las distancias y vecinos medidos."",""against"":""Proximidad o solape de huellas no demuestra unión resistente ni autoriza un rigidLink."",""confidence"":""BAJA""},{""id"":""H2"",""statement"":""El elemento tiene apoyo/transferencia exterior o participa en un sistema local distinto."",""for"":""LANDING_BEAM"",""against"":""No se ha establecido un camino resistente completo ni una exclusión FE aprobada."",""confidence"":""BAJA""},{""id"":""H3"",""statement"":""El alcance, nivel o interpretación de una entidad CAD requiere revisión."",""for"":""La desconexión continúa en la regeneración actual."",""against"":""CONFIRMED_LABEL_WIDTH"",""confidence"":""BAJA; no borrar ni mover automáticamente""}]","{""source_dxf"":""2017_67-101.dxf"",""source_layer"":""RLE-VIGA_CONTOUR_CENTERLINE"",""sourceTags"":[""P1-VB-0105"",""P1-VB-0107""],""source_label"":""NO ENCONTRADA"",""source_label_tag"":""NO ENCONTRADA"",""geometry_confirmation"":{""status"":""CONFIRMED_LABEL_WIDTH"",""proposal_file"":""entregas/P1L2/edificio/validacion/ed1_beams/ed1_beam_centerline_proposal.json"",""face_ids"":[""P1-VB-0105"",""P1-VB-0107""],""width_m"":0.15},""section_source"":""CAD_CONTOUR_WIDTH+TEXT_LABEL"",""section_confidence"":""CONFIRMED_FROM_GEOMETRY_AND_LABEL"",""material_source"":""2017_67-100.dxf / MTEXT 1E116 / Main ED1 through cielo P3; excludes P4, sheet600 electrical room, slabs and radier"",""CAD_handle"":""NO ENCONTRADA en el contrato canónico; sourceTags son IDs derivados, no handles DWG."",""joint_detail"":""NO ENCONTRADA inequívoca"",""dimension_joint"":""NO ENCONTRADA inequívoca"",""physical_context_audit"":{""element_id"":""E1-P1-V-098"",""building"":""EDIFICIO_1"",""floor"":""P1"",""type"":""beam"",""prior_validation"":""UNRESOLVED"",""prior_structural_classification"":""UNRESOLVED"",""cluster"":""STAIR_ACCESS_D"",""physical_geometry"":""CONFIRMED"",""physical_classification"":""LANDING_BEAM"",""physical_support"":""MEMBER_FOOTPRINT_CONNECTION"",""main_fe_participation"":""SECONDARY_STRUCTURE_EXPECTED"",""revised_diagnostic"":""PHYSICAL_CONFIRMED_TOPOGRAPHY_OR_STAIR_CONTEXT"",""duplicate_classification"":""NO_DUPLICATE"",""participates_in_FE_changed"":false,""opensees_changed"":false,""start"":[38.9,-3.5749,7.295],""end"":[45.2453,-3.5749,7.295],""width_m"":0.15,""height_m"":1.25,""source_dxf"":""2017_67-101.dxf"",""source_layer"":""RLE-VIGA_CONTOUR_CENTERLINE"",""evidence"":""Parte del recinto de acceso/escalera D, sobre zona con radier y cotas exteriores variables próximas a P1; no debe evaluarse como pieza interior aislada.""},""prior_diagnosis"":{""element_id"":""E1-P1-V-098"",""type"":""beam"",""building"":""EDIFICIO_1"",""floor"":""P1"",""classification"":""UNRESOLVED_REAL"",""qualification"":""CANDIDATE diagnosis, support path NOT APPROVED"",""cause"":""ED1_OUTBOARD_BEAM_SUPPORT_REVIEW"",""primary_source"":""2017_67-101.dxf"",""decision"":""NO_REMOVAL_NO_ARTIFICIAL_SUPPORT""}}","{""SANTIAGO"":{""candidate_match"":null,""interpretation"":""Sin match en el snapshot comparado; no demuestra ausencia en todo el repositorio.""},""CACERES"":{""candidate_match"":null,""interpretation"":""Sin match en el snapshot comparado; no demuestra ausencia en todo el repositorio.""}}","[{""analysis_id"":""POST-A-00663"",""x_geometric_i_to_j_global"":[1,0,0],""y_local"":""NO SABEMOS: geomTransf actual no exportado/ejecutado"",""z_local"":""NO SABEMOS: geomTransf actual no exportado/ejecutado"",""note"":""Dirección geométrica del candidato, NO triada FE validada; no inferir My/Mz.""}]","{""center"":[69.56365,-3.5749,7.295],""i"":[66.391,-3.5749,7.295],""j"":[72.7363,-3.5749,7.295],""z_bottom"":6.67,""z_top"":7.92}","{""center"":{""X"":{""relation"":""I–IA"",""nearest_axis"":""IA"",""offset_m"":-0.52735,""text"":""I–IA (IA -0.5274 m)""},""Y"":{""relation"":""OUTBOARD <1"",""nearest_axis"":""1"",""offset_m"":-3.5749,""text"":""OUTBOARD <1 (1 -3.5749 m)""}},""i"":{""X"":{""relation"":""H2–I"",""nearest_axis"":""H2"",""offset_m"":0.075,""text"":""H2–I (H2 +0.0750 m)""},""Y"":{""relation"":""OUTBOARD <1"",""nearest_axis"":""1"",""offset_m"":-3.5749,""text"":""OUTBOARD <1 (1 -3.5749 m)""}},""j"":{""X"":{""relation"":""I'–IB"",""nearest_axis"":""I'"",""offset_m"":0.2453,""text"":""I'–IB (I' +0.2453 m)""},""Y"":{""relation"":""OUTBOARD <1"",""nearest_axis"":""1"",""offset_m"":-3.5749,""text"":""OUTBOARD <1 (1 -3.5749 m)""}}}","Localizar E1-P1-V-098 por los offsets de ejes, no por su ID (el ID es nuestro, no una etiqueta CAD).
Comparar con E1-P1-M-020: verificar contacto de caras, nivel de arranque y continuidad del hormigón.
Seguir la llamada de corte/detalle dibujada; si no aparece, registrar NO ENCONTRADA, no completar por proximidad.
Leer sección y cambios de nivel. Distinguir borde de losa de viga/muro y fotografiar la evidencia con ejes visibles.","Puede omitir el camino de cargas del componente local. Efecto global NO SABEMOS; no se ha calculado.","REVIEW_REQUIRED","FE_PENDING_43_DETAILED_REVIEW.json; 2017_67-101.dxf","",""
"37","E1-P2-V-055","B","EDIFICIO_1","P2","VIGA","X Ga–H (Ga +0.7499 m) / Y OUTBOARD >3 (3 +2.6414 m)","El candidato sitúa este viga en POST-FLOAT-022 sin camino de conectividad a los apoyos de fundación. Respecto de E1-P2-M-005: distancia entre ejes XY 13.8571 m, separación entre huellas 13.6877 m y separación vertical 0.0000 m. Pertenece al contexto de escalera B; su apoyo y alcance FE siguen sin aprobar.","HECHO: geometría actual desde 2017_67-102.dxf, layer RLE-VIGA_CONTOUR_CENTERLINE.
HECHO: regeneración reproduce POST-FLOAT-022, 2 segmentos FE sin camino al sistema apoyado.
HECHO: geometría y resultados no modificados. Ancho/espesor 0.3 m; altura visible 0.45 m (no confundir con sección resistente).","NO SABEMOS cuál es el detalle resistente que completa el camino a fundación ni si el alcance del FE debe incluir todo este componente.
NO SABEMOS los ejes locales y tags de un análisis ACTUAL ejecutado: este candidato no ha sido ejecutado.
NO SABEMOS el detalle de apoyo exterior ni su vínculo resistente con el edificio principal; SECONDARY_STRUCTURE_EXPECTED no equivale a una exclusión FE aprobada.","2017_67-102 — Planta fuente del elemento P2. Buscar X Ga–H (Ga +0.7499 m) / Y OUTBOARD >3 (3 +2.6414 m); revisar las entidades y la correspondencia cielo/piso, no solo el título.
2017_67-305 — Elevaciones: localizar el eje Ga y comparar niveles. Recomendación por eje cercano, NO afirmación de que el corte atraviese este elemento fuera de eje.","¿Qué detalle muestra el apoyo real de E1-P2-V-055 en escalera B y su conexión o independencia respecto del edificio?","49.6909","18.7914","11.655000000000001","11.88","3.91","SOL_2_beam_0289","[{""analysis_id"":""POST-A-00729"",""opensees_element_tag"":10729,""element_id"":""E1-P2-V-055"",""geometry_elementTag"":""SOL_2_beam_0289"",""geometry_segment_index"":0,""type"":""beam"",""building"":""EDIFICIO_1"",""floor"":""P2"",""node_i"":1330,""node_j"":1328,""opensees_node_i"":1330,""opensees_node_j"":1328,""status"":""CANDIDATO / NO EJECUTADO"",""node_i_xyz_m"":{""tag"":1330,""x"":47.191,""y"":18.791,""z"":11.88,""building"":""EDIFICIO_1"",""reasons"":[""BEAM_END"",""VALIDATION""]},""node_j_xyz_m"":{""tag"":1328,""x"":52.191,""y"":18.791,""z"":11.88,""building"":""EDIFICIO_1"",""reasons"":[""BEAM_BEAM_INTERSECTION"",""VALIDATION""]}}]","{""nearest_column"":{""id"":""E1-P2-C-010"",""floor"":""P2"",""axis_distance_xy_m"":2.343209,""face_gap_xy_m"":1.843209,""vertical_gap_m"":0,""footprint_overlap_m2"":0,""meaning"":""Proximidad geométrica; NO prueba de conexión resistente""},""nearest_wall"":{""id"":""E1-P2-M-005"",""floor"":""P2"",""axis_distance_xy_m"":13.857052,""face_gap_xy_m"":13.687687,""vertical_gap_m"":0,""footprint_overlap_m2"":0,""meaning"":""Proximidad geométrica; NO prueba de conexión resistente""},""below"":{""id"":""E1-P1-V-034"",""floor"":""P1"",""axis_distance_xy_m"":2.2099,""face_gap_xy_m"":1.9099,""vertical_gap_m"":3.51,""footprint_overlap_m2"":0,""meaning"":""Proximidad geométrica; NO prueba de conexión resistente""},""above"":{""id"":""E1-P3-V-052"",""floor"":""P3"",""axis_distance_xy_m"":0,""face_gap_xy_m"":0,""vertical_gap_m"":3.16,""footprint_overlap_m2"":0.18,""meaning"":""Proximidad geométrica; NO prueba de conexión resistente""},""candidate_junctions"":[""E1-P2-V-075""],""component_members"":[""E1-P2-V-055"",""E1-P2-V-075""],""connected_beams_candidate"":[""E1-P2-V-075""],""floor_visual_panels"":[""E1-P2-D-001""],""load_panel_receptor"":""NO SABEMOS: coincidencia de piso no establece panel tributario/receptor aprobado.""}","[{""endpoint"":""i"",""wall"":""E1-P2-M-005"",""axis_distance_xy_m"":13.857052,""face_distance_xy_m"":13.740078,""plane_z_m"":11.88,""meaning"":""Distancia horizontal de punto a segmento/huella rectangular, no conexión ni distancia 3D.""},{""endpoint"":""j"",""wall"":""E1-P2-M-005"",""axis_distance_xy_m"":18.621704,""face_distance_xy_m"":18.501074,""plane_z_m"":11.88,""meaning"":""Distancia horizontal de punto a segmento/huella rectangular, no conexión ni distancia 3D.""}]","[{""id"":""H1"",""statement"":""Falta representar un encuentro físico en el adaptador FE."",""for"":""La geometría existe y el componente está desconectado; revisar las distancias y vecinos medidos."",""against"":""Proximidad o solape de huellas no demuestra unión resistente ni autoriza un rigidLink."",""confidence"":""BAJA""},{""id"":""H2"",""statement"":""El elemento tiene apoyo/transferencia exterior o participa en un sistema local distinto."",""for"":""LANDING_BEAM"",""against"":""No se ha establecido un camino resistente completo ni una exclusión FE aprobada."",""confidence"":""MEDIA para contexto escalera; BAJA para vínculo resistente""},{""id"":""H3"",""statement"":""El alcance, nivel o interpretación de una entidad CAD requiere revisión."",""for"":""La desconexión continúa en la regeneración actual."",""against"":""CONFIRMED_LABEL_WIDTH"",""confidence"":""BAJA; no borrar ni mover automáticamente""}]","{""source_dxf"":""2017_67-102.dxf"",""source_layer"":""RLE-VIGA_CONTOUR_CENTERLINE"",""sourceTags"":[""P2-VB-0102"",""P2-VB-0103""],""source_label"":""NO ENCONTRADA"",""source_label_tag"":""NO ENCONTRADA"",""geometry_confirmation"":{""status"":""CONFIRMED_LABEL_WIDTH"",""proposal_file"":""entregas/P1L2/edificio/validacion/ed1_beams/ed1_beam_centerline_proposal.json"",""face_ids"":[""P2-VB-0102"",""P2-VB-0103""],""width_m"":0.3},""section_source"":""CAD_CONTOUR_WIDTH+TEXT_LABEL"",""section_confidence"":""CONFIRMED_FROM_GEOMETRY_AND_LABEL"",""material_source"":""2017_67-100.dxf / MTEXT 1E116 / Main ED1 through cielo P3; excludes P4, sheet600 electrical room, slabs and radier"",""CAD_handle"":""NO ENCONTRADA en el contrato canónico; sourceTags son IDs derivados, no handles DWG."",""joint_detail"":""NO ENCONTRADA inequívoca"",""dimension_joint"":""NO ENCONTRADA inequívoca"",""physical_context_audit"":{""element_id"":""E1-P2-V-055"",""building"":""EDIFICIO_1"",""floor"":""P2"",""type"":""beam"",""prior_validation"":""UNRESOLVED"",""prior_structural_classification"":""UNRESOLVED"",""cluster"":""STAIR_ACCESS_B"",""physical_geometry"":""CONFIRMED"",""physical_classification"":""LANDING_BEAM"",""physical_support"":""MEMBER_FOOTPRINT_CONNECTION"",""main_fe_participation"":""SECONDARY_STRUCTURE_EXPECTED"",""revised_diagnostic"":""PHYSICAL_CONFIRMED_SECONDARY_FE_SCOPE"",""duplicate_classification"":""NO_DUPLICATE"",""participates_in_FE_changed"":false,""opensees_changed"":false,""start"":[19.6999,18.7914,11.655],""end"":[24.6999,18.7914,11.655],""width_m"":0.3,""height_m"":0.45,""source_dxf"":""2017_67-102.dxf"",""source_layer"":""RLE-VIGA_CONTOUR_CENTERLINE"",""evidence"":""Elemento exterior coherente con el sistema de escalera/pasarela B; las vigas V-055/V-075 forman un borde continuo y llegan por huella a vigas transversales.""},""prior_diagnosis"":{""element_id"":""E1-P2-V-055"",""type"":""beam"",""building"":""EDIFICIO_1"",""floor"":""P2"",""classification"":""UNRESOLVED_REAL"",""qualification"":""CANDIDATE diagnosis, support path NOT APPROVED"",""cause"":""CONFIRMED_LANDING_BEAM_FE_SCOPE"",""primary_source"":""2017_67-102.dxf"",""decision"":""NO_REMOVAL_NO_ARTIFICIAL_SUPPORT""}}","{""SANTIAGO"":{""candidate_match"":{""id"":""E1_221"",""start_xy_m"":[47.47,18.79],""end_xy_m"":[57.47,18.79],""length_m"":10,""width_m"":0.6,""height_m"":0.8,""match"":{""perpendicular_distance_m"":0.0014,""angle_delta_deg"":0,""overlap_m"":4.7209,""overlap_ratio"":0.9442,""length_delta_m"":5,""strong"":true}},""interpretation"":""Pista geométrica secundaria del snapshot auditado; NO SABEMOS su unión resistente a partir de este matching.""},""CACERES"":{""candidate_match"":{""id"":""C-B-245"",""start_xy_m"":[47.49,18.79],""end_xy_m"":[52.49,18.79],""length_m"":5,""width_m"":null,""height_m"":null,""match"":{""perpendicular_distance_m"":0.0014,""angle_delta_deg"":0,""overlap_m"":4.7009,""overlap_ratio"":0.9402,""length_delta_m"":0,""strong"":true}},""interpretation"":""Pista geométrica secundaria del snapshot auditado; NO SABEMOS su unión resistente a partir de este matching.""}}","[{""analysis_id"":""POST-A-00729"",""x_geometric_i_to_j_global"":[1,0,0],""y_local"":""NO SABEMOS: geomTransf actual no exportado/ejecutado"",""z_local"":""NO SABEMOS: geomTransf actual no exportado/ejecutado"",""note"":""Dirección geométrica del candidato, NO triada FE validada; no inferir My/Mz.""}]","{""center"":[49.6909,18.7914,11.655000000000001],""i"":[47.1909,18.7914,11.655000000000001],""j"":[52.1909,18.7914,11.655000000000001],""z_bottom"":11.43,""z_top"":11.88}","{""center"":{""X"":{""relation"":""Ga–H"",""nearest_axis"":""Ga"",""offset_m"":0.7499,""text"":""Ga–H (Ga +0.7499 m)""},""Y"":{""relation"":""OUTBOARD >3"",""nearest_axis"":""3"",""offset_m"":2.6414,""text"":""OUTBOARD >3 (3 +2.6414 m)""}},""i"":{""X"":{""relation"":""F–G"",""nearest_axis"":""G"",""offset_m"":-0.3001,""text"":""F–G (G -0.3001 m)""},""Y"":{""relation"":""OUTBOARD >3"",""nearest_axis"":""3"",""offset_m"":2.6414,""text"":""OUTBOARD >3 (3 +2.6414 m)""}},""j"":{""X"":{""relation"":""Ga–H"",""nearest_axis"":""Ga"",""offset_m"":3.2499,""text"":""Ga–H (Ga +3.2499 m)""},""Y"":{""relation"":""OUTBOARD >3"",""nearest_axis"":""3"",""offset_m"":2.6414,""text"":""OUTBOARD >3 (3 +2.6414 m)""}}}","Localizar E1-P2-V-055 por los offsets de ejes, no por su ID (el ID es nuestro, no una etiqueta CAD).
Comparar con E1-P2-M-005: verificar contacto de caras, nivel de arranque y continuidad del hormigón.
Seguir la llamada de corte/detalle dibujada; si no aparece, registrar NO ENCONTRADA, no completar por proximidad.
Leer sección y cambios de nivel. Distinguir borde de losa de viga/muro y fotografiar la evidencia con ejes visibles.","Puede omitir el camino de cargas del componente local. Efecto global NO SABEMOS; no se ha calculado.","REVIEW_REQUIRED","FE_PENDING_43_DETAILED_REVIEW.json; 2017_67-102.dxf","",""
"38","E1-P2-V-075","B","EDIFICIO_1","P2","VIGA","X Ga–H (H -2.8251 m) / Y OUTBOARD >3 (3 +2.6414 m)","El candidato sitúa este viga en POST-FLOAT-022 sin camino de conectividad a los apoyos de fundación. Respecto de E1-P2-M-005: distancia entre ejes XY 18.6217 m, separación entre huellas 18.4622 m y separación vertical 0.0000 m. Pertenece al contexto de escalera B; su apoyo y alcance FE siguen sin aprobar.","HECHO: geometría actual desde 2017_67-102.dxf, layer RLE-VIGA_CONTOUR_CENTERLINE.
HECHO: regeneración reproduce POST-FLOAT-022, 2 segmentos FE sin camino al sistema apoyado.
HECHO: geometría y resultados no modificados. Ancho/espesor 0.3 m; altura visible 0.45 m (no confundir con sección resistente).","NO SABEMOS cuál es el detalle resistente que completa el camino a fundación ni si el alcance del FE debe incluir todo este componente.
NO SABEMOS los ejes locales y tags de un análisis ACTUAL ejecutado: este candidato no ha sido ejecutado.
NO SABEMOS el detalle de apoyo exterior ni su vínculo resistente con el edificio principal; SECONDARY_STRUCTURE_EXPECTED no equivale a una exclusión FE aprobada.","2017_67-102 — Planta fuente del elemento P2. Buscar X Ga–H (H -2.8251 m) / Y OUTBOARD >3 (3 +2.6414 m); revisar las entidades y la correspondencia cielo/piso, no solo el título.
2017_67-308 — Elevaciones: localizar el eje H y comparar niveles. Recomendación por eje cercano, NO afirmación de que el corte atraviese este elemento fuera de eje.","¿Qué detalle muestra el apoyo real de E1-P2-V-075 en escalera B y su conexión o independencia respecto del edificio?","54.6659","18.7914","11.655000000000001","11.88","3.91","SOL_2_beam_0287","[{""analysis_id"":""POST-A-00728"",""opensees_element_tag"":10728,""element_id"":""E1-P2-V-075"",""geometry_elementTag"":""SOL_2_beam_0287"",""geometry_segment_index"":0,""type"":""beam"",""building"":""EDIFICIO_1"",""floor"":""P2"",""node_i"":1328,""node_j"":1329,""opensees_node_i"":1328,""opensees_node_j"":1329,""status"":""CANDIDATO / NO EJECUTADO"",""node_i_xyz_m"":{""tag"":1328,""x"":52.191,""y"":18.791,""z"":11.88,""building"":""EDIFICIO_1"",""reasons"":[""BEAM_BEAM_INTERSECTION"",""VALIDATION""]},""node_j_xyz_m"":{""tag"":1329,""x"":57.141,""y"":18.791,""z"":11.88,""building"":""EDIFICIO_1"",""reasons"":[""BEAM_END"",""VALIDATION""]}}]","{""nearest_column"":{""id"":""E1-P2-C-015"",""floor"":""P2"",""axis_distance_xy_m"":2.484645,""face_gap_xy_m"":1.959876,""vertical_gap_m"":0,""footprint_overlap_m2"":0,""meaning"":""Proximidad geométrica; NO prueba de conexión resistente""},""nearest_wall"":{""id"":""E1-P2-M-005"",""floor"":""P2"",""axis_distance_xy_m"":18.621704,""face_gap_xy_m"":18.462199,""vertical_gap_m"":0,""footprint_overlap_m2"":0,""meaning"":""Proximidad geométrica; NO prueba de conexión resistente""},""below"":{""id"":""E1-P1-V-053"",""floor"":""P1"",""axis_distance_xy_m"":2.6414,""face_gap_xy_m"":2.1914,""vertical_gap_m"":3.51,""footprint_overlap_m2"":0,""meaning"":""Proximidad geométrica; NO prueba de conexión resistente""},""above"":{""id"":""E1-P3-V-074"",""floor"":""P3"",""axis_distance_xy_m"":0.35,""face_gap_xy_m"":0.05,""vertical_gap_m"":3.16,""footprint_overlap_m2"":0,""meaning"":""Proximidad geométrica; NO prueba de conexión resistente""},""candidate_junctions"":[""E1-P2-V-055""],""component_members"":[""E1-P2-V-055"",""E1-P2-V-075""],""connected_beams_candidate"":[""E1-P2-V-055""],""floor_visual_panels"":[""E1-P2-D-001""],""load_panel_receptor"":""NO SABEMOS: coincidencia de piso no establece panel tributario/receptor aprobado.""}","[{""endpoint"":""i"",""wall"":""E1-P2-M-005"",""axis_distance_xy_m"":18.621704,""face_distance_xy_m"":18.501074,""plane_z_m"":11.88,""meaning"":""Distancia horizontal de punto a segmento/huella rectangular, no conexión ni distancia 3D.""},{""endpoint"":""j"",""wall"":""E1-P2-M-005"",""axis_distance_xy_m"":23.435505,""face_distance_xy_m"":23.313242,""plane_z_m"":11.88,""meaning"":""Distancia horizontal de punto a segmento/huella rectangular, no conexión ni distancia 3D.""}]","[{""id"":""H1"",""statement"":""Falta representar un encuentro físico en el adaptador FE."",""for"":""La geometría existe y el componente está desconectado; revisar las distancias y vecinos medidos."",""against"":""Proximidad o solape de huellas no demuestra unión resistente ni autoriza un rigidLink."",""confidence"":""BAJA""},{""id"":""H2"",""statement"":""El elemento tiene apoyo/transferencia exterior o participa en un sistema local distinto."",""for"":""LANDING_BEAM"",""against"":""No se ha establecido un camino resistente completo ni una exclusión FE aprobada."",""confidence"":""MEDIA para contexto escalera; BAJA para vínculo resistente""},{""id"":""H3"",""statement"":""El alcance, nivel o interpretación de una entidad CAD requiere revisión."",""for"":""La desconexión continúa en la regeneración actual."",""against"":""CONFIRMED_LABEL_WIDTH"",""confidence"":""BAJA; no borrar ni mover automáticamente""}]","{""source_dxf"":""2017_67-102.dxf"",""source_layer"":""RLE-VIGA_CONTOUR_CENTERLINE"",""sourceTags"":[""P2-VB-0098"",""P2-VB-0101""],""source_label"":""NO ENCONTRADA"",""source_label_tag"":""NO ENCONTRADA"",""geometry_confirmation"":{""status"":""CONFIRMED_LABEL_WIDTH"",""proposal_file"":""entregas/P1L2/edificio/validacion/ed1_beams/ed1_beam_centerline_proposal.json"",""face_ids"":[""P2-VB-0098"",""P2-VB-0101""],""width_m"":0.3},""section_source"":""CAD_CONTOUR_WIDTH+TEXT_LABEL"",""section_confidence"":""CONFIRMED_FROM_GEOMETRY_AND_LABEL"",""material_source"":""2017_67-100.dxf / MTEXT 1E116 / Main ED1 through cielo P3; excludes P4, sheet600 electrical room, slabs and radier"",""CAD_handle"":""NO ENCONTRADA en el contrato canónico; sourceTags son IDs derivados, no handles DWG."",""joint_detail"":""NO ENCONTRADA inequívoca"",""dimension_joint"":""NO ENCONTRADA inequívoca"",""physical_context_audit"":{""element_id"":""E1-P2-V-075"",""building"":""EDIFICIO_1"",""floor"":""P2"",""type"":""beam"",""prior_validation"":""UNRESOLVED"",""prior_structural_classification"":""UNRESOLVED"",""cluster"":""STAIR_ACCESS_B"",""physical_geometry"":""CONFIRMED"",""physical_classification"":""LANDING_BEAM"",""physical_support"":""MEMBER_FOOTPRINT_CONNECTION"",""main_fe_participation"":""SECONDARY_STRUCTURE_EXPECTED"",""revised_diagnostic"":""PHYSICAL_CONFIRMED_SECONDARY_FE_SCOPE"",""duplicate_classification"":""NO_DUPLICATE"",""participates_in_FE_changed"":false,""opensees_changed"":false,""start"":[24.6999,18.7914,11.655],""end"":[29.6499,18.7914,11.655],""width_m"":0.3,""height_m"":0.45,""source_dxf"":""2017_67-102.dxf"",""source_layer"":""RLE-VIGA_CONTOUR_CENTERLINE"",""evidence"":""Elemento exterior coherente con el sistema de escalera/pasarela B; las vigas V-055/V-075 forman un borde continuo y llegan por huella a vigas transversales.""},""prior_diagnosis"":{""element_id"":""E1-P2-V-075"",""type"":""beam"",""building"":""EDIFICIO_1"",""floor"":""P2"",""classification"":""UNRESOLVED_REAL"",""qualification"":""CANDIDATE diagnosis, support path NOT APPROVED"",""cause"":""CONFIRMED_LANDING_BEAM_FE_SCOPE"",""primary_source"":""2017_67-102.dxf"",""decision"":""NO_REMOVAL_NO_ARTIFICIAL_SUPPORT""}}","{""SANTIAGO"":{""candidate_match"":{""id"":""E1_221"",""start_xy_m"":[47.47,18.79],""end_xy_m"":[57.47,18.79],""length_m"":10,""width_m"":0.6,""height_m"":0.8,""match"":{""perpendicular_distance_m"":0.0014,""angle_delta_deg"":0,""overlap_m"":4.95,""overlap_ratio"":1,""length_delta_m"":5.05,""strong"":true}},""interpretation"":""Pista geométrica secundaria del snapshot auditado; NO SABEMOS su unión resistente a partir de este matching.""},""CACERES"":{""candidate_match"":{""id"":""C-B-246"",""start_xy_m"":[52.49,18.79],""end_xy_m"":[57.49,18.79],""length_m"":5,""width_m"":null,""height_m"":null,""match"":{""perpendicular_distance_m"":0.0014,""angle_delta_deg"":0,""overlap_m"":4.6509,""overlap_ratio"":0.9396,""length_delta_m"":0.05,""strong"":true}},""interpretation"":""Pista geométrica secundaria del snapshot auditado; NO SABEMOS su unión resistente a partir de este matching.""}}","[{""analysis_id"":""POST-A-00728"",""x_geometric_i_to_j_global"":[1,0,0],""y_local"":""NO SABEMOS: geomTransf actual no exportado/ejecutado"",""z_local"":""NO SABEMOS: geomTransf actual no exportado/ejecutado"",""note"":""Dirección geométrica del candidato, NO triada FE validada; no inferir My/Mz.""}]","{""center"":[54.6659,18.7914,11.655000000000001],""i"":[52.1909,18.7914,11.655000000000001],""j"":[57.1409,18.7914,11.655000000000001],""z_bottom"":11.43,""z_top"":11.88}","{""center"":{""X"":{""relation"":""Ga–H"",""nearest_axis"":""H"",""offset_m"":-2.8251,""text"":""Ga–H (H -2.8251 m)""},""Y"":{""relation"":""OUTBOARD >3"",""nearest_axis"":""3"",""offset_m"":2.6414,""text"":""OUTBOARD >3 (3 +2.6414 m)""}},""i"":{""X"":{""relation"":""Ga–H"",""nearest_axis"":""Ga"",""offset_m"":3.2499,""text"":""Ga–H (Ga +3.2499 m)""},""Y"":{""relation"":""OUTBOARD >3"",""nearest_axis"":""3"",""offset_m"":2.6414,""text"":""OUTBOARD >3 (3 +2.6414 m)""}},""j"":{""X"":{""relation"":""Ga–H"",""nearest_axis"":""H"",""offset_m"":-0.3501,""text"":""Ga–H (H -0.3501 m)""},""Y"":{""relation"":""OUTBOARD >3"",""nearest_axis"":""3"",""offset_m"":2.6414,""text"":""OUTBOARD >3 (3 +2.6414 m)""}}}","Localizar E1-P2-V-075 por los offsets de ejes, no por su ID (el ID es nuestro, no una etiqueta CAD).
Comparar con E1-P2-M-005: verificar contacto de caras, nivel de arranque y continuidad del hormigón.
Seguir la llamada de corte/detalle dibujada; si no aparece, registrar NO ENCONTRADA, no completar por proximidad.
Leer sección y cambios de nivel. Distinguir borde de losa de viga/muro y fotografiar la evidencia con ejes visibles.","Puede omitir el camino de cargas del componente local. Efecto global NO SABEMOS; no se ha calculado.","REVIEW_REQUIRED","FE_PENDING_43_DETAILED_REVIEW.json; 2017_67-102.dxf","",""
"39","E2-P4-V-004","B","EDIFICIO_2","P4","VIGA","X OUTBOARD <A (A -3.5480 m) / Y 1–2 (2 -3.2916 m)","El candidato sitúa este viga en POST-FLOAT-020 sin camino de conectividad a los apoyos de fundación. Respecto de E2-P4-M-002: distancia entre ejes XY 2.5919 m, separación entre huellas 2.5900 m y separación vertical 0.0000 m.","HECHO: geometría actual desde 2024_22-102.dxf, layer RLE-VIGA_CONTOUR_CENTERLINE.
HECHO: regeneración reproduce POST-FLOAT-020, 3 segmentos FE sin camino al sistema apoyado.
HECHO: geometría y resultados no modificados. Ancho/espesor 0.4 m; altura visible 0.8 m (no confundir con sección resistente).","NO SABEMOS cuál es el detalle resistente que completa el camino a fundación ni si el alcance del FE debe incluir todo este componente.
NO SABEMOS los ejes locales y tags de un análisis ACTUAL ejecutado: este candidato no ha sido ejecutado.","2024_22-102 — Planta fuente del elemento P4. Buscar X OUTBOARD <A (A -3.5480 m) / Y 1–2 (2 -3.2916 m); revisar las entidades y la correspondencia cielo/piso, no solo el título.
2024_22-303 — ELEVACION EJES A, A': buscar el arranque del sector situado a X<A. No se afirma que la elevación atraviese la viga outboard.","¿La planta y el corte muestran una unión resistente entre E2-P4-V-004 y E2-P4-M-002, o un apoyo/transferencia diferente? Indica la llamada del detalle.","-3.548","5.6084","19.400000000000002","19.8","11.83","SOL2_4_beam_0461","[{""analysis_id"":""POST-A-00503"",""opensees_element_tag"":10503,""element_id"":""E2-P4-V-004"",""geometry_elementTag"":""SOL2_4_beam_0461"",""geometry_segment_index"":0,""type"":""beam"",""building"":""EDIFICIO_2"",""floor"":""P4"",""node_i"":983,""node_j"":980,""opensees_node_i"":983,""opensees_node_j"":980,""status"":""CANDIDATO / NO EJECUTADO"",""node_i_xyz_m"":{""tag"":983,""x"":-3.548,""y"":4.416,""z"":19.8,""building"":""EDIFICIO_2"",""reasons"":[""BEAM_END"",""VALIDATION""]},""node_j_xyz_m"":{""tag"":980,""x"":-3.548,""y"":6.801,""z"":19.8,""building"":""EDIFICIO_2"",""reasons"":[""BEAM_BEAM_INTERSECTION"",""VALIDATION""]}}]","{""nearest_column"":{""id"":""E2-P4-C-001"",""floor"":""P4"",""axis_distance_xy_m"":4.124398,""face_gap_xy_m"":3.47289,""vertical_gap_m"":0,""footprint_overlap_m2"":0,""meaning"":""Proximidad geométrica; NO prueba de conexión resistente""},""nearest_wall"":{""id"":""E2-P4-M-002"",""floor"":""P4"",""axis_distance_xy_m"":2.59193,""face_gap_xy_m"":2.59,""vertical_gap_m"":0,""footprint_overlap_m2"":0,""meaning"":""Proximidad geométrica; NO prueba de conexión resistente""},""below"":{""id"":""E2-P3-V-002"",""floor"":""P3"",""axis_distance_xy_m"":0,""face_gap_xy_m"":0,""vertical_gap_m"":3.16,""footprint_overlap_m2"":0.95416,""meaning"":""Proximidad geométrica; NO prueba de conexión resistente""},""above"":null,""candidate_junctions"":[""E2-P4-V-005""],""component_members"":[""E2-P4-V-004"",""E2-P4-V-005"",""E2-P4-V-006""],""connected_beams_candidate"":[""E2-P4-V-005""],""floor_visual_panels"":[""E2-P4-D-001""],""load_panel_receptor"":""NO SABEMOS: coincidencia de piso no establece panel tributario/receptor aprobado.""}","[{""endpoint"":""i"",""wall"":""E2-P4-M-002"",""axis_distance_xy_m"":2.59193,""face_distance_xy_m"":2.59,""plane_z_m"":19.8,""meaning"":""Distancia horizontal de punto a segmento/huella rectangular, no conexión ni distancia 3D.""},{""endpoint"":""j"",""wall"":""E2-P4-M-002"",""axis_distance_xy_m"":4.976405,""face_distance_xy_m"":4.9754,""plane_z_m"":19.8,""meaning"":""Distancia horizontal de punto a segmento/huella rectangular, no conexión ni distancia 3D.""}]","[{""id"":""H1"",""statement"":""Falta representar un encuentro físico en el adaptador FE."",""for"":""La geometría existe y el componente está desconectado; revisar las distancias y vecinos medidos."",""against"":""Proximidad o solape de huellas no demuestra unión resistente ni autoriza un rigidLink."",""confidence"":""BAJA""},{""id"":""H2"",""statement"":""El elemento tiene apoyo/transferencia exterior o participa en un sistema local distinto."",""for"":""Ubicación y vecinos geométricos indicados en la ficha; no hay detalle confirmado."",""against"":""No se ha establecido un camino resistente completo ni una exclusión FE aprobada."",""confidence"":""BAJA""},{""id"":""H3"",""statement"":""El alcance, nivel o interpretación de una entidad CAD requiere revisión."",""for"":""La desconexión continúa en la regeneración actual."",""against"":""CONFIRMED_LABEL_WIDTH"",""confidence"":""BAJA; no borrar ni mover automáticamente""}]","{""source_dxf"":""2024_22-102.dxf"",""source_layer"":""RLE-VIGA_CONTOUR_CENTERLINE"",""sourceTags"":[""P4-E2-VB-0103"",""P4-E2-VB-0106""],""source_label"":""NO ENCONTRADA"",""source_label_tag"":""NO ENCONTRADA"",""geometry_confirmation"":{""status"":""CONFIRMED_LABEL_WIDTH"",""audit_file"":""entregas/POST_P1L4/ed2_beams/ed2_beam_centerline_proposal.json"",""face_ids"":[""P4-E2-VB-0103"",""P4-E2-VB-0106""],""width_m"":0.4},""section_source"":""CAD_CONTOUR_WIDTH+TEXT_LABEL"",""section_confidence"":""CONFIRMED_FROM_PLAN"",""material_source"":""2024_22-100.dxf / MTEXT 53994 / Main ED2 through cielo P4; excludes slabs and radier"",""CAD_handle"":""NO ENCONTRADA en el contrato canónico; sourceTags son IDs derivados, no handles DWG."",""joint_detail"":""NO ENCONTRADA inequívoca"",""dimension_joint"":""NO ENCONTRADA inequívoca"",""physical_context_audit"":{},""prior_diagnosis"":{""element_id"":""E2-P4-V-004"",""type"":""beam"",""building"":""EDIFICIO_2"",""floor"":""P4"",""classification"":""UNRESOLVED_REAL"",""qualification"":""CANDIDATE diagnosis, support path NOT APPROVED"",""cause"":""ED2_P4_BOUNDARY_BEAM_SUPPORT_REVIEW"",""primary_source"":""2024_22-102.dxf"",""decision"":""NO_REMOVAL_NO_ARTIFICIAL_SUPPORT""}}","{""SANTIAGO"":{""candidate_match"":{""id"":""B3085_V40/80"",""start_xy_m"":[-3.745,0],""end_xy_m"":[-3.745,16.15],""length_m"":16.15,""width_m"":0.4,""height_m"":0.8,""match"":{""perpendicular_distance_m"":0.197,""angle_delta_deg"":0,""overlap_m"":2.3854,""overlap_ratio"":1,""length_delta_m"":13.7646,""strong"":false}},""interpretation"":""Pista geométrica secundaria del snapshot auditado; NO SABEMOS su unión resistente a partir de este matching.""},""CACERES"":{""candidate_match"":{""id"":""C-B-603"",""start_xy_m"":[-3.75,11.885],""end_xy_m"":[-3.75,4.265],""length_m"":7.62,""width_m"":null,""height_m"":null,""match"":{""perpendicular_distance_m"":0.202,""angle_delta_deg"":0,""overlap_m"":2.3854,""overlap_ratio"":1,""length_delta_m"":5.2346,""strong"":false}},""interpretation"":""Pista geométrica secundaria del snapshot auditado; NO SABEMOS su unión resistente a partir de este matching.""}}","[{""analysis_id"":""POST-A-00503"",""x_geometric_i_to_j_global"":[0,1,0],""y_local"":""NO SABEMOS: geomTransf actual no exportado/ejecutado"",""z_local"":""NO SABEMOS: geomTransf actual no exportado/ejecutado"",""note"":""Dirección geométrica del candidato, NO triada FE validada; no inferir My/Mz.""}]","{""center"":[-3.548,5.6084,19.400000000000002],""i"":[-3.548,4.4157,19.400000000000002],""j"":[-3.548,6.8011,19.400000000000002],""z_bottom"":19,""z_top"":19.8}","{""center"":{""X"":{""relation"":""OUTBOARD <A"",""nearest_axis"":""A"",""offset_m"":-3.548,""text"":""OUTBOARD <A (A -3.5480 m)""},""Y"":{""relation"":""1–2"",""nearest_axis"":""2"",""offset_m"":-3.2916,""text"":""1–2 (2 -3.2916 m)""}},""i"":{""X"":{""relation"":""OUTBOARD <A"",""nearest_axis"":""A"",""offset_m"":-3.548,""text"":""OUTBOARD <A (A -3.5480 m)""},""Y"":{""relation"":""1–2"",""nearest_axis"":""1"",""offset_m"":4.4157,""text"":""1–2 (1 +4.4157 m)""}},""j"":{""X"":{""relation"":""OUTBOARD <A"",""nearest_axis"":""A"",""offset_m"":-3.548,""text"":""OUTBOARD <A (A -3.5480 m)""},""Y"":{""relation"":""1–2"",""nearest_axis"":""2"",""offset_m"":-2.0989,""text"":""1–2 (2 -2.0989 m)""}}}","Localizar E2-P4-V-004 por los offsets de ejes, no por su ID (el ID es nuestro, no una etiqueta CAD).
Comparar con E2-P4-M-002: verificar contacto de caras, nivel de arranque y continuidad del hormigón.
Seguir la llamada de corte/detalle dibujada; si no aparece, registrar NO ENCONTRADA, no completar por proximidad.
Leer sección y cambios de nivel. Distinguir borde de losa de viga/muro y fotografiar la evidencia con ejes visibles.","Puede omitir el camino de cargas del componente local. Efecto global NO SABEMOS; no se ha calculado.","REVIEW_REQUIRED","FE_PENDING_43_DETAILED_REVIEW.json; 2024_22-102.dxf","",""
"40","E2-P4-V-005","B","EDIFICIO_2","P4","VIGA","X OUTBOARD <A (A -3.5480 m) / Y 1–2 (2 -1.7239 m)","El candidato sitúa este viga en POST-FLOAT-020 sin camino de conectividad a los apoyos de fundación. Respecto de E2-P4-M-002: distancia entre ejes XY 4.9764 m, separación entre huellas 4.9754 m y separación vertical 0.0000 m.","HECHO: geometría actual desde 2024_22-102.dxf, layer RLE-VIGA_CONTOUR_CENTERLINE.
HECHO: regeneración reproduce POST-FLOAT-020, 3 segmentos FE sin camino al sistema apoyado.
HECHO: geometría y resultados no modificados. Ancho/espesor 0.4 m; altura visible 0.8 m (no confundir con sección resistente).","NO SABEMOS cuál es el detalle resistente que completa el camino a fundación ni si el alcance del FE debe incluir todo este componente.
NO SABEMOS los ejes locales y tags de un análisis ACTUAL ejecutado: este candidato no ha sido ejecutado.","2024_22-102 — Planta fuente del elemento P4. Buscar X OUTBOARD <A (A -3.5480 m) / Y 1–2 (2 -1.7239 m); revisar las entidades y la correspondencia cielo/piso, no solo el título.
2024_22-303 — ELEVACION EJES A, A': buscar el arranque del sector situado a X<A. No se afirma que la elevación atraviese la viga outboard.","¿La planta y el corte muestran una unión resistente entre E2-P4-V-005 y E2-P4-M-002, o un apoyo/transferencia diferente? Indica la llamada del detalle.","-3.548","7.1761","19.400000000000002","19.8","11.83","SOL2_4_beam_0464","[{""analysis_id"":""POST-A-00501"",""opensees_element_tag"":10501,""element_id"":""E2-P4-V-005"",""geometry_elementTag"":""SOL2_4_beam_0464"",""geometry_segment_index"":0,""type"":""beam"",""building"":""EDIFICIO_2"",""floor"":""P4"",""node_i"":980,""node_j"":978,""opensees_node_i"":980,""opensees_node_j"":978,""status"":""CANDIDATO / NO EJECUTADO"",""node_i_xyz_m"":{""tag"":980,""x"":-3.548,""y"":6.801,""z"":19.8,""building"":""EDIFICIO_2"",""reasons"":[""BEAM_BEAM_INTERSECTION"",""VALIDATION""]},""node_j_xyz_m"":{""tag"":978,""x"":-3.548,""y"":7.551,""z"":19.8,""building"":""EDIFICIO_2"",""reasons"":[""BEAM_BEAM_INTERSECTION"",""VALIDATION""]}}]","{""nearest_column"":{""id"":""E2-P4-C-001"",""floor"":""P4"",""axis_distance_xy_m"":3.797869,""face_gap_xy_m"":3.162138,""vertical_gap_m"":0,""footprint_overlap_m2"":0,""meaning"":""Proximidad geométrica; NO prueba de conexión resistente""},""nearest_wall"":{""id"":""E2-P4-M-002"",""floor"":""P4"",""axis_distance_xy_m"":4.976405,""face_gap_xy_m"":4.9754,""vertical_gap_m"":0,""footprint_overlap_m2"":0,""meaning"":""Proximidad geométrica; NO prueba de conexión resistente""},""below"":{""id"":""E2-P3-V-002"",""floor"":""P3"",""axis_distance_xy_m"":0,""face_gap_xy_m"":0,""vertical_gap_m"":3.16,""footprint_overlap_m2"":0.3,""meaning"":""Proximidad geométrica; NO prueba de conexión resistente""},""above"":null,""candidate_junctions"":[""E2-P4-V-004"",""E2-P4-V-006""],""component_members"":[""E2-P4-V-004"",""E2-P4-V-005"",""E2-P4-V-006""],""connected_beams_candidate"":[""E2-P4-V-004"",""E2-P4-V-006""],""floor_visual_panels"":[""E2-P4-D-001""],""load_panel_receptor"":""NO SABEMOS: coincidencia de piso no establece panel tributario/receptor aprobado.""}","[{""endpoint"":""i"",""wall"":""E2-P4-M-002"",""axis_distance_xy_m"":4.976405,""face_distance_xy_m"":4.9754,""plane_z_m"":19.8,""meaning"":""Distancia horizontal de punto a segmento/huella rectangular, no conexión ni distancia 3D.""},{""endpoint"":""j"",""wall"":""E2-P4-M-002"",""axis_distance_xy_m"":5.726273,""face_distance_xy_m"":5.7254,""plane_z_m"":19.8,""meaning"":""Distancia horizontal de punto a segmento/huella rectangular, no conexión ni distancia 3D.""}]","[{""id"":""H1"",""statement"":""Falta representar un encuentro físico en el adaptador FE."",""for"":""La geometría existe y el componente está desconectado; revisar las distancias y vecinos medidos."",""against"":""Proximidad o solape de huellas no demuestra unión resistente ni autoriza un rigidLink."",""confidence"":""BAJA""},{""id"":""H2"",""statement"":""El elemento tiene apoyo/transferencia exterior o participa en un sistema local distinto."",""for"":""Ubicación y vecinos geométricos indicados en la ficha; no hay detalle confirmado."",""against"":""No se ha establecido un camino resistente completo ni una exclusión FE aprobada."",""confidence"":""BAJA""},{""id"":""H3"",""statement"":""El alcance, nivel o interpretación de una entidad CAD requiere revisión."",""for"":""La desconexión continúa en la regeneración actual."",""against"":""CONFIRMED_LABEL_WIDTH"",""confidence"":""BAJA; no borrar ni mover automáticamente""}]","{""source_dxf"":""2024_22-102.dxf"",""source_layer"":""RLE-VIGA_CONTOUR_CENTERLINE"",""sourceTags"":[""P4-E2-VB-0101"",""P4-E2-VB-0106""],""source_label"":""NO ENCONTRADA"",""source_label_tag"":""NO ENCONTRADA"",""geometry_confirmation"":{""status"":""CONFIRMED_LABEL_WIDTH"",""audit_file"":""entregas/POST_P1L4/ed2_beams/ed2_beam_centerline_proposal.json"",""face_ids"":[""P4-E2-VB-0101"",""P4-E2-VB-0106""],""width_m"":0.4},""section_source"":""CAD_CONTOUR_WIDTH+TEXT_LABEL"",""section_confidence"":""CONFIRMED_FROM_PLAN"",""material_source"":""2024_22-100.dxf / MTEXT 53994 / Main ED2 through cielo P4; excludes slabs and radier"",""CAD_handle"":""NO ENCONTRADA en el contrato canónico; sourceTags son IDs derivados, no handles DWG."",""joint_detail"":""NO ENCONTRADA inequívoca"",""dimension_joint"":""NO ENCONTRADA inequívoca"",""physical_context_audit"":{},""prior_diagnosis"":{""element_id"":""E2-P4-V-005"",""type"":""beam"",""building"":""EDIFICIO_2"",""floor"":""P4"",""classification"":""UNRESOLVED_REAL"",""qualification"":""CANDIDATE diagnosis, support path NOT APPROVED"",""cause"":""ED2_P4_BOUNDARY_BEAM_SUPPORT_REVIEW"",""primary_source"":""2024_22-102.dxf"",""decision"":""NO_REMOVAL_NO_ARTIFICIAL_SUPPORT""}}","{""SANTIAGO"":{""candidate_match"":{""id"":""B3085_V40/80"",""start_xy_m"":[-3.745,0],""end_xy_m"":[-3.745,16.15],""length_m"":16.15,""width_m"":0.4,""height_m"":0.8,""match"":{""perpendicular_distance_m"":0.197,""angle_delta_deg"":0,""overlap_m"":0.75,""overlap_ratio"":1,""length_delta_m"":15.4,""strong"":false}},""interpretation"":""Pista geométrica secundaria del snapshot auditado; NO SABEMOS su unión resistente a partir de este matching.""},""CACERES"":{""candidate_match"":{""id"":""C-B-603"",""start_xy_m"":[-3.75,11.885],""end_xy_m"":[-3.75,4.265],""length_m"":7.62,""width_m"":null,""height_m"":null,""match"":{""perpendicular_distance_m"":0.202,""angle_delta_deg"":0,""overlap_m"":0.75,""overlap_ratio"":1,""length_delta_m"":6.87,""strong"":false}},""interpretation"":""Pista geométrica secundaria del snapshot auditado; NO SABEMOS su unión resistente a partir de este matching.""}}","[{""analysis_id"":""POST-A-00501"",""x_geometric_i_to_j_global"":[0,1,0],""y_local"":""NO SABEMOS: geomTransf actual no exportado/ejecutado"",""z_local"":""NO SABEMOS: geomTransf actual no exportado/ejecutado"",""note"":""Dirección geométrica del candidato, NO triada FE validada; no inferir My/Mz.""}]","{""center"":[-3.548,7.1761,19.400000000000002],""i"":[-3.548,6.8011,19.400000000000002],""j"":[-3.548,7.5511,19.400000000000002],""z_bottom"":19,""z_top"":19.8}","{""center"":{""X"":{""relation"":""OUTBOARD <A"",""nearest_axis"":""A"",""offset_m"":-3.548,""text"":""OUTBOARD <A (A -3.5480 m)""},""Y"":{""relation"":""1–2"",""nearest_axis"":""2"",""offset_m"":-1.7239,""text"":""1–2 (2 -1.7239 m)""}},""i"":{""X"":{""relation"":""OUTBOARD <A"",""nearest_axis"":""A"",""offset_m"":-3.548,""text"":""OUTBOARD <A (A -3.5480 m)""},""Y"":{""relation"":""1–2"",""nearest_axis"":""2"",""offset_m"":-2.0989,""text"":""1–2 (2 -2.0989 m)""}},""j"":{""X"":{""relation"":""OUTBOARD <A"",""nearest_axis"":""A"",""offset_m"":-3.548,""text"":""OUTBOARD <A (A -3.5480 m)""},""Y"":{""relation"":""1–2"",""nearest_axis"":""2"",""offset_m"":-1.3489,""text"":""1–2 (2 -1.3489 m)""}}}","Localizar E2-P4-V-005 por los offsets de ejes, no por su ID (el ID es nuestro, no una etiqueta CAD).
Comparar con E2-P4-M-002: verificar contacto de caras, nivel de arranque y continuidad del hormigón.
Seguir la llamada de corte/detalle dibujada; si no aparece, registrar NO ENCONTRADA, no completar por proximidad.
Leer sección y cambios de nivel. Distinguir borde de losa de viga/muro y fotografiar la evidencia con ejes visibles.","Puede omitir el camino de cargas del componente local. Efecto global NO SABEMOS; no se ha calculado.","REVIEW_REQUIRED","FE_PENDING_43_DETAILED_REVIEW.json; 2024_22-102.dxf","",""
"41","E2-P4-V-006","B","EDIFICIO_2","P4","VIGA","X OUTBOARD <A (A -3.5480 m) / Y 1–2 (2 -0.9489 m)","El candidato sitúa este viga en POST-FLOAT-020 sin camino de conectividad a los apoyos de fundación. Respecto de E2-P4-M-002: distancia entre ejes XY 5.7263 m, separación entre huellas 5.7254 m y separación vertical 0.0000 m.","HECHO: geometría actual desde 2024_22-102.dxf, layer RLE-VIGA_CONTOUR_CENTERLINE.
HECHO: regeneración reproduce POST-FLOAT-020, 3 segmentos FE sin camino al sistema apoyado.
HECHO: geometría y resultados no modificados. Ancho/espesor 0.4 m; altura visible 0.8 m (no confundir con sección resistente).","NO SABEMOS cuál es el detalle resistente que completa el camino a fundación ni si el alcance del FE debe incluir todo este componente.
NO SABEMOS los ejes locales y tags de un análisis ACTUAL ejecutado: este candidato no ha sido ejecutado.","2024_22-102 — Planta fuente del elemento P4. Buscar X OUTBOARD <A (A -3.5480 m) / Y 1–2 (2 -0.9489 m); revisar las entidades y la correspondencia cielo/piso, no solo el título.
2024_22-303 — ELEVACION EJES A, A': buscar el arranque del sector situado a X<A. No se afirma que la elevación atraviese la viga outboard.","¿La planta y el corte muestran una unión resistente entre E2-P4-V-006 y E2-P4-M-002, o un apoyo/transferencia diferente? Indica la llamada del detalle.","-3.548","7.9511","19.400000000000002","19.8","11.83","SOL2_4_beam_0459","[{""analysis_id"":""POST-A-00500"",""opensees_element_tag"":10500,""element_id"":""E2-P4-V-006"",""geometry_elementTag"":""SOL2_4_beam_0459"",""geometry_segment_index"":0,""type"":""beam"",""building"":""EDIFICIO_2"",""floor"":""P4"",""node_i"":978,""node_j"":979,""opensees_node_i"":978,""opensees_node_j"":979,""status"":""CANDIDATO / NO EJECUTADO"",""node_i_xyz_m"":{""tag"":978,""x"":-3.548,""y"":7.551,""z"":19.8,""building"":""EDIFICIO_2"",""reasons"":[""BEAM_BEAM_INTERSECTION"",""VALIDATION""]},""node_j_xyz_m"":{""tag"":979,""x"":-3.548,""y"":8.351,""z"":19.8,""building"":""EDIFICIO_2"",""reasons"":[""BEAM_END"",""VALIDATION""]}}]","{""nearest_column"":{""id"":""E2-P4-C-001"",""floor"":""P4"",""axis_distance_xy_m"":3.592283,""face_gap_xy_m"":3.006627,""vertical_gap_m"":0,""footprint_overlap_m2"":0,""meaning"":""Proximidad geométrica; NO prueba de conexión resistente""},""nearest_wall"":{""id"":""E2-P4-M-002"",""floor"":""P4"",""axis_distance_xy_m"":5.726273,""face_gap_xy_m"":5.7254,""vertical_gap_m"":0,""footprint_overlap_m2"":0,""meaning"":""Proximidad geométrica; NO prueba de conexión resistente""},""below"":{""id"":""E2-P3-V-002"",""floor"":""P3"",""axis_distance_xy_m"":0,""face_gap_xy_m"":0,""vertical_gap_m"":3.16,""footprint_overlap_m2"":0.32,""meaning"":""Proximidad geométrica; NO prueba de conexión resistente""},""above"":null,""candidate_junctions"":[""E2-P4-V-005""],""component_members"":[""E2-P4-V-004"",""E2-P4-V-005"",""E2-P4-V-006""],""connected_beams_candidate"":[""E2-P4-V-005""],""floor_visual_panels"":[""E2-P4-D-001""],""load_panel_receptor"":""NO SABEMOS: coincidencia de piso no establece panel tributario/receptor aprobado.""}","[{""endpoint"":""i"",""wall"":""E2-P4-M-002"",""axis_distance_xy_m"":5.726273,""face_distance_xy_m"":5.7254,""plane_z_m"":19.8,""meaning"":""Distancia horizontal de punto a segmento/huella rectangular, no conexión ni distancia 3D.""},{""endpoint"":""j"",""wall"":""E2-P4-M-003"",""axis_distance_xy_m"":5.975437,""face_distance_xy_m"":5.9746,""plane_z_m"":19.8,""meaning"":""Distancia horizontal de punto a segmento/huella rectangular, no conexión ni distancia 3D.""}]","[{""id"":""H1"",""statement"":""Falta representar un encuentro físico en el adaptador FE."",""for"":""La geometría existe y el componente está desconectado; revisar las distancias y vecinos medidos."",""against"":""Proximidad o solape de huellas no demuestra unión resistente ni autoriza un rigidLink."",""confidence"":""BAJA""},{""id"":""H2"",""statement"":""El elemento tiene apoyo/transferencia exterior o participa en un sistema local distinto."",""for"":""Ubicación y vecinos geométricos indicados en la ficha; no hay detalle confirmado."",""against"":""No se ha establecido un camino resistente completo ni una exclusión FE aprobada."",""confidence"":""BAJA""},{""id"":""H3"",""statement"":""El alcance, nivel o interpretación de una entidad CAD requiere revisión."",""for"":""La desconexión continúa en la regeneración actual."",""against"":""CONFIRMED_LABEL_WIDTH"",""confidence"":""BAJA; no borrar ni mover automáticamente""}]","{""source_dxf"":""2024_22-102.dxf"",""source_layer"":""RLE-VIGA_CONTOUR_CENTERLINE"",""sourceTags"":[""P4-E2-VB-0101"",""P4-E2-VB-0104""],""source_label"":""NO ENCONTRADA"",""source_label_tag"":""NO ENCONTRADA"",""geometry_confirmation"":{""status"":""CONFIRMED_LABEL_WIDTH"",""audit_file"":""entregas/POST_P1L4/ed2_beams/ed2_beam_centerline_proposal.json"",""face_ids"":[""P4-E2-VB-0101"",""P4-E2-VB-0104""],""width_m"":0.4},""section_source"":""CAD_CONTOUR_WIDTH+TEXT_LABEL"",""section_confidence"":""CONFIRMED_FROM_PLAN"",""material_source"":""2024_22-100.dxf / MTEXT 53994 / Main ED2 through cielo P4; excludes slabs and radier"",""CAD_handle"":""NO ENCONTRADA en el contrato canónico; sourceTags son IDs derivados, no handles DWG."",""joint_detail"":""NO ENCONTRADA inequívoca"",""dimension_joint"":""NO ENCONTRADA inequívoca"",""physical_context_audit"":{},""prior_diagnosis"":{""element_id"":""E2-P4-V-006"",""type"":""beam"",""building"":""EDIFICIO_2"",""floor"":""P4"",""classification"":""UNRESOLVED_REAL"",""qualification"":""CANDIDATE diagnosis, support path NOT APPROVED"",""cause"":""ED2_P4_BOUNDARY_BEAM_SUPPORT_REVIEW"",""primary_source"":""2024_22-102.dxf"",""decision"":""NO_REMOVAL_NO_ARTIFICIAL_SUPPORT""}}","{""SANTIAGO"":{""candidate_match"":{""id"":""B3085_V40/80"",""start_xy_m"":[-3.745,0],""end_xy_m"":[-3.745,16.15],""length_m"":16.15,""width_m"":0.4,""height_m"":0.8,""match"":{""perpendicular_distance_m"":0.197,""angle_delta_deg"":0,""overlap_m"":0.8,""overlap_ratio"":1,""length_delta_m"":15.35,""strong"":false}},""interpretation"":""Pista geométrica secundaria del snapshot auditado; NO SABEMOS su unión resistente a partir de este matching.""},""CACERES"":{""candidate_match"":{""id"":""C-B-603"",""start_xy_m"":[-3.75,11.885],""end_xy_m"":[-3.75,4.265],""length_m"":7.62,""width_m"":null,""height_m"":null,""match"":{""perpendicular_distance_m"":0.202,""angle_delta_deg"":0,""overlap_m"":0.8,""overlap_ratio"":1,""length_delta_m"":6.82,""strong"":false}},""interpretation"":""Pista geométrica secundaria del snapshot auditado; NO SABEMOS su unión resistente a partir de este matching.""}}","[{""analysis_id"":""POST-A-00500"",""x_geometric_i_to_j_global"":[0,1,0],""y_local"":""NO SABEMOS: geomTransf actual no exportado/ejecutado"",""z_local"":""NO SABEMOS: geomTransf actual no exportado/ejecutado"",""note"":""Dirección geométrica del candidato, NO triada FE validada; no inferir My/Mz.""}]","{""center"":[-3.548,7.9511,19.400000000000002],""i"":[-3.548,7.5511,19.400000000000002],""j"":[-3.548,8.3511,19.400000000000002],""z_bottom"":19,""z_top"":19.8}","{""center"":{""X"":{""relation"":""OUTBOARD <A"",""nearest_axis"":""A"",""offset_m"":-3.548,""text"":""OUTBOARD <A (A -3.5480 m)""},""Y"":{""relation"":""1–2"",""nearest_axis"":""2"",""offset_m"":-0.9489,""text"":""1–2 (2 -0.9489 m)""}},""i"":{""X"":{""relation"":""OUTBOARD <A"",""nearest_axis"":""A"",""offset_m"":-3.548,""text"":""OUTBOARD <A (A -3.5480 m)""},""Y"":{""relation"":""1–2"",""nearest_axis"":""2"",""offset_m"":-1.3489,""text"":""1–2 (2 -1.3489 m)""}},""j"":{""X"":{""relation"":""OUTBOARD <A"",""nearest_axis"":""A"",""offset_m"":-3.548,""text"":""OUTBOARD <A (A -3.5480 m)""},""Y"":{""relation"":""1–2"",""nearest_axis"":""2"",""offset_m"":-0.5489,""text"":""1–2 (2 -0.5489 m)""}}}","Localizar E2-P4-V-006 por los offsets de ejes, no por su ID (el ID es nuestro, no una etiqueta CAD).
Comparar con E2-P4-M-002: verificar contacto de caras, nivel de arranque y continuidad del hormigón.
Seguir la llamada de corte/detalle dibujada; si no aparece, registrar NO ENCONTRADA, no completar por proximidad.
Leer sección y cambios de nivel. Distinguir borde de losa de viga/muro y fotografiar la evidencia con ejes visibles.","Puede omitir el camino de cargas del componente local. Efecto global NO SABEMOS; no se ha calculado.","REVIEW_REQUIRED","FE_PENDING_43_DETAILED_REVIEW.json; 2024_22-102.dxf","",""
"42","E2-P4-V-007","B","EDIFICIO_2","P4","VIGA","X OUTBOARD <A (A -3.5480 m) / Y 2–3 (2 +1.5932 m)","El candidato sitúa este viga en POST-FLOAT-019 sin camino de conectividad a los apoyos de fundación. Respecto de E2-P4-M-003: distancia entre ejes XY 2.5919 m, separación entre huellas 2.5900 m y separación vertical 0.0000 m.","HECHO: geometría actual desde 2024_22-102.dxf, layer RLE-VIGA_CONTOUR_CENTERLINE.
HECHO: regeneración reproduce POST-FLOAT-019, 1 segmentos FE sin camino al sistema apoyado.
HECHO: geometría y resultados no modificados. Ancho/espesor 0.4 m; altura visible 0.8 m (no confundir con sección resistente).","NO SABEMOS cuál es el detalle resistente que completa el camino a fundación ni si el alcance del FE debe incluir todo este componente.
NO SABEMOS los ejes locales y tags de un análisis ACTUAL ejecutado: este candidato no ha sido ejecutado.","2024_22-102 — Planta fuente del elemento P4. Buscar X OUTBOARD <A (A -3.5480 m) / Y 2–3 (2 +1.5932 m); revisar las entidades y la correspondencia cielo/piso, no solo el título.
2024_22-303 — ELEVACION EJES A, A': buscar el arranque del sector situado a X<A. No se afirma que la elevación atraviese la viga outboard.","¿La planta y el corte muestran una unión resistente entre E2-P4-V-007 y E2-P4-M-003, o un apoyo/transferencia diferente? Indica la llamada del detalle.","-3.548","10.4932","19.400000000000002","19.8","11.83","SOL2_4_beam_0460","[{""analysis_id"":""POST-A-00502"",""opensees_element_tag"":10502,""element_id"":""E2-P4-V-007"",""geometry_elementTag"":""SOL2_4_beam_0460"",""geometry_segment_index"":0,""type"":""beam"",""building"":""EDIFICIO_2"",""floor"":""P4"",""node_i"":981,""node_j"":982,""opensees_node_i"":981,""opensees_node_j"":982,""status"":""CANDIDATO / NO EJECUTADO"",""node_i_xyz_m"":{""tag"":981,""x"":-3.548,""y"":9.251,""z"":19.8,""building"":""EDIFICIO_2"",""reasons"":[""BEAM_END"",""VALIDATION""]},""node_j_xyz_m"":{""tag"":982,""x"":-3.548,""y"":11.736,""z"":19.8,""building"":""EDIFICIO_2"",""reasons"":[""BEAM_END"",""VALIDATION""]}}]","{""nearest_column"":{""id"":""E2-P4-C-001"",""floor"":""P4"",""axis_distance_xy_m"":3.567211,""face_gap_xy_m"":2.999996,""vertical_gap_m"":0,""footprint_overlap_m2"":0,""meaning"":""Proximidad geométrica; NO prueba de conexión resistente""},""nearest_wall"":{""id"":""E2-P4-M-003"",""floor"":""P4"",""axis_distance_xy_m"":2.59193,""face_gap_xy_m"":2.59,""vertical_gap_m"":0,""footprint_overlap_m2"":0,""meaning"":""Proximidad geométrica; NO prueba de conexión resistente""},""below"":{""id"":""E2-P3-V-003"",""floor"":""P3"",""axis_distance_xy_m"":0,""face_gap_xy_m"":0,""vertical_gap_m"":3.16,""footprint_overlap_m2"":0.994,""meaning"":""Proximidad geométrica; NO prueba de conexión resistente""},""above"":null,""candidate_junctions"":[],""component_members"":[""E2-P4-V-007""],""connected_beams_candidate"":[],""floor_visual_panels"":[""E2-P4-D-001""],""load_panel_receptor"":""NO SABEMOS: coincidencia de piso no establece panel tributario/receptor aprobado.""}","[{""endpoint"":""i"",""wall"":""E2-P4-M-003"",""axis_distance_xy_m"":5.075985,""face_distance_xy_m"":5.075,""plane_z_m"":19.8,""meaning"":""Distancia horizontal de punto a segmento/huella rectangular, no conexión ni distancia 3D.""},{""endpoint"":""j"",""wall"":""E2-P4-M-003"",""axis_distance_xy_m"":2.59193,""face_distance_xy_m"":2.59,""plane_z_m"":19.8,""meaning"":""Distancia horizontal de punto a segmento/huella rectangular, no conexión ni distancia 3D.""}]","[{""id"":""H1"",""statement"":""Falta representar un encuentro físico en el adaptador FE."",""for"":""La geometría existe y el componente está desconectado; revisar las distancias y vecinos medidos."",""against"":""Proximidad o solape de huellas no demuestra unión resistente ni autoriza un rigidLink."",""confidence"":""BAJA""},{""id"":""H2"",""statement"":""El elemento tiene apoyo/transferencia exterior o participa en un sistema local distinto."",""for"":""Ubicación y vecinos geométricos indicados en la ficha; no hay detalle confirmado."",""against"":""No se ha establecido un camino resistente completo ni una exclusión FE aprobada."",""confidence"":""BAJA""},{""id"":""H3"",""statement"":""El alcance, nivel o interpretación de una entidad CAD requiere revisión."",""for"":""La desconexión continúa en la regeneración actual."",""against"":""CONFIRMED_LABEL_WIDTH"",""confidence"":""BAJA; no borrar ni mover automáticamente""}]","{""source_dxf"":""2024_22-102.dxf"",""source_layer"":""RLE-VIGA_CONTOUR_CENTERLINE"",""sourceTags"":[""P4-E2-VB-0102"",""P4-E2-VB-0105""],""source_label"":""NO ENCONTRADA"",""source_label_tag"":""NO ENCONTRADA"",""geometry_confirmation"":{""status"":""CONFIRMED_LABEL_WIDTH"",""audit_file"":""entregas/POST_P1L4/ed2_beams/ed2_beam_centerline_proposal.json"",""face_ids"":[""P4-E2-VB-0102"",""P4-E2-VB-0105""],""width_m"":0.4},""section_source"":""CAD_CONTOUR_WIDTH+TEXT_LABEL"",""section_confidence"":""CONFIRMED_FROM_PLAN"",""material_source"":""2024_22-100.dxf / MTEXT 53994 / Main ED2 through cielo P4; excludes slabs and radier"",""CAD_handle"":""NO ENCONTRADA en el contrato canónico; sourceTags son IDs derivados, no handles DWG."",""joint_detail"":""NO ENCONTRADA inequívoca"",""dimension_joint"":""NO ENCONTRADA inequívoca"",""physical_context_audit"":{},""prior_diagnosis"":{""element_id"":""E2-P4-V-007"",""type"":""beam"",""building"":""EDIFICIO_2"",""floor"":""P4"",""classification"":""UNRESOLVED_REAL"",""qualification"":""CANDIDATE diagnosis, support path NOT APPROVED"",""cause"":""ED2_P4_BOUNDARY_BEAM_SUPPORT_REVIEW"",""primary_source"":""2024_22-102.dxf"",""decision"":""NO_REMOVAL_NO_ARTIFICIAL_SUPPORT""}}","{""SANTIAGO"":{""candidate_match"":{""id"":""B3085_V40/80"",""start_xy_m"":[-3.745,0],""end_xy_m"":[-3.745,16.15],""length_m"":16.15,""width_m"":0.4,""height_m"":0.8,""match"":{""perpendicular_distance_m"":0.197,""angle_delta_deg"":0,""overlap_m"":2.485,""overlap_ratio"":1,""length_delta_m"":13.665,""strong"":false}},""interpretation"":""Pista geométrica secundaria del snapshot auditado; NO SABEMOS su unión resistente a partir de este matching.""},""CACERES"":{""candidate_match"":{""id"":""C-B-603"",""start_xy_m"":[-3.75,11.885],""end_xy_m"":[-3.75,4.265],""length_m"":7.62,""width_m"":null,""height_m"":null,""match"":{""perpendicular_distance_m"":0.202,""angle_delta_deg"":0,""overlap_m"":2.485,""overlap_ratio"":1,""length_delta_m"":5.135,""strong"":false}},""interpretation"":""Pista geométrica secundaria del snapshot auditado; NO SABEMOS su unión resistente a partir de este matching.""}}","[{""analysis_id"":""POST-A-00502"",""x_geometric_i_to_j_global"":[0,1,0],""y_local"":""NO SABEMOS: geomTransf actual no exportado/ejecutado"",""z_local"":""NO SABEMOS: geomTransf actual no exportado/ejecutado"",""note"":""Dirección geométrica del candidato, NO triada FE validada; no inferir My/Mz.""}]","{""center"":[-3.548,10.4932,19.400000000000002],""i"":[-3.548,9.2507,19.400000000000002],""j"":[-3.548,11.7357,19.400000000000002],""z_bottom"":19,""z_top"":19.8}","{""center"":{""X"":{""relation"":""OUTBOARD <A"",""nearest_axis"":""A"",""offset_m"":-3.548,""text"":""OUTBOARD <A (A -3.5480 m)""},""Y"":{""relation"":""2–3"",""nearest_axis"":""2"",""offset_m"":1.5932,""text"":""2–3 (2 +1.5932 m)""}},""i"":{""X"":{""relation"":""OUTBOARD <A"",""nearest_axis"":""A"",""offset_m"":-3.548,""text"":""OUTBOARD <A (A -3.5480 m)""},""Y"":{""relation"":""2–3"",""nearest_axis"":""2"",""offset_m"":0.3507,""text"":""2–3 (2 +0.3507 m)""}},""j"":{""X"":{""relation"":""OUTBOARD <A"",""nearest_axis"":""A"",""offset_m"":-3.548,""text"":""OUTBOARD <A (A -3.5480 m)""},""Y"":{""relation"":""2–3"",""nearest_axis"":""2"",""offset_m"":2.8357,""text"":""2–3 (2 +2.8357 m)""}}}","Localizar E2-P4-V-007 por los offsets de ejes, no por su ID (el ID es nuestro, no una etiqueta CAD).
Comparar con E2-P4-M-003: verificar contacto de caras, nivel de arranque y continuidad del hormigón.
Seguir la llamada de corte/detalle dibujada; si no aparece, registrar NO ENCONTRADA, no completar por proximidad.
Leer sección y cambios de nivel. Distinguir borde de losa de viga/muro y fotografiar la evidencia con ejes visibles.","Puede omitir el camino de cargas del componente local. Efecto global NO SABEMOS; no se ha calculado.","REVIEW_REQUIRED","FE_PENDING_43_DETAILED_REVIEW.json; 2024_22-102.dxf","",""
"43","E2-P4-V-009","B","EDIFICIO_2","P4","VIGA","X OUTBOARD <A (A -2.7322 m) / Y 2–3 (3 -0.2993 m)","El candidato sitúa este viga en POST-FLOAT-021 sin camino de conectividad a los apoyos de fundación. Respecto de E2-P4-M-006: distancia entre ejes XY 0.4500 m, separación entre huellas 0.2000 m y separación vertical 0.0000 m.","HECHO: geometría actual desde 2024_22-102.dxf, layer RLE-VIGA_CONTOUR_CENTERLINE.
HECHO: regeneración reproduce POST-FLOAT-021, 1 segmentos FE sin camino al sistema apoyado.
HECHO: geometría y resultados no modificados. Ancho/espesor 0.2 m; altura visible 0.9 m (no confundir con sección resistente).","NO SABEMOS cuál es el detalle resistente que completa el camino a fundación ni si el alcance del FE debe incluir todo este componente.
NO SABEMOS los ejes locales y tags de un análisis ACTUAL ejecutado: este candidato no ha sido ejecutado.","2024_22-102 — Planta fuente del elemento P4. Buscar X OUTBOARD <A (A -2.7322 m) / Y 2–3 (3 -0.2993 m); revisar las entidades y la correspondencia cielo/piso, no solo el título.
2024_22-303 — ELEVACION EJES A, A': buscar el arranque del sector situado a X<A. No se afirma que la elevación atraviese la viga outboard.","¿La planta y el corte muestran una unión resistente entre E2-P4-V-009 y E2-P4-M-006, o un apoyo/transferencia diferente? Indica la llamada del detalle.","-2.7321999999999997","15.8507","19.35","19.8","11.83","SOL2_4_beam_0507","[{""analysis_id"":""POST-A-00537"",""opensees_element_tag"":10537,""element_id"":""E2-P4-V-009"",""geometry_elementTag"":""SOL2_4_beam_0507"",""geometry_segment_index"":0,""type"":""beam"",""building"":""EDIFICIO_2"",""floor"":""P4"",""node_i"":1033,""node_j"":1034,""opensees_node_i"":1033,""opensees_node_j"":1034,""status"":""CANDIDATO / NO EJECUTADO"",""node_i_xyz_m"":{""tag"":1033,""x"":-3.182,""y"":15.851,""z"":19.8,""building"":""EDIFICIO_2"",""reasons"":[""BEAM_END""]},""node_j_xyz_m"":{""tag"":1034,""x"":-2.282,""y"":15.851,""z"":19.8,""building"":""EDIFICIO_2"",""reasons"":[""BEAM_END""]}}]","{""nearest_column"":{""id"":""E2-P4-C-001"",""floor"":""P4"",""axis_distance_xy_m"":7.31577,""face_gap_xy_m"":6.781705,""vertical_gap_m"":0,""footprint_overlap_m2"":0,""meaning"":""Proximidad geométrica; NO prueba de conexión resistente""},""nearest_wall"":{""id"":""E2-P4-M-006"",""floor"":""P4"",""axis_distance_xy_m"":0.45,""face_gap_xy_m"":0.2,""vertical_gap_m"":0,""footprint_overlap_m2"":0,""meaning"":""Proximidad geométrica; NO prueba de conexión resistente""},""below"":{""id"":""E2-P3-V-008"",""floor"":""P3"",""axis_distance_xy_m"":0.487452,""face_gap_xy_m"":0.3842,""vertical_gap_m"":3.06,""footprint_overlap_m2"":0,""meaning"":""Proximidad geométrica; NO prueba de conexión resistente""},""above"":null,""candidate_junctions"":[],""component_members"":[""E2-P4-V-009""],""connected_beams_candidate"":[],""floor_visual_panels"":[""E2-P4-D-001""],""load_panel_receptor"":""NO SABEMOS: coincidencia de piso no establece panel tributario/receptor aprobado.""}","[{""endpoint"":""i"",""wall"":""E2-P4-M-006"",""axis_distance_xy_m"":0.45,""face_distance_xy_m"":0.3,""plane_z_m"":19.8,""meaning"":""Distancia horizontal de punto a segmento/huella rectangular, no conexión ni distancia 3D.""},{""endpoint"":""j"",""wall"":""E2-P4-M-006"",""axis_distance_xy_m"":0.45,""face_distance_xy_m"":0.3,""plane_z_m"":19.8,""meaning"":""Distancia horizontal de punto a segmento/huella rectangular, no conexión ni distancia 3D.""}]","[{""id"":""H1"",""statement"":""Falta representar un encuentro físico en el adaptador FE."",""for"":""La geometría existe y el componente está desconectado; revisar las distancias y vecinos medidos."",""against"":""Proximidad o solape de huellas no demuestra unión resistente ni autoriza un rigidLink."",""confidence"":""BAJA""},{""id"":""H2"",""statement"":""El elemento tiene apoyo/transferencia exterior o participa en un sistema local distinto."",""for"":""Ubicación y vecinos geométricos indicados en la ficha; no hay detalle confirmado."",""against"":""No se ha establecido un camino resistente completo ni una exclusión FE aprobada."",""confidence"":""BAJA""},{""id"":""H3"",""statement"":""El alcance, nivel o interpretación de una entidad CAD requiere revisión."",""for"":""La desconexión continúa en la regeneración actual."",""against"":""CONFIRMED_SINGLE_CENTERLINE_BY_LABEL"",""confidence"":""BAJA; no borrar ni mover automáticamente""}]","{""source_dxf"":""2024_22-102.dxf"",""source_layer"":""RLE-VIGA_CONTOUR_CENTERLINE"",""sourceTags"":[""P4-E2-VB-0151""],""source_label"":""NO ENCONTRADA"",""source_label_tag"":""NO ENCONTRADA"",""geometry_confirmation"":{""status"":""CONFIRMED_SINGLE_CENTERLINE_BY_LABEL"",""audit_file"":""entregas/POST_P1L4/ed2_beams/ed2_beam_centerline_proposal.json"",""face_ids"":[""P4-E2-VB-0151""],""width_m"":0.2},""section_source"":""CAD_CONTOUR_WIDTH+TEXT_LABEL"",""section_confidence"":""CONFIRMED_FROM_PLAN"",""material_source"":""2024_22-100.dxf / MTEXT 53994 / Main ED2 through cielo P4; excludes slabs and radier"",""CAD_handle"":""NO ENCONTRADA en el contrato canónico; sourceTags son IDs derivados, no handles DWG."",""joint_detail"":""NO ENCONTRADA inequívoca"",""dimension_joint"":""NO ENCONTRADA inequívoca"",""physical_context_audit"":{},""prior_diagnosis"":{""element_id"":""E2-P4-V-009"",""type"":""beam"",""building"":""EDIFICIO_2"",""floor"":""P4"",""classification"":""UNRESOLVED_REAL"",""qualification"":""CANDIDATE diagnosis, support path NOT APPROVED"",""cause"":""ED2_P4_BOUNDARY_BEAM_SUPPORT_REVIEW"",""primary_source"":""2024_22-102.dxf"",""decision"":""NO_REMOVAL_NO_ARTIFICIAL_SUPPORT""}}","{""SANTIAGO"":{""candidate_match"":{""id"":""B3089_V60/80"",""start_xy_m"":[-3.745,16.15],""end_xy_m"":[7.505,16.15],""length_m"":11.25,""width_m"":0.6,""height_m"":0.8,""match"":{""perpendicular_distance_m"":0.2993,""angle_delta_deg"":0,""overlap_m"":0.9,""overlap_ratio"":1,""length_delta_m"":10.35,""strong"":false}},""interpretation"":""Pista geométrica secundaria del snapshot auditado; NO SABEMOS su unión resistente a partir de este matching.""},""CACERES"":{""candidate_match"":{""id"":""C-B-315"",""start_xy_m"":[-3.75,16.15],""end_xy_m"":[-1.9,16.15],""length_m"":1.85,""width_m"":null,""height_m"":null,""match"":{""perpendicular_distance_m"":0.2993,""angle_delta_deg"":0,""overlap_m"":0.9,""overlap_ratio"":1,""length_delta_m"":0.95,""strong"":false}},""interpretation"":""Pista geométrica secundaria del snapshot auditado; NO SABEMOS su unión resistente a partir de este matching.""}}","[{""analysis_id"":""POST-A-00537"",""x_geometric_i_to_j_global"":[1,0,0],""y_local"":""NO SABEMOS: geomTransf actual no exportado/ejecutado"",""z_local"":""NO SABEMOS: geomTransf actual no exportado/ejecutado"",""note"":""Dirección geométrica del candidato, NO triada FE validada; no inferir My/Mz.""}]","{""center"":[-2.7321999999999997,15.8507,19.35],""i"":[-3.1822,15.8507,19.35],""j"":[-2.2822,15.8507,19.35],""z_bottom"":18.9,""z_top"":19.8}","{""center"":{""X"":{""relation"":""OUTBOARD <A"",""nearest_axis"":""A"",""offset_m"":-2.7322,""text"":""OUTBOARD <A (A -2.7322 m)""},""Y"":{""relation"":""2–3"",""nearest_axis"":""3"",""offset_m"":-0.2993,""text"":""2–3 (3 -0.2993 m)""}},""i"":{""X"":{""relation"":""OUTBOARD <A"",""nearest_axis"":""A"",""offset_m"":-3.1822,""text"":""OUTBOARD <A (A -3.1822 m)""},""Y"":{""relation"":""2–3"",""nearest_axis"":""3"",""offset_m"":-0.2993,""text"":""2–3 (3 -0.2993 m)""}},""j"":{""X"":{""relation"":""OUTBOARD <A"",""nearest_axis"":""A"",""offset_m"":-2.2822,""text"":""OUTBOARD <A (A -2.2822 m)""},""Y"":{""relation"":""2–3"",""nearest_axis"":""3"",""offset_m"":-0.2993,""text"":""2–3 (3 -0.2993 m)""}}}","Localizar E2-P4-V-009 por los offsets de ejes, no por su ID (el ID es nuestro, no una etiqueta CAD).
Comparar con E2-P4-M-006: verificar contacto de caras, nivel de arranque y continuidad del hormigón.
Seguir la llamada de corte/detalle dibujada; si no aparece, registrar NO ENCONTRADA, no completar por proximidad.
Leer sección y cambios de nivel. Distinguir borde de losa de viga/muro y fotografiar la evidencia con ejes visibles.","Puede omitir el camino de cargas del componente local. Efecto global NO SABEMOS; no se ha calculado.","REVIEW_REQUIRED","FE_PENDING_43_DETAILED_REVIEW.json; 2024_22-102.dxf","",""
