case_name,opensees_element_tag,element_id,analysis_id,geometry_elementTag,type,floor,node_i,node_j,N_end1,Vy_end1,Vz_end1,T_end1,My_end1,Mz_end1,N_end2,Vy_end2,Vz_end2,T_end2,My_end2,Mz_end2
CASE_EY,10001,E2-S1-C-002,A-C-0001,SOL2_1S_column_0001,column,S1,1,2,-693624.8728309209,304759.08005933353,-29550.211709639916,-45323.21532569176,118965.82032252089,1019655.4008537885,693624.8728309209,-304759.08005933353,29550.211709639916,45323.21532569176,-1946.9819523468323,187190.55618117214
CASE_EY,10002,E2-S1-C-005,A-C-0002,SOL2_1S_column_0002,column,S1,3,4,-668204.9227298236,262225.4191403608,-35253.03708779207,55215.16081132551,142074.05571029856,908767.5477043019,668204.9227298236,-262225.4191403608,35253.03708779207,-55215.16081132551,-2472.028842641972,129645.11209152685
CASE_EY,10003,E2-S1-C-006,A-C-0003,SOL2_1S_column_0003,column,S1,5,6,-276784.98349023215,357984.8505441843,-20220.961535798782,19474.45767000876,79245.5529950369,1037102.064547861,276784.98349023215,-357984.8505441843,20220.961535798782,-19474.45767000876,829.4546867262834,380517.9436071087
CASE_EY,10004,E2-S1-C-003,A-C-0004,SOL2_1S_column_0004,column,S1,7,8,-157876.0938392168,408983.874132986,6963.280224264041,-36433.92887985764,-28249.230427688948,1160221.7134329337,157876.0938392168,-408983.874132986,-6963.280224264041,36433.92887985764,674.6407396033464,459354.42813369073
CASE_EY,10005,E2-S1-C-001,A-C-0005,SOL2_1S_column_0005,column,S1,9,10,-103620.84711915073,182333.28867832763,40376.95747602127,-46223.416263921186,-157441.8626053852,579719.5879517768,103620.84711915073,-182333.28867832763,-40376.95747602127,46223.416263921186,-2450.888999659044,142320.23521440063
CASE_EY,10006,E2-S1-C-004,A-C-0006,SOL2_1S_column_0006,column,S1,11,12,870167.0684110404,316031.46829263977,60103.59069171631,-35908.75426084521,-210680.18484726225,1035043.1848489578,-870167.0684110404,-316031.46829263977,-60103.59069171631,35908.75426084521,-27330.034291934324,216441.4295898957
CASE_EY,10007,E2-S1-C-007,A-C-0007,SOL2_1S_column_0007,column,S1,13,14,1131541.9501599432,272856.4361406777,65040.5191045622,-4808.676750900981,-206261.43371363223,923571.822710503,-1131541.9501599432,-272856.4361406777,-65040.5191045622,4808.676750900981,-51299.02194043406,156939.66440658062
CASE_EY,10008,E2-S1-C-008,A-C-0008,SOL2_1S_column_0008,column,S1,15,16,-314784.2145410427,44069.13431469449,-23931.906774567804,-142453.99704053023,95089.14154524457,597403.3515719033,314784.2145410427,-44069.13431469449,23931.906774567804,142453.99704053023,-318.7907179560789,-422889.57968571316
CASE_EY,10009,E2-P1-C-002,A-C-0009,SOL2_1_column_0001,column,P1,2,17,-527799.6210719654,245938.25051431876,-50250.60975643927,-54261.72782849604,75427.43906588698,529493.6099968036,527799.6210719654,-245938.25051431876,50250.60975643927,54261.72782849604,123564.97556961252,444421.86203989864
CASE_EY,10010,E2-P1-C-005,A-C-0010,SOL2_1_column_0002,column,P1,4,18,-528419.2521259959,222686.24911812297,-69930.50819075776,45560.892774175234,109602.85162084905,515379.97917727305,528419.2521259959,-222686.24911812297,69930.50819075776,-45560.892774175234,167321.96081455162,366457.5673304938
CASE_EY,10011,E2-P1-C-006,A-C-0011,SOL2_1_column_0003,column,P1,6,19,-217228.28871671954,411550.3692955301,-47856.546717860845,88.60331464856013,44311.315870386636,887146.8803906316,217228.28871671954,-411550.3692955301,47856.546717860845,-88.60331464856013,145200.6091323423,742592.5820196674
CASE_EY,10012,E2-P1-C-003,A-C-0012,SOL2_1_column_0004,column,P1,8,20,-97524.42089714321,438111.6213170172,7803.805519535522,-45020.66551427778,-27950.137055222698,913705.7204097483,97524.42089714321,-438111.6213170172,-7803.805519535522,45020.66551427778,-2952.9328021379642,821216.3000056399
CASE_EY,10013,E2-P1-C-001,A-C-0013,SOL2_1_column_0005,column,P1,10,21,-76804.92900649567,162449.1640679138,37135.67178284819,-57005.82529584217,-92967.9766940547,346792.9913406628,76804.92900649567,-162449.1640679138,-37135.67178284819,57005.82529584217,-54089.28356602414,296505.6983682758
CASE_EY,10014,E2-P1-C-004,A-C-0014,SOL2_1_column_0006,column,P1,12,22,638153.2652720064,265350.09280161833,42904.16830834819,-43138.69695050727,-99395.66944028185,567665.9524037142,-638153.2652720064,-265350.09280161833,-42904.16830834819,43138.69695050727,-70504.83706077696,483120.41509069444
CASE_EY,10015,E2-P1-C-007,A-C-0015,SOL2_1_column_0007,column,P1,14,23,943492.5897109855,242277.23913082422,94245.24585129938,-20580.826087280297,-178131.36628811207,554728.854436088,-943492.5897109855,-242277.23913082422,-94245.24585129938,20580.826087280297,-195079.80728303344,404689.0125219759
CASE_EY,10016,E2-P1-C-008,A-C-0016,SOL2_1_column_0008,column,P1,16,24,-317048.9489633009,39299.99529430281,5889.42605065538,-163040.9202273904,12649.722392727239,452173.51107253245,317048.9489633009,-39299.99529430281,-5889.42605065538,163040.9202273904,-35971.84955332254,-296545.5297070933
CASE_EY,10017,E2-P2-C-002,A-C-0017,SOL2_2_column_0001,column,P2,17,25,-345843.31668563193,208097.48564044115,10208.73695402696,-55749.83587559995,-98778.68907136888,349485.6381512562,345843.31668563193,-208097.48564044115,-10208.73695402696,55749.83587559995,58352.09073342211,474580.40498489095
CASE_EY,10018,E2-P2-C-005,A-C-0018,SOL2_2_column_0002,column,P2,18,26,-350622.6118201351,223213.0320276332,-8514.9014409255,-51611.04690959838,-76290.52635384465,405799.34103279235,350622.6118201351,-223213.0320276332,8514.9014409255,51611.04690959838,110009.53605990963,478124.2657966352
CASE_EY,10019,E2-P2-C-006,A-C-0019,SOL2_2_column_0003,column,P2,19,27,-134820.85366241602,403439.958086934,1736.874009352036,-44754.160020915966,-76547.31985741304,767952.567545541,134820.85366241602,-403439.958086934,-1736.874009352036,44754.160020915966,69669.29878037897,829669.6664787177
CASE_EY,10020,E2-P2-C-003,A-C-0020,SOL2_2_column_0004,column,P2,20,28,-32970.09925269918,386575.41354838177,10836.02826635887,-41624.737418723016,-37896.313412597076,710738.3098528472,32970.09925269918,-386575.41354838177,-10836.02826635887,41624.737418723016,-5014.3585221840585,820100.3277987448
CASE_EY,10021,E2-P2-C-001,A-C-0021,SOL2_2_column_0005,column,P2,21,29,-48131.016879247996,141744.96438456402,35055.300339522524,-50388.04195845082,-62767.25749448818,244972.33121911593,48131.016879247996,-141744.96438456402,-35055.300339522524,50388.04195845082,-76051.73185002105,316337.7277437578
CASE_EY,10022,E2-P2-C-004,A-C-0022,SOL2_2_column_0006,column,P2,22,30,382105.69073593064,219217.4208487693,52465.16368476917,-42164.70934126152,-71804.45006301499,380650.7563126562,-382105.69073593064,-219217.4208487693,-52465.16368476917,42164.70934126152,-135957.59812867097,487450.23024847044
CASE_EY,10023,E2-P2-C-007,A-C-0023,SOL2_2_column_0007,column,P2,23,31,660739.008104986,228019.6843055045,163529.87787803536,-38866.705225903825,-289146.30352504144,421875.1408781833,-660739.008104986,-228019.6843055045,-163529.87787803536,38866.705225903825,-358432.0128719787,481082.80897161464
CASE_EY,10024,E2-P2-C-008,A-C-0024,SOL2_2_column_0008,column,P2,24,32,-629608.2382759834,129401.40111932467,-184297.7694645857,-402375.1528890782,151198.74013211724,671405.8930976545,629608.2382759834,-129401.40111932467,184297.7694645857,402375.1528890782,578620.4269476424,-158976.34466512868
CASE_EY,10025,E2-P3-C-002,A-C-0025,SOL2_3_column_0001,column,P3,25,33,-196566.27194569664,145744.41882825337,83373.36349956508,-71432.42350374314,-173582.51932829566,211303.71734278582,196566.27194569664,-145744.41882825337,-83373.36349956508,71432.42350374314,-156576.00012998199,365844.1812170974
CASE_EY,10026,E2-P3-C-005,A-C-0026,SOL2_3_column_0002,column,P3,26,34,-192272.5127090504,167941.2669268189,116681.47722441734,-7412.237140888061,-213725.12627996498,242057.84938915994,192272.5127090504,-167941.2669268189,-116681.47722441734,7412.237140888061,-248333.52352872753,422989.56764104275
CASE_EY,10027,E2-P3-C-006,A-C-0027,SOL2_3_column_0003,column,P3,27,35,-43204.406168895584,306988.2969803694,-25419.133930967106,-38787.063125198176,2999.579347417748,537312.0598622016,43204.406168895584,-306988.2969803694,25419.133930967106,38787.063125198176,97660.19101921197,678361.5961800611
CASE_EY,10028,E2-P3-C-003,A-C-0028,SOL2_3_column_0004,column,P3,28,36,20625.222301988622,284905.5300035103,15686.995892469602,-40950.05540662413,-47522.04916792716,499217.2050496695,-20625.222301988622,-284905.5300035103,-15686.995892469602,40950.05540662413,-14598.454566252447,629008.6937642312
CASE_EY,10029,E2-P3-C-001,A-C-0029,SOL2_3_column_0005,column,P3,29,37,-25786.677571137578,108178.65997773361,28538.06821348376,-34532.1982073798,-33168.82104631915,141657.23314824468,25786.677571137578,-108178.65997773361,-28538.06821348376,34532.1982073798,-79841.92907907651,286730.2603635803
CASE_EY,10030,E2-P3-C-004,A-C-0030,SOL2_3_column_0006,column,P3,30,38,165381.72005549303,198342.22113797042,-8969.379665987948,-28647.634199004795,42373.95255082815,263455.6522817492,-165381.72005549303,-198342.22113797042,8969.379665987948,28647.634199004795,-6855.209073515889,521979.5434246135
CASE_EY,10031,E2-P3-C-007,A-C-0031,SOL2_3_column_0007,column,P3,31,39,350215.3669680344,199906.7687879271,166362.1255075393,-31633.277450501937,-249416.8735037059,271192.3331375793,-350215.3669680344,-199906.7687879271,-166362.1255075393,31633.277450501937,-409377.1435061496,520438.4712626118
CASE_EY,10032,E2-P3-C-008,A-C-0032,SOL2_3_column_0008,column,P3,32,40,-406578.5066332503,76870.77483109855,-228158.73023390718,-326627.05759240553,316061.28434753336,225500.70281803145,406578.5066332503,-76870.77483109855,228158.73023390718,326627.05759240553,587447.2873787388,78907.56551311871
CASE_EY,10033,E2-P4-C-002,A-C-0033,SOL2_4_column_0001,column,P4,33,41,-78449.25018370345,141652.91292036322,-9850.672961681683,-136349.35190361974,51821.39511303876,183819.68820125255,78449.25018370345,-141652.91292036322,9850.672961681683,136349.35190361974,-12812.730184779284,377125.8469633859
CASE_EY,10034,E2-P4-C-005,A-C-0034,SOL2_4_column_0002,column,P4,34,42,-74496.34791561263,127416.90405063774,-43609.89016573835,59083.66625446381,146866.61416736455,147296.2074287608,74496.34791561263,-127416.90405063774,43609.89016573835,-59083.66625446381,25828.550888959333,357274.7326117647
CASE_EY,10035,E2-P4-C-006,A-C-0035,SOL2_4_column_0003,column,P4,35,43,21271.032373054317,235290.34196835794,59431.72715689436,-44395.54355262304,-115495.46804301749,375260.26652388263,-21271.032373054317,-235290.34196835794,-59431.72715689436,44395.54355262304,-119854.17149828421,556489.487670815
CASE_EY,10036,E2-P4-C-003,A-C-0036,SOL2_4_column_0004,column,P4,36,44,46407.66742238139,241171.27224387153,26201.6808793803,-56460.390304882254,-51984.46584202265,396241.4994590235,-46407.66742238139,-241171.27224387153,-26201.6808793803,56460.390304882254,-51774.19044032336,558796.7386267079
CASE_EY,10037,E2-P4-C-001,A-C-0037,SOL2_4_column_0005,column,P4,37,45,-13242.761165174075,50253.567697023136,10591.456063004824,-6699.256230343009,-2113.5879575795443,16211.872345798285,13242.761165174075,-50253.567697023136,-10591.456063004824,6699.256230343009,-39828.57805191957,182792.25573441334
CASE_EY,10038,E2-P4-C-004,A-C-0038,SOL2_4_column_0006,column,P4,38,46,16906.485731650384,4405.376823158663,13773.125944491014,-1858.7645385721364,-26787.50149797913,6509.7136290171675,-16906.485731650384,-4405.376823158663,-13773.125944491014,1858.7645385721364,-27754.07724220529,10935.578590691139
CASE_EY,10039,E2-P4-C-007,A-C-0039,SOL2_4_column_0007,column,P4,39,47,96749.71871155847,3880.69886962899,5190.3242855800945,-822.3650044756146,-8312.292769686286,5548.955274659101,-96749.71871155847,-3880.69886962899,-5190.3242855800945,822.3650044756146,-12241.391401210889,9818.612249071703
CASE_EY,10040,E2-P4-C-008,A-C-0040,SOL2_4_column_0008,column,P4,40,49,-184608.13099951114,21689.6977592963,-211846.23367889848,-196455.35123182042,191236.2320031381,-685.0064283073516,184608.13099951114,-21689.6977592963,211846.23367889848,196455.35123182042,647700.5580511143,86578.84130767363
CASE_EY,10041,E1-S1-C-004,A-C-0041,SOL_1S_column_0001,column,S1,50,51,18941.72094242967,10224.670979816681,-19797.554333688888,38117.839359865975,86453.46807393497,88011.1627191646,-18941.72094242967,-10224.670979816681,19797.554333688888,-38117.839359865975,-8055.152912526995,-47521.465639090544
CASE_EY,10042,E1-S1-C-006,A-C-0042,SOL_1S_column_0002,column,S1,52,53,654378.868632097,862889.6455263102,36652.75623313085,-172.1793824183466,-177150.02298014052,4429501.483242138,-654378.868632097,-862889.6455263102,-36652.75623313085,172.1793824183466,32005.108296942388,-1012458.48695795
CASE_EY,10043,E1-S1-C-005,A-C-0043,SOL_1S_column_0003,column,S1,54,55,201503.4131586576,663719.9154220243,-13368.70481990126,-276647.54493096407,55411.379788039434,4029286.340284856,-201503.4131586576,-663719.9154220243,13368.70481990126,276647.54493096407,-2471.308701230446,-1400955.47521364
CASE_EY,10044,E1-S1-C-002,A-C-0044,SOL_1S_column_0004,column,S1,56,57,96639.25784127311,16192.565712768013,-15716.015939089899,-94296.09810689729,65916.83349779276,103462.61059965566,-96639.25784127311,-16192.565712768013,15716.015939089899,94296.09810689729,-3681.410378996763,-39340.05037709433
CASE_EY,10045,E1-S1-C-001,A-C-0045,SOL_1S_column_0005,column,S1,15,16,-314784.2145410427,44069.13431469449,-23931.906774567804,-142453.99704053023,95089.14154524457,597403.3515719033,314784.2145410427,-44069.13431469449,23931.906774567804,142453.99704053023,-318.7907179560789,-422889.57968571316
CASE_EY,10046,E1-S1-C-003,A-C-0046,SOL_1S_column_0006,column,S1,60,61,115891.75608616174,201682.09266947952,29052.503782013504,-108258.39943134367,-152540.6754416892,1151815.5783148939,-115891.75608616174,-201682.09266947952,-29052.503782013504,108258.39943134367,37492.760464915744,-353154.49134375504
CASE_EY,10047,E1-S1-C-009,A-C-0047,SOL_1S_column_0007,column,S1,62,63,-87679.7485273098,409286.0283081559,-69145.62805919291,357040.3622759137,351943.2691408457,2716670.4857146787,87679.7485273098,-409286.0283081559,69145.62805919291,-357040.3622759137,-78126.58202644173,-1095897.8136143815
CASE_EY,10048,E1-S1-C-010,A-C-0048,SOL_1S_column_0008,column,S1,64,65,53830.54887523724,446103.40317079634,65275.50533565961,93703.22118287305,-265140.7962706751,2627437.6886690706,-53830.54887523724,-446103.40317079634,-65275.50533565961,-93703.22118287305,6649.795141463052,-860868.2121127171
CASE_EY,10049,E1-S1-C-013,A-C-0049,SOL_1S_column_0009,column,S1,66,67,84113.9974676538,210236.26186290564,39492.018063781186,64001.42404925557,-197073.70094784375,1410354.839703756,-84113.9974676538,-210236.26186290564,-39492.018063781186,-64001.42404925557,40685.309415270254,-577819.2427266496
CASE_EY,10050,E1-S1-C-016,A-C-0050,SOL_1S_column_0010,column,S1,68,69,83153.65880096995,134576.4690402771,9813.6753049017,798.8893036059496,-56900.350848317044,888056.1559565985,-83153.65880096995,-134576.4690402771,-9813.6753049017,-798.8893036059496,18038.19664090631,-355133.3385571012
CASE_EY,10051,E1-S1-C-014,A-C-0051,SOL_1S_column_0011,column,S1,70,71,-174240.8426393218,-30773.879391615807,-67023.06205840516,20618.219193548142,314058.94957457075,449535.51986524975,174240.8426393218,30773.879391615807,67023.06205840516,-20618.219193548142,-48647.623823286325,-571400.0822560483
CASE_EY,10052,E1-S1-C-015,A-C-0052,SOL_1S_column_0012,column,S1,72,73,0.0,0.0,0.0,-0.0,0.0,0.0,0.0,0.0,0.0,0.0,0.0,0.0
CASE_EY,10053,E1-S1-C-011,A-C-0053,SOL_1S_column_0013,column,S1,74,75,5666.47867024811,19.60100102362094,-13423.081124201688,-76.12792607513707,76697.84886453346,137.7778064158384,-5666.47867024811,-19.60100102362094,13423.081124201688,76.12792607513707,-23542.447612694777,-60.157842362299476
CASE_EY,10054,E1-S1-C-012,A-C-0054,SOL_1S_column_0014,column,S1,76,77,-123562.67468771858,28469.58935744946,-62262.379100211605,60434.08303545359,310306.2101601274,837759.4843542856,123562.67468771858,-28469.58935744946,62262.379100211605,-60434.08303545359,-63747.18892328945,-725019.9104987858
CASE_EY,10055,E1-S1-C-008,A-C-0055,SOL_1S_column_0015,column,S1,78,79,-211.5694575398962,-748.8497577929692,-18017.681247189703,801.2945737053265,89272.5249392365,-1606.5114200015262,211.5694575398962,748.8497577929692,18017.681247189703,-801.2945737053265,-17922.507200365275,-1358.9336208586315
CASE_EY,10056,E1-S1-C-017,A-C-0056,SOL_1S_column_0016,column,S1,80,81,0.0,0.0,0.0,-0.0,0.0,0.0,0.0,0.0,0.0,0.0,0.0,0.0
CASE_EY,10057,E1-S1-C-019,A-C-0057,SOL_1S_column_0017,column,S1,82,83,-13155.578703010395,99463.95400341453,36996.745907048964,25243.307544197283,-187723.07997734574,827682.9877849369,13155.578703010395,-99463.95400341453,-36996.745907048964,-25243.307544197283,41215.96618543184,-433805.7299314154
CASE_EY,10058,E1-S1-C-018,A-C-0058,SOL_1S_column_0018,column,S1,84,85,-97345.16813421072,-55642.8898786812,-57725.61125752103,18756.422440163464,288487.87782409764,335171.78855230904,97345.16813421072,55642.8898786812,57725.61125752103,-18756.422440163464,-59894.45724431437,-555517.6324718866
CASE_EY,10059,E1-S1-C-007,A-C-0059,SOL_1S_column_0026,column,S1,86,87,412808.5888915027,42954.144424752834,3831.478022411259,2577.452360517356,-15523.97187645558,210646.89252956043,-412808.5888915027,-42954.144424752834,-3831.478022411259,-2577.452360517356,351.31890770699465,-40548.48060753921
CASE_EY,10060,E1-P1-C-004,A-C-0060,SOL_1_column_0001,column,P1,51,88,2061.096358441017,19136.368006945486,-29844.39139823154,65112.1571722985,55567.37648674518,98435.2124421562,-2061.096358441017,-19136.368006945486,29844.39139823154,-65112.1571722985,62616.4134502517,-22655.19513465208
CASE_EY,10061,E1-P1-C-006,A-C-0061,SOL_1_column_0002,column,P1,53,89,654378.8686320971,862889.6455263117,36652.75623313083,-172.1793824183466,-32005.108296942228,1012458.4869579499,-654378.8686320971,-862889.6455263117,-36652.75623313083,172.1793824183466,-113139.80638625583,2404584.5093262442
CASE_EY,10062,E1-P1-C-005,A-C-0062,SOL_1_column_0003,column,P1,55,90,201503.4131586576,663719.9154220253,-13368.704819901288,-276647.54493096407,2471.308701230413,1400955.4752136339,-201503.4131586576,-663719.9154220253,13368.704819901288,276647.54493096407,50468.76238557868,1227375.389857586
CASE_EY,10063,E1-P1-C-002,A-C-0063,SOL_1_column_0004,column,P1,57,91,96639.25784127311,16192.565712768057,-15716.01593908989,-94296.09810689729,3681.4103789967266,39340.050377094296,-96639.25784127311,-16192.565712768057,15716.01593908989,94296.09810689729,58554.01273979923,24782.5098454672
CASE_EY,10064,E1-P1-C-001,A-C-0064,SOL_1_column_0005,column,P1,16,24,-317048.9489633009,39299.99529430281,5889.42605065538,-163040.9202273904,12649.722392727239,452173.51107253245,317048.9489633009,-39299.99529430281,-5889.42605065538,163040.9202273904,-35971.84955332254,-296545.5297070933
CASE_EY,10065,E1-P1-C-003,A-C-0065,SOL_1_column_0006,column,P1,61,93,128314.13797382633,201002.67330852678,49551.309489444604,-119504.61821084683,-101636.35767233116,369585.9044839068,-128314.13797382633,-201002.67330852678,-49551.309489444604,119504.61821084683,-94586.82790586946,426384.6818178592
CASE_EY,10066,E1-P1-C-011,A-C-0066,SOL_1_column_0007,column,P1,63,94,-87679.7485273098,287066.3070565551,-69145.62805919284,357040.3622759137,78126.58202644151,1095897.813614381,87679.7485273098,-287066.3070565551,69145.62805919284,-357040.3622759137,195690.10508796212,40884.762329577236
CASE_EY,10067,E1-P1-C-012,A-C-0067,SOL_1_column_0008,column,P1,65,95,53830.54887523724,446103.4031707963,65275.50533565964,93703.22118287305,-6649.795141462702,860868.2121127163,-53830.54887523724,-446103.4031707963,-65275.50533565964,-93703.22118287305,-251841.20598774945,905701.2644436369
CASE_EY,10068,E1-P1-C-015,A-C-0068,SOL_1_column_0009,column,P1,67,96,84113.9974676538,210236.261862906,39492.01806378123,64001.42404925557,-40685.30941527017,577819.2427266493,-84113.9974676538,-210236.261862906,-39492.01806378123,-64001.42404925557,-115703.08211730352,254716.35425045842
CASE_EY,10069,E1-P1-C-023,A-C-0069,SOL_1_column_0010,column,P1,69,97,83153.65880096996,134576.4690402774,9813.675304901706,798.8893036059496,-18038.19664090631,355133.33855710056,-83153.65880096996,-134576.4690402774,-9813.675304901706,-798.8893036059496,-20823.957566504447,177789.47884239792
CASE_EY,10070,E1-P1-C-021,A-C-0070,SOL_1_column_0011,column,P1,71,98,-174240.8426393218,-30773.879391615632,-67023.06205840532,20618.219193548142,48647.62382328618,571400.0822560476,174240.8426393218,30773.879391615632,67023.06205840532,-20618.219193548142,216763.70192799886,-693264.6446468455
CASE_EY,10071,E1-P1-C-022,A-C-0071,SOL_1_column_0012,column,P1,73,99,0.0,0.0,0.0,-0.0,0.0,0.0,0.0,0.0,0.0,0.0,0.0,0.0
CASE_EY,10072,E1-P1-C-013,A-C-0072,SOL_1_column_0013,column,P1,75,100,5666.47867024811,19.601001023621,-13423.08112420171,-76.12792607513707,23542.447612694694,60.157842362299306,-5666.47867024811,-19.601001023621,13423.08112420171,76.12792607513707,29612.953639144074,17.462121691239844
CASE_EY,10073,E1-P1-C-014,A-C-0073,SOL_1_column_0014,column,P1,77,101,-123562.67468771858,28469.58935744893,-62262.37910021156,60434.08303545359,63747.18892328912,725019.9104987829,123562.67468771858,-28469.58935744893,62262.37910021156,-60434.08303545359,182811.83231354863,-612280.3366432851
CASE_EY,10074,E1-P1-C-010,A-C-0074,SOL_1_column_0015,column,P1,79,102,-211.5694575398962,-748.8497577929686,-18017.68124718974,801.2945737053265,17922.507200365246,1358.9336208586315,211.5694575398962,748.8497577929686,18017.68124718974,-801.2945737053265,53427.51053850612,-4324.378661718787
CASE_EY,10075,E1-P1-C-024,A-C-0075,SOL_1_column_0016,column,P1,81,103,0.0,0.0,0.0,-0.0,0.0,0.0,0.0,0.0,0.0,0.0,0.0,0.0
CASE_EY,10076,E1-P1-C-026,A-C-0076,SOL_1_column_0017,column,P1,83,104,-13155.578703010395,99463.95400341492,36996.745907048964,25243.307544197283,-41215.96618543162,433805.7299314149,13155.578703010395,-99463.95400341492,-36996.745907048964,-25243.307544197283,-105291.14760648226,-39928.47207789181
CASE_EY,10077,E1-P1-C-025,A-C-0077,SOL_1_column_0018,column,P1,85,105,-97345.16813421072,-55642.88987868085,-57725.611257521094,18756.422440163464,59894.45724431415,555517.6324718861,97345.16813421072,55642.88987868085,57725.611257521094,-18756.422440163464,168698.96333546937,-775863.4763914623
CASE_EY,10078,E1-P1-C-018,A-C-0078,SOL_1_column_0019,column,P1,106,107,0.0,2.240087133234513e-11,0.0,-0.0,0.0,4.4353725238043354e-11,0.0,-2.240087133234513e-11,0.0,0.0,0.0,4.4353725238043354e-11
CASE_EY,10079,E1-P1-C-019,A-C-0079,SOL_1_column_0020,column,P1,108,109,0.0,-1.4706172029684575e-08,1.0222497627069875e-08,-0.0,-9.240359424601391e-13,-4.4353725238040355e-11,0.0,1.4706172029684575e-08,-1.0222497627069875e-08,0.0,-4.048016656725424e-08,-5.819208751231288e-08
CASE_EY,10080,E1-P1-C-020,A-C-0080,SOL_1_column_0021,column,P1,110,111,0.0,2.240087133234513e-10,-2.8001089165431413e-12,-0.0,5.544215654755419e-12,1.478457507934775e-11,0.0,-2.240087133234513e-10,2.8001089165431413e-12,0.0,5.544215654755419e-12,8.722899296815193e-10
CASE_EY,10083,E1-P1-C-009,A-C-0083,SOL_1_column_0024,column,P1,116,117,0.0,-3.5856328045973764e-08,5.4028306799597334e-09,-0.0,1.7118906619164712e-12,5.478050118135355e-11,0.0,3.5856328045973764e-08,-5.4028306799597334e-09,0.0,-2.139692138330246e-08,-1.4204583956323744e-07
CASE_EY,10084,E1-P1-C-007,A-C-0084,SOL_1_column_0025,column,P1,118,119,-5.366253176948456e-09,-4.855544422892281e-09,8.904425215699358e-09,-6.020148827741978e-13,0.0,0.0,5.366253176948456e-09,4.855544422892281e-09,-8.904425215699358e-09,6.020148827741978e-13,-3.5261523854169456e-08,-1.922795591465343e-08
CASE_EY,10085,E1-P1-C-008,A-C-0085,SOL_1_column_0026,column,P1,87,120,412808.5888915027,42954.14442475292,3831.4780224112624,2577.4523605173554,-351.31890770699283,40548.480607539204,-412808.5888915027,-42954.14442475292,-3831.4780224112624,-2577.4523605173554,-14821.334061041605,129549.93131448235
CASE_EY,10086,E1-P2-C-005,A-C-0086,SOL_2_column_0001,column,P2,121,122,95933.43916891186,408422.08401745465,-258717.21092451856,175747.21815272555,477123.5905779409,744812.0839021332,-95933.43916891186,-408422.08401745465,258717.21092451856,-175747.21815272555,547396.5646831527,872539.3688069875
CASE_EY,10087,E1-P2-C-004,A-C-0087,SOL_2_column_0002,column,P2,123,124,2083.8894224074475,88.00487549046393,-67258.22681857533,-9075.430631480369,127056.26073177782,-332.5449010976163,-2083.8894224074475,-88.00487549046393,67258.22681857533,9075.430631480369,139286.31746978057,681.0442080398535
CASE_EY,10088,E1-P2-C-006,A-C-0088,SOL_2_column_0003,column,P2,125,126,644092.2295924204,1125532.806025548,-127031.97787127418,-164413.91758748272,301499.3454148239,2401019.3574572047,-644092.2295924204,-1125532.806025548,127031.97787127418,164413.91758748272,201547.2869554219,2056090.554403965
CASE_EY,10089,E1-P2-C-002,A-C-0089,SOL_2_column_0004,column,P2,127,128,145393.45971785544,130059.12384228388,-137207.3934046654,-44586.79106370209,243188.12311979174,417154.2488371863,-145393.45971785544,-130059.12384228388,137207.3934046654,44586.79106370209,300153.1547626833,97879.88157825798
CASE_EY,10090,E1-P2-C-001,A-C-0090,SOL_2_column_0005,column,P2,129,130,-671490.9527517534,487498.6485789298,-106400.45717671108,-176856.58085746795,265439.2884859151,162279.55101582687,671490.9527517534,-487498.6485789298,106400.45717671108,176856.58085746795,155906.52193386084,1768215.0973567353
CASE_EY,10091,E1-P2-C-003,A-C-0091,SOL_2_column_0006,column,P2,131,132,78287.62182387275,-16323.651402794716,154814.1943820041,-39583.94736094108,-230421.74636438332,10415.580086114693,-78287.62182387275,16323.651402794716,-154814.1943820041,39583.94736094108,-382642.46338835295,-75057.23964118178
CASE_EY,10092,E1-P2-C-012,A-C-0092,SOL_2_column_0007,column,P2,133,134,199999.89675489505,353636.0715555468,-18704.69865566895,-109856.79489597645,-36646.52365838796,623011.7876332346,-199999.89675489505,-353636.0715555468,18704.69865566895,109856.79489597645,110717.13033483701,777387.0557267307
CASE_EY,10093,E1-P2-C-010,A-C-0093,SOL_2_column_0008,column,P2,135,136,19887.448762260636,5197.29848813997,72910.9464536873,19742.39957267904,-150542.57948669913,5119.179558577707,-19887.448762260636,-5197.29848813997,-72910.9464536873,-19742.39957267904,-138184.76846990266,15462.122454456576
CASE_EY,10094,E1-P2-C-015,A-C-0094,SOL_2_column_0009,column,P2,137,138,7781.852200304517,-4309.35572839683,60245.93208047673,-14140.12872874816,-114090.3216267942,-83.40521173288653,-7781.852200304517,4309.35572839683,-60245.93208047673,14140.12872874816,-124483.56941189367,-16981.643472718562
CASE_EY,10095,E1-P2-C-018,A-C-0095,SOL_2_column_0010,column,P2,139,140,17608.401088224,535.5198913839737,48643.11251790074,278.1685574470752,-93520.3119600933,-10338.413934248132,-17608.401088224,-535.5198913839737,-48643.11251790074,-278.1685574470752,-99106.41361079366,12459.072704128668
CASE_EY,10096,E1-P2-C-017,A-C-0096,SOL_2_column_0011,column,P2,141,142,73079.65500458273,119218.88250817481,-25137.029119575775,-23020.127258443863,22650.501888719136,161089.03972556844,-73079.65500458273,-119218.88250817481,25137.029119575775,23020.127258443863,76892.13342480094,311017.7350068039
CASE_EY,10097,E1-P2-C-016,A-C-0097,SOL_2_column_0012,column,P2,143,144,-92989.64440553302,-37919.324307823255,54447.344692554376,-5938.375822815679,-150676.9260852087,-509642.35113105335,92989.64440553302,37919.324307823255,-54447.344692554376,5938.375822815679,-64934.55889730668,359481.82687207323
CASE_EY,10098,E1-P2-C-013,A-C-0098,SOL_2_column_0013,column,P2,145,146,-130138.86474472836,-18154.47136192127,119878.03563657604,-24132.39311170733,-320341.44133553916,-468608.57997110166,130138.86474472836,18154.47136192127,-119878.03563657604,24132.39311170733,-154375.57978530205,396716.8733778934
CASE_EY,10099,E1-P2-C-014,A-C-0099,SOL_2_column_0014,column,P2,147,148,81280.59723857752,156365.44182969836,-4938.2038181487915,-51912.48293630693,-60169.26635872469,284310.7357504096,-81280.59723857752,-156365.44182969836,4938.2038181487915,51912.48293630693,79724.55347859391,334896.41389519605
CASE_EY,10100,E1-P2-C-011,A-C-0100,SOL_2_column_0015,column,P2,149,150,-104661.97218360023,-290569.05809631175,56120.75674622009,-317130.2267506498,-176945.2998977419,-747663.1625696421,104661.97218360023,290569.05809631175,-56120.75674622009,317130.2267506498,-45292.89681728966,-402990.30749175255
CASE_EY,10101,E1-P2-C-019,A-C-0101,SOL_2_column_0016,column,P2,151,152,-160242.51300534274,-61873.56053669392,-9949.115148503752,-27062.495083491034,-10624.784980792654,-567462.0885866489,160242.51300534274,61873.56053669392,9949.115148503752,27062.495083491034,50023.28096886752,322442.78886134096
CASE_EY,10102,E1-P2-C-021,A-C-0102,SOL_2_column_0017,column,P2,153,154,14570.572199577682,6398.489282657675,39880.96789900548,13112.72809852785,-71469.11776671089,-5121.182631702875,-14570.572199577682,-6398.489282657675,-39880.96789900548,-13112.72809852785,-86459.51511335083,30459.200191027274
CASE_EY,10103,E1-P2-C-009,A-C-0103,SOL_2_column_0018,column,P2,117,155,-9795.3404901945,6775.7155889915575,7090.794840402771,-734.7039231988214,-13879.657892435338,14281.49635426807,9795.3404901945,-6775.7155889915575,-7090.794840402771,734.7039231988214,-14199.88967555964,12550.337378138502
CASE_EY,10104,E1-P2-C-007,A-C-0104,SOL_2_column_0019,column,P2,119,156,-5.0704497343345905,-1699.97119785722,3020.5998195570482,-1795.1162496534223,-6105.981259029837,-3319.960327939083,5.0704497343345905,1699.97119785722,-3020.5998195570482,1795.1162496534223,-5855.594026416076,-3411.9256155755093
CASE_EY,10105,E1-P2-C-020,A-C-0105,SOL_2_column_0020,column,P2,157,158,-9425.537665147884,98443.01094684277,-36314.163693266644,-28602.53681374127,61211.06608320714,118373.08263884966,9425.537665147884,-98443.01094684277,36314.163693266644,28602.53681374127,82593.02214212879,271461.2407106477
CASE_EY,10106,E1-P2-C-008,A-C-0106,SOL_2_column_0021,column,P2,120,159,193365.08241476477,8470.2085389705,20157.202568981484,-5199.829636215066,-38817.87287080962,13360.75676054307,-193365.08241476477,-8470.2085389705,-20157.202568981484,5199.829636215066,-41004.649302357066,20181.269053780125
CASE_EY,10107,E1-P3-C-004,A-C-0107,SOL_3_column_0001,column,P3,122,160,120567.44208418111,403786.4880034617,-449704.4543148916,41976.46932096597,912826.1866872223,699320.1432725439,-120567.44208418111,-403786.4880034617,449704.4543148916,-41976.46932096597,868003.4523997479,899674.3492211637
CASE_EY,10108,E1-P3-C-006,A-C-0108,SOL_3_column_0002,column,P3,161,162,-149665.24772286814,356496.86302310514,64982.771231596154,-1011.9964569261818,-183134.47015560788,704875.4581939421,149665.24772286814,-356496.86302310514,-64982.771231596154,1011.9964569261818,-74197.30392151284,706852.1193775537
CASE_EY,10109,E1-P3-C-005,A-C-0109,SOL_3_column_0003,column,P3,126,163,418240.6730093883,327093.6969368452,-80092.89102787574,-111428.32049871376,103482.03084578658,350162.65264927223,-418240.6730093883,-327093.6969368452,80092.89102787574,111428.32049871376,213685.8176246013,945128.3872206344
CASE_EY,10110,E1-P3-C-002,A-C-0110,SOL_3_column_0004,column,P3,128,164,55581.71214498529,347774.7080851193,-128694.09753655801,-63973.09926180258,243974.79345517408,716384.1396266915,-55581.71214498529,-347774.7080851193,128694.09753655801,63973.09926180258,265653.8327895955,660803.7043903806
CASE_EY,10111,E1-P3-C-001,A-C-0111,SOL_3_column_0005,column,P3,130,165,-377802.40686678555,-89148.31774999894,-202206.38688885214,-203080.00044279956,370559.5180488723,-705289.5038391873,377802.40686678555,89148.31774999894,202206.38688885214,203080.00044279956,430177.77403098205,352262.16554919165
CASE_EY,10112,E1-P3-C-003,A-C-0112,SOL_3_column_0006,column,P3,132,166,106144.35015974627,167875.9732882355,136882.57930203367,-165066.16365938564,-231531.46481246722,316462.1074326192,-106144.35015974627,-167875.9732882355,-136882.57930203367,165066.16365938564,-310523.549223586,348326.7467887931
CASE_EY,10113,E1-P3-C-008,A-C-0113,SOL_3_column_0007,column,P3,134,167,168251.28032478967,-100542.00616872396,16137.101972450422,44771.105010678024,-104855.97359357917,-346298.1628992939,-168251.28032478967,100542.00616872396,-16137.101972450422,-44771.105010678024,40953.049782675516,-51848.1815288529
CASE_EY,10114,E1-P3-C-009,A-C-0114,SOL_3_column_0008,column,P3,168,169,141124.4993158062,2918.2736495327053,43407.38185444587,187220.34642294905,-192666.90502174752,22454.303911374172,-141124.4993158062,-2918.2736495327053,-43407.38185444587,-187220.34642294905,20773.672878141922,-10897.940259224662
CASE_EY,10115,E1-P3-C-012,A-C-0115,SOL_3_column_0009,column,P3,138,170,-23609.345447263513,91780.22628275915,30950.07132788109,17050.07384012018,-51809.746733976775,160968.1115415863,23609.345447263513,-91780.22628275915,-30950.07132788109,-17050.07384012018,-70752.53572443231,202481.58453813984
CASE_EY,10116,E1-P3-C-015,A-C-0116,SOL_3_column_0010,column,P3,140,171,-8091.080918880876,20831.747751388917,20874.120904062725,-19177.26376822129,-36539.23077961029,27649.996947233773,8091.080918880876,-20831.747751388917,-20874.120904062725,19177.26376822129,-46122.288000478075,54843.72414826632
CASE_EY,10117,E1-P3-C-014,A-C-0117,SOL_3_column_0011,column,P3,142,172,68368.15801605098,8024.516123893472,-15269.797735164433,-38356.686286591925,6461.817783179205,-39274.078585132105,-68368.15801605098,-8024.516123893472,15269.797735164433,38356.686286591925,54006.58124807193,71051.16243575024
CASE_EY,10118,E1-P3-C-013,A-C-0118,SOL_3_column_0012,column,P3,144,173,-30318.057597429848,-26874.5171891205,102036.3384834814,-9765.864938284742,-234315.90224095606,-148266.04418693233,30318.057597429848,26874.5171891205,-102036.3384834814,9765.864938284742,-169747.99815363018,41842.95611801518
CASE_EY,10119,E1-P3-C-010,A-C-0119,SOL_3_column_0013,column,P3,146,174,-60976.241839536255,27241.60054048717,111305.85665845082,26201.17664424021,-265615.3951367271,-57021.769328916955,60976.241839536255,-27241.60054048717,-111305.85665845082,-26201.17664424021,-175155.79723073804,164898.5074692461
CASE_EY,10120,E1-P3-C-011,A-C-0120,SOL_3_column_0014,column,P3,148,175,41070.929776172525,89598.89430744022,16634.514229011216,24040.615754047703,-59616.97646896582,113631.11667122405,-41070.929776172525,-89598.89430744022,-16634.514229011216,-24040.615754047703,-6255.6998779185815,241180.50478623912
CASE_EY,10121,E1-P3-C-007,A-C-0121,SOL_3_column_0015,column,P3,150,176,-73212.70088886145,173099.80304151922,67124.88430152387,-19581.77760279477,-213545.73534372376,508903.0118667109,73212.70088886145,-173099.80304151922,-67124.88430152387,19581.77760279477,-52268.80649031067,176572.20817770495
CASE_EY,10122,E1-P3-C-016,A-C-0122,SOL_3_column_0016,column,P3,152,177,-99894.73427377624,-33775.677786200176,55031.644859925975,3573.409927358169,-136802.4551652337,-161571.4658108161,99894.73427377624,33775.677786200176,-55031.644859925975,-3573.409927358169,-81122.85848007309,27819.781777463446
CASE_EY,10123,E1-P3-C-018,A-C-0123,SOL_3_column_0017,column,P3,154,178,8149.506935206577,42175.27850870983,1408.099484733214,-7250.481552369359,13913.12445110048,72179.42051485664,-8149.506935206577,-42175.27850870983,-1408.099484733214,7250.481552369359,-19489.198410644007,94834.68237963422
CASE_EY,10124,E1-P3-C-017,A-C-0124,SOL_3_column_0018,column,P3,158,179,-36459.37474019275,18827.49559565027,-13287.084331121421,-2166.6848130881963,-1873.3714171938555,-12680.667293827108,36459.37474019275,-18827.49559565027,13287.084331121421,2166.6848130881963,54490.225368434665,87237.54985260215
CASE_EY,10125,E1-P4-C-004,A-C-0125,SOL_4_column_0001,column,P4,160,180,76358.55151762266,335816.78790429886,-395236.2346527264,-103018.36793852918,560312.4760289412,410521.997891031,-76358.55151762266,-335816.78790429886,395236.2346527264,103018.36793852918,1004823.0131958553,919312.4822099928
CASE_EY,10126,E1-P4-C-006,A-C-0126,SOL_4_column_0002,column,P4,162,182,-124523.41739795657,69817.10384728273,43640.818801917194,-189326.56596703947,-124821.08447462079,-10150.183591848298,124523.41739795657,-69817.10384728273,-43640.818801917194,189326.56596703947,-47996.56349117565,286625.92364237877
CASE_EY,10127,E1-P4-C-005,A-C-0127,SOL_4_column_0003,column,P4,163,183,214991.81331527303,429499.7729099468,-87295.18945514123,-269313.26069961756,138357.0053348854,692510.2841002387,-214991.81331527303,-429499.7729099468,87295.18945514123,269313.26069961756,207331.94490747392,1008308.816623151
CASE_EY,10128,E1-P4-C-002,A-C-0128,SOL_4_column_0004,column,P4,164,184,23849.09519378995,92350.94818493731,-122762.22370638662,-54355.06638506605,180693.032663543,66535.29888617346,-23849.09519378995,-92350.94818493731,122762.22370638662,54355.06638506605,305445.3732137481,299174.4559261784
CASE_EY,10129,E1-P4-C-001,A-C-0129,SOL_4_column_0005,column,P4,165,185,-162340.73663141445,155288.25831983233,-138679.87398293134,-63504.54817105594,121851.72466844192,199128.65751955652,162340.73663141445,-155288.25831983233,138679.87398293134,63504.54817105594,427320.57630396617,415812.84542697953
CASE_EY,10130,E1-P4-C-003,A-C-0130,SOL_4_column_0006,column,P4,166,187,50205.697920266146,-25244.114202989167,298994.8253276658,-67585.53884419272,-547969.3526775637,-137370.3828032402,-50205.697920266146,25244.114202989167,-298994.8253276658,67585.53884419272,-636050.1933718644,37403.687372014974
CASE_EY,10131,E1-P4-C-008,A-C-0131,SOL_4_column_0007,column,P4,167,188,71147.7841108587,84338.2138547644,5481.936478696749,-48966.55379354887,-50269.809545865486,183140.70527943008,-71147.7841108587,-84338.2138547644,-5481.936478696749,48966.55379354887,28561.341090226357,150838.62158543698
CASE_EY,10132,E1-P4-C-009,A-C-0132,SOL_4_column_0008,column,P4,169,190,67759.05215184246,-30328.160359194346,-112958.88868827707,-3175.294514153646,196819.1261216576,-62679.49942260995,-67759.05215184246,30328.160359194346,112958.88868827707,3175.294514153646,250498.0873464054,-57420.019429112814
CASE_EY,10133,E1-P4-C-013,A-C-0133,SOL_4_column_0009,column,P4,170,192,-9461.899058289833,-33269.086269430045,43192.86508866549,-20481.781551738346,-82644.80967881209,-101847.33470133733,9461.899058289833,33269.086269430045,-43192.86508866549,20481.781551738346,-88398.94152594778,-29898.251126247847
CASE_EY,10134,E1-P4-C-017,A-C-0134,SOL_4_column_0010,column,P4,171,194,-9895.148876785679,-24699.383376393464,20247.401159064346,-3228.4767503325957,-30279.01557549706,-64860.55154383971,9895.148876785679,24699.383376393464,-20247.401159064346,3228.4767503325957,-49900.69557088779,-32949.009745287396
CASE_EY,10135,E1-P4-C-016,A-C-0135,SOL_4_column_0011,column,P4,172,196,39162.459136514255,9073.277121225134,2538.7508628536875,-6202.059749168047,-14428.538654481436,5352.215716126886,-39162.459136514255,-9073.277121225134,-2538.7508628536875,6202.059749168047,4375.084917031483,30577.96282954043
CASE_EY,10136,E1-P4-C-015,A-C-0136,SOL_4_column_0012,column,P4,173,198,-21419.26488716461,24224.939566083107,134906.33228353964,5647.268539512798,-234278.43331470765,37026.25156391844,21419.26488716461,-24224.939566083107,-134906.33228353964,-5647.268539512798,-299950.65956173703,58904.51217647514
CASE_EY,10137,E1-P4-C-011,A-C-0137,SOL_4_column_0013,column,P4,174,200,-23205.715929145827,24027.824333705932,183607.87809501964,-22852.278684953788,-313142.464754847,2494.3728619881294,23205.715929145827,-24027.824333705932,-183607.87809501964,22852.278684953788,-413944.7556842435,92655.81453330355
CASE_EY,10138,E1-P4-C-012,A-C-0138,SOL_4_column_0014,column,P4,175,201,29465.429504830758,15920.334120369684,-266.03302622296803,-66159.96037685967,-12456.286002266354,-8908.947825797848,-29465.429504830758,-15920.334120369684,266.03302622296803,66159.96037685967,13509.776786109307,71953.4709424618
CASE_EY,10139,E1-P4-C-007,A-C-0139,SOL_4_column_0015,column,P4,176,203,-40865.182987841574,62089.28423655124,157956.96287005133,-12773.208368141175,-286541.0028836035,62494.07907299269,40865.182987841574,-62089.28423655124,-157956.96287005133,12773.208368141175,-338968.5900258607,183379.49434330626
CASE_EY,10140,E1-P4-C-018,A-C-0140,SOL_4_column_0016,column,P4,177,205,-37812.80315635064,6386.682179144651,58236.930284784146,3632.7604917123845,-105797.52037168833,6127.657658287925,37812.80315635064,-6386.682179144651,-58236.930284784146,-3632.7604917123845,-124820.73090920462,19163.604577524155
CASE_EY,10141,E1-P4-C-020,A-C-0141,SOL_4_column_0017,column,P4,178,207,1581.3608078163068,-3745.0440114056696,14818.930612273212,-6297.433989273391,-27422.921163607447,-31366.700342523858,-1581.3608078163068,3745.0440114056696,-14818.930612273212,6297.433989273391,-31260.04593207156,16536.325584498318
CASE_EY,10142,E1-P4-C-025,A-C-0142,SOL_4_column_0018,column,P4,208,209,994.2776269257811,-630.1797842464671,-4201.411179507761,333.5508094160867,8300.538312991743,-1225.092781878843,-994.2776269257811,630.1797842464671,4201.411179507761,-333.5508094160867,8337.04995785899,-1270.4191637371669
CASE_EY,10143,E1-P4-C-026,A-C-0143,SOL_4_column_0019,column,P4,210,211,70.17141117426254,2555.88971112401,2034.842981297234,19.319704276344744,-4087.0668902247144,4871.882961093266,-70.17141117426254,-2555.88971112401,-2034.842981297234,-19.319704276344744,-3970.9113157123343,5249.440294957814
CASE_EY,10144,E1-P4-C-024,A-C-0144,SOL_4_column_0020,column,P4,212,213,1465.238079881864,-4649.678481663407,5635.370131056765,750.4941393756288,-11398.372905742817,-9243.594609942897,-1465.238079881864,4649.678481663407,-5635.370131056765,-750.4941393756288,-10917.692813241974,-9169.132177444199
CASE_EY,10145,E1-P4-C-014,A-C-0145,SOL_4_column_0021,column,P4,214,215,-7946.068424019631,-1848.9492878429505,2994.194726473675,1560.9733582292743,-5798.924280363169,-2646.373836565298,7946.068424019631,1848.9492878429505,-2994.194726473675,-1560.9733582292743,-6058.086836472585,-4675.465343292787
CASE_EY,10146,E1-P4-C-010,A-C-0146,SOL_4_column_0022,column,P4,216,217,-39.71128184985553,-513.9484686362907,986.0908558770667,1612.7834438794287,-2252.182609622357,-970.0218564373175,39.71128184985553,513.9484686362907,-986.0908558770667,-1612.7834438794287,-1652.7371796508278,-1065.214079362394
CASE_EY,10147,E1-P4-C-021,A-C-0147,SOL_4_column_0023,column,P4,218,219,73.15891492322325,15.070396340468752,-168.37518257438055,340.3251782347593,379.29924087686305,67.25370016406102,-73.15891492322325,-15.070396340468752,168.37518257438055,-340.3251782347593,287.46648211768405,-7.574930655804749
CASE_EY,10148,E1-P4-C-023,A-C-0148,SOL_4_column_0024,column,P4,220,221,-127.16284441085939,16.942304471934296,-145.42276818682686,-338.4912765869212,339.67633222765744,90.82165954472279,127.16284441085939,-16.942304471934296,145.42276818682686,338.4912765869212,236.197829792177,-23.730133835862972
CASE_EY,10149,E1-P4-C-022,A-C-0149,SOL_4_column_0025,column,P4,222,223,-5513.731914746637,37.29939451368062,-3314.2771501873417,-153.06586599851147,6679.118650728965,-29.3282880530046,5513.731914746637,-37.29939451368062,3314.2771501873417,153.06586599851147,6445.418864012909,177.03389032717988
CASE_EY,10150,E1-P4-C-019,A-C-0150,SOL_4_column_0026,column,P4,179,225,-14418.472195873974,8805.596070210815,2968.0397833823763,2104.9693802752417,-12494.992559500432,2401.751125599836,14418.472195873974,-8805.596070210815,-2968.0397833823763,-2104.9693802752417,741.5546425537268,32468.410424252674
CASE_EY,10151,E2-S1-M-019,A-M-0151,SOL2_1S_wall_0001,wall,S1,226,227,-874344.0257169239,669430.7389674906,11720.285654242554,87528.27690479008,39445.17999565766,7380565.729708571,874344.0257169239,-669430.7389674906,-11720.285654242554,-87528.27690479008,-85857.51118645817,-4729620.003397308
CASE_EY,10152,E2-S1-M-020,A-M-0152,SOL2_1S_wall_0002,wall,S1,228,229,0.0,0.0,0.0,-0.0,0.0,0.0,0.0,0.0,0.0,0.0,0.0,0.0
CASE_EY,10153,E2-S1-M-012,A-M-0153,SOL2_1S_wall_0003,wall,S1,230,231,0.0,0.0,0.0,-0.0,0.0,0.0,0.0,0.0,0.0,0.0,0.0,0.0
CASE_EY,10154,E2-S1-M-017,A-M-0154,SOL2_1S_wall_0004,wall,S1,232,233,0.0,0.0,0.0,-0.0,0.0,0.0,0.0,0.0,0.0,0.0,0.0,0.0
CASE_EY,10155,E2-S1-M-018,A-M-0155,SOL2_1S_wall_0005,wall,S1,234,235,0.0,0.0,0.0,-0.0,0.0,0.0,0.0,0.0,0.0,0.0,0.0,0.0
CASE_EY,10156,E2-S1-M-014,A-M-0156,SOL2_1S_wall_0006,wall,S1,236,237,0.0,0.0,0.0,-0.0,0.0,0.0,0.0,0.0,0.0,0.0,0.0,0.0
CASE_EY,10157,E2-S1-M-013,A-M-0157,SOL2_1S_wall_0007,wall,S1,238,239,0.0,0.0,0.0,-0.0,0.0,0.0,0.0,0.0,0.0,0.0,0.0,0.0
CASE_EY,10158,E2-S1-M-016,A-M-0158,SOL2_1S_wall_0008,wall,S1,240,241,0.0,0.0,0.0,-0.0,0.0,0.0,0.0,0.0,0.0,0.0,0.0,0.0
CASE_EY,10159,E2-S1-M-015,A-M-0159,SOL2_1S_wall_0009,wall,S1,242,243,0.0,0.0,0.0,-0.0,0.0,0.0,0.0,0.0,0.0,0.0,0.0,0.0
CASE_EY,10160,E2-S1-M-011,A-M-0160,SOL2_1S_wall_0010,wall,S1,244,245,-118988.86307951402,34947.279099917134,-371.2255151636507,-15920.560829094418,5513.612252915229,470115.7038031951,118988.86307951402,-34947.279099917134,371.2255151636507,15920.560829094418,-4043.5592128671724,-331724.47856752324
CASE_EY,10161,E2-S1-M-007,A-M-0161,SOL2_1S_wall_0011,wall,S1,246,247,22738.477203859675,125200.5955293563,-6251.980598586143,-45874.32248475245,12605.70705174557,1728449.8941174422,-22738.477203859675,-125200.5955293563,6251.980598586143,45874.32248475245,12152.136118655553,-1232655.5358211913
CASE_EY,10162,E2-S1-M-008,A-M-0162,SOL2_1S_wall_0012,wall,S1,248,249,264587.24035454134,97454.413194073,31549.68086165401,-44812.056253462106,-87661.36616515114,1405194.677125975,-264587.24035454134,-97454.413194073,-31549.68086165401,44812.056253462106,-37275.37004699874,-1019275.200877446
CASE_EY,10163,E2-S1-M-006,A-M-0163,SOL2_1S_wall_0013,wall,S1,250,251,0.0,0.0,0.0,-0.0,0.0,0.0,0.0,0.0,0.0,0.0,0.0,0.0
CASE_EY,10164,E2-S1-M-001,A-M-0164,SOL2_1S_wall_0014,wall,S1,252,253,0.0,0.0,0.0,-0.0,0.0,0.0,0.0,0.0,0.0,0.0,0.0,0.0
CASE_EY,10165,E2-S1-M-002,A-M-0165,SOL2_1S_wall_0015,wall,S1,254,255,0.0,0.0,0.0,-0.0,0.0,0.0,0.0,0.0,0.0,0.0,0.0,0.0
CASE_EY,10166,E2-S1-M-005,A-M-0166,SOL2_1S_wall_0016,wall,S1,256,257,128067.60731769078,20198.320056940778,-12485.073623795832,-750.2717069580021,24392.61832151261,66815.13771180541,-128067.60731769078,-20198.320056940778,12485.073623795832,750.2717069580021,25048.273228718885,13170.209713680073
CASE_EY,10167,E2-S1-M-004,A-M-0167,SOL2_1S_wall_0017,wall,S1,258,259,-49026.94838093084,-6103.262304298253,-10082.037304198979,-1034.7331764204846,21187.396382125273,-8366.978667205494,49026.94838093084,6103.262304298253,10082.037304198979,1034.7331764204846,18737.471342502686,-15801.94005781559
CASE_EY,10168,E2-S1-M-003,A-M-0168,SOL2_1S_wall_0018,wall,S1,260,261,0.0,0.0,0.0,-0.0,0.0,0.0,0.0,0.0,0.0,0.0,0.0,0.0
CASE_EY,10169,E2-S1-M-010,A-M-0169,SOL2_1S_wall_0019,wall,S1,262,263,-63015.751475166784,753.0386286320676,-638.7193511764336,-14712.2789526469,7635.183030248763,625.4862473417,63015.751475166784,-753.0386286320676,638.7193511764336,14712.2789526469,-5105.854399590086,2356.546722041287
CASE_EY,10170,E2-S1-M-009,A-M-0170,SOL2_1S_wall_0020,wall,S1,264,265,0.0,0.0,0.0,-0.0,0.0,0.0,0.0,0.0,0.0,0.0,0.0,0.0
CASE_EY,10171,E2-P1-M-019,A-M-0171,SOL2_1_wall_0021,wall,P1,227,266,-874344.0257169239,669430.7389674901,11720.285654242565,87528.2769047901,85857.51118645837,4729620.003397312,874344.0257169239,-669430.7389674901,-11720.285654242565,-87528.2769047901,-132269.84237725893,-2078674.2770860512
CASE_EY,10172,E2-P1-M-020,A-M-0172,SOL2_1_wall_0022,wall,P1,229,267,0.0,0.0,0.0,-0.0,0.0,0.0,0.0,0.0,0.0,0.0,0.0,0.0
CASE_EY,10173,E2-P1-M-012,A-M-0173,SOL2_1_wall_0023,wall,P1,231,268,0.0,0.0,0.0,-0.0,0.0,0.0,0.0,0.0,0.0,0.0,0.0,0.0
CASE_EY,10174,E2-P1-M-017,A-M-0174,SOL2_1_wall_0024,wall,P1,233,269,0.0,0.0,0.0,-0.0,0.0,0.0,0.0,0.0,0.0,0.0,0.0,0.0
CASE_EY,10175,E2-P1-M-018,A-M-0175,SOL2_1_wall_0025,wall,P1,235,270,0.0,0.0,0.0,-0.0,0.0,0.0,0.0,0.0,0.0,0.0,0.0,0.0
CASE_EY,10176,E2-P1-M-014,A-M-0176,SOL2_1_wall_0026,wall,P1,237,271,0.0,0.0,0.0,-0.0,0.0,0.0,0.0,0.0,0.0,0.0,0.0,0.0
CASE_EY,10177,E2-P1-M-013,A-M-0177,SOL2_1_wall_0027,wall,P1,239,272,0.0,0.0,0.0,-0.0,0.0,0.0,0.0,0.0,0.0,0.0,0.0,0.0
CASE_EY,10178,E2-P1-M-016,A-M-0178,SOL2_1_wall_0028,wall,P1,241,273,0.0,0.0,0.0,-0.0,0.0,0.0,0.0,0.0,0.0,0.0,0.0,0.0
CASE_EY,10179,E2-P1-M-015,A-M-0179,SOL2_1_wall_0029,wall,P1,243,274,0.0,0.0,0.0,-0.0,0.0,0.0,0.0,0.0,0.0,0.0,0.0,0.0
CASE_EY,10180,E2-P1-M-011,A-M-0180,SOL2_1_wall_0030,wall,P1,245,275,-118988.86307951402,34947.27909991702,-371.22551516365206,-15920.560829094418,4043.5592128671774,331724.47856752295,118988.86307951402,-34947.27909991702,371.22551516365206,15920.560829094418,-2573.5061728191154,-193333.25333185156
CASE_EY,10181,E2-P1-M-007,A-M-0181,SOL2_1_wall_0031,wall,P1,247,276,36526.727982549826,119050.26973445714,-14274.543322538382,-51646.55443119456,26220.132554124237,1235949.2780569464,-36526.727982549826,-119050.26973445714,14274.543322538382,51646.55443119456,30307.05900312775,-764510.2099084961
CASE_EY,10182,E2-P1-M-008,A-M-0182,SOL2_1_wall_0032,wall,P1,249,277,233907.65091309682,97245.42403533089,31643.160665485037,-52528.76478316537,-63025.32124527652,1042691.0005414567,-233907.65091309682,-97245.42403533089,-31643.160665485037,52528.76478316537,-62281.59499004422,-657599.1213615465
CASE_EY,10183,E2-P1-M-006,A-M-0183,SOL2_1_wall_0033,wall,P1,251,278,0.0,0.0,0.0,-0.0,0.0,0.0,0.0,0.0,0.0,0.0,0.0,0.0
CASE_EY,10184,E2-P1-M-001,A-M-0184,SOL2_1_wall_0034,wall,P1,253,279,0.0,0.0,0.0,-0.0,0.0,0.0,0.0,0.0,0.0,0.0,0.0,0.0
CASE_EY,10185,E2-P1-M-002,A-M-0185,SOL2_1_wall_0035,wall,P1,255,280,0.0,0.0,0.0,-0.0,0.0,0.0,0.0,0.0,0.0,0.0,0.0,0.0
CASE_EY,10186,E2-P1-M-005,A-M-0186,SOL2_1_wall_0036,wall,P1,257,281,95641.49641713072,20812.6300209911,-18850.537991079458,-1330.1985967343062,37388.426246194125,45430.1223666553,-95641.49641713072,-20812.6300209911,18850.537991079458,1330.1985967343062,37259.704198480526,36987.89251646945
CASE_EY,10187,E2-P1-M-004,A-M-0187,SOL2_1_wall_0037,wall,P1,259,282,-35773.14479948693,-6518.862997391609,-13749.647302412037,-1565.7542170458596,27529.292338560917,-8760.177010889856,35773.14479948693,6518.862997391609,13749.647302412037,1565.7542170458596,26919.31097899075,-17054.520458780913
CASE_EY,10188,E2-P1-M-003,A-M-0188,SOL2_1_wall_0038,wall,P1,261,283,0.0,0.0,0.0,-0.0,0.0,0.0,0.0,0.0,0.0,0.0,0.0,0.0
CASE_EY,10189,E2-P1-M-010,A-M-0189,SOL2_1_wall_0039,wall,P1,263,284,-63015.751475166784,753.0386286320685,-638.7193511764373,-14712.2789526469,5105.854399590082,-2356.5467220412893,63015.751475166784,-753.0386286320685,638.7193511764373,14712.2789526469,-2576.5257689313903,5338.57969142428
CASE_EY,10190,E2-P1-M-009,A-M-0190,SOL2_1_wall_0040,wall,P1,265,285,0.0,0.0,0.0,-0.0,0.0,0.0,0.0,0.0,0.0,0.0,0.0,0.0
CASE_EY,10191,E2-P2-M-019,A-M-0191,SOL2_2_wall_0041,wall,P2,266,286,0.0,-2.0403245976097706e-08,-6.276727465992363e-09,9.169263787725608e-11,4.835898271349871e-08,-9.059041213387383e-08,0.0,2.0403245976097706e-08,6.276727465992363e-09,-9.169263787725608e-11,-2.350314194816895e-08,9.793558068526897e-09
CASE_EY,10192,E2-P2-M-020,A-M-0192,SOL2_2_wall_0042,wall,P2,267,287,0.0,0.0,0.0,-0.0,0.0,0.0,0.0,0.0,0.0,0.0,0.0,0.0
CASE_EY,10193,E2-P2-M-012,A-M-0193,SOL2_2_wall_0043,wall,P2,268,288,0.0,0.0,0.0,-0.0,0.0,0.0,0.0,0.0,0.0,0.0,0.0,0.0
CASE_EY,10194,E2-P2-M-017,A-M-0194,SOL2_2_wall_0044,wall,P2,269,289,0.0,0.0,0.0,-0.0,0.0,0.0,0.0,0.0,0.0,0.0,0.0,0.0
CASE_EY,10195,E2-P2-M-018,A-M-0195,SOL2_2_wall_0045,wall,P2,270,290,0.0,0.0,0.0,-0.0,0.0,0.0,0.0,0.0,0.0,0.0,0.0,0.0
CASE_EY,10196,E2-P2-M-014,A-M-0196,SOL2_2_wall_0046,wall,P2,271,291,0.0,0.0,0.0,-0.0,0.0,0.0,0.0,0.0,0.0,0.0,0.0,0.0
CASE_EY,10197,E2-P2-M-013,A-M-0197,SOL2_2_wall_0047,wall,P2,272,292,0.0,0.0,0.0,-0.0,0.0,0.0,0.0,0.0,0.0,0.0,0.0,0.0
CASE_EY,10198,E2-P2-M-016,A-M-0198,SOL2_2_wall_0048,wall,P2,273,293,0.0,0.0,0.0,-0.0,0.0,0.0,0.0,0.0,0.0,0.0,0.0,0.0
CASE_EY,10199,E2-P2-M-015,A-M-0199,SOL2_2_wall_0049,wall,P2,274,294,0.0,0.0,0.0,-0.0,0.0,0.0,0.0,0.0,0.0,0.0,0.0,0.0
CASE_EY,10200,E2-P2-M-011,A-M-0200,SOL2_2_wall_0050,wall,P2,275,295,-118988.86307951402,34947.27909991947,-371.2255151636917,-15920.56082909442,2573.506172819126,193333.25333185316,118988.86307951402,-34947.27909991947,371.2255151636917,15920.56082909442,-1103.4531327709064,-54942.02809617206
CASE_EY,10201,E2-P2-M-007,A-M-0201,SOL2_2_wall_0051,wall,P2,276,296,49445.838331055034,101552.49212983568,-2577.9981337345935,-41230.830930605465,-522.6352563565833,773853.9279795254,-49445.838331055034,-101552.49212983568,2577.9981337345935,41230.830930605465,10731.507865945576,-371706.0591453761
CASE_EY,10202,E2-P2-M-008,A-M-0202,SOL2_2_wall_0052,wall,P2,277,297,200495.31805756982,84380.27663258255,26912.97769508912,-44187.80681957722,-46000.39335287812,685463.1179438517,-200495.31805756982,-84380.27663258255,-26912.97769508912,44187.80681957722,-60574.998319674814,-351317.2224788248
CASE_EY,10203,E2-P2-M-006,A-M-0203,SOL2_2_wall_0053,wall,P2,278,298,0.0,0.0,0.0,-0.0,0.0,0.0,0.0,0.0,0.0,0.0,0.0,0.0
CASE_EY,10204,E2-P2-M-001,A-M-0204,SOL2_2_wall_0054,wall,P2,279,299,0.0,0.0,0.0,-0.0,0.0,0.0,0.0,0.0,0.0,0.0,0.0,0.0
CASE_EY,10205,E2-P2-M-002,A-M-0205,SOL2_2_wall_0055,wall,P2,280,300,0.0,0.0,0.0,-0.0,0.0,0.0,0.0,0.0,0.0,0.0,0.0,0.0
CASE_EY,10206,E2-P2-M-005,A-M-0206,SOL2_2_wall_0056,wall,P2,281,301,57851.15672874157,17150.653823830373,-18780.9054555496,-1413.2279684496,37289.35049077138,30445.662074756056,-57851.15672874157,-17150.653823830373,18780.9054555496,1413.2279684496,37083.035113205064,37470.92706761223
CASE_EY,10207,E2-P2-M-004,A-M-0207,SOL2_2_wall_0057,wall,P2,282,302,-21250.51052001589,-3756.6723468347213,-13637.497533543521,-2186.67580947016,26836.308365008597,-6585.977523671597,21250.51052001589,3756.6723468347213,13637.497533543521,2186.67580947016,27168.181867823754,-8290.444969793904
CASE_EY,10208,E2-P2-M-003,A-M-0208,SOL2_2_wall_0058,wall,P2,283,303,0.0,0.0,0.0,-0.0,0.0,0.0,0.0,0.0,0.0,0.0,0.0,0.0
CASE_EY,10209,E2-P2-M-010,A-M-0209,SOL2_2_wall_0059,wall,P2,284,304,-63015.751475166784,753.0386286320561,-638.7193511764813,-14712.278952646895,2576.5257689314376,-5338.579691424309,63015.751475166784,-753.0386286320561,638.7193511764813,14712.278952646895,-47.19713827257124,8320.612660807252
CASE_EY,10210,E2-P2-M-009,A-M-0210,SOL2_2_wall_0060,wall,P2,285,305,0.0,0.0,0.0,-0.0,0.0,0.0,0.0,0.0,0.0,0.0,0.0,0.0
CASE_EY,10211,E2-P3-M-019,A-M-0211,SOL2_3_wall_0061,wall,P3,286,306,0.0,3.709681086563222e-09,-5.721642724101884e-09,-2.292315946931403e-11,2.299587989173366e-08,4.896779034263452e-09,0.0,-3.709681086563222e-09,5.721642724101884e-09,2.292315946931403e-11,-3.3817470429020257e-10,9.793558068526904e-09
CASE_EY,10212,E2-P3-M-020,A-M-0212,SOL2_3_wall_0062,wall,P3,287,307,0.0,0.0,0.0,-0.0,0.0,0.0,0.0,0.0,0.0,0.0,0.0,0.0
CASE_EY,10213,E2-P3-M-012,A-M-0213,SOL2_3_wall_0063,wall,P3,288,308,0.0,0.0,0.0,-0.0,0.0,0.0,0.0,0.0,0.0,0.0,0.0,0.0
CASE_EY,10214,E2-P3-M-017,A-M-0214,SOL2_3_wall_0064,wall,P3,289,309,0.0,0.0,0.0,-0.0,0.0,0.0,0.0,0.0,0.0,0.0,0.0,0.0
CASE_EY,10215,E2-P3-M-018,A-M-0215,SOL2_3_wall_0065,wall,P3,290,310,0.0,0.0,0.0,-0.0,0.0,0.0,0.0,0.0,0.0,0.0,0.0,0.0
CASE_EY,10216,E2-P3-M-014,A-M-0216,SOL2_3_wall_0066,wall,P3,291,311,0.0,0.0,0.0,-0.0,0.0,0.0,0.0,0.0,0.0,0.0,0.0,0.0
CASE_EY,10217,E2-P3-M-013,A-M-0217,SOL2_3_wall_0067,wall,P3,292,312,0.0,0.0,0.0,-0.0,0.0,0.0,0.0,0.0,0.0,0.0,0.0,0.0
CASE_EY,10218,E2-P3-M-016,A-M-0218,SOL2_3_wall_0068,wall,P3,293,313,0.0,0.0,0.0,-0.0,0.0,0.0,0.0,0.0,0.0,0.0,0.0,0.0
CASE_EY,10219,E2-P3-M-015,A-M-0219,SOL2_3_wall_0069,wall,P3,294,314,0.0,0.0,0.0,-0.0,0.0,0.0,0.0,0.0,0.0,0.0,0.0,0.0
CASE_EY,10220,E2-P3-M-011,A-M-0220,SOL2_3_wall_0070,wall,P3,295,315,-118988.86307951399,34947.27909991753,-371.2255151714473,-15920.560829094427,1103.4531327709,54942.02809617344,118988.86307951399,-34947.27909991753,371.2255151714473,15920.560829094427,366.59990730803065,83449.19713949993
CASE_EY,10221,E2-P3-M-007,A-M-0221,SOL2_3_wall_0071,wall,P3,296,316,53392.673462935265,73486.00702789397,11077.607233704986,-21141.202074302706,-19476.53756625355,388803.77447575046,-53392.673462935265,-73486.00702789397,-11077.607233704986,21141.202074302706,-24390.78707921818,-97799.1866452904
CASE_EY,10222,E2-P3-M-008,A-M-0222,SOL2_3_wall_0072,wall,P3,297,317,173145.4716780621,61627.06933430945,17139.11328377275,-25509.700483515513,-26803.153379256422,376829.934792001,-173145.4716780621,-61627.06933430945,-17139.11328377275,25509.700483515513,-41067.735224483644,-132786.7402281356
CASE_EY,10223,E2-P3-M-006,A-M-0223,SOL2_3_wall_0073,wall,P3,298,318,0.0,0.0,0.0,-0.0,0.0,0.0,0.0,0.0,0.0,0.0,0.0,0.0
CASE_EY,10224,E2-P3-M-001,A-M-0224,SOL2_3_wall_0074,wall,P3,299,319,0.0,0.0,0.0,-0.0,0.0,0.0,0.0,0.0,0.0,0.0,0.0,0.0
CASE_EY,10225,E2-P3-M-002,A-M-0225,SOL2_3_wall_0075,wall,P3,300,320,0.0,0.0,0.0,-0.0,0.0,0.0,0.0,0.0,0.0,0.0,0.0,0.0
CASE_EY,10226,E2-P3-M-005,A-M-0226,SOL2_3_wall_0076,wall,P3,301,321,24732.692046546472,12237.619962347058,-14343.38679506178,-1704.954233540172,28227.66882365748,21889.60153161279,-24732.692046546472,-12237.619962347058,14343.38679506178,1704.954233540172,28572.142884787154,26571.37351928155
CASE_EY,10227,E2-P3-M-004,A-M-0227,SOL2_3_wall_0077,wall,P3,302,322,-8549.518400136676,-1770.0974901578209,-10094.633045351098,-2918.920425325686,19441.919747053737,-9904.504192954182,8549.518400136676,1770.0974901578209,10094.633045351098,2918.920425325686,20532.827112536605,2894.918131929214
CASE_EY,10228,E2-P3-M-003,A-M-0228,SOL2_3_wall_0078,wall,P3,303,323,0.0,0.0,0.0,-0.0,0.0,0.0,0.0,0.0,0.0,0.0,0.0,0.0
CASE_EY,10229,E2-P3-M-010,A-M-0229,SOL2_3_wall_0079,wall,P3,304,324,-63015.75147516679,753.0386286334391,-638.7193511873966,-14712.278952646902,47.197138272585335,-8320.61266080727,63015.75147516679,-753.0386286334391,638.7193511873966,14712.278952646902,2482.1314924295048,11302.645630195688
CASE_EY,10230,E2-P3-M-009,A-M-0230,SOL2_3_wall_0080,wall,P3,305,325,0.0,0.0,0.0,-0.0,0.0,0.0,0.0,0.0,0.0,0.0,0.0,0.0
CASE_EY,10231,E2-P4-M-019,A-M-0231,SOL2_4_wall_0081,wall,P4,326,327,17964.384003566964,3497.1621796904246,-1500.5551528032906,2746.949444032539,-1119.9185498915313,32771.02553743472,-17964.384003566964,-3497.1621796904246,1500.5551528032906,-2746.949444032539,7062.1169549925635,-18922.263305860633
CASE_EY,10232,E2-P4-M-020,A-M-0232,SOL2_4_wall_0082,wall,P4,307,328,0.0,0.0,0.0,-0.0,0.0,0.0,0.0,0.0,0.0,0.0,0.0,0.0
CASE_EY,10233,E2-P4-M-012,A-M-0233,SOL2_4_wall_0083,wall,P4,308,329,0.0,0.0,0.0,-0.0,0.0,0.0,0.0,0.0,0.0,0.0,0.0,0.0
CASE_EY,10235,E2-P4-M-018,A-M-0235,SOL2_4_wall_0085,wall,P4,310,332,0.0,0.0,0.0,-0.0,0.0,0.0,0.0,0.0,0.0,0.0,0.0,0.0
CASE_EY,10236,E2-P4-M-014,A-M-0236,SOL2_4_wall_0086,wall,P4,311,333,0.0,0.0,0.0,-0.0,0.0,0.0,0.0,0.0,0.0,0.0,0.0,0.0
CASE_EY,10237,E2-P4-M-013,A-M-0237,SOL2_4_wall_0087,wall,P4,312,334,0.0,0.0,0.0,-0.0,0.0,0.0,0.0,0.0,0.0,0.0,0.0,0.0
CASE_EY,10238,E2-P4-M-016,A-M-0238,SOL2_4_wall_0088,wall,P4,313,335,0.0,0.0,0.0,-0.0,0.0,0.0,0.0,0.0,0.0,0.0,0.0,0.0
CASE_EY,10240,E2-P4-M-011,A-M-0240,SOL2_4_wall_0090,wall,P4,315,338,-118988.86307951415,34947.27909991834,-371.2255151714044,-15920.560829094416,-366.59990730804225,-83449.19713949994,118988.86307951415,-34947.27909991834,371.2255151714044,15920.560829094416,1836.652947386804,221840.4223751766
CASE_EY,10241,E2-P4-M-007,A-M-0241,SOL2_4_wall_0091,wall,P4,316,339,55545.34903721211,36644.739205411584,-2430.9877074114834,-1609.5330179779621,14744.17939676347,115019.19393861628,-55545.34903721211,-36644.739205411584,2430.9877074114834,1609.5330179779621,-5117.468075413994,30093.9733148136
CASE_EY,10242,E2-P4-M-008,A-M-0242,SOL2_4_wall_0092,wall,P4,317,340,155197.47774977298,34151.46444892554,2453.400946042014,-5032.353553518953,-15291.215980167826,153663.60572461406,-155197.47774977298,-34151.46444892554,-2453.400946042014,5032.353553518953,5575.74823384145,-18423.806506868932
CASE_EY,10243,E2-P4-M-006,A-M-0243,SOL2_4_wall_0093,wall,P4,318,341,0.0,0.0,0.0,-0.0,0.0,0.0,0.0,0.0,0.0,0.0,0.0,0.0
CASE_EY,10244,E2-P4-M-001,A-M-0244,SOL2_4_wall_0094,wall,P4,319,342,0.0,0.0,0.0,-0.0,0.0,0.0,0.0,0.0,0.0,0.0,0.0,0.0
CASE_EY,10245,E2-P4-M-002,A-M-0245,SOL2_4_wall_0095,wall,P4,320,343,0.0,0.0,0.0,-0.0,0.0,0.0,0.0,0.0,0.0,0.0,0.0,0.0
CASE_EY,10246,E2-P4-M-005,A-M-0246,SOL2_4_wall_0096,wall,P4,321,344,2664.1585215394107,10983.788234766078,-4751.388199193773,-127.37515194474655,9526.704492135992,19518.781617911212,-2664.1585215394107,-10983.788234766078,4751.388199193773,127.37515194474655,9288.792776671355,23977.01979176246
CASE_EY,10247,E2-P4-M-004,A-M-0247,SOL2_4_wall_0097,wall,P4,322,345,-1101.939720007033,-6863.092623382031,-2676.6242060297873,520.210340091974,4852.303386140968,-18030.846022466845,1101.939720007033,6863.092623382031,2676.6242060297873,-520.210340091974,5747.128469736992,-9147.000766126
CASE_EY,10248,E2-P4-M-003,A-M-0248,SOL2_4_wall_0098,wall,P4,323,346,0.0,0.0,0.0,-0.0,0.0,0.0,0.0,0.0,0.0,0.0,0.0,0.0
CASE_EY,10249,E2-P4-M-010,A-M-0249,SOL2_4_wall_0099,wall,P4,324,347,-63015.75147516679,753.0386286334304,-638.7193511873468,-14712.278952646891,-2482.1314924295193,-11302.645630195724,63015.75147516679,-753.0386286334304,638.7193511873468,14712.278952646891,5011.460123131413,14284.67859958411
CASE_EY,10250,E2-P4-M-009,A-M-0250,SOL2_4_wall_0100,wall,P4,325,348,0.0,0.0,0.0,-0.0,0.0,0.0,0.0,0.0,0.0,0.0,0.0,0.0
CASE_EY,10251,E1-S1-M-001,A-M-0251,SOL_1S_wall_0001,wall,S1,349,350,0.0,0.0,0.0,-0.0,0.0,0.0,0.0,0.0,0.0,0.0,0.0,0.0
CASE_EY,10252,E1-S1-M-002,A-M-0252,SOL_1S_wall_0002,wall,S1,351,352,0.0,0.0,0.0,-0.0,0.0,0.0,0.0,0.0,0.0,0.0,0.0,0.0
CASE_EY,10253,E1-S1-M-003,A-M-0253,SOL_1S_wall_0003,wall,S1,353,354,0.0,0.0,0.0,-0.0,0.0,0.0,0.0,0.0,0.0,0.0,0.0,0.0
CASE_EY,10254,E1-S1-M-004,A-M-0254,SOL_1S_wall_0004,wall,S1,355,356,0.0,0.0,0.0,-0.0,0.0,0.0,0.0,0.0,0.0,0.0,0.0,0.0
CASE_EY,10255,E1-S1-M-005,A-M-0255,SOL_1S_wall_0005,wall,S1,357,358,0.0,0.0,0.0,-0.0,0.0,0.0,0.0,0.0,0.0,0.0,0.0,0.0
CASE_EY,10256,E1-S1-M-015,A-M-0256,SOL_1S_wall_0006,wall,S1,359,360,0.0,0.0,0.0,-0.0,0.0,0.0,0.0,0.0,0.0,0.0,0.0,0.0
CASE_EY,10257,E1-S1-M-052,A-M-0257,SOL_1S_wall_0007,wall,S1,361,362,0.0,0.0,0.0,-0.0,0.0,0.0,0.0,0.0,0.0,0.0,0.0,0.0
CASE_EY,10258,E1-S1-M-051,A-M-0258,SOL_1S_wall_0008,wall,S1,363,364,0.0,0.0,0.0,-0.0,0.0,0.0,0.0,0.0,0.0,0.0,0.0,0.0
CASE_EY,10259,E1-S1-M-033,A-M-0259,SOL_1S_wall_0009,wall,S1,365,366,-4259.376267561571,2809.852921921811,-2345.1994052223667,41.487831984183785,4734.994969255963,8777.015829039534,4259.376267561571,-2809.852921921811,2345.1994052223667,-41.487831984183785,4551.99467542461,2350.001741770836
CASE_EY,10260,E1-S1-M-060,A-M-0260,SOL_1S_wall_0010,wall,S1,367,368,0.0,0.0,0.0,-0.0,0.0,0.0,0.0,0.0,0.0,0.0,0.0,0.0
CASE_EY,10261,E1-S1-M-059,A-M-0261,SOL_1S_wall_0011,wall,S1,369,370,0.0,0.0,0.0,-0.0,0.0,0.0,0.0,0.0,0.0,0.0,0.0,0.0
CASE_EY,10262,E1-S1-M-016,A-M-0262,SOL_1S_wall_0012,wall,S1,371,372,0.0,0.0,0.0,-0.0,0.0,0.0,0.0,0.0,0.0,0.0,0.0,0.0
CASE_EY,10263,E1-S1-M-040,A-M-0263,SOL_1S_wall_0013,wall,S1,373,374,0.0,0.0,0.0,-0.0,0.0,0.0,0.0,0.0,0.0,0.0,0.0,0.0
CASE_EY,10264,E1-S1-M-056,A-M-0264,SOL_1S_wall_0014,wall,S1,375,376,-87.81803420646223,-209.1519927016419,-585.6500532656161,-221.42614598154225,1837.290954539727,-280.03069488993395,87.81803420646223,209.1519927016419,585.6500532656161,221.42614598154225,481.88325639211257,-548.2111962085679
CASE_EY,10265,E1-S1-M-050,A-M-0265,SOL_1S_wall_0015,wall,S1,377,378,0.0,0.0,0.0,-0.0,0.0,0.0,0.0,0.0,0.0,0.0,0.0,0.0
CASE_EY,10266,E1-S1-M-008,A-M-0266,SOL_1S_wall_0016,wall,S1,379,380,-914.7981066169459,1012.0618441809365,-1830.6479757832153,-389.60401848963306,3710.9951222856935,3069.854462942461,914.7981066169459,-1012.0618441809365,1830.6479757832153,389.60401848963306,3538.370861815839,937.9104400140471
CASE_EY,10267,E1-S1-M-044,A-M-0267,SOL_1S_wall_0017,wall,S1,381,382,159.94750951564762,-329.0011251857728,731.8487219637084,292.353153147706,-1509.1611633904224,-1334.5363825080185,-159.94750951564762,329.0011251857728,-731.8487219637084,-292.353153147706,-1388.9597755858624,31.69192677235833
CASE_EY,10268,E1-S1-M-057,A-M-0268,SOL_1S_wall_0018,wall,S1,383,384,0.0,0.0,-171461.8951949763,-0.0,678989.104972106,0.0,0.0,0.0,171461.8951949763,0.0,0.0,0.0
CASE_EY,10269,E1-S1-M-041,A-M-0269,SOL_1S_wall_0019,wall,S1,385,386,715.1401519805557,122.62126147809826,-1813.0591328809173,89.23746625256223,3703.7204726010423,475.0202524460042,-715.1401519805557,-122.62126147809826,1813.0591328809173,-89.23746625256223,3475.99369360739,10.559943007264906
CASE_EY,10270,E1-S1-M-042,A-M-0270,SOL_1S_wall_0020,wall,S1,387,388,0.0,0.0,0.0,-0.0,0.0,0.0,0.0,0.0,0.0,0.0,0.0,0.0
CASE_EY,10271,E1-S1-M-043,A-M-0271,SOL_1S_wall_0021,wall,S1,389,390,0.0,0.0,0.0,-0.0,0.0,0.0,0.0,0.0,0.0,0.0,0.0,0.0
CASE_EY,10272,E1-S1-M-010,A-M-0272,SOL_1S_wall_0022,wall,S1,391,392,-2457.2599042246707,14399.468582455378,-3703.2755248379226,2062.5971446127114,7506.078776237641,31957.78068225007,2457.2599042246707,-14399.468582455378,3703.2755248379226,-2062.5971446127114,7158.89230212053,25064.11490427322
CASE_EY,10273,E1-S1-M-047,A-M-0273,SOL_1S_wall_0023,wall,S1,393,394,330.5065289044424,-357.501922892663,-519.8196892360817,32.95732514820538,1044.8850539596533,-1010.343967468669,-330.5065289044424,357.501922892663,519.8196892360817,-32.95732514820538,1013.6009154152296,-405.36364718627647
CASE_EY,10274,E1-S1-M-031,A-M-0274,SOL_1S_wall_0024,wall,S1,395,396,0.0,0.0,0.0,-0.0,0.0,0.0,0.0,0.0,0.0,0.0,0.0,0.0
CASE_EY,10275,E1-S1-M-006,A-M-0275,SOL_1S_wall_0025,wall,S1,397,398,9416.226071322346,-14796.291098373982,-2541.6620523133383,3146.257222132987,5195.342792732254,-32689.173245242568,-9416.226071322346,14796.291098373982,2541.6620523133383,-3146.257222132987,4869.638934428565,-25904.1395043184
CASE_EY,10276,E1-S1-M-045,A-M-0276,SOL_1S_wall_0026,wall,S1,399,400,595.0183356410244,-3038.23750882806,875.5096728233733,-211.637469769865,-1700.1912462928192,-6740.632285459481,-595.0183356410244,3038.23750882806,-875.5096728233733,211.637469769865,-1766.8270580877388,-5290.7882494996375
CASE_EY,10277,E1-S1-M-009,A-M-0277,SOL_1S_wall_0027,wall,S1,401,402,-1364.7013903661777,2563.2632647974633,-3740.795861511736,-992.3882953818477,7546.328124283911,6188.177307768043,1364.7013903661777,-2563.2632647974633,3740.795861511736,992.3882953818477,7267.223487302563,3962.3452208299123
CASE_EY,10278,E1-S1-M-046,A-M-0278,SOL_1S_wall_0028,wall,S1,403,404,-1192.7785125117632,1955.4211565233018,-509.05252943322427,511.76815366610964,1031.4812788223196,4004.969297521121,1192.7785125117632,-1955.4211565233018,509.05252943322427,-511.76815366610964,984.3667377332483,3738.4984823111536
CASE_EY,10279,E1-S1-M-012,A-M-0279,SOL_1S_wall_0029,wall,S1,405,406,-657.7893022358205,89.05965832601761,-2607.624762789907,-326.05653308914304,5284.261076190129,1027.7399124077783,657.7893022358205,-89.05965832601761,2607.624762789907,326.05653308914304,5041.9329844579015,-675.0636654367486
CASE_EY,10280,E1-S1-M-013,A-M-0280,SOL_1S_wall_0030,wall,S1,407,408,-470.8488673621941,9568.352047730448,-2406.9958503002604,4990.186154437266,4756.154215726426,33462.70929723109,470.8488673621941,-9568.352047730448,2406.9958503002604,-4990.186154437266,4775.549351462603,4427.964811781476
CASE_EY,10281,E1-S1-M-014,A-M-0281,SOL_1S_wall_0031,wall,S1,409,410,0.0,0.0,0.0,-0.0,0.0,0.0,0.0,0.0,0.0,0.0,0.0,0.0
CASE_EY,10282,E1-S1-M-048,A-M-0282,SOL_1S_wall_0032,wall,S1,411,412,0.0,0.0,0.0,-0.0,0.0,0.0,0.0,0.0,0.0,0.0,0.0,0.0
CASE_EY,10283,E1-S1-M-049,A-M-0283,SOL_1S_wall_0033,wall,S1,413,414,0.0,0.0,0.0,-0.0,0.0,0.0,0.0,0.0,0.0,0.0,0.0,0.0
CASE_EY,10284,E1-S1-M-030,A-M-0284,SOL_1S_wall_0034,wall,S1,415,416,0.0,0.0,0.0,-0.0,0.0,0.0,0.0,0.0,0.0,0.0,0.0,0.0
CASE_EY,10285,E1-S1-M-029,A-M-0285,SOL_1S_wall_0035,wall,S1,417,418,0.0,0.0,0.0,-0.0,0.0,0.0,0.0,0.0,0.0,0.0,0.0,0.0
CASE_EY,10286,E1-S1-M-028,A-M-0286,SOL_1S_wall_0036,wall,S1,419,420,0.0,0.0,-21873.569913344327,-0.0,259858.01057053232,0.0,0.0,0.0,21873.569913344327,0.0,-173238.6737136888,0.0
CASE_EY,10287,E1-S1-M-019,A-M-0287,SOL_1S_wall_0037,wall,S1,421,422,0.0,0.0,0.0,-0.0,0.0,0.0,0.0,0.0,0.0,0.0,0.0,0.0
CASE_EY,10288,E1-S1-M-020,A-M-0288,SOL_1S_wall_0038,wall,S1,423,424,0.0,0.0,0.0,-0.0,0.0,0.0,0.0,0.0,0.0,0.0,0.0,0.0
CASE_EY,10289,E1-S1-M-021,A-M-0289,SOL_1S_wall_0039,wall,S1,425,426,0.0,0.0,0.0,-0.0,0.0,0.0,0.0,0.0,0.0,0.0,0.0,0.0
CASE_EY,10290,E1-S1-M-034,A-M-0290,SOL_1S_wall_0040,wall,S1,427,428,0.0,0.0,0.0,-0.0,0.0,0.0,0.0,0.0,0.0,0.0,0.0,0.0
CASE_EY,10291,E1-S1-M-035,A-M-0291,SOL_1S_wall_0041,wall,S1,429,430,0.0,0.0,0.0,-0.0,0.0,0.0,0.0,0.0,0.0,0.0,0.0,0.0
CASE_EY,10292,E1-S1-M-038,A-M-0292,SOL_1S_wall_0042,wall,S1,431,432,0.0,0.0,0.0,-0.0,0.0,0.0,0.0,0.0,0.0,0.0,0.0,0.0
CASE_EY,10293,E1-S1-M-022,A-M-0293,SOL_1S_wall_0043,wall,S1,433,434,0.0,0.0,0.0,-0.0,0.0,0.0,0.0,0.0,0.0,0.0,0.0,0.0
CASE_EY,10294,E1-S1-M-032,A-M-0294,SOL_1S_wall_0044,wall,S1,435,436,0.0,0.0,0.0,-0.0,0.0,0.0,0.0,0.0,0.0,0.0,0.0,0.0
CASE_EY,10295,E1-S1-M-026,A-M-0295,SOL_1S_wall_0045,wall,S1,437,438,0.0,0.0,0.0,-0.0,0.0,0.0,0.0,0.0,0.0,0.0,0.0,0.0
CASE_EY,10296,E1-S1-M-027,A-M-0296,SOL_1S_wall_0046,wall,S1,439,440,0.0,0.0,0.0,-0.0,0.0,0.0,0.0,0.0,0.0,0.0,0.0,0.0
CASE_EY,10297,E1-S1-M-011,A-M-0297,SOL_1S_wall_0047,wall,S1,441,442,4226.967188170992,1761.6168319906744,-263.1814902721241,-352.0997947325998,625.92319332677,3086.0956942775324,-4226.967188170992,-1761.6168319906744,263.1814902721241,352.0997947325998,416.27550815084146,3889.906960405538
CASE_EY,10298,E1-S1-M-024,A-M-0298,SOL_1S_wall_0048,wall,S1,443,444,-6230.846765299372,-1378.8601090989207,-1241.150694175046,-94.18370054405347,2399.4775825047946,-1194.5332369485848,6230.846765299372,1378.8601090989207,1241.150694175046,94.18370054405347,2515.479166428388,-4265.752795083141
CASE_EY,10299,E1-S1-M-037,A-M-0299,SOL_1S_wall_0049,wall,S1,445,446,0.0,0.0,0.0,-0.0,0.0,0.0,0.0,0.0,0.0,0.0,0.0,0.0
CASE_EY,10300,E1-S1-M-053,A-M-0300,SOL_1S_wall_0050,wall,S1,447,448,3.840121002013921e-11,-2.5000214784392687e-11,-13440.570685958894,6222.9842275990695,53224.659916397286,-1.0340540739838251e-10,-3.840121002013921e-11,2.5000214784392687e-11,13440.570685958894,-6222.9842275990695,-7.275957614183426e-11,4.404556852187483e-12
CASE_EY,10301,E1-S1-M-007,A-M-0301,SOL_1S_wall_0051,wall,S1,449,450,29.244430800910393,261.3648008137645,-349.541957471342,-513.9327644076516,824.6834226123805,2369.4946828919765,-29.244430800910393,-261.3648008137645,349.541957471342,513.9327644076516,559.5027289741339,-1334.4900716694692
CASE_EY,10302,E1-S1-M-023,A-M-0302,SOL_1S_wall_0052,wall,S1,451,452,-5033.215043168968,-1534.9962983699993,-958.3995542409685,-429.4082858616098,2050.7487615234136,-1576.0998158120778,5033.215043168968,1534.9962983699993,958.3995542409685,429.4082858616098,1744.5134732708216,-4502.485525733119
CASE_EY,10303,E1-S1-M-036,A-M-0303,SOL_1S_wall_0053,wall,S1,453,454,0.0,0.0,0.0,-0.0,0.0,0.0,0.0,0.0,0.0,0.0,0.0,0.0
CASE_EY,10304,E1-S1-M-054,A-M-0304,SOL_1S_wall_0054,wall,S1,455,456,0.0,0.0,0.0,-0.0,0.0,0.0,0.0,0.0,0.0,0.0,0.0,0.0
CASE_EY,10305,E1-S1-M-025,A-M-0305,SOL_1S_wall_0055,wall,S1,457,458,-5582.9309424731,2492.239435978201,-2180.9269962814274,-156.62085659586515,4244.982329006266,6106.128622006373,5582.9309424731,-2492.239435978201,2180.9269962814274,156.62085659586515,4391.488576268186,3763.1395444673026
CASE_EY,10306,E1-S1-M-055,A-M-0306,SOL_1S_wall_0056,wall,S1,459,460,0.0,0.0,0.0,-0.0,0.0,0.0,0.0,0.0,0.0,0.0,0.0,0.0
CASE_EY,10307,E1-S1-M-058,A-M-0307,SOL_1S_wall_0057,wall,S1,461,462,0.0,0.0,0.0,-0.0,0.0,0.0,0.0,0.0,0.0,0.0,0.0,0.0
CASE_EY,10308,E1-S1-M-018,A-M-0308,SOL_1S_wall_0058,wall,S1,463,464,0.0,0.0,0.0,-0.0,0.0,0.0,0.0,0.0,0.0,0.0,0.0,0.0
CASE_EY,10309,E1-S1-M-039,A-M-0309,SOL_1S_wall_0059,wall,S1,465,466,0.0,0.0,0.0,-0.0,0.0,0.0,0.0,0.0,0.0,0.0,0.0,0.0
CASE_EY,10310,E1-S1-M-017,A-M-0310,SOL_1S_wall_0060,wall,S1,467,468,0.0,0.0,0.0,-0.0,0.0,0.0,0.0,0.0,0.0,0.0,0.0,0.0
CASE_EY,10311,E1-P1-M-010,A-M-0311,SOL_1_wall_0061,wall,P1,420,469,0.0,0.0,-21873.569913344178,-0.0,173238.67371368833,0.0,0.0,0.0,21873.569913344178,0.0,-86619.33685684539,0.0
CASE_EY,10333,E1-P1-M-016,A-M-0333,SOL_1_wall_0083,wall,P1,512,513,0.0,-2.44692931210635e-07,-5.477228752812459e-10,-0.0,7.229941953712445e-10,3.2299466919803816e-07,0.0,2.44692931210635e-07,5.477228752812459e-10,0.0,1.445988390742489e-09,-1.2919786767921526e-06
CASE_EY,10350,E1-P2-M-007,A-M-0350,SOL_2_wall_0100,wall,P2,469,546,0.0,0.0,-21873.56991334471,-0.0,86619.3368568453,0.0,0.0,0.0,21873.56991334471,0.0,-2.473825588822365e-10,0.0
CASE_EY,10362,E1-P3-M-007,A-M-0362,SOL_3_wall_0112,wall,P3,546,568,0.0,0.0,0.0,-0.0,-1.2438609813810205e-10,0.0,0.0,0.0,0.0,0.0,1.2438609813810205e-10,0.0
CASE_EY,10374,E1-P4-M-007,A-M-0374,SOL_4_wall_0124,wall,P4,568,580,0.0,0.0,-4.711594626443215e-10,-0.0,8.707026869667064e-10,0.0,0.0,0.0,4.711594626443215e-10,0.0,9.950887851048073e-10,0.0
CASE_EY,10385,E2-S1-V-030,A-V-0385,SOL2_1S_beam_0001,beam,S1,595,596,0.0,2.393822137915519e-11,1.9306791599456496e-10,-0.0,1.3638515604231448e-10,1.1842378929335007e-10,0.0,-2.393822137915519e-11,-1.9306791599456496e-10,0.0,-9.76230590618672e-10,-1.4292526294025014e-11
CASE_EY,10386,E2-S1-V-029,A-V-0386,SOL2_1S_beam_0002,beam,S1,597,598,-397.42159292049143,1971.9936622718742,413.01143674720845,-1164.1180799092672,400.117508884759,98.91901892085616,397.42159292049143,-1971.9936622718742,-413.01143674720845,1164.1180799092672,-1701.1035346384656,6112.861017235548
CASE_EY,10387,E2-S1-V-056,A-V-0387,SOL2_1S_beam_0003,beam,S1,12,599,-58530.21602921258,5388.090933155548,11572.20799301172,-1804.0283702657403,-59436.50893222618,18487.38609477847,58530.21602921258,-5388.090933155548,-11572.20799301172,1804.0283702657403,4936.446253844144,6888.176956899377
CASE_EY,10388,E2-S1-V-055,A-V-0388,SOL2_1S_beam_0004,beam,S1,12,600,67110.75174463252,-4821.238373725773,17938.30117029209,-26031.291285123694,-80490.354258559,-8684.168010866933,-67110.75174463252,4821.238373725773,-17938.30117029209,26031.291285123694,-3991.2363518926577,-14021.766216564058
CASE_EY,10389,E2-S1-V-078,A-V-0389,SOL2_1S_beam_0005,beam,S1,14,601,20504.441691975226,-480.12185902609855,12422.38188766358,12987.589945343017,-61085.73116052897,-4422.014493176832,-20504.441691975226,480.12185902609855,-12422.38188766358,-12987.589945343017,-4858.2815493448,1873.295394036325
CASE_EY,10390,E2-S1-V-077,A-V-0390,SOL2_1S_beam_0006,beam,S1,14,602,-32136.876491552564,7712.021441836639,13137.25037236923,-28495.939298999652,-61228.25942751804,20196.267660710106,32136.876491552564,-7712.021441836639,-13137.25037236923,28495.939298999652,-642.4716506038894,16123.996562931523
CASE_EY,10391,E2-S1-V-072,A-V-0391,SOL2_1S_beam_0007,beam,S1,14,6,12046.078771805593,-4268.762902220905,90538.14747324724,5795.34167003168,-336852.875115006,-13930.043475801693,-12046.078771805593,4268.762902220905,-90538.14747324724,-5795.34167003168,-319548.69406603643,-17018.48756529987
CASE_EY,10392,E2-S1-V-070,A-V-0392,SOL2_1S_beam_0008,beam,S1,14,6,12046.078771805593,-4268.762902220905,90538.14747324724,5795.34167003168,-336852.875115006,-13930.043475801693,-12046.078771805593,4268.762902220905,-90538.14747324724,-5795.34167003168,-319548.69406603643,-17018.48756529987
CASE_EY,10393,E2-S1-V-076,A-V-0393,SOL2_1S_beam_0009,beam,S1,6,603,19181.949651678908,5479.689948859506,-8737.13407196586,-24716.885883724324,37731.584650587654,12011.008111531584,-19181.949651678908,-5479.689948859506,8737.13407196586,24716.885883724324,3416.513866058547,13795.946434332916
CASE_EY,10394,E2-S1-V-075,A-V-0394,SOL2_1S_beam_0010,beam,S1,6,604,8047.972646724464,7791.6005126754335,4953.674458545968,-25454.446192572726,-7042.210063154691,21538.235623429795,-8047.972646724464,-7791.6005126754335,-4953.674458545968,25454.446192572726,-16287.440479083207,15156.811385936111
CASE_EY,10395,E2-S1-V-061,A-V-0395,SOL2_1S_beam_0012,beam,S1,606,607,56016.89066305545,-3723.0484143130825,6324.704030296345,2569.50745463153,-26843.916901349417,-15802.873000001135,-56016.89066305545,3723.0484143130825,-6324.704030296345,-2569.50745463153,-25651.126550110257,-15098.428838797454
CASE_EY,10396,E2-S1-V-057,A-V-0396,SOL2_1S_beam_0013,beam,S1,608,605,-16735.17307776834,555.1381571903497,11140.191446139652,-1199.0949421795456,-35317.56802370544,3756.721022390569,16735.17307776834,-555.1381571903497,-11140.191446139652,1199.0949421795456,-63830.13584693747,1184.0085766035431
CASE_EY,10397,E2-S1-V-083,A-V-0397,SOL2_1S_beam_0015,beam,S1,604,610,-5951.751993046976,-1358.3319170982084,3743.0634878324663,3095.670786312406,-688.0677645997421,-9775.541844907599,5951.751993046976,1358.3319170982084,-3743.0634878324663,-3095.670786312406,-30460.428282090215,-1528.032483276509
CASE_EY,10398,E2-S1-V-080,A-V-0398,SOL2_1S_beam_0016,beam,S1,604,609,2947.5151801083343,-3472.3512415152754,9712.038935419294,-1106.6947297879149,-24058.665657573096,-16370.489239535858,-2947.5151801083343,3472.3512415152754,-9712.038935419294,1106.6947297879149,-62378.480867658625,-14533.436809950093
CASE_EY,10399,E2-S1-V-081,A-V-0399,SOL2_1S_beam_0017,beam,S1,603,602,-635.2696745734819,-6509.850561129455,-4226.508547085636,-1873.6262941072293,13669.272152984491,-21254.750312141354,635.2696745734819,6509.850561129455,4226.508547085636,1873.6262941072293,14437.009685134992,-22035.755919369523
CASE_EY,10400,E2-S1-V-084,A-V-0400,SOL2_1S_beam_0018,beam,S1,603,602,-635.2696745734819,-6509.850561129455,-4226.508547085636,-1873.6262941072293,13669.272152984491,-21254.750312141354,635.2696745734819,6509.850561129455,4226.508547085636,1873.6262941072293,14437.009685134992,-22035.755919369523
CASE_EY,10401,E2-S1-V-088,A-V-0401,SOL2_1S_beam_0019,beam,S1,603,408,5602.014914941738,8083.107862376623,-284.1169777944786,2915.3717724477506,-1174.481900269398,28713.554189949784,-5602.014914941738,-8083.107862376623,284.1169777944786,-2915.3717724477506,2762.777659199917,16473.347474468163
CASE_EY,10402,E2-S1-V-087,A-V-0402,SOL2_1S_beam_0020,beam,S1,604,398,13863.642095996584,4113.574959576273,-8501.427964705403,529.0199110933257,19899.928343887674,10989.219698507388,-13863.642095996584,-4113.574959576273,8501.427964705403,-529.0199110933257,25072.000432794466,10771.289343930617
CASE_EY,10403,E2-S1-V-090,A-V-0403,SOL2_1S_beam_0021,beam,S1,601,61,20413.85062044923,1984.275420667441,12422.381887664777,12310.62298482964,6381.923998800063,-1873.2953940365069,-20413.85062044923,-1984.275420667441,-12422.381887664777,-12310.62298482964,-65060.28713597047,11246.218779502768
CASE_EY,10404,E2-S1-V-089,A-V-0404,SOL2_1S_beam_0022,beam,S1,602,392,-18235.341368014673,9152.09632117731,4684.2332781981695,428.9173770903819,-1307.6085143728578,27947.515275807502,18235.341368014673,-9152.09632117731,-4684.2332781981695,-428.9173770903819,-23952.92977378199,21406.747376736705
CASE_EY,10405,E2-S1-V-071,A-V-0405,SOL2_1S_beam_0023,beam,S1,6,4,-16333.639076272324,-3078.197778609624,61678.71157275706,1337.7181349581674,-266622.2726132354,-11846.512600779753,16333.639076272324,3078.197778609624,-61678.71157275706,-1337.7181349581674,-282318.2603843025,-15549.447628845905
CASE_EY,10406,E2-S1-V-069,A-V-0406,SOL2_1S_beam_0024,beam,S1,6,4,-16333.639076272324,-3078.197778609624,61678.71157275706,1337.7181349581674,-266622.2726132354,-11846.512600779753,16333.639076272324,3078.197778609624,-61678.71157275706,-1337.7181349581674,-282318.2603843025,-15549.447628845905
CASE_EY,10407,E2-S1-V-074,A-V-0407,SOL2_1S_beam_0025,beam,S1,4,609,32171.84585671669,5384.020417118889,-8992.285633885416,-19010.533466101002,41754.78779827652,10634.253975888061,-32171.84585671669,-5384.020417118889,8992.285633885416,19010.533466101002,594.9635166516018,14722.138717007349
CASE_EY,10408,E2-S1-V-073,A-V-0408,SOL2_1S_beam_0026,beam,S1,4,609,32171.84585671669,5384.020417118889,-8992.285633885416,-19010.533466101002,41754.78779827652,10634.253975888061,-32171.84585671669,-5384.020417118889,8992.285633885416,19010.533466101002,594.9635166516018,14722.138717007349
CASE_EY,10409,E2-S1-V-086,A-V-0409,SOL2_1S_beam_0028,beam,S1,610,16,-2154.614162926674,5711.922197707128,3743.063487832649,30598.52743367214,1072.8409184995726,1528.0324832765145,2154.614162926674,-5711.922197707128,-3743.063487832649,-30598.52743367214,-18585.242973515327,25195.927278126466
CASE_EY,10410,E2-S1-V-085,A-V-0410,SOL2_1S_beam_0029,beam,S1,609,16,61537.587601701554,202.1926434721528,-8272.53233235116,24452.526590199777,952.6752171421358,-14910.840624064655,-61537.587601701554,-202.1926434721528,8272.53233235116,-24452.526590199777,42705.89220298513,15977.919095594045
CASE_EY,10411,E2-S1-V-063,A-V-0411,SOL2_1S_beam_0030,beam,S1,4,605,40480.351077891,5569.3691118249235,7881.027839751639,17592.30932927216,-46919.24946526985,9045.295220280577,-40480.351077891,-5569.3691118249235,-7881.027839751639,-17592.30932927216,5082.94103978495,20519.610352368585
CASE_EY,10412,E2-S1-V-064,A-V-0412,SOL2_1S_beam_0031,beam,S1,4,607,-4076.744386569846,5422.536984756514,-6324.70403029629,25762.709258775292,28856.29478437727,10439.36012278533,4076.744386569846,-5422.536984756514,6324.70403029629,-25762.709258775292,930.3082806143284,15098.42883879745
CASE_EY,10413,E2-S1-V-051,A-V-0413,SOL2_1S_beam_0032,beam,S1,605,2,20015.78315592787,-3174.9525744673056,9510.609642945677,-22774.495235940503,-4098.91992150871,-10851.809464486083,-20015.78315592787,3174.9525744673056,-9510.609642945677,22774.495235940503,-40691.91186817006,-4100.835217829671
CASE_EY,10414,E2-S1-V-052,A-V-0414,SOL2_1S_beam_0033,beam,S1,605,2,20015.78315592787,-3174.9525744673056,9510.609642945677,-22774.495235940503,-4098.91992150871,-10851.809464486083,-20015.78315592787,3174.9525744673056,-9510.609642945677,22774.495235940503,-40691.91186817006,-4100.835217829671
CASE_EY,10415,E2-S1-V-054,A-V-0415,SOL2_1S_beam_0034,beam,S1,8,608,358.1316262329521,-1117.761748130076,2297.6582149055544,-25736.90096017595,-13073.385508314817,-2557.737690769113,-358.1316262329521,1117.761748130076,-2297.6582149055544,25736.90096017595,2252.4154046429812,-2706.4336211684636
CASE_EY,10416,E2-S1-V-053,A-V-0416,SOL2_1S_beam_0035,beam,S1,8,608,358.1316262329521,-1117.761748130076,2297.6582149055544,-25736.90096017595,-13073.385508314817,-2557.737690769113,-358.1316262329521,1117.761748130076,-2297.6582149055544,25736.90096017595,2252.4154046429812,-2706.4336211684636
CASE_EY,10417,E2-S1-V-066,A-V-0417,SOL2_1S_beam_0036,beam,S1,606,6,1577.7668561830706,8490.484762658712,-972.8183204444657,20980.805052544994,460.9548641713054,18203.182151162662,-1577.7668561830706,-8490.484762658712,972.8183204444657,-20980.805052544994,4120.595992062775,21783.305476279227
CASE_EY,10418,E2-S1-V-065,A-V-0418,SOL2_1S_beam_0037,beam,S1,606,6,1577.7668561830706,8490.484762658712,-972.8183204444657,20980.805052544994,460.9548641713054,18203.182151162662,-1577.7668561830706,-8490.484762658712,972.8183204444657,-20980.805052544994,4120.595992062775,21783.305476279227
CASE_EY,10419,E2-S1-V-058,A-V-0419,SOL2_1S_beam_0039,beam,S1,608,600,-14521.810618850877,-17.267232476551538,-6544.875016328509,-2415.8876924875326,16338.653287562523,1656.1462199465848,14521.810618850877,17.267232476551538,6544.875016328509,2415.8876924875326,31111.69058081917,-1781.3336554015834
CASE_EY,10420,E2-S1-V-062,A-V-0420,SOL2_1S_beam_0040,beam,S1,606,600,38600.42241373825,-4855.791389653104,-4379.067389407345,214.98070589116645,15007.145367732981,-20603.491302324186,-38600.42241373825,4855.791389653104,4379.067389407345,-214.98070589116645,16849.629354975223,-14721.348131485163
CASE_EY,10421,E2-S1-V-040,A-V-0421,SOL2_1S_beam_0041,beam,S1,598,612,6918.790911128061,1494.7141840307054,9613.685676217623,4821.176009746053,-36107.18647022903,3214.49015483631,-6918.790911128061,-1494.7141840307054,-9613.685676217623,-4821.176009746053,-3871.4441836782025,3001.297245447236
CASE_EY,10422,E2-S1-V-036,A-V-0422,SOL2_1S_beam_0042,beam,S1,598,613,-16861.845316315797,3337.737763762787,-1414.0547303687094,811.1048504088625,5578.934281061491,8608.025204682155,16861.845316315797,-3337.737763762787,1414.0547303687094,-811.1048504088625,-184.31548470486177,4125.444364072881
CASE_EY,10423,E2-S1-V-044,A-V-0423,SOL2_1S_beam_0043,beam,S1,614,8,3042.438615237028,-6391.197496276796,9613.685676217396,29153.4996303183,-1692.9568205364194,-9281.338551090317,-3042.438615237028,6391.197496276796,-9613.685676217396,-29153.4996303183,-31599.418511229596,-12851.49926280523
CASE_EY,10424,E2-S1-V-043,A-V-0424,SOL2_1S_beam_0044,beam,S1,615,8,-651.4194212667151,-652.6268173635985,-7824.401776058879,30223.625152447436,1494.7580316544627,-2743.88411065329,651.4194212667151,652.6268173635985,7824.401776058879,-30223.625152447436,25601.293311016692,483.82509821907615
CASE_EY,10425,E2-S1-V-038,A-V-0425,SOL2_1S_beam_0045,beam,S1,615,616,-706.6055389614872,592.4336565873742,7824.401776058874,4107.399672776962,-29980.51178443959,2743.8841106533696,706.6055389614872,-592.4336565873742,-7824.401776058874,-4107.399672776962,-5111.930181184469,-86.8191608589957
CASE_EY,10426,E2-S1-V-034,A-V-0426,SOL2_1S_beam_0046,beam,S1,617,618,-6628.888205147384,1463.0618872252278,5616.099385357928,10353.247143058305,-35678.37929903742,3150.1547636171244,6628.888205147384,-1463.0618872252278,-5616.099385357928,-10353.247143058305,12175.003371314488,2972.759234420455
CASE_EY,10427,E2-S1-V-042,A-V-0427,SOL2_1S_beam_0047,beam,S1,619,2,528.9934877444558,755.2714181454737,7824.401776059017,35186.4087729521,-1063.2116298714682,-2173.315239021934,-528.9934877444558,-755.2714181454737,-7824.401776059017,-35186.4087729521,-26032.839712800167,4788.834445402705
CASE_EY,10428,E2-S1-V-041,A-V-0428,SOL2_1S_beam_0048,beam,S1,620,2,14569.087497872937,-2403.323063137818,7420.6617021017055,36251.2128964123,-39023.48853316521,-5410.2375483204905,-14569.087497872937,2403.323063137818,-7420.6617021017055,-36251.2128964123,8887.469636329894,-4349.887916691409
CASE_EY,10429,E2-S1-V-023,A-V-0429,SOL2_1S_beam_0049,beam,S1,620,621,9766.699636817866,2581.590388123211,7038.251662292925,2324.574898522491,-33269.50652567083,658.2263076224826,-9766.699636817866,-2581.590388123211,-7038.251662292925,-2324.574898522491,6876.062792072364,9022.73764783956
CASE_EY,10430,E2-S1-V-024,A-V-0430,SOL2_1S_beam_0050,beam,S1,620,622,464.5313041883393,-3214.937311777933,-228.98899467743396,2067.335527050573,-7340.295940043252,-7107.941369826508,-464.5313041883393,3214.937311777933,228.98899467743396,-2067.335527050573,8074.579778517431,-3201.1851149267563
CASE_EY,10431,E2-S1-V-015,A-V-0431,SOL2_1S_beam_0051,beam,S1,621,623,-8731.916183024025,1744.1369128670772,-6749.99911639719,3856.0026272243326,14787.503902107645,9877.768123460437,8731.916183024025,-1744.1369128670772,6749.99911639719,-3856.0026272243326,15013.742196785946,-2177.4036531522906
CASE_EY,10432,E2-S1-V-019,A-V-0432,SOL2_1S_beam_0052,beam,S1,622,623,3183.1092059777116,-647.6318661502238,-228.98899467738372,8298.566681119424,-778.7848355352053,3201.185114927266,-3183.1092059777116,647.6318661502238,228.98899467738372,-8298.566681119424,1663.1160522230155,-5702.270710614148
CASE_EY,10433,E2-S1-V-032,A-V-0433,SOL2_1S_beam_0053,beam,S1,10,617,-773.9558125105024,-4213.369008772501,3721.582776236837,-14193.12708515621,-18057.410353064006,-6836.389630992954,773.9558125105024,4213.369008772501,-3721.582776236837,14193.12708515621,5169.498808252356,-7754.586938825267
CASE_EY,10434,E2-S1-V-031,A-V-0434,SOL2_1S_beam_0054,beam,S1,10,617,-773.9558125105024,-4213.369008772501,3721.582776236837,-14193.12708515621,-18057.410353064006,-6836.389630992954,773.9558125105024,4213.369008772501,-3721.582776236837,14193.12708515621,5169.498808252356,-7754.586938825267
CASE_EY,10435,E2-S1-V-017,A-V-0435,SOL2_1S_beam_0055,beam,S1,10,624,-3094.403373440994,783.486156515312,-32502.030075865627,-12197.279289925813,147083.64272908357,4521.618341887972,3094.403373440994,-783.486156515312,32502.030075865627,12197.279289925813,-54425.918457654116,-2288.033421456064
CASE_EY,10436,E2-S1-V-021,A-V-0436,SOL2_1S_beam_0056,beam,S1,10,624,-3094.403373440994,783.486156515312,-32502.030075865627,-12197.279289925813,147083.64272908357,4521.618341887972,3094.403373440994,-783.486156515312,32502.030075865627,12197.279289925813,-54425.918457654116,-2288.033421456064
CASE_EY,10437,E2-S1-V-046,A-V-0437,SOL2_1S_beam_0057,beam,S1,596,12,-1.2022274337836478e-09,1.4441925523579267e-11,1.874673024695384e-10,-9.682917769185015e-11,9.738042213647546e-10,1.1541383364323019e-11,1.2022274337836478e-09,-1.4441925523579267e-11,-1.874673024695384e-10,9.682917769185015e-11,-1.6230070356079239e-09,3.8471277881076726e-11
CASE_EY,10438,E2-S1-V-045,A-V-0438,SOL2_1S_beam_0058,beam,S1,598,12,-6805.633968794374,-7777.622733796542,-7786.619509101792,29136.26787529262,10368.552792710689,-17935.37637675492,6805.633968794374,7777.622733796542,7786.619509101792,-29136.26787529262,21253.65585780596,-13650.295506355553
CASE_EY,10439,E2-S1-V-047,A-V-0439,SOL2_1S_beam_0059,beam,S1,2,8,-25273.855792439223,1773.0625890746355,-65779.48449745185,3030.9886139082464,301146.90126081783,8350.618204876086,25273.855792439223,-1773.0625890746355,65779.48449745185,-3030.9886139082464,284290.51076650375,7429.638837888172
CASE_EY,10440,E2-S1-V-049,A-V-0440,SOL2_1S_beam_0060,beam,S1,2,8,-25273.855792439223,1773.0625890746355,-65779.48449745185,3030.9886139082464,301146.90126081783,8350.618204876086,25273.855792439223,-1773.0625890746355,65779.48449745185,-3030.9886139082464,284290.51076650375,7429.638837888172
CASE_EY,10441,E2-S1-V-048,A-V-0441,SOL2_1S_beam_0061,beam,S1,8,12,25751.421903345505,1537.0778356464875,-97358.33723331496,3834.7706117965613,343667.56666515535,5605.3042523840395,-25751.421903345505,-1537.0778356464875,97358.33723331496,-3834.7706117965613,362180.3782763782,5538.510056052995
CASE_EY,10442,E2-S1-V-050,A-V-0442,SOL2_1S_beam_0062,beam,S1,8,12,25751.421903345505,1537.0778356464875,-97358.33723331496,3834.7706117965613,343667.56666515535,5605.3042523840395,-25751.421903345505,-1537.0778356464875,97358.33723331496,-3834.7706117965613,362180.3782763782,5538.510056052995
CASE_EY,10443,E2-S1-V-068,A-V-0443,SOL2_1S_beam_0063,beam,S1,599,14,-58753.84650581643,-1674.2858481418823,11572.207993011936,-1198.6347473285089,-5117.2546077279,-6888.176956899301,58753.84650581643,1674.2858481418823,-11572.207993011936,1198.6347473285089,-56313.62377561329,-1999.7423043395718
CASE_EY,10444,E2-S1-V-067,A-V-0444,SOL2_1S_beam_0064,beam,S1,600,14,69093.46414241621,11374.655358520631,7014.358764556086,22399.50727670099,3569.223331223424,30524.448003450903,-69093.46414241621,-11374.655358520631,-7014.358764556086,-22399.50727670099,-40804.83303187632,29857.725424788157
CASE_EY,10445,E2-S1-V-006,A-V-0445,SOL2_1S_beam_0065,beam,S1,257,625,-3196.0783900868423,95.9753101778297,16213.055450279999,25136.846633382836,-34658.679023317585,289.96344488840094,3196.0783900868423,-95.9753101778297,-16213.055450279999,-25136.846633382836,-3976.375558617099,-61.25816730455571
CASE_EY,10446,E2-S1-V-003,A-V-0446,SOL2_1S_beam_0066,beam,S1,257,625,-3196.0783900868423,95.9753101778297,16213.055450279999,25136.846633382836,-34658.679023317585,289.96344488840094,3196.0783900868423,-95.9753101778297,-16213.055450279999,-25136.846633382836,-3976.375558617099,-61.25816730455571
CASE_EY,10447,E2-S1-V-005,A-V-0447,SOL2_1S_beam_0067,beam,S1,625,626,81.43277855892539,-807.3988718075949,-949.1799048658288,-5951.352492233715,9790.058028439447,-3395.281337683001,-81.43277855892539,807.3988718075949,949.1799048658288,5951.352492233715,-2557.307153361833,-2757.098065490871
CASE_EY,10448,E2-S1-V-002,A-V-0448,SOL2_1S_beam_0068,beam,S1,625,626,81.43277855892539,-807.3988718075949,-949.1799048658288,-5951.352492233715,9790.058028439447,-3395.281337683001,-81.43277855892539,807.3988718075949,949.1799048658288,5951.352492233715,-2557.307153361833,-2757.098065490871
CASE_EY,10449,E2-S1-V-004,A-V-0449,SOL2_1S_beam_0069,beam,S1,626,259,1845.5393785608726,2.482123681091411,6626.901790722313,9565.454383181272,6932.359587257255,-258.97472714583495,-1845.5393785608726,-2.482123681091411,-6626.901790722313,-9565.454383181272,-24381.9571927145,265.51052031281057
CASE_EY,10450,E2-S1-V-001,A-V-0450,SOL2_1S_beam_0070,beam,S1,626,259,1845.5393785608726,2.482123681091411,6626.901790722313,9565.454383181272,6932.359587257255,-258.97472714583495,-1845.5393785608726,-2.482123681091411,-6626.901790722313,-9565.454383181272,-24381.9571927145,265.51052031281057
CASE_EY,10451,E2-S1-V-011,A-V-0451,SOL2_1S_beam_0071,beam,S1,625,624,178.31796302172074,3297.45652795495,17162.235355145756,306.7196106306446,-30504.076189869294,3456.5395049882427,-178.31796302172074,-3297.45652795495,-17162.235355145756,-306.7196106306446,-22093.34544850581,6649.2367966435295
CASE_EY,10452,E2-S1-V-010,A-V-0452,SOL2_1S_beam_0072,beam,S1,625,624,178.31796302172074,3297.45652795495,17162.235355145756,306.7196106306446,-30504.076189869294,3456.5395049882427,-178.31796302172074,-3297.45652795495,-17162.235355145756,-306.7196106306446,-22093.34544850581,6649.2367966435295
CASE_EY,10453,E2-S1-V-018,A-V-0453,SOL2_1S_beam_0073,beam,S1,624,627,208.98915873992001,-93.47980383592159,-30679.589441439894,8200.56378905875,100744.4988054939,-8722.406750370656,-208.98915873992001,93.47980383592159,30679.589441439894,-8200.56378905875,25502.01174603126,8337.737357585838
CASE_EY,10454,E2-S1-V-022,A-V-0454,SOL2_1S_beam_0074,beam,S1,628,597,1971.9936622720063,397.4215929207469,413.01143674702206,400.11750888477656,-411.5205512805865,1615.082395913466,-1971.9936622720063,-397.4215929207469,-413.01143674702206,-400.11750888477656,-1164.1180799093033,-98.91901892081592
CASE_EY,10455,E2-S1-V-028,A-V-0455,SOL2_1S_beam_0075,beam,S1,628,613,198.71079646024572,-985.996831136626,-206.50571837353337,-205.76027564027405,-200.0587544423746,-807.5411979567109,-198.71079646024572,985.996831136626,206.50571837353337,205.76027564027405,850.5517673190047,-2298.3488201236614
CASE_EY,10456,E2-S1-V-027,A-V-0456,SOL2_1S_beam_0076,beam,S1,628,613,198.71079646024572,-985.996831136626,-206.50571837353337,-205.76027564027405,-200.0587544423746,-807.5411979567109,-198.71079646024572,985.996831136626,206.50571837353337,205.76027564027405,850.5517673190047,-2298.3488201236614
CASE_EY,10457,E2-S1-V-039,A-V-0457,SOL2_1S_beam_0077,beam,S1,612,614,6630.735643016167,2477.333848381173,9613.685676217348,4212.1487873480255,4526.546230574633,-3001.2972454465526,-6630.735643016167,-2477.333848381173,-9613.685676217348,-4212.1487873480255,-28897.239419785612,9281.338551092827
CASE_EY,10458,E2-S1-V-035,A-V-0458,SOL2_1S_beam_0078,beam,S1,613,617,-14889.851654046151,3735.1593566835313,-1827.0661671157936,2512.208385046853,-227.20506657559235,471.2532761744342,14889.851654046151,-3735.1593566835313,1827.0661671157936,-2512.208385046853,6503.177350618342,12359.019114033494
CASE_EY,10459,E2-S1-V-009,A-V-0459,SOL2_1S_beam_0079,beam,S1,626,623,-768.2555848330388,1685.2626344904024,-7576.081695588068,-4814.669122054643,15849.157851910983,3016.0727926369464,768.2555848330388,-1685.2626344904024,7576.081695588068,4814.669122054643,7369.400515553917,2148.7829224499255
CASE_EY,10460,E2-S1-V-008,A-V-0460,SOL2_1S_beam_0080,beam,S1,626,623,-768.2555848330388,1685.2626344904024,-7576.081695588068,-4814.669122054643,15849.157851910983,3016.0727926369464,768.2555848330388,-1685.2626344904024,7576.081695588068,4814.669122054643,7369.400515553917,2148.7829224499255
CASE_EY,10461,E2-S1-V-026,A-V-0461,SOL2_1S_beam_0081,beam,S1,629,618,1811.1419283406492,-3642.9578981512627,4306.912492179688,-9433.06677416763,-6076.122157433123,-3930.2114759681526,-1811.1419283406492,3642.9578981512627,-4306.912492179688,9433.06677416763,-7490.652192932897,-7545.105903208325
CASE_EY,10462,E2-S1-V-025,A-V-0462,SOL2_1S_beam_0082,beam,S1,629,618,1811.1419283406492,-3642.9578981512627,4306.912492179688,-9433.06677416763,-6076.122157433123,-3930.2114759681526,-1811.1419283406492,3642.9578981512627,-4306.912492179688,9433.06677416763,-7490.652192932897,-7545.105903208325
CASE_EY,10463,E2-S1-V-016,A-V-0463,SOL2_1S_beam_0083,beam,S1,623,10,-2153.2974066490974,2668.598286496353,-22131.151502251065,-1138.7954154337183,-4421.437444969764,3582.108518866974,2153.2974066490974,-2668.598286496353,22131.151502251065,1138.7954154337183,110526.92320745603,9212.206203746226
CASE_EY,10464,E2-S1-V-020,A-V-0464,SOL2_1S_beam_0084,beam,S1,629,10,7511.4238926846465,3127.941884618183,-8613.824984358942,10866.014227518965,-19635.115781660097,7860.4229519365645,-7511.4238926846465,-3127.941884618183,8613.824984358942,-10866.014227518965,58354.45071713592,6199.745406388664
CASE_EY,10465,E2-S1-V-037,A-V-0465,SOL2_1S_beam_0085,beam,S1,616,619,-706.6055389602636,592.4336565873876,7824.401776058894,4107.399672776962,5111.930181184467,86.81916085898888,706.6055389602636,-592.4336565873876,-7824.401776058894,-4107.399672776962,-34962.02295684914,2173.3152390218947
CASE_EY,10466,E2-S1-V-033,A-V-0466,SOL2_1S_beam_0086,beam,S1,618,620,657.027591149992,5085.345743906887,14229.924369717424,-4628.057242807561,-31041.136919649787,12117.452571996251,-657.027591149992,-5085.345743906887,-14229.924369717424,4628.057242807561,-36052.95648356787,11859.952610524726
CASE_EY,10467,E2-S1-V-014,A-V-0467,SOL2_1S_beam_0087,beam,S1,630,595,0.0,-1.4571677198205182e-10,1.4636729328554307e-10,-0.0,-9.757819552369537e-11,-2.7755575615628926e-11,0.0,1.4571677198205182e-10,-1.4636729328554307e-10,0.0,-1.3660947373317353e-10,-2.05391259555654e-10
CASE_EY,10468,E2-S1-V-012,A-V-0468,SOL2_1S_beam_0088,beam,S1,249,627,-98.18854876116129,-206.81864299233712,30679.58944144449,-25681.179777499183,-99744.70087603238,7716.708529703233,98.18854876116129,206.81864299233712,-30679.58944144449,25681.179777499183,7620.948417940075,-8337.737357585995
CASE_EY,10469,E2-S1-V-013,A-V-0469,SOL2_1S_beam_0089,beam,S1,621,631,0.0,5.2041704279304226e-11,5.488773498207865e-11,-7.704992504407506e-13,-2.9273458657108613e-11,-1.6653345369377348e-11,0.0,-5.2041704279304226e-11,-5.488773498207865e-11,7.704992504407506e-13,-5.854691731421723e-11,9.992007221626411e-11
CASE_EY,10470,E2-S1-V-007,A-V-0470,SOL2_1S_beam_0090,beam,S1,621,247,9162.855258969163,-4269.672533848424,13788.25077869017,-11514.792429230252,-5644.016128560208,-18900.505771299344,-9162.855258969163,4269.672533848424,-13788.25077869017,11514.792429230252,-36751.725079557036,5772.231946442222
CASE_EY,10471,E2-P1-V-030,A-V-0471,SOL2_1_beam_0091,beam,P1,632,633,0.0,-3.942765874213801e-11,3.0692848183751354e-10,-4.534432370409935e-12,1.9381048490223631e-10,4.777787361145501e-10,0.0,3.942765874213801e-11,-3.0692848183751354e-10,4.534432370409935e-12,-1.52894938089542e-09,-6.492890516428504e-10
CASE_EY,10472,E2-P1-V-029,A-V-0472,SOL2_1_beam_0092,beam,P1,634,635,-1173.3994116001702,5594.058103132138,441.95229638970784,-1537.4899589466186,368.74363525582885,202.12858162857992,1173.3994116001702,-5594.058103132138,-441.95229638970784,1537.4899589466186,-1760.8933688834086,17419.154443237658
CASE_EY,10473,E2-P1-V-056,A-V-0473,SOL2_1_beam_0093,beam,P1,22,636,-139763.51076299424,12748.437804819323,12260.224474534294,-837.0280159294794,-65536.54314801551,42609.06064467268,139763.51076299424,-12748.437804819323,-12260.224474534294,837.0280159294794,7796.222310656041,17430.53247650883
CASE_EY,10474,E2-P1-V-055,A-V-0474,SOL2_1_beam_0094,beam,P1,22,637,108917.46856027293,-10406.323375525806,20069.547472493676,-29486.037915464593,-90268.10541993371,-19298.880907043793,-108917.46856027293,10406.323375525806,-20069.547472493676,29486.037915464593,-4250.727618514356,-29710.372690900425
CASE_EY,10475,E2-P1-V-078,A-V-0475,SOL2_1_beam_0095,beam,P1,23,638,85865.58902357775,3665.975806129718,62089.92320827306,14432.811985529168,-307056.20247637597,6824.160038525046,-85865.58902357775,-3665.975806129718,-62089.92320827306,-14432.811985529168,-22547.147527504596,12636.61305150402
CASE_EY,10476,E2-P1-V-077,A-V-0476,SOL2_1_beam_0096,beam,P1,23,639,-164467.23826159563,4967.187331736113,23132.086158846276,-23150.94416347961,-79313.6572099648,3599.050675364966,164467.23826159563,-4967.187331736113,-23132.086158846276,23150.94416347961,-29628.400027528154,19794.239617927582
CASE_EY,10477,E2-P1-V-072,A-V-0477,SOL2_1_beam_0097,beam,P1,23,19,936.0062946694237,-8613.68956368709,108004.67669705542,2869.151373408016,-400600.3226585854,-28365.9846419182,-936.0062946694237,8613.68956368709,-108004.67669705542,-2869.151373408016,-382433.58339506644,-34083.2646948132
CASE_EY,10478,E2-P1-V-070,A-V-0478,SOL2_1_beam_0098,beam,P1,23,19,936.0062946694237,-8613.68956368709,108004.67669705542,2869.151373408016,-400600.3226585854,-28365.9846419182,-936.0062946694237,8613.68956368709,-108004.67669705542,-2869.151373408016,-382433.58339506644,-34083.2646948132
CASE_EY,10479,E2-P1-V-076,A-V-0479,SOL2_1_beam_0099,beam,P1,19,640,-173756.50772905722,-4047.3007640655014,-30461.473690289622,-18557.377345767938,129221.67589028092,-19189.617520982327,173756.50772905722,4047.3007640655014,30461.473690289622,18557.377345767938,14238.606399772209,128.59256765991267
CASE_EY,10480,E2-P1-V-075,A-V-0480,SOL2_1_beam_0100,beam,P1,19,641,119472.51308199203,22886.085534895523,17360.544724839594,-19118.78842249454,-48691.39353817326,66053.51296908876,-119472.51308199203,-22886.085534895523,-17360.544724839594,19118.78842249454,-33069.21569093662,41729.988404878975
CASE_EY,10481,E2-P1-V-061,A-V-0481,SOL2_1_beam_0102,beam,P1,643,644,110006.82887624591,-8635.701919033994,6677.884069314425,2468.8088065870597,-25282.613369082028,-36671.45459273104,-110006.82887624591,8635.701919033994,-6677.884069314425,-2468.8088065870597,-30143.824406227704,-35004.871335251126
CASE_EY,10482,E2-P1-V-057,A-V-0482,SOL2_1_beam_0103,beam,P1,645,642,-22851.206895846033,918.6025279450969,12905.678349872069,-796.4590140420047,-42231.34916487678,7100.319073761588,22851.206895846033,-918.6025279450969,-12905.678349872069,796.4590140420047,-72629.18814898463,1075.2434249497742
CASE_EY,10483,E2-P1-V-083,A-V-0483,SOL2_1_beam_0105,beam,P1,641,647,-55600.23807045928,-20752.07376765701,2197.0896568516173,-8167.211735693535,85689.73145280352,-83105.81685067536,55600.23807045928,20752.07376765701,-2197.0896568516173,8167.211735693535,-103973.16124584076,-89585.85397289321
CASE_EY,10484,E2-P1-V-080,A-V-0484,SOL2_1_beam_0106,beam,P1,641,646,89520.68092715197,-8212.747919699981,21921.263941316975,-1859.5100412891861,-96073.37478959831,-41817.9317836198,-89520.68092715197,8212.747919699981,-21921.263941316975,1859.5100412891861,-99025.87428812277,-31275.524701710034
CASE_EY,10485,E2-P1-V-081,A-V-0485,SOL2_1_beam_0107,beam,P1,640,639,-15719.96238329553,660.1526893785365,-8732.913463416942,-13369.985152980142,27940.036771063933,184.3152015833657,15719.96238329553,-660.1526893785365,8732.913463416942,13369.985152980142,30133.83776065874,4205.700182783902
CASE_EY,10486,E2-P1-V-084,A-V-0486,SOL2_1_beam_0108,beam,P1,640,639,-15719.96238329553,660.1526893785365,-8732.913463416942,-13369.985152980142,27940.036771063933,184.3152015833657,15719.96238329553,-660.1526893785365,8732.913463416942,13369.985152980142,30133.83776065874,4205.700182783902
CASE_EY,10487,E2-P1-V-088,A-V-0487,SOL2_1_beam_0109,beam,P1,640,127,-172151.76196508933,12430.848331557092,-12995.646763455634,38000.13250344545,12213.263792667323,-497.22297082612204,172151.76196508933,-12430.848331557092,12995.646763455634,-38000.13250344545,56538.400844175165,66260.8999311724
CASE_EY,10488,E2-P1-V-087,A-V-0488,SOL2_1_beam_0110,beam,P1,641,91,156218.0814819438,42081.0818996737,-6757.808873328993,-4755.564447481391,18332.249686032694,83193.76022941715,-156218.0814819438,-42081.0818996737,6757.808873328993,4755.564447481391,17635.547330250356,140778.8084483713
CASE_EY,10489,E2-P1-V-090,A-V-0489,SOL2_1_beam_0111,beam,P1,638,131,85277.68904950118,10679.630487682136,62089.92320827129,12539.495398513085,23652.50470007796,-12636.613051504908,-85277.68904950118,-10679.630487682136,-62089.92320827129,-12539.495398513085,-314885.89677257376,62729.52430500405
CASE_EY,10490,E2-P1-V-089,A-V-0490,SOL2_1_beam_0112,beam,P1,639,93,-165775.51984433827,-6703.951469741475,5666.259232012132,39231.143726110444,2102.383843027579,-28205.639983495093,165775.51984433827,6703.951469741475,-5666.259232012132,-39231.143726110444,-32260.511383893652,-7475.506108446905
CASE_EY,10491,E2-P1-V-071,A-V-0491,SOL2_1_beam_0113,beam,P1,19,18,-15724.512870352659,-5790.286239564921,74103.4440562704,2210.9912353631125,-321632.5753562236,-21559.7155858333,15724.512870352659,5790.286239564921,-74103.4440562704,-2210.9912353631125,-337888.0767445829,-29973.8319462945
CASE_EY,10492,E2-P1-V-069,A-V-0492,SOL2_1_beam_0114,beam,P1,19,18,-15724.512870352659,-5790.286239564921,74103.4440562704,2210.9912353631125,-321632.5753562236,-21559.7155858333,15724.512870352659,5790.286239564921,-74103.4440562704,-2210.9912353631125,-337888.0767445829,-29973.8319462945
CASE_EY,10493,E2-P1-V-074,A-V-0493,SOL2_1_beam_0115,beam,P1,18,646,-64980.30440804802,24473.643352576713,-12473.804930923126,-23570.889940727546,45066.260999162114,51880.11970110827,64980.30440804802,-24473.643352576713,12473.804930923126,23570.889940727546,13679.93082384664,63380.08798693796
CASE_EY,10494,E2-P1-V-073,A-V-0494,SOL2_1_beam_0116,beam,P1,18,646,-64980.30440804802,24473.643352576713,-12473.804930923126,-23570.889940727546,45066.260999162114,51880.11970110827,64980.30440804802,-24473.643352576713,12473.804930923126,23570.889940727546,13679.93082384664,63380.08798693796
CASE_EY,10495,E2-P1-V-086,A-V-0495,SOL2_1_beam_0118,beam,P1,647,129,-26079.273494796347,53309.535105219926,2197.089656850328,102679.75009372523,18275.407729499348,89585.85397289351,26079.273494796347,-53309.535105219926,-2197.089656850328,-102679.75009372523,-28580.93422841097,160464.3999885582
CASE_EY,10496,E2-P1-V-085,A-V-0496,SOL2_1_beam_0119,beam,P1,646,24,-136414.95904432386,-24679.72542750599,-3026.3459205286167,48880.075484109024,-25261.268983172376,-95484.65127216316,136414.95904432386,24679.72542750599,3026.3459205286167,-48880.075484109024,41232.91129290679,-34763.429146129434
CASE_EY,10497,E2-P1-V-063,A-V-0497,SOL2_1_beam_0120,beam,P1,18,642,-44244.785488350935,13674.003615425807,2035.741737842823,21716.43024300639,-23839.656192007686,25160.351480603073,44244.785488350935,-13674.003615425807,-2035.741737842823,-21716.43024300639,13032.954204553604,47427.87486477904
CASE_EY,10498,E2-P1-V-064,A-V-0498,SOL2_1_beam_0121,beam,P1,18,644,-9509.892422638866,13420.323867581243,-6677.884069314555,30239.868298417798,30906.298725257453,28199.01269354011,9509.892422638866,-13420.323867581243,6677.884069314555,-30239.868298417798,543.6285968571283,35004.87133525115
CASE_EY,10499,E2-P1-V-051,A-V-0499,SOL2_1_beam_0122,beam,P1,642,17,-22513.516966058414,-7298.675415511415,7470.710043857943,-24653.761312901446,-7877.1047192701235,-24251.559144864677,22513.516966058414,7298.675415511415,-7470.710043857943,24653.761312901446,-27306.687854122116,-10122.025209542917
CASE_EY,10500,E2-P1-V-052,A-V-0500,SOL2_1_beam_0123,beam,P1,642,17,-22513.516966058414,-7298.675415511415,7470.710043857943,-24653.761312901446,-7877.1047192701235,-24251.559144864677,22513.516966058414,7298.675415511415,-7470.710043857943,24653.761312901446,-27306.687854122116,-10122.025209542917
CASE_EY,10501,E2-P1-V-054,A-V-0501,SOL2_1_beam_0124,beam,P1,20,645,694.0571958202278,-2356.8682873992398,3617.8062173384806,-28565.467384680323,-19735.268675738553,-5953.029822900038,-694.0571958202278,2356.8682873992398,-3617.8062173384806,28565.467384680323,2696.9760938686304,-5146.793950187877
CASE_EY,10502,E2-P1-V-053,A-V-0502,SOL2_1_beam_0125,beam,P1,20,645,694.0571958202278,-2356.8682873992398,3617.8062173384806,-28565.467384680323,-19735.268675738553,-5953.029822900038,-694.0571958202278,2356.8682873992398,-3617.8062173384806,28565.467384680323,2696.9760938686304,-5146.793950187877
CASE_EY,10503,E2-P1-V-066,A-V-0503,SOL2_1_beam_0126,beam,P1,643,19,2711.718707022576,20645.813260938503,752.0204036429269,27101.877911311316,1274.4611225717654,42600.379849737845,-2711.718707022576,-20645.813260938503,-752.0204036429269,-27101.877911311316,-4816.149896115412,54632.41422437568
CASE_EY,10504,E2-P1-V-065,A-V-0504,SOL2_1_beam_0127,beam,P1,643,19,2711.718707022576,20645.813260938503,752.0204036429269,27101.877911311316,1274.4611225717654,42600.379849737845,-2711.718707022576,-20645.813260938503,-752.0204036429269,-27101.877911311316,-4816.149896115412,54632.41422437568
CASE_EY,10505,E2-P1-V-058,A-V-0505,SOL2_1_beam_0129,beam,P1,645,637,-18618.033579886513,-166.42697159917054,-5670.065915195071,-2540.2071760024246,15127.152996286422,3193.2688266144246,18618.033579886513,166.42697159917054,5670.065915195071,2540.2071760024246,25980.824888877847,-4399.864370708411
CASE_EY,10506,E2-P1-V-062,A-V-0506,SOL2_1_beam_0130,beam,P1,643,637,67737.58454114078,-11479.442386166895,-8181.924876600725,-1152.856913002671,28842.041107443256,-48529.30510674466,-67737.58454114078,11479.442386166895,8181.924876600725,1152.856913002671,30679.705057615713,-34981.17270024785
CASE_EY,10507,E2-P1-V-040,A-V-0507,SOL2_1_beam_0131,beam,P1,635,649,19876.425825962044,3923.85901909418,11259.143909432734,4962.306553190908,-43061.204030271554,8321.568466459148,-19876.425825962044,-3923.85901909418,-11259.143909432734,-4962.306553190908,-3760.085014774093,7995.847740567039
CASE_EY,10508,E2-P1-V-036,A-V-0508,SOL2_1_beam_0132,beam,P1,635,650,-48968.4119305948,9679.683093561356,-2697.0818591046555,785.2889832290631,9664.255996652293,24837.423153377218,48968.4119305948,-9679.683093561356,2697.0818591046555,-785.2889832290631,625.1112958319718,12090.567848559376
CASE_EY,10509,E2-P1-V-044,A-V-0509,SOL2_1_beam_0133,beam,P1,651,20,8380.06679475586,-18445.68929944014,11259.143909433087,33233.05129844659,-1494.5218221779032,-25108.66864239373,-8380.06679475586,18445.68929944014,-11259.143909433087,-33233.05129844659,-37496.10649371477,-38769.1022867392
CASE_EY,10510,E2-P1-V-043,A-V-0510,SOL2_1_beam_0134,beam,P1,652,20,-1214.0749984789907,-1193.456167188196,-8856.856086786818,34615.422050165595,919.9680577400613,-5056.895866487554,1214.0749984789907,1193.456167188196,8856.856086786818,-34615.422050165595,29751.492091013333,923.9345862646201
CASE_EY,10511,E2-P1-V-038,A-V-0511,SOL2_1_beam_0135,beam,P1,652,653,-1294.1443253414145,1106.122140686875,8856.85608678683,3915.2302514771377,-34405.59194398886,5056.895866487326,1294.1443253414145,-1106.122140686875,-8856.85608678683,-3915.2302514771377,-5317.407605250077,-95.93806550669069
CASE_EY,10512,E2-P1-V-034,A-V-0512,SOL2_1_beam_0136,beam,P1,654,655,-12456.915278475068,5471.679299058745,7034.45036233976,11610.291768439381,-43530.39876472016,12445.093973384359,12456.915278475068,-5471.679299058745,-7034.45036233976,-11610.291768439381,14091.223998328256,10453.883893176491
CASE_EY,10513,E2-P1-V-042,A-V-0513,SOL2_1_beam_0137,beam,P1,656,17,989.8525456299201,1385.1020405847412,8856.856086786443,39298.4717341251,-512.7463460914187,-4123.91790121347,-989.8525456299201,-1385.1020405847412,-8856.856086786443,-39298.4717341251,-30158.713802660677,8920.552465834058
CASE_EY,10514,E2-P1-V-041,A-V-0514,SOL2_1_beam_0138,beam,P1,657,17,6266.408766628527,-8360.305753501822,11947.981633195268,40603.56252381281,-40156.56588556973,-15422.172984808718,-6266.408766628527,8360.305753501822,-11947.981633195268,-40603.56252381281,-8365.33347214323,-18529.830527155023
CASE_EY,10515,E2-P1-V-023,A-V-0515,SOL2_1_beam_0139,beam,P1,657,658,-6276.256173454731,6850.677369327321,4812.1848775032995,1411.7599817897938,-31966.510833300006,1936.0525646650385,6276.256173454731,-6850.677369327321,-4812.1848775032995,-1411.7599817897938,13920.817542662633,23753.987570312416
CASE_EY,10516,E2-P1-V-024,A-V-0516,SOL2_1_beam_0140,beam,P1,657,659,1478.449966000734,-7743.314819878794,-232.90444514771565,1805.0470928132804,-9168.594399023032,-17422.300285369656,-1478.449966000734,7743.314819878794,232.90444514771565,-1805.0470928132804,9915.433653117616,-7407.674344912918
CASE_EY,10517,E2-P1-V-015,A-V-0517,SOL2_1_beam_0141,beam,P1,658,660,-24348.454973946413,5420.289015351809,-8106.9254710019595,4922.072023221201,19346.686434573116,26136.81984870611,24348.454973946413,-5420.289015351809,8106.9254710019595,-4922.072023221201,16445.389519900535,-2206.243845927871
CASE_EY,10518,E2-P1-V-019,A-V-0518,SOL2_1_beam_0142,beam,P1,659,660,7788.008313853712,-1221.3374656743474,-232.90444514760426,9942.923709490693,-1646.902439095758,7407.674344914534,-7788.008313853712,1221.3374656743474,232.90444514760426,-9942.923709490693,2546.354710326339,-12124.350133320342
CASE_EY,10519,E2-P1-V-032,A-V-0519,SOL2_1_beam_0143,beam,P1,21,654,-1341.4032274516046,-15633.698030424572,5086.742258918275,-15534.36139277102,-23515.455550534272,-29703.109708411786,1341.4032274516046,15633.698030424572,-5086.742258918275,15534.36139277102,5899.970896318395,-24436.6822695984
CASE_EY,10520,E2-P1-V-031,A-V-0520,SOL2_1_beam_0144,beam,P1,21,654,-1341.4032274516046,-15633.698030424572,5086.742258918275,-15534.36139277102,-23515.455550534272,-29703.109708411786,1341.4032274516046,15633.698030424572,-5086.742258918275,15534.36139277102,5899.970896318395,-24436.6822695984
CASE_EY,10521,E2-P1-V-017,A-V-0521,SOL2_1_beam_0145,beam,P1,21,661,6310.243336136847,4039.6929512455085,-36377.83132142081,-15018.207892308132,162590.99239093173,10346.635384496976,-6310.243336136847,-4039.6929512455085,36377.83132142081,15018.207892308132,-58884.0222015317,1169.8377325372203
CASE_EY,10522,E2-P1-V-021,A-V-0522,SOL2_1_beam_0146,beam,P1,21,661,6310.243336136847,4039.6929512455085,-36377.83132142081,-15018.207892308132,162590.99239093173,10346.635384496976,-6310.243336136847,-4039.6929512455085,36377.83132142081,15018.207892308132,-58884.0222015317,1169.8377325372203
CASE_EY,10523,E2-P1-V-046,A-V-0523,SOL2_1_beam_0147,beam,P1,633,22,0.0,2.399581471610093e-10,3.593123297332822e-10,-1.48091683528712e-10,1.5869402125944146e-09,6.437527165433506e-10,0.0,-2.399581471610093e-10,-3.593123297332822e-10,1.48091683528712e-10,-2.8312456065604898e-09,1.8722688568790673e-10
CASE_EY,10524,E2-P1-V-045,A-V-0524,SOL2_1_beam_0148,beam,P1,635,22,-19348.62161308529,-22905.315152855783,-8120.109753938193,31618.847585154657,11364.852483970042,-50578.14606307297,19348.62161308529,22905.315152855783,8120.109753938193,-31618.847585154657,21611.692036278226,-42442.53564903475
CASE_EY,10525,E2-P1-V-047,A-V-0525,SOL2_1_beam_0149,beam,P1,17,20,-16360.848950452913,3310.4530183110965,-73105.02328931779,2562.891705704923,333270.4823867152,15670.718263755289,16360.848950452913,-3310.4530183110965,73105.02328931779,-2562.891705704923,317364.22488821315,13792.313599213474
CASE_EY,10526,E2-P1-V-049,A-V-0526,SOL2_1_beam_0150,beam,P1,17,20,-16360.848950452913,3310.4530183110965,-73105.02328931779,2562.891705704923,333270.4823867152,15670.718263755289,16360.848950452913,-3310.4530183110965,73105.02328931779,-2562.891705704923,317364.22488821315,13792.313599213474
CASE_EY,10527,E2-P1-V-048,A-V-0527,SOL2_1_beam_0151,beam,P1,20,22,28450.53025228631,2546.8303692725167,-107798.84641755524,3931.4586287042407,382138.9687633169,9385.336026145884,-28450.53025228631,-2546.8303692725167,107798.84641755524,-3931.4586287042407,399402.66776395857,9079.184151079862
CASE_EY,10528,E2-P1-V-050,A-V-0528,SOL2_1_beam_0152,beam,P1,20,22,28450.53025228631,2546.8303692725167,-107798.84641755524,3931.4586287042407,382138.9687633169,9385.336026145884,-28450.53025228631,-2546.8303692725167,107798.84641755524,-3931.4586287042407,399402.66776395857,9079.184151079862
CASE_EY,10529,E2-P1-V-068,A-V-0529,SOL2_1_beam_0153,beam,P1,636,23,-140283.38992374414,-4114.86558300188,12260.224474533661,104.54255335598204,-7840.329653219764,-17430.53247650877,140283.38992374414,4114.86558300188,-12260.224474533661,-104.54255335598204,-57242.87305989652,-4413.16471125608
CASE_EY,10530,E2-P1-V-067,A-V-0530,SOL2_1_beam_0154,beam,P1,637,23,115708.47403893915,26014.81289368803,6217.556680697691,27732.15878014011,3399.7804929314552,69091.40976185695,-115708.47403893915,-26014.81289368803,-6217.556680697691,-27732.15878014011,-36405.579258743215,69007.80241982624
CASE_EY,10531,E2-P1-V-006,A-V-0531,SOL2_1_beam_0155,beam,P1,281,662,265.0494418223773,1812.0370810321003,18895.16984419466,28755.8824203974,-41222.6962508719,41.51468585968132,-265.0494418223773,-1812.0370810321003,-18895.16984419466,-28755.8824203974,-3803.728318149093,4276.496298859165
CASE_EY,10532,E2-P1-V-003,A-V-0532,SOL2_1_beam_0156,beam,P1,281,662,265.0494418223773,1812.0370810321003,18895.16984419466,28755.8824203974,-41222.6962508719,41.51468585968132,-265.0494418223773,-1812.0370810321003,-18895.16984419466,-28755.8824203974,-3803.728318149093,4276.496298859165
CASE_EY,10533,E2-P1-V-005,A-V-0533,SOL2_1_beam_0157,beam,P1,662,663,617.2905820435548,-485.22656550168637,-776.4950494622339,-6829.931548940002,9996.338323609478,-2349.1630600748204,-617.2905820435548,485.22656550168637,776.4950494622339,6829.931548940002,-4079.4460467072568,-1348.2633690480288
CASE_EY,10534,E2-P1-V-002,A-V-0534,SOL2_1_beam_0158,beam,P1,662,663,617.2905820435548,-485.22656550168637,-776.4950494622339,-6829.931548940002,9996.338323609478,-2349.1630600748204,-617.2905820435548,485.22656550168637,776.4950494622339,6829.931548940002,-4079.4460467072568,-1348.2633690480288
CASE_EY,10535,E2-P1-V-004,A-V-0535,SOL2_1_beam_0159,beam,P1,663,282,-213.06094324138172,1365.7136320091076,7261.317139735312,8681.034595527091,8929.396644978424,3285.6621093953745,213.06094324138172,-1365.7136320091076,-7261.317139735312,-8681.034595527091,-28049.502265282215,310.46079621492845
CASE_EY,10536,E2-P1-V-001,A-V-0536,SOL2_1_beam_0160,beam,P1,663,282,-213.06094324138172,1365.7136320091076,7261.317139735312,8681.034595527091,8929.396644978424,3285.6621093953745,213.06094324138172,-1365.7136320091076,-7261.317139735312,-8681.034595527091,-28049.502265282215,310.46079621492845
CASE_EY,10537,E2-P1-V-011,A-V-0537,SOL2_1_beam_0161,beam,P1,662,661,2248.0734338207585,806.4071757146781,19671.66489365689,823.9780001165137,-34965.42467873571,-1927.3332387827008,-2248.0734338207585,-806.4071757146781,-19671.66489365689,-823.9780001165137,-25322.69230191534,4398.744296582866
CASE_EY,10538,E2-P1-V-010,A-V-0538,SOL2_1_beam_0162,beam,P1,662,661,2248.0734338207585,806.4071757146781,19671.66489365689,823.9780001165137,-34965.42467873571,-1927.3332387827008,-2248.0734338207585,-806.4071757146781,-19671.66489365689,-823.9780001165137,-25322.69230191534,4398.744296582866
CASE_EY,10539,E2-P1-V-018,A-V-0539,SOL2_1_beam_0163,beam,P1,661,664,12865.147402740633,4730.182970394271,-33412.33285552825,7978.165110629663,107355.71448401448,-11137.16405823961,-12865.147402740633,-4730.182970394271,33412.33285552825,-7978.165110629663,30136.035216484273,30601.866981412037
CASE_EY,10540,E2-P1-V-022,A-V-0540,SOL2_1_beam_0164,beam,P1,665,634,5594.058103133617,1173.3994116027268,441.9522963902974,368.7436352559236,-148.55805178231242,4678.64733689293,-5594.058103133617,-1173.3994116027268,-441.9522963902974,-368.7436352559236,-1537.4899589466731,-202.12858162852535
CASE_EY,10541,E2-P1-V-028,A-V-0541,SOL2_1_beam_0165,beam,P1,665,650,586.6997058020677,-2797.029051568049,-220.97614819516548,-74.2790258911389,-184.371817627964,-2339.323668446525,-586.6997058020677,2797.029051568049,220.97614819516548,74.2790258911389,880.4466844427353,-6471.317843992831
CASE_EY,10542,E2-P1-V-027,A-V-0542,SOL2_1_beam_0166,beam,P1,665,650,586.6997058020677,-2797.029051568049,-220.97614819516548,-74.2790258911389,-184.371817627964,-2339.323668446525,-586.6997058020677,2797.029051568049,220.97614819516548,74.2790258911389,880.4466844427353,-6471.317843992831
CASE_EY,10543,E2-P1-V-039,A-V-0543,SOL2_1_beam_0167,beam,P1,649,651,19102.30632888957,6750.619685137601,11259.143909433244,4367.869783815587,4436.714910584291,-7995.847740567697,-19102.30632888957,-6750.619685137601,-11259.143909433244,-4367.869783815587,-32978.64472099757,25108.668642391516
CASE_EY,10544,E2-P1-V-035,A-V-0544,SOL2_1_beam_0168,beam,P1,650,654,-43374.353827478684,10853.08250516405,-3139.0341554949987,2546.182352114525,-773.6693476141409,852.067839426185,43374.353827478684,-10853.08250516405,3139.0341554949987,-2546.182352114525,11556.251671739457,36428.270565812316
CASE_EY,10545,E2-P1-V-009,A-V-0545,SOL2_1_beam_0169,beam,P1,663,660,-1791.4441330240466,-852.8225898245524,-8037.812189197173,-5396.889478749044,16020.432780464163,-1937.3987403432502,1791.4441330240466,852.8225898245524,8037.812189197173,5396.889478749044,8613.199611630724,-676.2624996702043
CASE_EY,10546,E2-P1-V-008,A-V-0546,SOL2_1_beam_0170,beam,P1,663,660,-1791.4441330240466,-852.8225898245524,-8037.812189197173,-5396.889478749044,16020.432780464163,-1937.3987403432502,1791.4441330240466,852.8225898245524,8037.812189197173,5396.889478749044,8613.199611630724,-676.2624996702043
CASE_EY,10547,E2-P1-V-026,A-V-0547,SOL2_1_beam_0171,beam,P1,666,655,3833.9918444546606,-9649.476573173077,4746.405851605648,-10922.566072042539,-7014.269452394233,-9646.364117530471,-3833.9918444546606,9649.476573173077,-4746.405851605648,10922.566072042539,-7936.908980163562,-20749.487087964724
CASE_EY,10548,E2-P1-V-025,A-V-0548,SOL2_1_beam_0172,beam,P1,666,655,3833.9918444546606,-9649.476573173077,4746.405851605648,-10922.566072042539,-7014.269452394233,-9646.364117530471,-3833.9918444546606,9649.476573173077,-4746.405851605648,10922.566072042539,-7936.908980163562,-20749.487087964724
CASE_EY,10549,E2-P1-V-016,A-V-0549,SOL2_1_beam_0173,beam,P1,660,21,-18350.032817427928,8023.90923104083,-24415.454294544234,-633.2487801141305,-5037.342572565118,15683.118978587005,18350.032817427928,-8023.90923104083,24415.454294544234,633.2487801141305,122094.67859825242,22786.67264464086
CASE_EY,10550,E2-P1-V-020,A-V-0550,SOL2_1_beam_0174,beam,P1,666,21,19767.68858698455,6362.865260716862,-9492.811703212077,12539.30553598574,-22732.697131464694,19292.72823506185,-19767.68858698455,-6362.865260716862,9492.811703212077,-12539.30553598574,65403.09692290269,9308.492665798483
CASE_EY,10551,E2-P1-V-037,A-V-0551,SOL2_1_beam_0175,beam,P1,653,656,-1294.1443253425052,1106.1221406868242,8856.856086786831,3915.2302514771372,5317.407605250086,95.93806550670843,1294.1443253425052,-1106.1221406868242,-8856.856086786831,-3915.2302514771372,-39106.31357634183,4123.9179012135255
CASE_EY,10552,E2-P1-V-033,A-V-0552,SOL2_1_beam_0176,beam,P1,655,657,6842.037867911421,13139.662987967447,16527.262065551025,-4263.526191887819,-35936.356142413344,31045.09028275345,-6842.037867911421,-13139.662987967447,-16527.262065551025,4263.526191887819,-41989.68449665974,30908.420705513072
CASE_EY,10553,E2-P1-V-014,A-V-0553,SOL2_1_beam_0177,beam,P1,667,632,0.0,1.0408340855860843e-11,5.854691731421723e-10,-0.0,-4.4885969940899873e-10,2.720046410331634e-10,0.0,-1.0408340855860843e-11,-5.854691731421723e-10,0.0,-4.878909776184769e-10,-2.5535129566378606e-10
CASE_EY,10554,E2-P1-V-012,A-V-0554,SOL2_1_beam_0178,beam,P1,277,664,4437.628926618655,-12968.9667335917,33412.33285552714,-30308.978475403368,-107623.21835372315,-8340.95796358784,-4437.628926618655,12968.9667335917,-33412.33285552714,30308.978475403368,7293.6658052832645,-30601.86698141192
CASE_EY,10555,E2-P1-V-013,A-V-0555,SOL2_1_beam_0179,beam,P1,658,668,0.0,1.665334536937735e-10,0.0,-0.0,1.9515639104739077e-11,-2.220446049250313e-11,0.0,-1.665334536937735e-10,0.0,0.0,-1.9515639104739077e-11,2.8865798640254075e-10
CASE_EY,10556,E2-P1-V-007,A-V-0556,SOL2_1_beam_0180,beam,P1,658,276,-7635.362529727761,-19613.327853627008,12919.11034850522,-15564.233016452608,-12664.66179572051,-49890.80741901831,7635.362529727761,19613.327853627008,-12919.11034850522,15564.233016452608,-27058.669884671766,-10415.723500585369
CASE_EY,10557,E2-P2-V-030,A-V-0557,SOL2_2_beam_0181,beam,P2,669,670,0.0,2.421984751302759e-10,2.1782021291694506e-10,-9.06886474081987e-12,5.742532885992194e-11,9.514738932879503e-10,0.0,-2.421984751302759e-10,-2.1782021291694506e-10,9.06886474081987e-12,-1.0049432550486328e-09,1.0208947352875004e-10
CASE_EY,10558,E2-P2-V-029,A-V-0558,SOL2_2_beam_0182,beam,P2,671,672,-1879.527072769954,9438.926750743347,246.5650253414003,-1340.5283856746814,146.90952540793,500.7561578961795,1879.527072769954,-9438.926750743347,-246.5650253414003,1340.5283856746814,-923.5893552333409,29231.863106945362
CASE_EY,10559,E2-P2-V-056,A-V-0559,SOL2_2_beam_0183,beam,P2,30,673,-156819.49597782828,15777.75255028794,7954.365002345282,285.7585706237512,-44337.75746999665,55025.408537988355,156819.49597782828,-15777.75255028794,-7954.365002345282,-285.7585706237512,6876.160559853099,19280.93848186889
CASE_EY,10560,E2-P2-V-055,A-V-0560,SOL2_2_beam_0184,beam,P2,30,674,181382.92120952488,-13402.35932439974,15350.196597471193,-27036.354122789155,-67153.9679158243,-23287.589789463036,-181382.92120952488,13402.35932439974,-15350.196597471193,27036.354122789155,-5138.77666609719,-39831.68906026719
CASE_EY,10561,E2-P2-V-078,A-V-0561,SOL2_2_beam_0185,beam,P2,31,675,212810.85801950982,-4853.970113083236,54344.92742403744,16982.681191280997,-273288.75995499577,-24345.294467539483,-212810.85801950982,4853.970113083236,-54344.92742403744,-16982.681191280997,-15200.405583121872,-1421.9271269265228
CASE_EY,10562,E2-P2-V-077,A-V-0562,SOL2_2_beam_0186,beam,P2,31,676,-172338.0398093014,-13627.326274274397,68153.94984208762,-1072.8433197731345,-290248.85954175284,-39341.98062995478,172338.0398093014,13627.326274274397,-68153.94984208762,1072.8433197731345,-30726.579235025885,-24836.79463360916
CASE_EY,10563,E2-P2-V-072,A-V-0563,SOL2_2_beam_0187,beam,P2,31,27,-9555.252394719471,-6529.305121116431,98970.45456580824,-2482.2823165343334,-368048.5614810377,-21184.488235437948,9555.252394719471,6529.305121116431,-98970.45456580824,2482.2823165343334,-349487.2341210721,-26152.97389265618
CASE_EY,10564,E2-P2-V-070,A-V-0564,SOL2_2_beam_0188,beam,P2,31,27,-9555.252394719471,-6529.305121116431,98970.45456580824,-2482.2823165343334,-368048.5614810377,-21184.488235437948,9555.252394719471,6529.305121116431,-98970.45456580824,2482.2823165343334,-349487.2341210721,-26152.97389265618
CASE_EY,10565,E2-P2-V-076,A-V-0565,SOL2_2_beam_0189,beam,P2,27,677,253840.8919496473,-18318.229161906766,-26823.936712519364,6.37738167306572,86955.0191842617,-54409.687165521595,-253840.8919496473,18318.229161906766,26823.936712519364,-6.37738167306572,39374.047230382945,-31861.198916354064
CASE_EY,10566,E2-P2-V-075,A-V-0566,SOL2_2_beam_0190,beam,P2,27,678,-226686.7330293748,-15719.556926257737,2410.645012871204,-19559.660588670937,25232.918361768898,-43918.05857924059,226686.7330293748,15719.556926257737,-2410.645012871204,19559.660588670937,-36586.007104742435,-30114.21238191046
CASE_EY,10567,E2-P2-V-061,A-V-0567,SOL2_2_beam_0192,beam,P2,680,681,161805.3651812234,-12490.171307004017,5549.350071830562,583.6253363323649,-17593.987439521537,-52572.79293944387,-161805.3651812234,12490.171307004017,-5549.350071830562,-583.6253363323649,-28465.618156672135,-51095.62890868948
CASE_EY,10568,E2-P2-V-057,A-V-0568,SOL2_2_beam_0193,beam,P2,682,679,-38350.80065491912,1427.2909705937218,11934.457125347211,697.7336884825268,-40907.110571617464,10958.232964381583,38350.80065491912,-1427.2909705937218,-11934.457125347211,-697.7336884825268,-65309.55784397272,1744.656673902542
CASE_EY,10569,E2-P2-V-083,A-V-0569,SOL2_2_beam_0195,beam,P2,678,684,15319.067256470764,10654.590605993686,-2397.8248308731017,148.73949434124603,77600.9864395075,39818.85865897773,-15319.067256470764,-10654.590605993686,2397.8248308731017,-148.73949434124603,-57647.10708162449,48845.0056993787
CASE_EY,10570,E2-P2-V-080,A-V-0570,SOL2_2_beam_0196,beam,P2,678,683,-35014.73130146807,6237.020926402873,31050.424787505093,9791.272370617633,-140183.7693332872,24651.390985788545,35014.73130146807,-6237.020926402873,-31050.424787505093,-9791.272370617633,-136165.01127550815,30858.095259197027
CASE_EY,10571,E2-P2-V-081,A-V-0571,SOL2_2_beam_0197,beam,P2,677,676,-3351.4961867619118,5331.77365170805,-5695.136729418064,-36935.70919823105,16013.887770590547,17867.91668770736,3351.4961867619118,-5331.77365170805,5695.136729418064,36935.70919823105,21858.771480039573,17588.37809615118
CASE_EY,10572,E2-P2-V-084,A-V-0572,SOL2_2_beam_0198,beam,P2,677,676,-3351.4961867619118,5331.77365170805,-5695.136729418064,-36935.70919823105,16013.887770590547,17867.91668770736,3351.4961867619118,-5331.77365170805,5695.136729418064,36935.70919823105,21858.771480039573,17588.37809615118
CASE_EY,10573,E2-P2-V-088,A-V-0573,SOL2_2_beam_0199,beam,P2,677,128,264983.410585064,10604.954002639137,-15433.663253683531,33749.06688266876,35352.360568857446,-3874.634459060384,-264983.410585064,-10604.954002639137,15433.663253683531,-33749.06688266876,46297.29176849633,59978.671014506996
CASE_EY,10574,E2-P2-V-087,A-V-0574,SOL2_2_beam_0200,beam,P2,678,128,-246158.47909128712,499.17843808291343,-26241.95494376068,49203.37014841668,37809.77907619892,-34356.037262856174,246158.47909128712,-499.17843808291343,26241.95494376068,-49203.37014841668,101554.32597831514,37007.042358895174
CASE_EY,10575,E2-P2-V-090,A-V-0575,SOL2_2_beam_0201,beam,P2,675,132,212494.41871669894,12575.544962561522,54344.927424035544,15681.96097969238,16539.041392039187,1421.9271269262608,-212494.41871669894,-12575.544962561522,-54344.927424035544,-15681.96097969238,-271444.4549894436,57563.78951379091
CASE_EY,10576,E2-P2-V-089,A-V-0576,SOL2_2_beam_0202,beam,P2,676,132,-183609.93547758102,7334.959759914943,56763.676383250975,40513.77107454011,-47001.39226010842,-10339.961558693329,183609.93547758102,-7334.959759914943,-56763.676383250975,-40513.77107454011,-254460.6652856377,49294.66291224526
CASE_EY,10577,E2-P2-V-071,A-V-0577,SOL2_2_beam_0203,beam,P2,27,26,6701.704670253826,-3474.3567278550777,68144.97440008968,1400.158620755771,-295796.76597408444,-11609.035010318086,-6701.704670253826,3474.3567278550777,-68144.97440008968,-1400.158620755771,-310693.5061867136,-19312.739867592107
CASE_EY,10578,E2-P2-V-069,A-V-0578,SOL2_2_beam_0204,beam,P2,27,26,6701.704670253826,-3474.3567278550777,68144.97440008968,1400.158620755771,-295796.76597408444,-11609.035010318086,-6701.704670253826,3474.3567278550777,-68144.97440008968,-1400.158620755771,-310693.5061867136,-19312.739867592107
CASE_EY,10579,E2-P2-V-074,A-V-0579,SOL2_2_beam_0205,beam,P2,26,683,-88612.27475206894,-17116.23655735933,-1100.3710732455556,-24183.246798047505,-17741.23429628781,-60350.68071804915,88612.27475206894,17116.23655735933,1100.3710732455556,24183.246798047505,22923.503099058766,-20259.34338084567
CASE_EY,10580,E2-P2-V-073,A-V-0580,SOL2_2_beam_0206,beam,P2,26,683,-88612.27475206894,-17116.23655735933,-1100.3710732455556,-24183.246798047505,-17741.23429628781,-60350.68071804915,88612.27475206894,17116.23655735933,1100.3710732455556,24183.246798047505,22923.503099058766,-20259.34338084567
CASE_EY,10581,E2-P2-V-086,A-V-0581,SOL2_2_beam_0208,beam,P2,684,130,12098.781697777324,-14206.111502364569,-2397.8248308732077,57386.43239199435,5477.99741114822,-48845.0056993801,-12098.781697777324,14206.111502364569,2397.8248308732077,-57386.43239199435,5769.084498898519,-17789.261171634767
CASE_EY,10582,E2-P2-V-085,A-V-0582,SOL2_2_beam_0209,beam,P2,683,32,-171838.63580478926,21944.61814338961,28849.682641013944,81856.5662686102,-57209.83536678602,9660.591502494412,171838.63580478926,-21944.61814338961,-28849.682641013944,-81856.5662686102,-95045.33439620798,106152.86829813078
CASE_EY,10583,E2-P2-V-063,A-V-0583,SOL2_2_beam_0210,beam,P2,26,679,-33152.174181930495,23194.174579365445,-14310.058092584628,20858.71895476087,47585.38741987388,54736.63701162781,33152.174181930495,-23194.174579365445,14310.058092584628,-20858.71895476087,28379.32379815468,68389.26244052462
CASE_EY,10584,E2-P2-V-064,A-V-0584,SOL2_2_beam_0211,beam,P2,26,681,-14026.598065737096,23672.468594369144,-5549.350071831063,28444.983868893865,27365.8476295617,60391.3943909479,14026.598065737096,-23672.468594369144,5549.350071831063,-28444.983868893865,-1230.8242250639923,51095.62890868955
CASE_EY,10585,E2-P2-V-051,A-V-0585,SOL2_2_beam_0212,beam,P2,679,25,-17338.647298655887,-9657.705059880818,-1187.800483618788,-20553.96763264248,-14567.596629564017,-35066.95955721324,17338.647298655887,9657.705059880818,1187.800483618788,20553.96763264248,20161.619900294118,-10416.62762085027
CASE_EY,10586,E2-P2-V-052,A-V-0586,SOL2_2_beam_0213,beam,P2,679,25,-17338.647298655887,-9657.705059880818,-1187.800483618788,-20553.96763264248,-14567.596629564017,-35066.95955721324,17338.647298655887,9657.705059880818,1187.800483618788,20553.96763264248,20161.619900294118,-10416.62762085027
CASE_EY,10587,E2-P2-V-054,A-V-0587,SOL2_2_beam_0214,beam,P2,28,682,1254.1118779513074,-2666.628097902636,4823.793160294528,-23762.66436168234,-25485.72321444451,-5817.5981898475275,-1254.1118779513074,2666.628097902636,-4823.793160294528,23762.66436168234,2767.7570542820067,-6741.059463332551
CASE_EY,10588,E2-P2-V-053,A-V-0588,SOL2_2_beam_0215,beam,P2,28,682,1254.1118779513074,-2666.628097902636,4823.793160294528,-23762.66436168234,-25485.72321444451,-5817.5981898475275,-1254.1118779513074,2666.628097902636,-4823.793160294528,23762.66436168234,2767.7570542820067,-6741.059463332551
CASE_EY,10589,E2-P2-V-066,A-V-0589,SOL2_2_beam_0216,beam,P2,680,27,5032.341886870748,30029.81342451513,2776.0977312175046,27474.24887906442,1591.8059860542635,57485.016997050974,-5032.341886870748,-30029.81342451513,-2776.0977312175046,-27474.24887906442,-14666.017963926974,83942.33332749612
CASE_EY,10590,E2-P2-V-065,A-V-0590,SOL2_2_beam_0217,beam,P2,680,27,5032.341886870748,30029.81342451513,2776.0977312175046,27474.24887906442,1591.8059860542635,57485.016997050974,-5032.341886870748,-30029.81342451513,-2776.0977312175046,-27474.24887906442,-14666.017963926974,83942.33332749612
CASE_EY,10591,E2-P2-V-058,A-V-0591,SOL2_2_beam_0219,beam,P2,682,674,-30271.451994862717,-736.1095485082967,-2286.870804757911,-1799.1674803314172,6874.311249663344,2523.8859622819346,30271.451994862717,736.1095485082967,2286.870804757911,1799.1674803314172,9705.50208483151,-7860.680188967086
CASE_EY,10592,E2-P2-V-062,A-V-0592,SOL2_2_beam_0220,beam,P2,680,674,100364.4413602482,-14599.199173719908,-11101.545534264576,-3018.0420650736173,37416.5141361456,-62397.24105465827,-100364.4413602482,14599.199173719908,11101.545534264576,3018.0420650736173,43344.84523786885,-43808.79732103487
CASE_EY,10593,E2-P2-V-040,A-V-0593,SOL2_2_beam_0221,beam,P2,672,686,36609.687492003344,7454.921528066647,10489.870566463607,2919.5744666175374,-40729.16264760845,17085.76366355181,-36609.687492003344,-7454.921528066647,-10489.870566463607,-2919.5744666175374,-2893.0936969464965,13915.619610474383
CASE_EY,10594,E2-P2-V-036,A-V-0594,SOL2_2_beam_0222,beam,P2,672,687,-87011.74888448915,15879.110890832024,-3075.323136787031,356.2932503690847,10763.459954708575,41035.39409286817,87011.74888448915,-15879.110890832024,3075.323136787031,-356.2932503690847,968.8978121339551,19543.413955656026
CASE_EY,10595,E2-P2-V-044,A-V-0595,SOL2_2_beam_0223,beam,P2,688,28,15656.577670240162,-33922.21468163223,10489.870566464242,29977.685255074877,125.82513670847038,-46006.310608092856,-15656.577670240162,33922.21468163223,-10489.870566464242,-29977.685255074877,-36452.44531572204,-71466.9604454287
CASE_EY,10596,E2-P2-V-043,A-V-0596,SOL2_2_beam_0224,beam,P2,689,28,-2196.905021642373,-2119.13093774628,-8030.2439151030685,31296.254213114782,-1088.8596049713924,-9150.233647340749,2196.905021642373,2119.13093774628,8030.2439151030685,-31296.254213114782,28897.746168488786,1811.6431282917192
CASE_EY,10597,E2-P2-V-038,A-V-0597,SOL2_2_beam_0225,beam,P2,689,690,-2301.481291104128,2005.0664508077034,8030.243915103096,1626.4163628194788,-31272.926195448945,9150.233647340603,2301.481291104128,-2005.0664508077034,-8030.243915103096,-1626.4163628194788,-4742.717763788452,-157.51061546805067
CASE_EY,10598,E2-P2-V-034,A-V-0598,SOL2_2_beam_0226,beam,P2,691,692,-25866.037093946623,9886.656709342664,6788.4366772054045,10358.96620395456,-40081.91222066964,22784.41059140394,25866.037093946623,-9886.656709342664,-6788.4366772054045,-10358.96620395456,11672.30472656502,18591.247737195117
CASE_EY,10599,E2-P2-V-042,A-V-0599,SOL2_2_beam_0227,beam,P2,693,25,1798.1521390066962,2466.527212577081,8030.243915102927,35385.99328510427,1444.4890894922064,-7491.817894364938,-1798.1521390066962,-2466.527212577081,-8030.243915102927,-35385.99328510427,-29253.37565300911,16033.44828387029
CASE_EY,10600,E2-P2-V-041,A-V-0600,SOL2_2_beam_0228,beam,P2,694,25,22164.045514226385,-16475.869342512004,18154.256339702686,36005.32347917127,-24623.02991087753,-30643.029887941724,-22164.045514226385,16475.869342512004,-18154.256339702686,-36005.32347917127,-49103.14628124315,-36267.05573246949
CASE_EY,10601,E2-P2-V-023,A-V-0601,SOL2_2_beam_0229,beam,P2,694,695,-4251.143297659965,8997.473747762995,-2899.351939786566,-509.85558224918395,-15212.880815548651,2445.0091085022323,4251.143297659965,-8997.473747762995,2899.351939786566,509.85558224918395,26085.450589748274,31295.517445608995
CASE_EY,10602,E2-P2-V-024,A-V-0602,SOL2_2_beam_0230,beam,P2,694,696,6680.735940561364,-14474.437567628987,-354.95121987760905,1079.0570732433198,-9033.015915179598,-28821.79355841988,-6680.735940561364,14474.437567628987,354.95121987760905,-1079.0570732433198,10171.214476075362,-17592.426443223092
CASE_EY,10603,E2-P2-V-015,A-V-0603,SOL2_2_beam_0231,beam,P2,695,697,-37063.95884968081,9404.462069763591,-6846.187071666291,5492.021823537132,19212.50511082472,41951.419543435026,37063.95884968081,-9404.462069763591,6846.187071666291,-5492.021823537132,11013.410810581952,-430.7195054287695
CASE_EY,10604,E2-P2-V-019,A-V-0604,SOL2_2_beam_0232,beam,P2,696,697,15879.846732436454,1404.2946132288068,-354.9512198776362,9938.707572174266,-2416.621584040822,17592.426443221237,-15879.846732436454,-1404.2946132288068,354.9512198776362,-9938.707572174266,3787.4055580979584,-12169.189550747897
CASE_EY,10605,E2-P2-V-032,A-V-0605,SOL2_2_beam_0233,beam,P2,29,691,-1681.5241417757045,-26097.17232891706,5055.162419668652,-13605.023035668368,-23245.84076140527,-49741.362067911716,1681.5241417757045,26097.17232891706,-5055.162419668652,13605.023035668368,5739.717687817745,-40633.63931386195
CASE_EY,10606,E2-P2-V-031,A-V-0606,SOL2_2_beam_0234,beam,P2,29,691,-1681.5241417757045,-26097.17232891706,5055.162419668652,-13605.023035668368,-23245.84076140527,-49741.362067911716,1681.5241417757045,26097.17232891706,-5055.162419668652,13605.023035668368,5739.717687817745,-40633.63931386195
CASE_EY,10607,E2-P2-V-017,A-V-0607,SOL2_2_beam_0235,beam,P2,29,698,12772.738801501257,5741.69354584483,-30826.692869454444,-14047.03817539478,135727.4901986753,14796.785695034849,-12772.738801501257,-5741.69354584483,30826.692869454444,14047.03817539478,-47845.86552997751,1571.7997803992484
CASE_EY,10608,E2-P2-V-021,A-V-0608,SOL2_2_beam_0236,beam,P2,29,698,12772.738801501257,5741.69354584483,-30826.692869454444,-14047.03817539478,135727.4901986753,14796.785695034849,-12772.738801501257,-5741.69354584483,30826.692869454444,14047.03817539478,-47845.86552997751,1571.7997803992484
CASE_EY,10609,E2-P2-V-046,A-V-0609,SOL2_2_beam_0237,beam,P2,670,30,-4.808909735134591e-09,-9.331705722928142e-11,1.4060047685215377e-10,-9.113334370997661e-11,9.738042213647546e-10,1.5388511152430657e-11,4.808909735134591e-09,9.331705722928142e-11,-1.4060047685215377e-10,9.113334370997661e-11,-1.4607063320471314e-09,-3.3854724535347523e-10
CASE_EY,10610,E2-P2-V-045,A-V-0610,SOL2_2_beam_0238,beam,P2,672,30,-33468.349808819024,-40058.89904582231,-7167.982404336369,28443.939516460432,7965.97144563387,-87353.02086335796,33468.349808819024,40058.89904582231,7167.982404336369,-28443.939516460432,21143.892588200673,-75330.01025897547
CASE_EY,10611,E2-P2-V-047,A-V-0611,SOL2_2_beam_0239,beam,P2,25,28,-28888.955117333233,6000.854733699891,-62734.07272618366,49.50986829825599,286112.1449446446,28374.72515922146,28888.955117333233,-6000.854733699891,62734.07272618366,-49.50986829825599,272221.1023183899,25032.881970707567
CASE_EY,10612,E2-P2-V-049,A-V-0612,SOL2_2_beam_0240,beam,P2,25,28,-28888.955117333233,6000.854733699891,-62734.07272618366,49.50986829825599,286112.1449446446,28374.72515922146,28888.955117333233,-6000.854733699891,62734.07272618366,-49.50986829825599,272221.1023183899,25032.881970707567
CASE_EY,10613,E2-P2-V-048,A-V-0613,SOL2_2_beam_0241,beam,P2,28,30,22062.017142466844,4181.047180104226,-93125.71333814184,1521.8469835672631,328747.39148983103,15275.033871659165,-22062.017142466844,-4181.047180104226,93125.71333814184,-1521.8469835672631,346414.03021169733,15037.558184096475
CASE_EY,10614,E2-P2-V-050,A-V-0614,SOL2_2_beam_0242,beam,P2,28,30,22062.017142466844,4181.047180104226,-93125.71333814184,1521.8469835672631,328747.39148983103,15275.033871659165,-22062.017142466844,-4181.047180104226,93125.71333814184,-1521.8469835672631,346414.03021169733,15037.558184096475
CASE_EY,10615,E2-P2-V-068,A-V-0615,SOL2_2_beam_0243,beam,P2,673,31,-157579.6415014108,-3154.1050320683726,7954.365002344722,1108.8116360722615,-6792.185124189955,-19280.938481869318,157579.6415014108,3154.1050320683726,-7954.365002344722,-1108.8116360722615,-35433.43243909782,2537.423091350809
CASE_EY,10616,E2-P2-V-067,A-V-0616,SOL2_2_beam_0244,beam,P2,674,31,189470.61082323443,35374.802899665374,1961.7802584485644,26772.66164863657,4112.131277454384,91501.16657026885,-189470.61082323443,-35374.802899665374,-1961.7802584485644,-26772.66164863657,-14526.20995149547,96285.4007016185
CASE_EY,10617,E2-P2-V-006,A-V-0617,SOL2_2_beam_0245,beam,P2,301,699,2510.3666783668095,2157.6439782317807,16559.232341097257,25333.010947196988,-36132.10009709388,145.86313255297136,-2510.3666783668095,-2157.6439782317807,-16559.232341097257,-25333.010947196988,-3327.879997045744,4995.715092662308
CASE_EY,10618,E2-P2-V-003,A-V-0618,SOL2_2_beam_0246,beam,P2,301,699,2510.3666783668095,2157.6439782317807,16559.232341097257,25333.010947196988,-36132.10009709388,145.86313255297136,-2510.3666783668095,-2157.6439782317807,-16559.232341097257,-25333.010947196988,-3327.879997045744,4995.715092662308
CASE_EY,10619,E2-P2-V-005,A-V-0619,SOL2_2_beam_0247,beam,P2,699,700,1497.7560961768297,289.5276053863415,-592.5373386021331,-5959.459870264845,8120.259814650896,17.544543543194777,-1497.7560961768297,-289.5276053863415,592.5373386021331,5959.459870264845,-3605.1252945026426,2188.655809500727
CASE_EY,10620,E2-P2-V-002,A-V-0620,SOL2_2_beam_0248,beam,P2,699,700,1497.7560961768297,289.5276053863415,-592.5373386021331,-5959.459870264845,8120.259814650896,17.544543543194777,-1497.7560961768297,-289.5276053863415,592.5373386021331,5959.459870264845,-3605.1252945026426,2188.655809500727
CASE_EY,10621,E2-P2-V-004,A-V-0621,SOL2_2_beam_0249,beam,P2,700,302,-1873.0650102890072,784.9965463896809,6350.496059940152,6383.041621627047,7468.014652709895,1700.8879313610987,1873.0650102890072,-784.9965463896809,-6350.496059940152,-6383.041621627047,-24189.795711263803,366.12230792608364
CASE_EY,10622,E2-P2-V-001,A-V-0622,SOL2_2_beam_0250,beam,P2,700,302,-1873.0650102890072,784.9965463896809,6350.496059940152,6383.041621627047,7468.014652709895,1700.8879313610987,1873.0650102890072,-784.9965463896809,-6350.496059940152,-6383.041621627047,-24189.795711263803,366.12230792608364
CASE_EY,10623,E2-P2-V-011,A-V-0623,SOL2_2_beam_0251,beam,P2,699,698,2227.1599251794996,-505.4177157557999,17151.76967969937,1380.6642637713194,-30684.16707855931,-5013.259636198249,-2227.1599251794996,505.4177157557999,-17151.76967969937,-1380.6642637713194,-21881.18020977963,3464.2965699656415
CASE_EY,10624,E2-P2-V-010,A-V-0624,SOL2_2_beam_0252,beam,P2,699,698,2227.1599251794996,-505.4177157557999,17151.76967969937,1380.6642637713194,-30684.16707855931,-5013.259636198249,-2227.1599251794996,505.4177157557999,-17151.76967969937,-1380.6642637713194,-21881.18020977963,3464.2965699656415
CASE_EY,10625,E2-P2-V-018,A-V-0625,SOL2_2_beam_0253,beam,P2,698,701,22753.20729823161,9773.864411318606,-27349.846379510313,5273.912867648274,85172.11598469579,-10072.192700729458,-22753.20729823161,-9773.864411318606,27349.846379510313,-5273.912867648274,27372.501866989158,50291.64475330552
CASE_EY,10626,E2-P2-V-022,A-V-0626,SOL2_2_beam_0254,beam,P2,702,671,9438.926750750506,1879.5270727754462,246.56502534216713,146.9095254079335,399.8828139943166,7671.151940534488,-9438.926750750506,-1879.5270727754462,-246.56502534216713,-146.9095254079335,-1340.5283856746846,-500.7561578961577
CASE_EY,10627,E2-P2-V-028,A-V-0627,SOL2_2_beam_0255,beam,P2,702,687,939.763536388942,-4719.46337537473,-123.28251267111081,199.94140699715157,-73.45476270396006,-3835.5759702672067,-939.763536388942,4719.46337537473,123.28251267111081,-199.94140699715157,461.7946776179591,-11030.733662163195
CASE_EY,10628,E2-P2-V-027,A-V-0628,SOL2_2_beam_0256,beam,P2,702,687,939.763536388942,-4719.46337537473,-123.28251267111081,199.94140699715157,-73.45476270396006,-3835.5759702672067,-939.763536388942,4719.46337537473,123.28251267111081,-199.94140699715157,461.7946776179591,-11030.733662163195
CASE_EY,10629,E2-P2-V-039,A-V-0629,SOL2_2_beam_0257,beam,P2,686,688,35151.01042448526,12659.049703204275,10489.8705664647,2471.603264949457,3284.065088594918,-13915.619610474598,-35151.01042448526,-12659.049703204275,-10489.8705664647,-2471.603264949457,-29875.886974582936,46006.31060809744
CASE_EY,10630,E2-P2-V-035,A-V-0630,SOL2_2_beam_0258,beam,P2,687,691,-77572.82213374978,17758.63796360741,-3321.888162129236,1279.8826056049957,-569.0149981396653,2518.0533686706476,77572.82213374978,-17758.63796360741,3321.888162129236,-1279.8826056049957,11979.700835053587,58482.86803632079
CASE_EY,10631,E2-P2-V-009,A-V-0631,SOL2_2_beam_0259,beam,P2,700,697,-380.364762996163,-3322.3776034254306,-6943.033398542193,-4359.607635959691,12786.439198482107,-3889.5437408642765,380.364762996163,3322.3776034254306,6943.033398542193,4359.607635959691,8492.004288365339,-6292.608643898742
CASE_EY,10632,E2-P2-V-008,A-V-0632,SOL2_2_beam_0260,beam,P2,700,697,-380.364762996163,-3322.3776034254306,-6943.033398542193,-4359.607635959691,12786.439198482107,-3889.5437408642765,380.364762996163,3322.3776034254306,6943.033398542193,4359.607635959691,8492.004288365339,-6292.608643898742
CASE_EY,10633,E2-P2-V-026,A-V-0633,SOL2_2_beam_0261,beam,P2,703,692,6915.336341962413,-17094.111914824658,4055.758251417882,-9857.519424201815,-6400.01261527161,-17147.131787391805,-6915.336341962413,17094.111914824658,-4055.758251417882,9857.519424201815,-6375.625876694718,-36699.32074430588
CASE_EY,10634,E2-P2-V-025,A-V-0634,SOL2_2_beam_0262,beam,P2,703,692,6915.336341962413,-17094.111914824658,4055.758251417882,-9857.519424201815,-6400.01261527161,-17147.131787391805,-6915.336341962413,17094.111914824658,-4055.758251417882,9857.519424201815,-6375.625876694718,-36699.32074430588
CASE_EY,10635,E2-P2-V-016,A-V-0635,SOL2_2_beam_0263,beam,P2,697,29,-28996.080489616714,12877.244563230515,-21087.20508862837,29.4725834977649,-2874.6209954736987,25185.126343974414,28996.080489616714,-12877.244563230515,21087.20508862837,-29.4725834977649,103975.01511976957,36553.472730950874
CASE_EY,10636,E2-P2-V-020,A-V-0636,SOL2_2_beam_0264,beam,P2,703,29,35035.06257175437,11518.09646200918,-8111.516502832817,11455.69447184431,-20525.3615525863,34294.26357478246,-35035.06257175437,-11518.09646200918,8111.516502832817,-11455.69447184431,56986.808688802674,17479.836263727633
CASE_EY,10637,E2-P2-V-037,A-V-0637,SOL2_2_beam_0265,beam,P2,690,693,-2301.481291101871,2005.066450808068,8030.2439151030685,1626.4163628194785,4742.717763788456,157.5106154679961,2301.481291101871,-2005.066450808068,-8030.2439151030685,-1626.4163628194785,-35378.098299906655,7491.817894364782
CASE_EY,10638,E2-P2-V-033,A-V-0638,SOL2_2_beam_0266,beam,P2,692,694,8322.186735656851,23717.329393271382,14899.9531800384,-2392.285549434938,-31387.3435749856,54807.393751414034,-8322.186735656851,-23717.329393271382,-14899.9531800384,2392.285549434938,-38865.93566889546,57019.81433786056
CASE_EY,10639,E2-P2-V-014,A-V-0639,SOL2_2_beam_0267,beam,P2,704,669,0.0,-2.914335439641037e-10,4.3910187985662924e-10,-0.0,-3.317658647805643e-10,1.9984014443252818e-10,0.0,2.914335439641037e-10,-4.3910187985662924e-10,0.0,-3.7079714299004246e-10,-6.661338147750941e-10
CASE_EY,10640,E2-P2-V-012,A-V-0640,SOL2_2_beam_0268,beam,P2,297,701,9256.094327036892,-22968.70883828788,27349.846379507948,-27484.913990314886,-86777.98906889724,-18678.106336061704,-9256.094327036892,22968.70883828788,-27349.846379507948,27484.913990314886,4652.689366255152,-50291.64475330632
CASE_EY,10641,E2-P2-V-013,A-V-0641,SOL2_2_beam_0269,beam,P2,695,705,0.0,-4.1633363423443375e-10,7.318364664277154e-11,-0.0,-4.8789097761847687e-11,-5.995204332975846e-10,0.0,4.1633363423443375e-10,-7.318364664277154e-11,0.0,-6.830473686658677e-11,-6.661338147750939e-11
CASE_EY,10642,E2-P2-V-007,A-V-0642,SOL2_2_beam_0270,beam,P2,695,296,-7262.296996254241,-30355.595633531004,3946.835131880254,-14801.709483841118,-24371.504180348817,-73246.93698904877,7262.296996254241,30355.595633531004,-3946.835131880254,14801.709483841118,12235.8820823733,-20089.62885630275
CASE_EY,10643,E2-P3-V-030,A-V-0643,SOL2_3_beam_0271,beam,P3,706,707,0.0,9.85691468553449e-10,2.1460241431703573e-09,4.534432370409935e-12,2.871266442996066e-11,1.0739812615224506e-09,0.0,-9.85691468553449e-10,-2.1460241431703573e-09,-4.534432370409935e-12,-9.363917687221013e-09,3.2137766266850515e-09
CASE_EY,10644,E2-P3-V-029,A-V-0644,SOL2_3_beam_0272,beam,P3,708,709,-2487.6175120554694,13266.930435693173,199.95854916764247,-1506.88260348018,96.93867941043038,942.2073769669514,2487.6175120554694,-13266.930435693173,-199.95854916764247,1506.88260348018,-726.8081092885042,40848.62349546655
CASE_EY,10645,E2-P3-V-056,A-V-0645,SOL2_3_beam_0273,beam,P3,38,710,-232618.8604735576,21906.11357014798,949.7442721466184,518.8865947983788,-15542.603926865258,72730.0978672276,232618.8604735576,-21906.11357014798,-949.7442721466184,-518.8865947983788,11069.721794805173,30438.16209956429
CASE_EY,10646,E2-P3-V-055,A-V-0646,SOL2_3_beam_0274,beam,P3,38,711,151426.96174837943,-21355.067763750725,7187.830930385896,-19672.271921913045,-34224.65967756497,-39051.07254230576,-151426.96174837943,21355.067763750725,-7187.830930385896,19672.271921913045,373.10460145429533,-61522.00152690756
CASE_EY,10647,E2-P3-V-078,A-V-0647,SOL2_3_beam_0275,beam,P3,39,712,282671.80857443664,-10453.512015772174,46470.46663675624,21252.67978908063,-229699.82277850292,-52183.10922006212,-282671.80857443664,10453.512015772174,-46470.46663675624,-21252.67978908063,-16987.89542562522,-3309.189717831163
CASE_EY,10648,E2-P3-V-077,A-V-0648,SOL2_3_beam_0276,beam,P3,39,713,-199925.682286025,-35326.271251484526,57345.2765499664,8458.490362030687,-236338.96759566266,-93513.88587874701,199925.682286025,35326.271251484526,-57345.2765499664,-8458.490362030687,-33732.3246045515,-72857.47545195866
CASE_EY,10649,E2-P3-V-072,A-V-0649,SOL2_3_beam_0277,beam,P3,39,35,60279.166292315414,-787.3399364438802,72998.90628147815,-8805.122431982621,-265395.17020428105,-824.7906194245829,-60279.166292315414,787.3399364438802,-72998.90628147815,8805.122431982621,-263846.90033643553,-4883.423919793549
CASE_EY,10650,E2-P3-V-070,A-V-0650,SOL2_3_beam_0278,beam,P3,39,35,60279.166292315414,-787.3399364438802,72998.90628147815,-8805.122431982621,-265395.17020428105,-824.7906194245829,-60279.166292315414,787.3399364438802,-72998.90628147815,8805.122431982621,-263846.90033643553,-4883.423919793549
CASE_EY,10651,E2-P3-V-076,A-V-0651,SOL2_3_beam_0279,beam,P3,35,714,273882.71680522786,-36501.516884965255,-20336.82669787008,6377.157715445635,55783.049398560885,-101280.34617959658,-273882.71680522786,36501.516884965255,20336.82669787008,-6377.157715445635,39994.55245431231,-70625.91054236666
CASE_EY,10652,E2-P3-V-075,A-V-0652,SOL2_3_beam_0280,beam,P3,35,715,-343624.62572429684,-31153.275824861597,4177.255109729458,-14529.142620914909,8265.669412560976,-84723.7938029163,343624.62572429684,31153.275824861597,-4177.255109729458,14529.142620914909,-27938.72276947679,-61994.575424217444
CASE_EY,10653,E2-P3-V-061,A-V-0653,SOL2_3_beam_0282,beam,P3,717,718,218973.44948944813,-15108.53679745278,2380.8296261592955,1115.9008993690165,267.4655468218007,-64641.914041482065,-218973.44948944813,15108.53679745278,-2380.8296261592955,-1115.9008993690165,-20028.351443943957,-60758.94137737603
CASE_EY,10654,E2-P3-V-057,A-V-0654,SOL2_3_beam_0283,beam,P3,719,716,-71662.18755361413,2832.336490843489,10230.062187928506,859.2543910684875,-37469.476900179914,18386.070704323367,71662.18755361413,-2832.336490843489,-10230.062187928506,-859.2543910684875,-53578.076572383805,6821.724064183687
CASE_EY,10655,E2-P3-V-083,A-V-0655,SOL2_3_beam_0285,beam,P3,715,721,37398.67391749313,22935.309309785276,-7066.027528394807,-3289.560513099644,84298.6005933171,87566.41149900487,-37398.67391749313,-22935.309309785276,7066.027528394807,3289.560513099644,-25497.532631346367,103293.39990621209
CASE_EY,10656,E2-P3-V-080,A-V-0656,SOL2_3_beam_0286,beam,P3,715,720,-82004.04223461724,16126.206410953126,31487.63443342134,10693.257090222565,-145800.47915186215,62474.01565799559,82004.04223461724,-16126.206410953126,-31487.63443342134,-10693.257090222565,-134439.46730558778,81049.22139948723
CASE_EY,10657,E2-P3-V-081,A-V-0657,SOL2_3_beam_0287,beam,P3,714,713,-1286.6201976506377,18513.277123604847,-4331.823014221474,-34645.19349416326,13115.929370086202,62884.560385634744,1286.6201976506377,-18513.277123604847,4331.823014221474,34645.19349416326,15690.693674486607,60228.732486337496
CASE_EY,10658,E2-P3-V-084,A-V-0658,SOL2_3_beam_0288,beam,P3,714,713,-1286.6201976506377,18513.277123604847,-4331.823014221474,-34645.19349416326,13115.929370086202,62884.560385634744,1286.6201976506377,-18513.277123604847,4331.823014221474,34645.19349416326,15690.693674486607,60228.732486337496
CASE_EY,10659,E2-P3-V-088,A-V-0659,SOL2_3_beam_0289,beam,P3,714,164,312969.91580806545,-9311.147313208816,-11673.180669429365,34459.11494030898,30572.779948387943,-55143.2102289021,-312969.91580806545,9311.147313208816,11673.180669429365,-34459.11494030898,31182.561454603245,5883.87830691415
CASE_EY,10660,E2-P3-V-087,A-V-0660,SOL2_3_beam_0290,beam,P3,715,164,-390048.61039966217,-20387.128302298526,-20244.35179529749,51761.29565919764,25568.043363856494,-88045.85173278247,390048.61039966217,20387.128302298526,20244.35179529749,-51761.29565919764,81944.37239963388,-20224.81242202068
CASE_EY,10661,E2-P3-V-090,A-V-0661,SOL2_3_beam_0291,beam,P3,712,166,282579.2879363606,12711.148869143646,46470.46663675838,19791.37978953706,18669.929706227762,3309.189717831461,-282579.2879363606,-12711.148869143646,-46470.46663675838,-19791.37978953706,-236640.1079655559,56312.578372969205
CASE_EY,10662,E2-P3-V-089,A-V-0662,SOL2_3_beam_0292,beam,P3,713,166,-240087.68532879115,-3361.6161491109438,48681.63052152444,38523.46844246646,-39818.08367110994,-47599.989520715564,240087.68532879115,3361.6161491109438,-48681.63052152444,-38523.46844246646,-218721.62758041214,29747.028163036266
CASE_EY,10663,E2-P3-V-071,A-V-0663,SOL2_3_beam_0293,beam,P3,35,34,45475.59564553932,-2298.7972245250107,54124.81436104308,4015.0918354914725,-235961.31709991378,-4752.492247619643,-45475.59564553932,2298.7972245250107,-54124.81436104308,-4015.0918354914725,-245749.5307133696,-15706.80305065295
CASE_EY,10664,E2-P3-V-069,A-V-0664,SOL2_3_beam_0294,beam,P3,35,34,45475.59564553932,-2298.7972245250107,54124.81436104308,4015.0918354914725,-235961.31709991378,-4752.492247619643,-45475.59564553932,2298.7972245250107,-54124.81436104308,-4015.0918354914725,-245749.5307133696,-15706.80305065295
CASE_EY,10665,E2-P3-V-074,A-V-0665,SOL2_3_beam_0295,beam,P3,34,720,170308.13203948273,-20713.41278048481,3002.998778433876,-20024.2135509728,-30117.47924402653,-88042.20396138416,-170308.13203948273,20713.41278048481,-3002.998778433876,20024.2135509728,15974.66209568414,-9508.954426136806
CASE_EY,10666,E2-P3-V-073,A-V-0666,SOL2_3_beam_0296,beam,P3,34,720,170308.13203948273,-20713.41278048481,3002.998778433876,-20024.2135509728,-30117.47924402653,-88042.20396138416,-170308.13203948273,20713.41278048481,-3002.998778433876,20024.2135509728,15974.66209568414,-9508.954426136806
CASE_EY,10667,E2-P3-V-086,A-V-0667,SOL2_3_beam_0298,beam,P3,721,165,26475.71867580194,-34981.788755356596,-7066.027528399419,25054.77246881466,5762.2699686757405,-103293.39990621075,-26475.71867580194,34981.788755356596,7066.027528399419,-25054.77246881466,27381.181282353406,-60789.913614305566
CASE_EY,10668,E2-P3-V-085,A-V-0668,SOL2_3_beam_0299,beam,P3,720,40,353918.3618491887,-1156.222531432714,37493.63199028914,90012.42856119317,-45216.45013511729,-62031.312547211695,-353918.3618491887,1156.222531432714,-37493.63199028914,-90012.42856119317,-152657.45283798187,55929.30927744888
CASE_EY,10669,E2-P3-V-063,A-V-0669,SOL2_3_beam_0300,beam,P3,34,716,198576.92984030244,27590.029083301022,-13151.70400205929,16583.022679659563,40989.90605124673,66856.93388167045,-198576.92984030244,-27590.029083301022,13151.70400205929,-16583.022679659563,28825.701270370868,79604.28788625765
CASE_EY,10670,E2-P3-V-064,A-V-0670,SOL2_3_beam_0301,beam,P3,34,718,-16967.66919997445,28644.710433864013,-2380.8296261605815,20058.75858117278,11374.845727887612,74145.17674705094,16967.66919997445,-28644.710433864013,2380.8296261605815,-20058.75858117278,-162.17447874848222,60758.941377376126
CASE_EY,10671,E2-P3-V-051,A-V-0671,SOL2_3_beam_0302,beam,P3,716,33,97784.82828058107,-10238.891496032122,-1460.8209070651842,-16800.902941750715,-14591.462873938242,-43213.00597521994,-97784.82828058107,10238.891496032122,1460.8209070651842,16800.902941750715,21471.293503064648,-5007.71634742439
CASE_EY,10672,E2-P3-V-052,A-V-0672,SOL2_3_beam_0303,beam,P3,716,33,97784.82828058107,-10238.891496032122,-1460.8209070651842,-16800.902941750715,-14591.462873938242,-43213.00597521994,-97784.82828058107,10238.891496032122,1460.8209070651842,16800.902941750715,21471.293503064648,-5007.71634742439
CASE_EY,10673,E2-P3-V-054,A-V-0673,SOL2_3_beam_0304,beam,P3,36,719,1497.0957944972365,-4857.15236726914,5694.453608849478,-18464.254473095458,-28852.418916537372,-9403.619676724258,-1497.0957944972365,4857.15236726914,-5694.453608849478,18464.254473095458,2034.0210110685293,-13471.453828217687
CASE_EY,10674,E2-P3-V-053,A-V-0674,SOL2_3_beam_0305,beam,P3,36,719,1497.0957944972365,-4857.15236726914,5694.453608849478,-18464.254473095458,-28852.418916537372,-9403.619676724258,-1497.0957944972365,4857.15236726914,-5694.453608849478,18464.254473095458,2034.0210110685293,-13471.453828217687
CASE_EY,10675,E2-P3-V-066,A-V-0675,SOL2_3_beam_0306,beam,P3,717,35,8600.391811721853,36086.952238932216,5283.841556468409,23207.696642046143,2415.127861390618,64511.611311945206,-8600.391811721853,-36086.952238932216,-5283.841556468409,-23207.696642046143,-27299.721724901232,105442.22637238172
CASE_EY,10676,E2-P3-V-065,A-V-0676,SOL2_3_beam_0307,beam,P3,717,35,8600.391811721853,36086.952238932216,5283.841556468409,23207.696642046143,2415.127861390618,64511.611311945206,-8600.391811721853,-36086.952238932216,-5283.841556468409,-23207.696642046143,-27299.721724901232,105442.22637238172
CASE_EY,10677,E2-P3-V-058,A-V-0677,SOL2_3_beam_0309,beam,P3,719,711,-63450.15820026452,463.02856664616735,1158.8450297673608,-848.174059630314,-356.83179142264726,8556.836952112264,63450.15820026452,-463.02856664616735,-1158.8450297673608,848.174059630314,-8044.794674390718,-5199.879843927551
CASE_EY,10678,E2-P3-V-062,A-V-0678,SOL2_3_beam_0310,beam,P3,717,711,145144.01351419295,-14560.777719592175,-12948.512739096537,-2821.4233626284795,46672.62034962726,-64381.308582408354,-145144.01351419295,14560.777719592175,12948.512739096537,2821.4233626284795,47525.028748287725,-41545.22196665787
CASE_EY,10679,E2-P3-V-040,A-V-0679,SOL2_3_beam_0311,beam,P3,709,723,58506.817524349804,13092.729276077618,8817.745493582746,891.4687596697154,-33647.405649285894,33020.94373973789,-58506.817524349804,-13092.729276077618,-8817.745493582746,-891.4687596697154,-3021.2979219332665,21425.33270497334
CASE_EY,10680,E2-P3-V-036,A-V-0680,SOL2_3_beam_0312,beam,P3,709,724,-133183.72098169554,21626.821049370712,-3575.1612956312006,258.0590450291559,12856.884793953537,56360.514669687516,133183.72098169554,-21626.821049370712,3575.1612956312006,-258.0590450291559,782.3555488794982,26145.807633661774
CASE_EY,10681,E2-P3-V-044,A-V-0681,SOL2_3_beam_0313,beam,P3,725,36,26168.53760479698,-53941.40243214172,8817.745493580938,25414.191661124765,1762.0249349275218,-75667.3267172064,-26168.53760479698,53941.40243214172,-8817.745493580938,-25414.191661124765,-32298.044359663974,-111132.77016294135
CASE_EY,10682,E2-P3-V-043,A-V-0682,SOL2_3_beam_0314,beam,P3,726,36,-3793.618349747588,-3899.097243200667,-6370.425918158048,24895.78761382514,-587.7075382452822,-15688.72837860238,3793.618349747588,3899.097243200667,6370.425918158048,-24895.78761382514,22648.61298423814,2186.0808771535976
CASE_EY,10683,E2-P3-V-038,A-V-0683,SOL2_3_beam_0315,beam,P3,726,727,-4213.078633277178,3441.5792777952583,6370.425918157133,1571.214426497744,-24853.10697456488,15688.728378602742,4213.078633277178,-3441.5792777952583,-6370.425918157133,-1571.214426497744,-3718.2532683698755,-253.24531769100395
CASE_EY,10684,E2-P3-V-034,A-V-0684,SOL2_3_beam_0316,beam,P3,728,729,-50371.59956345112,14402.932268278197,5538.997359525511,6651.00366347447,-30447.47097819807,33371.56454532397,50371.59956345112,-14402.932268278197,-5538.997359525511,-6651.00366347447,7266.767028583807,26904.70699742029
CASE_EY,10685,E2-P3-V-042,A-V-0685,SOL2_3_beam_0317,beam,P3,730,33,3063.6635783211004,4495.38262824592,6370.425918156878,28052.197761388485,862.1779858596437,-12876.379627101778,-3063.6635783211004,-4495.38262824592,-6370.425918156878,-28052.197761388485,-22923.08343184845,28443.974695214096
CASE_EY,10686,E2-P3-V-041,A-V-0686,SOL2_3_beam_0318,beam,P3,731,33,74964.56639838983,-24941.085922396844,14097.23694810748,28409.68080892009,-14857.177463697371,-49605.509315045805,-74964.56639838983,24941.085922396844,-14097.23694810748,-28409.68080892009,-42393.05386553961,-51682.63274539427
CASE_EY,10687,E2-P3-V-023,A-V-0687,SOL2_3_beam_0319,beam,P3,731,732,27341.067754176052,7538.234826883885,-3333.387930429178,-875.6030170306931,-7211.899723649925,1529.4241257441754,-27341.067754176052,-7538.234826883885,3333.387930429178,875.6030170306931,19712.104462759344,26738.956475070394
CASE_EY,10688,E2-P3-V-024,A-V-0688,SOL2_3_beam_0320,beam,P3,731,733,18082.798051018035,-23664.07024971688,79.08686705801257,1038.3530204548777,-6701.016550411995,-40328.68538093232,-18082.798051018035,23664.07024971688,-79.08686705801257,-1038.3530204548777,6447.41393340388,-35553.320919683516
CASE_EY,10689,E2-P3-V-015,A-V-0689,SOL2_3_beam_0321,beam,P3,732,734,-44379.50264935151,13832.472813058337,-5486.063504711002,3603.1647063124456,17775.933533201496,55343.64483573973,44379.50264935151,-13832.472813058337,5486.063504711002,-3603.1647063124456,6445.0368400975785,5726.722633912828
CASE_EY,10690,E2-P3-V-019,A-V-0690,SOL2_3_beam_0322,beam,P3,733,734,28378.156531090957,9036.373057483697,79.0868670612058,6419.61003522062,-1198.3031417105685,35553.320919685335,-28378.156531090957,-9036.373057483697,-79.0868670612058,-6419.61003522062,892.8780470644335,-655.8063398776321
CASE_EY,10691,E2-P3-V-032,A-V-0691,SOL2_3_beam_0323,beam,P3,37,728,-1825.1617634651575,-35062.52301756791,4657.058602164188,-8442.59701925712,-19705.380011162055,-65926.12741361164,1825.1617634651575,35062.52301756791,-4657.058602164188,8442.59701925712,3577.897987401566,-55496.05297525751
CASE_EY,10692,E2-P3-V-031,A-V-0692,SOL2_3_beam_0324,beam,P3,37,728,-1825.1617634651575,-35062.52301756791,4657.058602164188,-8442.59701925712,-19705.380011162055,-65926.12741361164,1825.1617634651575,35062.52301756791,-4657.058602164188,8442.59701925712,3577.897987401566,-55496.05297525751
CASE_EY,10693,E2-P3-V-017,A-V-0693,SOL2_3_beam_0325,beam,P3,37,735,15376.246805359811,4358.553564070602,-20971.133192688903,-9370.173858742408,89360.47975212935,13777.899700518965,-15376.246805359811,-4358.553564070602,20971.133192688903,9370.173858742408,-29575.368714697062,-1352.409556695875
CASE_EY,10694,E2-P3-V-021,A-V-0694,SOL2_3_beam_0326,beam,P3,37,735,15376.246805359811,4358.553564070602,-20971.133192688903,-9370.173858742408,89360.47975212935,13777.899700518965,-15376.246805359811,-4358.553564070602,20971.133192688903,9370.173858742408,-29575.368714697062,-1352.409556695875
CASE_EY,10695,E2-P3-V-046,A-V-0695,SOL2_3_beam_0327,beam,P3,707,38,-4.808909735134591e-09,4.888036331057598e-10,2.1402517031938966e-09,-8.202000933897896e-10,9.296223631732056e-09,-3.185421808553153e-09,4.808909735134591e-09,-4.888036331057598e-10,-2.1402517031938966e-09,8.202000933897896e-10,-1.6707955761008237e-08,4.878158035320529e-09
CASE_EY,10696,E2-P3-V-045,A-V-0696,SOL2_3_beam_0328,beam,P3,709,38,-50108.55427464317,-60374.56044604387,-5042.625648783932,19248.11899380663,5314.364522416463,-130230.08190488984,50108.55427464317,60374.56044604387,5042.625648783932,-19248.11899380663,15164.221881593716,-114956.79866329365
CASE_EY,10697,E2-P3-V-047,A-V-0697,SOL2_3_beam_0329,beam,P3,33,36,6840.201222023904,10300.116134430937,-50285.50035492945,371.4902834129153,229130.94421978516,49085.50957245294,-6840.201222023904,-10300.116134430937,50285.50035492945,-371.4902834129153,218410.0089390869,42585.524023982405
CASE_EY,10698,E2-P3-V-049,A-V-0698,SOL2_3_beam_0330,beam,P3,33,36,6840.201222023904,10300.116134430937,-50285.50035492945,371.4902834129153,229130.94421978516,49085.50957245294,-6840.201222023904,-10300.116134430937,50285.50035492945,-371.4902834129153,218410.0089390869,42585.524023982405
CASE_EY,10699,E2-P3-V-048,A-V-0699,SOL2_3_beam_0331,beam,P3,36,38,116967.09928650776,7764.284080514752,-67647.51673626385,-518.2007110483167,246510.0034398989,29046.60774476585,-116967.09928650776,-7764.284080514752,67647.51673626385,518.2007110483167,243934.492898014,27244.4518389661
CASE_EY,10700,E2-P3-V-050,A-V-0700,SOL2_3_beam_0332,beam,P3,36,38,116967.09928650776,7764.284080514752,-67647.51673626385,-518.2007110483167,246510.0034398989,29046.60774476585,-116967.09928650776,-7764.284080514752,67647.51673626385,518.2007110483167,243934.492898014,27244.4518389661
CASE_EY,10701,E2-P3-V-068,A-V-0701,SOL2_3_beam_0333,beam,P3,710,39,-233566.68433657644,-6165.713891151815,949.7442721464822,1843.469444583845,-10927.470170150666,-30438.162099563648,233566.68433657644,6165.713891151815,-949.7442721464822,-1843.469444583845,5885.7681101170765,-2292.430059041515
CASE_EY,10702,E2-P3-V-067,A-V-0702,SOL2_3_beam_0334,beam,P3,711,39,154500.78892061245,42779.67247730911,-4601.836778942919,19927.590024256515,14.34961737449521,108267.10333749292,-154500.78892061245,-42779.67247730911,4601.836778942919,-19927.590024256515,24414.42626342015,118828.0939506737
CASE_EY,10703,E2-P3-V-006,A-V-0703,SOL2_3_beam_0335,beam,P3,321,736,4836.765827460777,18.141018574779757,11034.26676250348,20463.518651455066,-21799.095105226683,-788.7895407959214,-4836.765827460777,-18.141018574779757,-11034.26676250348,-20463.518651455066,-4495.1157514682745,832.0188534296732
CASE_EY,10704,E2-P3-V-003,A-V-0704,SOL2_3_beam_0336,beam,P3,321,736,4836.765827460777,18.141018574779757,11034.26676250348,20463.518651455066,-21799.095105226683,-788.7895407959214,-4836.765827460777,-18.141018574779757,-11034.26676250348,-20463.518651455066,-4495.1157514682745,832.0188534296732
CASE_EY,10705,E2-P3-V-005,A-V-0705,SOL2_3_beam_0337,beam,P3,736,737,3701.5911127465515,2017.336994880866,-962.8694660449205,-3186.4923561886076,8088.948472101268,5561.132559984028,-3701.5911127465515,-2017.336994880866,962.8694660449205,3186.4923561886076,-751.8831408389751,9810.975341008168
CASE_EY,10706,E2-P3-V-002,A-V-0706,SOL2_3_beam_0338,beam,P3,736,737,3701.5911127465515,2017.336994880866,-962.8694660449205,-3186.4923561886076,8088.948472101268,5561.132559984028,-3701.5911127465515,-2017.336994880866,962.8694660449205,3186.4923561886076,-751.8831408389751,9810.975341008168
CASE_EY,10707,E2-P3-V-004,A-V-0707,SOL2_3_beam_0339,beam,P3,737,322,-3394.725354820239,-2952.491051170519,3723.789340064784,6072.593865932239,3666.872868605511,-6054.773577437361,3394.725354820239,2952.491051170519,-3723.789340064784,-6072.593865932239,-13472.15256093353,-1719.5653827033966
CASE_EY,10708,E2-P3-V-001,A-V-0708,SOL2_3_beam_0340,beam,P3,737,322,-3394.725354820239,-2952.491051170519,3723.789340064784,6072.593865932239,3666.872868605511,-6054.773577437361,3394.725354820239,2952.491051170519,-3723.789340064784,-6072.593865932239,-13472.15256093353,-1719.5653827033966
CASE_EY,10709,E2-P3-V-011,A-V-0709,SOL2_3_beam_0341,beam,P3,736,735,-1276.6137858160928,-1225.2581113277465,11997.136228548536,1195.418760159689,-22914.320488159567,-6393.1514134085355,1276.6137858160928,1225.2581113277465,-11997.136228548536,-1195.418760159689,-13853.52586798507,2638.0801092487345
CASE_EY,10710,E2-P3-V-010,A-V-0710,SOL2_3_beam_0342,beam,P3,736,735,-1276.6137858160928,-1225.2581113277465,11997.136228548536,1195.418760159689,-22914.320488159567,-6393.1514134085355,1276.6137858160928,1225.2581113277465,-11997.136228548536,-1195.418760159689,-13853.52586798507,2638.0801092487345
CASE_EY,10711,E2-P3-V-018,A-V-0711,SOL2_3_beam_0343,beam,P3,735,738,27475.604885391243,14685.712337731673,-17947.99392828093,2479.073431948255,51758.66593127632,-2571.3411051057265,-27475.604885391243,-14685.712337731673,17947.99392828093,-2479.073431948255,22097.329083599707,63003.04737487157
CASE_EY,10712,E2-P3-V-022,A-V-0712,SOL2_3_beam_0344,beam,P3,739,708,13266.930435690681,2487.617512059611,199.95854917182277,96.9386794104303,744.0407383896777,10432.468185474158,-13266.930435690681,-2487.617512059611,-199.95854917182277,-96.9386794104303,-1506.8826034801818,-942.2073769667386
CASE_EY,10713,E2-P3-V-028,A-V-0713,SOL2_3_beam_0345,beam,P3,739,724,1243.8087560330216,-6633.465217850435,-99.97927458593358,372.0203691948465,-48.469339705207744,-5216.234092737202,-1243.8087560330216,6633.465217850435,99.97927458593358,-372.0203691948465,363.40405465089856,-15679.18134349167
CASE_EY,10714,E2-P3-V-027,A-V-0714,SOL2_3_beam_0346,beam,P3,739,724,1243.8087560330216,-6633.465217850435,-99.97927458593358,372.0203691948465,-48.469339705207744,-5216.234092737202,-1243.8087560330216,6633.465217850435,99.97927458593358,-372.0203691948465,363.40405465089856,-15679.18134349167
CASE_EY,10715,E2-P3-V-039,A-V-0715,SOL2_3_beam_0347,beam,P3,723,725,56005.58486064182,21397.236296731717,8817.74549358222,446.22091623909995,3118.307966903878,-21425.332704977518,-56005.58486064182,-21397.236296731717,-8817.74549358222,-446.22091623909995,-25471.29279313481,75667.32671719242
CASE_EY,10716,E2-P3-V-035,A-V-0716,SOL2_3_beam_0348,beam,P3,724,728,-119916.79054598957,24114.438561430303,-3775.119844803078,984.8671543309372,-38.314810489713636,5212.555053321572,119916.79054598957,-24114.438561430303,3775.119844803078,-984.8671543309372,13005.851477388283,77620.5414051915
CASE_EY,10717,E2-P3-V-009,A-V-0717,SOL2_3_beam_0349,beam,P3,737,734,5267.32671502412,-6928.259617474489,-4686.658806109789,-3132.0676371101013,9375.75471479756,-3756.201763566667,-5267.32671502412,6928.259617474489,4686.658806109789,3132.0676371101013,4987.535625831073,-17476.964241884503
CASE_EY,10718,E2-P3-V-008,A-V-0718,SOL2_3_beam_0350,beam,P3,737,734,5267.32671502412,-6928.259617474489,-4686.658806109789,-3132.0676371101013,9375.75471479756,-3756.201763566667,-5267.32671502412,6928.259617474489,4686.658806109789,3132.0676371101013,4987.535625831073,-17476.964241884503
CASE_EY,10719,E2-P3-V-026,A-V-0719,SOL2_3_beam_0351,beam,P3,740,729,10761.29449024899,-25307.688481711924,2651.9692626073297,-6659.331105164424,-4392.7302768424415,-25774.834159800943,-10761.29449024899,25307.688481711924,-2651.9692626073297,6659.331105164424,-3960.972900370647,-53944.38455759163
CASE_EY,10720,E2-P3-V-025,A-V-0720,SOL2_3_beam_0352,beam,P3,740,729,10761.29449024899,-25307.688481711924,2651.9692626073297,-6659.331105164424,-4392.7302768424415,-25774.834159800943,-10761.29449024899,25307.688481711924,-2651.9692626073297,6659.331105164424,-3960.972900370647,-53944.38455759163
CASE_EY,10721,E2-P3-V-016,A-V-0721,SOL2_3_beam_0353,beam,P3,734,37,-33636.07079821608,15966.976611728194,-14780.29424986922,712.942355380618,927.2262312788007,29883.012189734334,33636.07079821608,-15966.976611728194,14780.29424986922,-712.942355380618,69935.34506038397,46668.9832802417
CASE_EY,10722,E2-P3-V-020,A-V-0722,SOL2_3_beam_0354,beam,P3,740,37,51938.95147834516,18096.50631759756,-5303.93852521706,7876.978127240044,-13875.312457605229,51549.66831960277,-51938.95147834516,-18096.50631759756,5303.93852521706,-7876.978127240044,37716.63412457159,29794.53016891115
CASE_EY,10723,E2-P3-V-037,A-V-0723,SOL2_3_beam_0355,beam,P3,727,730,-4213.078633268419,3441.5792777962015,6370.425918157437,1571.2144264977437,3718.2532683698846,253.24531769090208,4213.078633268419,-3441.5792777962015,-6370.425918157437,-1571.2144264977437,-28021.4281461405,12876.379627101604
CASE_EY,10724,E2-P3-V-033,A-V-0724,SOL2_3_beam_0356,beam,P3,729,731,243.77739994898118,35925.521248774974,10842.935884735953,-1270.9421372668082,-20585.429238913006,80984.06211775757,-243.77739994898118,-35925.521248774974,-10842.935884735953,1270.9421372668082,-30539.013457617017,88404.77057021647
CASE_EY,10725,E2-P3-V-014,A-V-0725,SOL2_3_beam_0357,beam,P3,741,706,0.0,-4.579669976578772e-10,-2.5614276324970037e-10,-0.0,2.1467203015212983e-10,2.1094237467877974e-10,0.0,4.579669976578772e-10,2.5614276324970037e-10,0.0,1.9515639104739075e-10,-9.436895709313833e-10
CASE_EY,10726,E2-P3-V-012,A-V-0726,SOL2_3_beam_0358,beam,P3,317,738,14059.740353034063,-27801.12788879664,17947.993928282405,-22147.80276079373,-55871.725646477935,-20477.346929996726,-14059.740353034063,27801.12788879664,-17947.993928282405,22147.80276079373,1978.0269408872045,-63003.047374871836
CASE_EY,10727,E2-P3-V-013,A-V-0727,SOL2_3_beam_0359,beam,P3,732,742,0.0,-1.6653345369377346e-10,-1.8295911660692884e-11,-0.0,1.9515639104739077e-11,-4.884981308350689e-10,0.0,1.6653345369377346e-10,1.8295911660692884e-11,0.0,9.757819552369538e-12,2.2204460492503136e-10
CASE_EY,10728,E2-P3-V-007,A-V-0728,SOL2_3_beam_0360,beam,P3,732,316,21156.763481539867,-33047.73080007893,2152.6755742811497,-14726.117274160062,-19761.55929548984,-82082.60131081002,-21156.763481539867,33047.73080007893,-2152.6755742811497,14726.117274160062,13142.570562465899,-19531.66905632419
CASE_EY,10729,E2-P4-V-057,A-V-0729,SOL2_4_beam_0361,beam,P4,743,744,0.0,5.85782358454621e-09,-1.373752479192097e-10,-1.0202472833422354e-11,1.6150873741853026e-11,-4.0835789411499973e-10,0.0,-5.85782358454621e-09,1.373752479192097e-10,1.0202472833422354e-11,5.81431454706709e-10,2.5889890486891012e-08
CASE_EY,10730,E2-P4-V-056,A-V-0730,SOL2_4_beam_0362,beam,P4,745,746,14720.28483251453,3959.466314419631,9629.61836388499,7245.702193702495,-24294.951885189676,2224.874326916434,-14720.28483251453,-3959.466314419631,-9629.61836388499,-7245.702193702495,-6038.345961048048,10247.444563505405
CASE_EY,10731,E2-P4-V-093,A-V-0731,SOL2_4_beam_0363,beam,P4,46,747,7.53390801364043e-08,1.574912062438731e-08,-3.7624551353153226e-10,-1.9185338680573776e-10,8.263755352461845e-10,3.51019842171535e-08,-7.53390801364043e-08,-1.574912062438731e-08,3.7624551353153226e-10,1.9185338680573776e-10,5.297279072090868e-12,-2.8930206772379183e-10
CASE_EY,10732,E2-P4-V-101,A-V-0732,SOL2_4_beam_0364,beam,P4,748,749,0.0,5.792359402103483e-10,-6.951767547513741e-09,-0.0,2.70346515736646e-10,1.3841741605716245e-10,0.0,-5.792359402103483e-10,6.951767547513741e-09,0.0,1.5788236519020088e-08,1.1996176058287413e-09
CASE_EY,10733,E2-P4-V-092,A-V-0733,SOL2_4_beam_0365,beam,P4,46,750,1.5067816027280867e-08,7.460109769446619e-09,5.751523773730433e-11,1.1154266674752197e-12,-4.237823257672742e-11,-1.8804634402046525e-08,-1.5067816027280867e-08,-7.460109769446619e-09,-5.751523773730433e-11,-1.1154266674752197e-12,-8.475646515345485e-11,3.5294852262302696e-08
CASE_EY,10734,E2-P4-V-100,A-V-0734,SOL2_4_beam_0366,beam,P4,751,752,0.0,-2.1869582510313962e-10,0.0,-0.0,-1.8260247115545345e-11,1.007641014162716e-09,0.0,2.1869582510313962e-10,0.0,0.0,1.8260247115545345e-11,-1.3816108750890845e-09
CASE_EY,10735,E2-P4-V-132,A-V-0735,SOL2_4_beam_0367,beam,P4,753,754,366769.2625488707,1849.5446346936637,24758.877356957266,31932.824898202063,-37192.0245408965,-2609.6619625879375,-366769.2625488707,-1849.5446346936637,-24758.877356957266,-31932.824898202063,17384.92265533067,4089.29767034287
CASE_EY,10736,E2-P4-V-126,A-V-0736,SOL2_4_beam_0368,beam,P4,47,753,363626.7096110287,-47945.06046946994,24758.87735689842,26589.705364418758,-95910.107724263,-108589.93797710637,-363626.7096110287,47945.06046946994,-24758.87735689842,-26589.705364418758,41181.78680025274,2609.661962566781
CASE_EY,10737,E2-P4-V-136,A-V-0737,SOL2_4_beam_0369,beam,P4,754,755,366769.262548855,1849.5446347566049,24758.87735688219,31932.824898201998,-17384.92265532858,-4089.29767034414,-366769.262548855,-1849.5446347566049,-24758.87735688219,-31932.824898201998,-39808.084039069254,8361.745776631895
CASE_EY,10738,E2-P4-V-131,A-V-0738,SOL2_4_beam_0370,beam,P4,756,757,-348963.6328934014,-24961.085538872736,22361.973716470988,31639.680954712174,-3494.3508865627846,16447.222257550005,348963.6328934014,24961.085538872736,-22361.973716470988,-31639.680954712174,-14395.22808661402,-36416.09068864821
CASE_EY,10739,E2-P4-V-125,A-V-0739,SOL2_4_beam_0371,beam,P4,47,756,-342347.1212807084,-72091.06341456599,22361.973716476496,31821.180681555456,-48597.99825226452,-142906.64494055405,342347.1212807084,72091.06341456599,-22361.973716476496,-31821.180681555456,-832.0811656384067,-16447.222257558256
CASE_EY,10740,E2-P4-V-133,A-V-0740,SOL2_4_beam_0372,beam,P4,757,758,-348963.6328933832,-24961.08553886614,22361.973716478282,31639.68095471218,14395.228086615687,36416.090688646094,348963.6328933832,24961.08553886614,-22361.973716478282,-31639.68095471218,-52634.203141793565,-79099.54696010721
CASE_EY,10741,E2-P4-V-124,A-V-0741,SOL2_4_beam_0373,beam,P4,47,43,-34793.08104830256,11528.861214482904,17812.39855917188,-23338.308589991364,-29218.80108674792,48845.91009698124,34793.08104830256,-11528.861214482904,-17812.39855917188,23338.308589991364,-99921.08846724824,34738.33370801981
CASE_EY,10742,E2-P4-V-122,A-V-0742,SOL2_4_beam_0374,beam,P4,47,43,-34793.08104830256,11528.861214482904,17812.39855917188,-23338.308589991364,-29218.80108674792,48845.91009698124,34793.08104830256,-11528.861214482904,-17812.39855917188,23338.308589991364,-99921.08846724824,34738.33370801981
CASE_EY,10743,E2-P4-V-130,A-V-0743,SOL2_4_beam_0375,beam,P4,43,759,88732.95327164602,-57281.31260850758,-9513.438243417086,15716.745925324092,26297.699302653895,-152433.94776602348,-88732.95327164602,57281.31260850758,9513.438243417086,-15716.745925324092,18506.45396405649,-117336.10211113817
CASE_EY,10744,E2-P4-V-129,A-V-0744,SOL2_4_beam_0376,beam,P4,43,760,-3196.248302981221,-82358.78539245037,7839.563178019698,-12513.338971235595,-2128.2104540298315,-210946.9988160967,3196.248302981221,82358.78539245037,-7839.563178019698,12513.338971235595,-34792.71983267288,-176927.03254546673
CASE_EY,10745,E2-P4-V-105,A-V-0745,SOL2_4_beam_0378,beam,P4,762,763,-50930.281425835004,-21189.997601078412,-2299.348263069876,735.4814829534673,29231.731198157842,-92180.2874728462,50930.281425835004,21189.997601078412,2299.348263069876,-735.4814829534673,-10147.140614677872,-83696.69261610461
CASE_EY,10746,E2-P4-V-102,A-V-0746,SOL2_4_beam_0379,beam,P4,764,761,63738.78785347454,967.3474710482377,5085.258672295071,884.3851278951117,-10519.538359051066,19314.67316785206,-63738.78785347454,-967.3474710482377,-5085.258672295071,-884.3851278951117,-34739.26382437506,-10705.280675522743
CASE_EY,10747,E2-P4-V-140,A-V-0747,SOL2_4_beam_0381,beam,P4,760,766,41839.240803525536,29868.75225894192,-7180.916200429252,-9397.95001411096,83514.57276368505,124588.20573713572,-41839.240803525536,-29868.75225894192,7180.916200429252,9397.95001411096,-23757.440508841028,123969.35004078431
CASE_EY,10748,E2-P4-V-137,A-V-0748,SOL2_4_beam_0382,beam,P4,760,765,25136.830136359036,27410.27521761763,26459.667661219308,3109.9928960759207,-139713.89747412072,111312.60877040256,-25136.830136359036,-27410.27521761763,-26459.667661219308,-3109.9928960759207,-95777.14471073111,132638.84066639436
CASE_EY,10749,E2-P4-V-138,A-V-0749,SOL2_4_beam_0383,beam,P4,759,758,-10095.792312243238,32574.85198110809,-150.65517980749712,-28013.32680288693,4123.7556533189045,110063.67594858792,10095.792312243238,-32574.85198110809,150.65517980749712,28013.32680288693,-3121.8987075990485,106559.08972578093
CASE_EY,10750,E2-P4-V-141,A-V-0750,SOL2_4_beam_0384,beam,P4,759,758,-10095.792312243238,32574.85198110809,-150.65517980749712,-28013.32680288693,4123.7556533189045,110063.67594858792,10095.792312243238,-32574.85198110809,150.65517980749712,28013.32680288693,-3121.8987075990485,106559.08972578093
CASE_EY,10751,E2-P4-V-149,A-V-0751,SOL2_4_beam_0385,beam,P4,759,184,158021.24082870217,-27743.871594536653,-9212.127883801613,24230.117683790035,39118.61454443843,-102791.24978603906,-158021.24082870217,27743.871594536653,9212.127883801613,-24230.117683790035,9616.868836030275,-43983.85039281524
CASE_EY,10752,E2-P4-V-148,A-V-0752,SOL2_4_beam_0386,beam,P4,760,184,-69934.27326310707,-10998.459984350766,-11439.188282771152,48730.99534239138,18907.111967001412,-58973.781962079214,69934.27326310707,10998.459984350766,11439.188282771152,-48730.99534239138,41843.401513989345,563.8602934434894
CASE_EY,10753,E2-P4-V-151,A-V-0753,SOL2_4_beam_0387,beam,P4,767,768,366769.2625488707,1849.5446347366358,24758.877356913068,31932.82489820193,103933.57639345534,-13152.066380621085,-366769.2625488707,-1849.5446347366358,-24758.877356913068,-31932.82489820193,-123740.67827898581,14631.702088410395
CASE_EY,10754,E2-P4-V-145,A-V-0754,SOL2_4_beam_0388,beam,P4,755,767,366769.2625488561,1849.5446347441195,24758.87735690681,31932.824898201972,39808.08403907393,-8361.745776635911,-366769.2625488561,-1849.5446347441195,-24758.87735690681,-31932.824898201972,-103933.57639346257,13152.06638062318
CASE_EY,10755,E2-P4-V-155,A-V-0755,SOL2_4_beam_0389,beam,P4,768,187,365044.10004678677,35579.738433712715,24758.87735691448,20414.891762771826,126153.45005680667,-14631.702088404876,-365044.10004678677,-35579.738433712715,-24758.87735691448,-20414.891762771826,-158452.1718608256,61046.57207479835
CASE_EY,10756,E2-P4-V-150,A-V-0756,SOL2_4_beam_0390,beam,P4,769,770,-414113.3368555959,-45152.67016335403,22060.66335684267,25395.883539515686,66981.06564441837,10018.385329664256,414113.3368555959,45152.67016335403,-22060.66335684267,-25395.883539515686,-84629.59632989252,-46140.52146034751
CASE_EY,10757,E2-P4-V-144,A-V-0757,SOL2_4_beam_0391,beam,P4,758,769,-414113.33685560833,-45152.670163358445,22060.663356863446,25395.883539514714,-3392.4504639777006,-134018.6324914479,414113.33685560833,45152.670163358445,-22060.663356863446,-25395.883539514714,-66981.06564441664,-10018.385329665412
CASE_EY,10758,E2-P4-V-154,A-V-0758,SOL2_4_beam_0392,beam,P4,770,187,-404092.68127797166,101181.64024235262,22060.66335684135,53154.942785628155,70580.95729848706,46140.52146034979,404092.68127797166,-101181.64024235262,-22060.66335684135,-53154.942785628155,-101131.59906641208,93980.56168815687
CASE_EY,10759,E2-P4-V-123,A-V-0759,SOL2_4_beam_0393,beam,P4,43,42,-31917.965870777145,-6361.853951434366,37157.927192338524,6375.353865991994,-162299.92483332305,-17472.58471763211,31917.965870777145,6361.853951434366,-37157.927192338524,-6375.353865991994,-168405.6271784898,-39147.91545013375
CASE_EY,10760,E2-P4-V-121,A-V-0760,SOL2_4_beam_0394,beam,P4,43,42,-31917.965870777145,-6361.853951434366,37157.927192338524,6375.353865991994,-162299.92483332305,-17472.58471763211,31917.965870777145,6361.853951434366,-37157.927192338524,-6375.353865991994,-168405.6271784898,-39147.91545013375
CASE_EY,10761,E2-P4-V-128,A-V-0761,SOL2_4_beam_0395,beam,P4,42,771,0.0,-3.7555535216675863e-10,-1.4045870052779368e-10,4.4108926644548615e-09,-1.2091079485573476e-10,-8.391746544298464e-10,0.0,3.7555535216675863e-10,1.4045870052779368e-10,-4.4108926644548615e-09,4.836431794229391e-10,-1.3069113470628753e-10
CASE_EY,10762,E2-P4-V-135,A-V-0762,SOL2_4_beam_0396,beam,P4,772,765,-2.275615812604189e-08,-3.980213483234112e-10,1.7491172533743647e-10,-2.0214867697173995e-11,-2.1333898243164275e-11,-9.709294133777877e-11,2.275615812604189e-08,3.980213483234112e-10,-1.7491172533743647e-10,2.0214867697173995e-11,-2.3467288067480695e-10,-4.854647066888938e-10
CASE_EY,10763,E2-P4-V-127,A-V-0763,SOL2_4_beam_0397,beam,P4,42,773,0.0,3.036404974965282e-10,1.100845065386583e-09,-7.95106366008227e-09,-3.764104182352593e-09,8.529316159778766e-10,0.0,-3.036404974965282e-10,-1.100845065386583e-09,7.95106366008227e-09,9.21189118307129e-10,-6.878480774015142e-11
CASE_EY,10764,E2-P4-V-134,A-V-0764,SOL2_4_beam_0398,beam,P4,774,765,0.0,2.1528879760437296e-09,1.261457798463122e-09,3.6937791781429216e-12,-2.3857320613433817e-09,1.2773801991192806e-09,0.0,-2.1528879760437296e-09,-1.261457798463122e-09,-3.6937791781429216e-12,7.016859003951126e-10,1.5967252488991006e-09
CASE_EY,10765,E2-P4-V-147,A-V-0765,SOL2_4_beam_0399,beam,P4,775,776,32807.665515985325,-39576.78000924607,-7180.916200441184,23018.0061436731,-3024.074527116658,-46200.97732259275,-32807.665515985325,39576.78000924607,7180.916200441184,-23018.0061436731,8768.80748746961,14539.553315195866
CASE_EY,10766,E2-P4-V-143,A-V-0766,SOL2_4_beam_0400,beam,P4,766,775,32807.66551600304,-39576.78000925425,-7180.916200444433,23018.006143672967,11086.42580675808,-123969.35004078422,-32807.66551600304,39576.78000925425,7180.916200444433,-23018.006143672967,3024.0745271152323,46200.97732259962
CASE_EY,10767,E2-P4-V-153,A-V-0767,SOL2_4_beam_0401,beam,P4,776,185,35207.658889928636,-37457.77873820454,-7180.916200462257,23519.216448495365,-7318.951375119053,-14539.55331518918,-35207.658889928636,37457.77873820454,7180.916200462257,-23519.216448495365,21161.880513368364,-57669.2515606856
CASE_EY,10768,E2-P4-V-146,A-V-0768,SOL2_4_beam_0402,beam,P4,777,778,27410.27521761285,-25136.8301363419,26459.66766122039,95777.14471073127,64759.05465495058,-68162.87136661567,-27410.27521761285,25136.8301363419,-26459.66766122039,-95777.14471073127,-85926.78878392691,48053.40725754213
CASE_EY,10769,E2-P4-V-142,A-V-0769,SOL2_4_beam_0403,beam,P4,765,777,27410.27521761737,-25136.830136361106,26459.66766121947,95777.14471073124,-3109.992896077223,-132638.84066639282,-27410.27521761737,25136.830136361106,-26459.66766121947,-95777.14471073124,-64759.054654950654,68162.87136662664
CASE_EY,10770,E2-P4-V-152,A-V-0770,SOL2_4_beam_0404,beam,P4,778,49,23235.49451209184,-29039.545650514236,26459.667661218733,107811.0930932667,70238.47012636832,-48053.407257540275,-23235.49451209184,29039.545650514236,-26459.667661218733,-107811.0930932667,-122049.61420277572,-8809.44162160177
CASE_EY,10771,E2-P4-V-113,A-V-0771,SOL2_4_beam_0405,beam,P4,779,780,28166.79903431009,31790.48615454333,-90.24676546825495,10258.81315703377,-6713.549069665891,15625.197578594052,-28166.79903431009,-31790.48615454333,90.24676546825495,-10258.81315703377,6785.746482040495,9807.191345040637
CASE_EY,10772,E2-P4-V-117,A-V-0772,SOL2_4_beam_0406,beam,P4,42,779,32704.82738016236,27099.775715215055,-90.24676546707134,9109.124833653814,-8029.3104153196,68689.74857736588,-32704.82738016236,-27099.775715215055,90.24676546707134,-9109.124833653814,8206.024205829424,-15625.197578592612
CASE_EY,10773,E2-P4-V-107,A-V-0773,SOL2_4_beam_0407,beam,P4,780,761,77523.59566970014,12650.690883202442,-2479.841794002882,11750.094657231573,-8317.79214419448,-23281.694515099327,-77523.59566970014,-12650.690883202442,2479.841794002882,-11750.094657231573,14678.586345811871,55730.71663051358
CASE_EY,10774,E2-P4-V-114,A-V-0774,SOL2_4_beam_0408,beam,P4,779,780,28166.79903431009,31790.48615454333,-90.24676546825495,10258.81315703377,-6713.549069665891,15625.197578594052,-28166.79903431009,-31790.48615454333,90.24676546825495,-10258.81315703377,6785.746482040495,9807.191345040637
CASE_EY,10775,E2-P4-V-118,A-V-0775,SOL2_4_beam_0409,beam,P4,42,779,32704.82738016236,27099.775715215055,-90.24676546707134,9109.124833653814,-8029.3104153196,68689.74857736588,-32704.82738016236,-27099.775715215055,90.24676546707134,-9109.124833653814,8206.024205829424,-15625.197578592612
CASE_EY,10776,E2-P4-V-108,A-V-0776,SOL2_4_beam_0410,beam,P4,780,763,-35139.61333018911,42521.960672732544,2299.3482630698436,9919.59367797419,-2464.2737109305112,3667.311825022618,35139.61333018911,-42521.960672732544,-2299.3482630698436,-9919.59367797419,-2259.879848511229,83696.69261610424
CASE_EY,10777,E2-P4-V-094,A-V-0777,SOL2_4_beam_0411,beam,P4,781,782,38278.12409932333,38194.73936839304,1302.7084391425888,-11494.584583571634,-4506.63062312496,-92600.06471837897,-38278.12409932333,-38194.73936839304,-1302.7084391425888,11494.584583571634,3464.463871810888,123155.85621309343
CASE_EY,10778,E2-P4-V-098,A-V-0778,SOL2_4_beam_0412,beam,P4,761,781,38278.12409932221,38194.73936834455,1302.7084391460926,-11494.58458357176,-6897.1006089583325,-22512.717977494773,-38278.12409932221,-38194.73936834455,-1302.7084391460926,11494.58458357176,4506.630623125254,92600.06471840698
CASE_EY,10779,E2-P4-V-090,A-V-0779,SOL2_4_beam_0413,beam,P4,782,41,55459.77716919809,-115501.07036406851,1302.7084391465678,-10877.087025784056,-5081.0395099303405,-123155.85621308275,-55459.77716919809,115501.07036406851,-1302.7084391465678,10877.087025784056,2362.706493173535,-117857.68419745391
CASE_EY,10780,E2-P4-V-095,A-V-0780,SOL2_4_beam_0414,beam,P4,781,782,38278.12409932333,38194.73936839304,1302.7084391425888,-11494.584583571634,-4506.63062312496,-92600.06471837897,-38278.12409932333,-38194.73936839304,-1302.7084391425888,11494.584583571634,3464.463871810888,123155.85621309343
CASE_EY,10781,E2-P4-V-099,A-V-0781,SOL2_4_beam_0415,beam,P4,761,781,38278.12409932221,38194.73936834455,1302.7084391460926,-11494.58458357176,-6897.1006089583325,-22512.717977494773,-38278.12409932221,-38194.73936834455,-1302.7084391460926,11494.58458357176,4506.630623125254,92600.06471840698
CASE_EY,10782,E2-P4-V-091,A-V-0782,SOL2_4_beam_0416,beam,P4,782,41,55459.77716919809,-115501.07036406851,1302.7084391465678,-10877.087025784056,-5081.0395099303405,-123155.85621308275,-55459.77716919809,115501.07036406851,-1302.7084391465678,10877.087025784056,2362.706493173535,-117857.68419745391
CASE_EY,10783,E2-P4-V-086,A-V-0783,SOL2_4_beam_0417,beam,P4,41,44,29163.634508412066,16218.55277812511,-34821.6968432223,1683.2028013220265,158347.5690405405,79561.02234032965,-29163.634508412066,-16218.55277812511,34821.6968432223,-1683.2028013220265,151565.532864138,64784.09738498382
CASE_EY,10784,E2-P4-V-088,A-V-0784,SOL2_4_beam_0418,beam,P4,41,44,29163.634508412066,16218.55277812511,-34821.6968432223,1683.2028013220265,158347.5690405405,79561.02234032965,-29163.634508412066,-16218.55277812511,34821.6968432223,-1683.2028013220265,151565.532864138,64784.09738498382
CASE_EY,10785,E2-P4-V-097,A-V-0785,SOL2_4_beam_0419,beam,P4,44,764,2426.40206235647,-6594.804886545489,2263.9948586367586,-16302.846051603969,-15756.66949095938,-15932.759207283125,-2426.40206235647,6594.804886545489,-2263.9948586367586,16302.846051603969,5094.239142857266,-15125.90132538928
CASE_EY,10786,E2-P4-V-096,A-V-0786,SOL2_4_beam_0420,beam,P4,44,764,2426.40206235647,-6594.804886545489,2263.9948586367586,-16302.846051603969,-15756.66949095938,-15932.759207283125,-2426.40206235647,6594.804886545489,-2263.9948586367586,16302.846051603969,5094.239142857266,-15125.90132538928
CASE_EY,10787,E2-P4-V-112,A-V-0787,SOL2_4_beam_0421,beam,P4,762,43,-2653.3141376360386,48286.840791401795,7873.074913940889,19432.97435454432,4941.455110682538,85183.05006647321,2653.3141376360386,-48286.840791401795,-7873.074913940889,-19432.97435454432,-42020.21108711265,142226.9525243596
CASE_EY,10788,E2-P4-V-111,A-V-0788,SOL2_4_beam_0422,beam,P4,762,43,-2653.3141376360386,48286.840791401795,7873.074913940889,19432.97435454432,4941.455110682538,85183.05006647321,2653.3141376360386,-48286.840791401795,-7873.074913940889,-19432.97435454432,-42020.21108711265,142226.9525243596
CASE_EY,10789,E2-P4-V-089,A-V-0789,SOL2_4_beam_0423,beam,P4,46,44,13590.464024026971,75.8180757813085,13621.404360151999,-4125.2775706957145,-8653.436525322402,13521.186364961373,-13590.464024026971,-75.8180757813085,-13621.404360151999,4125.2775706957145,-90101.74508577958,-12971.505315546887
CASE_EY,10790,E2-P4-V-087,A-V-0790,SOL2_4_beam_0424,beam,P4,46,44,13590.464024026971,75.8180757813085,13621.404360151999,-4125.2775706957145,-8653.436525322402,13521.186364961373,-13590.464024026971,-75.8180757813085,-13621.404360151999,4125.2775706957145,-90101.74508577958,-12971.505315546887
CASE_EY,10791,E2-P4-V-103,A-V-0791,SOL2_4_beam_0425,beam,P4,764,752,197325.11688634113,-3035.420833890832,-557.268955023171,-7206.413587076974,22668.94192344196,10937.129482925127,-197325.11688634113,3035.420833890832,557.268955023171,7206.413587076974,-18628.74199952397,-32943.93052863366
CASE_EY,10792,E2-P4-V-106,A-V-0792,SOL2_4_beam_0426,beam,P4,762,752,-149160.91105237848,-20404.832295189062,-13446.801564812155,-6005.555864200758,68116.59517251707,-78185.8126601006,149160.91105237848,20404.832295189062,13446.801564812155,6005.555864200758,29705.99811010331,-70254.95974154385
CASE_EY,10793,E2-P4-V-077,A-V-0793,SOL2_4_beam_0427,beam,P4,783,44,20105.04813624688,-51182.38651312087,4798.504987641923,21084.041876130526,8495.407608049092,-53931.970477734154,-20105.04813624688,51182.38651312087,-4798.504987641923,-21084.041876130526,-25112.721140062018,-123313.60209030814
CASE_EY,10794,E2-P4-V-076,A-V-0794,SOL2_4_beam_0428,beam,P4,784,44,-6303.607316675271,-8898.940695483478,-4277.597726609307,16593.540987174743,916.7361451441684,-25910.746005785113,6303.607316675271,8898.940695483478,4277.597726609307,-16593.540987174743,13896.665689376732,-4906.453938880868
CASE_EY,10795,E2-P4-V-081,A-V-0795,SOL2_4_beam_0429,beam,P4,785,786,5508.997642412248,9411.564996294066,4277.59772660561,19052.318598091788,4985.298254816751,-35954.76839490154,-5508.997642412248,-9411.564996294066,-4277.59772660561,-19052.318598091788,-8407.376436101238,43484.02039193679
CASE_EY,10796,E2-P4-V-075,A-V-0796,SOL2_4_beam_0430,beam,P4,787,785,5508.997642414857,9411.564996296152,4277.597726605619,19052.318598091795,-2350.7818463118883,-19813.934426258267,-5508.997642414857,-9411.564996296152,-4277.597726605619,-19052.318598091795,-4985.298254816751,35954.768394906176
CASE_EY,10797,E2-P4-V-085,A-V-0797,SOL2_4_beam_0431,beam,P4,786,41,2370.226860168627,10644.652898731414,4277.597726605537,15572.800368477523,13826.160391980851,-43484.0203919338,-2370.226860168627,-10644.652898731414,-4277.597726605537,-15572.800368477523,-18026.545731684455,53936.53295616353
CASE_EY,10798,E2-P4-V-080,A-V-0798,SOL2_4_beam_0432,beam,P4,788,789,48460.817961644774,-53980.5139455244,1922.8418923673519,18464.419430287708,-1112.6670962497458,5498.124061390634,-48460.817961644774,53980.5139455244,-1922.8418923673519,-18464.419430287708,-425.60641764413543,-48682.535217810146
CASE_EY,10799,E2-P4-V-072,A-V-0799,SOL2_4_beam_0433,beam,P4,790,788,48460.81796164219,-53980.51394551874,1922.841892364229,18464.419430287704,-5564.0460770727295,-119466.76572250224,-48460.81796164219,53980.51394551874,-1922.841892364229,-18464.419430287704,1112.6670962495396,-5498.124061373659
CASE_EY,10800,E2-P4-V-084,A-V-0800,SOL2_4_beam_0434,beam,P4,789,41,29651.9402484818,-66205.05420928882,1922.841892362342,17711.615998814144,-5235.893852141686,48682.53521782186,-29651.9402484818,66205.05420928882,-1922.841892362342,-17711.615998814144,3347.7600416592504,-113692.56114554116
CASE_EY,10801,E2-P4-V-060,A-V-0801,SOL2_4_beam_0435,beam,P4,791,792,13446.135019069128,7249.058209923766,768.7426560875546,1617.1229517407755,-2058.1876757115665,22127.860955035485,-13446.135019069128,-7249.058209923766,-768.7426560875546,-1617.1229517407755,1443.1935508415227,-16328.61438709647
CASE_EY,10802,E2-P4-V-062,A-V-0802,SOL2_4_beam_0436,beam,P4,790,791,13446.135019066372,7249.058209936434,768.7426560876349,1617.1229517389772,-2738.52492635026,28543.277470852103,-13446.135019066372,-7249.058209936434,-768.7426560876349,-1617.1229517389772,2058.1876757127034,-22127.86095505836
CASE_EY,10803,E2-P4-V-048,A-V-0803,SOL2_4_beam_0437,beam,P4,792,793,11658.737762914398,48552.346869216024,3103.0835005080157,-1020.9258402028476,-5556.966810151966,43163.981214417596,-11658.737762914398,-48552.346869216024,-3103.0835005080157,1020.9258402028476,-850.9006183970869,57096.61507051349
CASE_EY,10804,E2-P4-V-061,A-V-0804,SOL2_4_beam_0438,beam,P4,791,792,13446.135019069128,7249.058209923766,768.7426560875546,1617.1229517407755,-2058.1876757115665,22127.860955035485,-13446.135019069128,-7249.058209923766,-768.7426560875546,-1617.1229517407755,1443.1935508415227,-16328.61438709647
CASE_EY,10805,E2-P4-V-063,A-V-0805,SOL2_4_beam_0439,beam,P4,790,791,13446.135019066372,7249.058209936434,768.7426560876349,1617.1229517389772,-2738.52492635026,28543.277470852103,-13446.135019066372,-7249.058209936434,-768.7426560876349,-1617.1229517389772,2058.1876757127034,-22127.86095505836
CASE_EY,10806,E2-P4-V-049,A-V-0806,SOL2_4_beam_0440,beam,P4,792,794,27003.662233005998,-25740.11155926928,-1565.598188333727,2925.564312499752,4084.0612141549973,-10506.752440226799,-27003.662233005998,25740.11155926928,1565.598188333727,-2925.564312499752,-1605.5531344045708,-30242.575802945077
CASE_EY,10807,E2-P4-V-059,A-V-0807,SOL2_4_beam_0441,beam,P4,45,795,-34906.03548053525,-31030.92285146723,3165.6298845170572,-3964.3625073481858,-12695.001896502055,-61909.459809647175,34906.03548053525,31030.92285146723,-3165.6298845170572,3964.3625073481858,1732.365731111604,-45551.21294958569
CASE_EY,10808,E2-P4-V-058,A-V-0808,SOL2_4_beam_0442,beam,P4,45,796,19889.556446445597,-18627.78757232295,1502.5367136342275,-5710.050114285698,-7630.182515734664,-28105.999584088626,-19889.556446445597,18627.78757232295,-1502.5367136342275,5710.050114285698,2426.8694571626256,-36402.38110827783
CASE_EY,10809,E2-P4-V-079,A-V-0809,SOL2_4_beam_0443,beam,P4,797,798,0.0,-6.6613381477509335e-09,-7.318364664277148e-11,-1.8491982010577998e-11,-8.294146619514099e-10,-3.9879211044535596e-08,0.0,6.6613381477509335e-09,7.318364664277148e-11,1.8491982010577998e-11,8.879615792656271e-10,3.4550140526334845e-08
CASE_EY,10810,E2-P4-V-074,A-V-0810,SOL2_4_beam_0444,beam,P4,744,797,0.0,6.381582168869175e-09,-1.6786938680075783e-10,-1.2808299228105984e-11,-5.677276830469548e-10,-2.6622283021660895e-08,0.0,-6.381582168869175e-09,1.6786938680075783e-10,1.2808299228105984e-11,8.262465387201219e-10,3.6449919561719424e-08
CASE_EY,10811,E2-P4-V-083,A-V-0811,SOL2_4_beam_0445,beam,P4,798,46,2.896672070460124e-08,1.1447364247553247e-08,1.4170647863663497e-10,2.358754444120623e-10,-8.825797714683188e-10,-4.016718604371372e-08,-2.896672070460124e-08,-1.1447364247553247e-08,-1.4170647863663497e-10,-2.358754444120623e-10,7.19641967504937e-10,5.332966393188453e-08
CASE_EY,10812,E2-P4-V-078,A-V-0812,SOL2_4_beam_0446,beam,P4,799,800,-13621.489792947628,-22775.5512248657,10336.32298865381,-3270.3975633580353,16262.255475270362,-10513.718633023918,13621.489792947628,22775.5512248657,-10336.32298865381,3270.3975633580353,-24531.313866193417,-7706.722346868661
CASE_EY,10813,E2-P4-V-073,A-V-0813,SOL2_4_beam_0447,beam,P4,746,799,-13621.489792967874,-22775.551224859064,10336.322988653692,-3270.3975633580167,-5857.4757204485195,-59253.398254216816,13621.489792967874,22775.551224859064,-10336.322988653692,3270.3975633580167,-16262.255475270378,10513.718633018427
CASE_EY,10814,E2-P4-V-082,A-V-0814,SOL2_4_beam_0448,beam,P4,800,46,-19092.03447180407,-18432.71378563035,10336.322988653128,3243.319097985202,24534.908629394737,7706.722346872248,19092.03447180407,18432.71378563035,-10336.322988653128,-3243.319097985202,-36419.88230900993,-28901.137268560276
CASE_EY,10815,E2-P4-V-116,A-V-0815,SOL2_4_beam_0449,beam,P4,801,802,0.0,-3.830269434956801e-09,-4.0982842119952126e-09,-0.0,-3.387914948582708e-08,-4.485301019485639e-09,0.0,3.830269434956801e-09,4.0982842119952126e-09,0.0,3.715777685542325e-08,1.4210854715202024e-09
CASE_EY,10816,E2-P4-V-110,A-V-0816,SOL2_4_beam_0450,beam,P4,749,801,3.3440452548950497e-09,8.595136398123821e-10,-7.131277230318356e-09,-0.0,-1.5549810435261974e-08,-7.847359531487051e-10,-3.3440452548950497e-09,-8.595136398123821e-10,7.131277230318356e-09,0.0,3.330669073875468e-08,2.924924916281537e-09
CASE_EY,10817,E2-P4-V-120,A-V-0817,SOL2_4_beam_0451,beam,P4,802,47,-2.31045898485392e-08,5.128791221019916e-10,-6.491126389103331e-09,8.741679076135657e-09,-3.725615113076946e-08,-5.249362813588107e-09,2.31045898485392e-08,-5.128791221019916e-10,6.491126389103331e-09,-8.741679076135657e-09,4.6613510019427825e-08,5.9887096887413605e-09
CASE_EY,10818,E2-P4-V-115,A-V-0818,SOL2_4_beam_0452,beam,P4,803,804,35673.02779887779,50355.32006209296,-14004.070519834788,11471.365864667654,-54014.03484805129,-52399.04872167912,-35673.02779887779,-50355.32006209296,14004.070519834788,-11471.365864667654,65217.291263919105,92683.30477135343
CASE_EY,10819,E2-P4-V-109,A-V-0819,SOL2_4_beam_0453,beam,P4,752,803,35673.02779888438,50355.32006209131,-14004.070519835675,11471.365864667663,-10741.456941758217,103198.89027018039,-35673.02779888438,-50355.32006209131,14004.070519835675,-11471.365864667663,54014.03484805045,52399.04872168175
CASE_EY,10820,E2-P4-V-119,A-V-0820,SOL2_4_beam_0454,beam,P4,804,47,45371.32703931967,41829.007322494406,-14004.07051983462,-2352.0058975270726,-66176.69818646106,-92683.30477134892,-45371.32703931967,-41829.007322494406,14004.07051983462,2352.0058975270726,86364.42923667633,152982.39771921665
CASE_EY,10821,E2-P4-V-015,A-V-0821,SOL2_4_beam_0455,beam,P4,344,805,3316.177983676516,12180.647672328696,1871.8198867378226,12085.589633064897,-12936.306809436217,7710.728478942522,-3316.177983676516,-12180.647672328696,-1871.8198867378226,-12085.589633064897,9320.997298622566,15815.472780937638
CASE_EY,10822,E2-P4-V-008,A-V-0822,SOL2_4_beam_0457,beam,P4,344,806,3489.4926019484137,-1268.595994664785,792.3386348014999,9852.792594857716,2470.1751151779076,-7838.1036308866705,-3489.4926019484137,1268.595994664785,-792.3386348014999,-9852.792594857716,-3391.1180510662016,6363.6021128893735
CASE_EY,10823,E2-P4-V-007,A-V-0823,SOL2_4_beam_0458,beam,P4,806,807,3367.4093917905234,-1564.1126573223044,792.3386348014993,10108.015900272665,2530.8532382153926,-6363.60211288949,-3367.4093917905234,1564.1126573223044,-792.3386348014993,-10108.015900272665,-3724.115222226451,4008.048450962099
CASE_EY,10824,E2-P4-V-012,A-V-0824,SOL2_4_beam_0459,beam,P4,808,809,15140.265564014722,249.9282390821013,-520.2849704863987,1026.894778865249,1761.1794497852713,-583.3964150856132,-15140.265564014722,-249.9282390821013,520.2849704863987,-1026.894778865249,-954.7377455313529,970.7851856628704
CASE_EY,10825,E2-P4-V-013,A-V-0825,SOL2_4_beam_0460,beam,P4,807,808,5692.275365870093,-520.7157278691744,-786.6468466377229,1445.248931245365,4668.770033930299,-2909.366868775212,-5692.275365870093,520.7157278691744,786.6468466377229,-1445.248931245365,-1987.4435519332824,1134.4803657711896
CASE_EY,10826,E2-P4-V-011,A-V-0826,SOL2_4_beam_0461,beam,P4,809,810,15140.265564036312,249.92823908706046,-520.284970486508,1026.8947788652467,954.7377455313678,-970.7851856574971,-15140.265564036312,-249.92823908706046,520.284970486508,-1026.8947788652467,286.1419090789538,1566.8640358801363
CASE_EY,10827,E2-P4-V-005,A-V-0827,SOL2_4_beam_0462,beam,P4,808,811,-3343.4412952891657,-1613.7676183761694,-1053.0087227889521,102.36386807477376,2874.7188042452885,-1685.564316479839,3343.4412952891657,1613.7676183761694,1053.0087227889521,-102.36386807477376,-1932.8791702227563,242.16667864901638
CASE_EY,10828,E2-P4-V-006,A-V-0828,SOL2_4_beam_0463,beam,P4,807,808,5692.275365870093,-520.7157278691744,-786.6468466377229,1445.248931245365,4668.770033930299,-2909.366868775212,-5692.275365870093,520.7157278691744,786.6468466377229,-1445.248931245365,-1987.4435519332824,1134.4803657711896
CASE_EY,10829,E2-P4-V-004,A-V-0829,SOL2_4_beam_0464,beam,P4,811,810,-3675.75077290401,521.2503015025329,-1053.0087227890338,1161.2943981560759,1548.5139873373073,-242.16667865573368,3675.75077290401,-521.2503015025329,1053.0087227890338,-1161.2943981560759,1779.4309131099628,1889.5341175002982
CASE_EY,10830,E2-P4-V-009,A-V-0830,SOL2_4_beam_0465,beam,P4,812,345,-12891.868030545389,3218.3984311428053,5239.753611123545,3531.390960344206,-948.2235855552904,4593.452742128875,12891.868030545389,-3218.3984311428053,-5239.753611123545,-3531.390960344206,-7926.763674337944,857.8045484840777
CASE_EY,10831,E2-P4-V-010,A-V-0831,SOL2_4_beam_0466,beam,P4,810,812,-1338.312103042341,3431.5463116885417,550.9698600035382,4408.209425062012,1432.227081099309,8315.326350426105,1338.312103042341,-3431.5463116885417,-550.9698600035382,-4408.209425062012,-1955.097478242667,-5058.788900633678
CASE_EY,10832,E2-P4-V-002,A-V-0832,SOL2_4_beam_0467,beam,P4,812,813,7813.075942366435,5485.4121024146825,-4137.813891116501,2481.461298879263,7355.148944098042,5524.125059139308,-7813.075942366435,-5485.4121024146825,4137.813891116501,-2481.461298879263,-3654.175688586277,-617.823320899598
CASE_EY,10833,E2-P4-V-003,A-V-0833,SOL2_4_beam_0468,beam,P4,810,812,-1338.312103042341,3431.5463116885417,550.9698600035382,4408.209425062012,1432.227081099309,8315.326350426105,1338.312103042341,-3431.5463116885417,-550.9698600035382,-4408.209425062012,-1955.097478242667,-5058.788900633678
CASE_EY,10834,E2-P4-V-001,A-V-0834,SOL2_4_beam_0469,beam,P4,813,345,9541.006443341757,321.08824730800325,-4137.813891116467,4075.6425160351837,1702.8764554062404,617.823320899807,-9541.006443341757,-321.08824730800325,4137.813891116467,-4075.6425160351837,1908.3921729329008,-337.59420839157735
CASE_EY,10835,E2-P4-V-022,A-V-0835,SOL2_4_beam_0470,beam,P4,805,814,12614.610921956393,486.6265759317364,1871.819886737833,-5270.683926069883,-14323.489741373885,-15815.47278093746,-12614.610921956393,-486.6265759317364,-1871.819886737833,5270.683926069883,8550.985366842262,17316.180225191005
CASE_EY,10836,E2-P4-V-021,A-V-0836,SOL2_4_beam_0471,beam,P4,807,814,-1160.5663636462457,8192.029177314549,2365.63232807698,-6587.883525437481,-7791.855209223877,1810.6852865858164,1160.5663636462457,-8192.029177314549,-2365.63232807698,6587.883525437481,-400.37428691315654,26558.46670000624
CASE_EY,10837,E2-P4-V-020,A-V-0837,SOL2_4_beam_0472,beam,P4,810,815,-3280.6648095506207,-7052.363072544956,-1337.6167066412968,-2384.36862197382,3206.176855889451,-10043.52542711317,3280.6648095506207,7052.363072544956,1337.6167066412968,2384.36862197382,873.5540993665034,-11466.181944148942
CASE_EY,10838,E2-P4-V-019,A-V-0838,SOL2_4_beam_0473,beam,P4,810,815,-3280.6648095506207,-7052.363072544956,-1337.6167066412968,-2384.36862197382,3206.176855889451,-10043.52542711317,3280.6648095506207,7052.363072544956,1337.6167066412968,2384.36862197382,873.5540993665034,-11466.181944148942
CASE_EY,10839,E2-P4-V-055,A-V-0839,SOL2_4_beam_0474,beam,P4,814,816,84608.00178937244,-15334.853928862627,3081.615277750059,5899.788630327498,-11385.619278575017,-31001.241514766247,-84608.00178937244,15334.853928862627,-3081.615277750059,-5899.788630327498,-170.43801298770177,-26504.460718468603
CASE_EY,10840,E2-P4-V-054,A-V-0840,SOL2_4_beam_0475,beam,P4,817,816,-67836.24388389937,-23869.69473040909,-742.0355498554388,6567.188691547821,-4544.800412670191,-38859.54698773213,67836.24388389937,23869.69473040909,742.0355498554388,-6567.188691547821,6892.7889735363315,-36670.217306291255
CASE_EY,10841,E2-P4-V-053,A-V-0841,SOL2_4_beam_0476,beam,P4,815,818,-2487.6871793688692,-17524.877238909292,365.6548500261157,-383.53738738100543,-2504.7272560736933,-34693.45966571023,2487.6871793688692,17524.877238909292,-365.6548500261157,383.53738738100543,1133.5215684757595,-31024.82998019961
CASE_EY,10842,E2-P4-V-052,A-V-0842,SOL2_4_beam_0477,beam,P4,819,818,2920.7185130237986,-31089.926532241432,1592.135640875925,-804.5647973881224,-1978.246527304102,-50316.66783881891,-2920.7185130237986,31089.926532241432,-1592.135640875925,804.5647973881224,-3059.6741934110196,-48059.73996279249
CASE_EY,10843,E2-P4-V-028,A-V-0843,SOL2_4_beam_0478,beam,P4,793,815,-85835.80542583048,13336.686841702516,-4367.318937446739,-17.531663454352305,15988.56017909224,39465.55082051853,85835.80542583048,-13336.686841702516,4367.318937446739,17.531663454352305,4603.348610969138,23416.927638108835
CASE_EY,10844,E2-P4-V-038,A-V-0844,SOL2_4_beam_0479,beam,P4,794,819,34054.2304493505,15233.532275219693,-1565.5981883336956,-376.9783625602336,3315.812830684208,30242.575802945474,-34054.2304493505,-15233.532275219693,1565.5981883336956,376.9783625602336,2656.944257808839,27873.349827017642
CASE_EY,10845,E2-P4-V-033,A-V-0845,SOL2_4_beam_0480,beam,P4,820,821,-6861.538578317722,7011.014109979943,-14238.434396644721,-5027.1947238567245,40722.84341353798,-9427.803808104944,6861.538578317722,-7011.014109979943,14238.434396644721,5027.1947238567245,-29332.095896222192,15036.615096088903
CASE_EY,10846,E2-P4-V-032,A-V-0846,SOL2_4_beam_0481,beam,P4,45,820,-5259.411538026984,8280.919078604544,-14238.434396644998,3522.3412398709343,61489.654926162024,2558.25374516321,5259.411538026984,-8280.919078604544,14238.434396644998,-3522.3412398709343,-40880.506047075985,9427.803808105306
CASE_EY,10847,E2-P4-V-034,A-V-0847,SOL2_4_beam_0482,beam,P4,821,814,13789.585381977464,-61915.553502382405,-25135.753379888447,-4777.326726161478,45099.661577580584,-33827.34720065284,-13789.585381977464,61915.553502382405,25135.753379888447,4777.326726161478,-21999.904221463134,-23073.04646803651
CASE_EY,10848,E2-P4-V-043,A-V-0848,SOL2_4_beam_0483,beam,P4,820,821,-6861.538578317722,7011.014109979943,-14238.434396644721,-5027.1947238567245,40722.84341353798,-9427.803808104944,6861.538578317722,-7011.014109979943,14238.434396644721,5027.1947238567245,-29332.095896222192,15036.615096088903
CASE_EY,10849,E2-P4-V-042,A-V-0849,SOL2_4_beam_0484,beam,P4,45,820,-5259.411538026984,8280.919078604544,-14238.434396644998,3522.3412398709343,61489.654926162024,2558.25374516321,5259.411538026984,-8280.919078604544,14238.434396644998,-3522.3412398709343,-40880.506047075985,9427.803808105306
CASE_EY,10850,E2-P4-V-044,A-V-0850,SOL2_4_beam_0485,beam,P4,821,817,-72607.84196799116,35377.453307895354,-3341.1154134013323,-13230.0720700473,6067.047382252608,3754.117008475865,72607.84196799116,-35377.453307895354,3341.1154134013323,13230.0720700473,-3186.779158594193,26743.648554479423
CASE_EY,10851,E2-P4-V-036,A-V-0851,SOL2_4_beam_0486,beam,P4,822,823,19241.078139234352,11340.19760670067,-13289.49815318432,-1530.885153564066,4332.344260291475,-10969.33680800664,-19241.078139234352,-11340.19760670067,13289.49815318432,1530.885153564066,6299.254262255991,20041.494893367184
CASE_EY,10852,E2-P4-V-035,A-V-0852,SOL2_4_beam_0487,beam,P4,814,822,35801.153050901405,12010.423056568565,-23979.916442823578,-1241.1852893568293,40974.629744553196,10199.641057607052,-35801.153050901405,-12010.423056568565,23979.916442823578,1241.1852893568293,4131.593084397966,12391.964711798424
CASE_EY,10853,E2-P4-V-037,A-V-0853,SOL2_4_beam_0488,beam,P4,823,824,34522.68996405305,37400.68004596745,-36208.6146702549,27010.952596392643,5567.18089383474,-27990.740902185695,-34522.68996405305,-37400.68004596745,36208.6146702549,-27010.952596392643,35493.38814223433,70403.1120743128
CASE_EY,10854,E2-P4-V-046,A-V-0854,SOL2_4_beam_0489,beam,P4,822,823,19241.078139234352,11340.19760670067,-13289.49815318432,-1530.885153564066,4332.344260291475,-10969.33680800664,-19241.078139234352,-11340.19760670067,13289.49815318432,1530.885153564066,6299.254262255991,20041.494893367184
CASE_EY,10855,E2-P4-V-045,A-V-0855,SOL2_4_beam_0490,beam,P4,817,822,5415.168561887352,9576.639994322097,-2599.079863545911,1638.8287603756046,18700.01240254587,12115.8984332513,-5415.168561887352,-9576.639994322097,2599.079863545911,-1638.8287603756046,-12820.8265340066,9546.708904213436
CASE_EY,10856,E2-P4-V-047,A-V-0856,SOL2_4_beam_0491,beam,P4,823,745,10384.056066743198,-11159.549213518572,9629.618363884381,-18085.72997166612,-30120.878245293163,-12092.248884550214,-10384.056066743198,11159.549213518572,-9629.618363884381,18085.72997166612,17766.57701346831,-2224.8743269214156
CASE_EY,10857,E2-P4-V-030,A-V-0857,SOL2_4_beam_0492,beam,P4,825,826,-8844.22672414731,19249.51566875369,-5282.970514982445,2151.682424429315,-15958.905317436685,-5487.02833391348,8844.22672414731,-19249.51566875369,5282.970514982445,-2151.682424429315,20185.28172942264,20886.64086891643
CASE_EY,10858,E2-P4-V-029,A-V-0858,SOL2_4_beam_0493,beam,P4,815,825,-82415.65433196371,17410.32928143799,-7408.207200755436,740.087393886357,-218.14875440256037,34208.895915900284,82415.65433196371,-17410.32928143799,7408.207200755436,-740.087393886357,19486.895683567447,11075.37054511993
CASE_EY,10859,E2-P4-V-031,A-V-0859,SOL2_4_beam_0494,beam,P4,826,45,-13658.178541846513,16193.15777579486,-5282.970514982297,7457.683950521711,-18880.102908773726,-20886.640868840186,13658.178541846513,-16193.15777579486,5282.970514982297,-7457.683950521711,24822.108583391164,39099.847836562774
CASE_EY,10860,E2-P4-V-040,A-V-0860,SOL2_4_beam_0495,beam,P4,825,826,-8844.22672414731,19249.51566875369,-5282.970514982445,2151.682424429315,-15958.905317436685,-5487.02833391348,8844.22672414731,-19249.51566875369,5282.970514982445,-2151.682424429315,20185.28172942264,20886.64086891643
CASE_EY,10861,E2-P4-V-039,A-V-0861,SOL2_4_beam_0496,beam,P4,819,825,67656.95946087992,7541.864831599589,-3157.7338292096088,971.6854640733877,-3540.5126504426116,22443.318011809213,-67656.95946087992,-7541.864831599589,3157.7338292096088,-971.6854640733877,12894.976545408188,-101.3138772910388
CASE_EY,10862,E2-P4-V-041,A-V-0862,SOL2_4_beam_0497,beam,P4,826,45,-13658.178541846513,16193.15777579486,-5282.970514982297,7457.683950521711,-18880.102908773726,-20886.640868840186,13658.178541846513,-16193.15777579486,5282.970514982297,-7457.683950521711,24822.108583391164,39099.847836562774
CASE_EY,10863,E2-P4-V-071,A-V-0863,SOL2_4_beam_0498,beam,P4,746,827,54430.072225434335,7824.122140944693,4798.50498764252,-5185.798633179819,-9520.726261309788,18139.468694397725,-54430.072225434335,-7824.122140944693,-4798.50498764252,5185.798633179819,-10433.91601147232,14397.239889458524
CASE_EY,10864,E2-P4-V-067,A-V-0864,SOL2_4_beam_0499,beam,P4,746,816,-79466.68099138384,12746.220152789645,-5505.209612411596,-8137.957260826452,20685.42574271694,30866.484996312258,79466.68099138384,-12746.220152789645,5505.209612411596,8137.957260826452,316.9489286333064,17760.34488658026
CASE_EY,10865,E2-P4-V-069,A-V-0865,SOL2_4_beam_0500,beam,P4,784,828,-9411.564996298026,5508.997642415194,4277.597726609104,2350.7818463119097,-16451.74253275052,25910.74600578531,9411.564996298026,-5508.997642415194,-4277.597726609104,-2350.7818463119097,-2733.283271091318,-1202.8915795531611
CASE_EY,10866,E2-P4-V-065,A-V-0866,SOL2_4_beam_0501,beam,P4,796,818,20280.78269244725,18201.06532204256,1502.5367136326515,1923.0864046532165,-5898.822454524364,36402.38110827789,-20280.78269244725,-18201.06532204256,-1502.5367136326515,-1923.0864046532165,-389.29369202828366,39769.07726447023
CASE_EY,10867,E2-P4-V-070,A-V-0867,SOL2_4_beam_0502,beam,P4,827,783,52731.66345211028,15595.554472692875,4798.504987642714,-6636.967413255446,9576.522038492669,-14397.23988945761,-52731.66345211028,-15595.554472692875,-4798.504987642714,6636.967413255446,-21740.73218216695,53931.97047773405
CASE_EY,10868,E2-P4-V-066,A-V-0868,SOL2_4_beam_0503,beam,P4,816,795,-33938.1612963152,32086.612376636647,-3165.6298845170563,-2069.2842580753872,12773.94538005751,45414.33313817991,33938.1612963152,-32086.612376636647,3165.6298845170563,2069.2842580753872,-3799.3846574516574,45551.212949584966
CASE_EY,10869,E2-P4-V-068,A-V-0869,SOL2_4_beam_0504,beam,P4,828,787,-9411.564996289397,5508.997642414904,4277.5977266056325,2350.7818463119092,2733.2832710913153,1202.8915795532412,9411.564996289397,-5508.997642414904,-4277.5977266056325,-2350.7818463119092,-19052.3185980918,19813.934426259613
CASE_EY,10870,E2-P4-V-064,A-V-0870,SOL2_4_beam_0505,beam,P4,818,790,68478.63036539545,21568.547923501716,3460.327204534555,86.99622437533313,-1085.26924257483,39315.49267852113,-68478.63036539545,-21568.547923501716,-3460.327204534555,-86.99622437533313,-15230.1735268056,62380.21078078947
CASE_EY,10871,E2-P4-V-025,A-V-0871,SOL2_4_beam_0506,beam,P4,829,743,0.0,-4.1638222571487606e-10,-5.7181396964017994e-11,-0.0,7.091636851477512e-11,-9.930716083299792e-11,0.0,4.1638222571487606e-10,5.7181396964017994e-11,0.0,1.0910210540734632e-11,-4.965358041649897e-10
CASE_EY,10872,E2-P4-V-017,A-V-0872,SOL2_4_beam_0507,beam,P4,340,338,-15821.745761169714,-30364.68444225467,155197.47774977214,18611.00015096829,-4914.904673637488,-5032.353553515763,15821.745761169714,30364.68444225467,-155197.47774977214,-18611.00015096829,-118485.92713546696,-19111.25607290228
CASE_EY,10873,E2-P4-V-024,A-V-0873,SOL2_4_beam_0508,beam,P4,338,824,42111.01013600785,-28588.28108830972,36208.61467025879,-31090.52201051888,-117108.6735754954,3190.6952438192748,-42111.01013600785,28588.28108830972,-36208.61467025879,31090.52201051888,31980.48784952142,-70403.11207430791
CASE_EY,10874,E2-P4-V-027,A-V-0874,SOL2_4_beam_0510,beam,P4,793,830,0.0,-9.648860571737219e-11,-2.1201109654696038e-11,-0.0,2.2282366247085533e-11,0.0,0.0,9.648860571737219e-11,2.1201109654696038e-11,0.0,0.0,-1.0140952460895816e-10
CASE_EY,10875,E2-P4-V-018,A-V-0875,SOL2_4_beam_0511,beam,P4,831,347,-12560.718200279509,-35143.991710484246,7470.402437954723,-8774.148886154147,14089.22520662476,-45371.86122656765,12560.718200279509,35143.991710484246,-7470.402437954723,8774.148886154147,-21740.616922645673,9376.41797235825
CASE_EY,10876,E2-P4-V-026,A-V-0876,SOL2_4_beam_0512,beam,P4,793,831,13647.218661259232,-34736.511308202425,7470.402437954753,-15875.142319522482,-6164.168621198171,-96562.16589103229,-13647.218661259232,34736.511308202425,-7470.402437954753,15875.142319522482,-4844.771608063069,45371.86122656839
CASE_EY,10877,E2-P4-V-016,A-V-0877,SOL2_4_beam_0513,beam,P4,347,339,15288.705207407778,-33391.64724517746,-55545.34903721235,-24039.25870504917,23934.178628415335,-24088.696925002598,-15288.705207407778,33391.64724517746,55545.34903721235,24039.25870504917,18813.55230382275,-1609.5330179718148
CASE_EY,10880,E1-S1-V-020,A-V-0880,SOL_1S_beam_0001,beam,S1,402,404,-1597.9192336306169,1028.8722186693008,862.2719836073206,-183.37543762084172,-5074.017005046499,7127.2659621197845,1597.9192336306169,-1028.8722186693008,-862.2719836073206,183.37543762084172,-3333.134835124877,2904.2381699058983
CASE_EY,10881,E1-S1-V-019,A-V-0881,SOL_1S_beam_0002,beam,S1,408,400,3428.6371771283557,-1471.8505818531455,-754.9658451566721,-1649.0869947248611,1886.5885824225356,-11483.161320030878,-3428.6371771283557,1471.8505818531455,754.9658451566721,1649.0869947248611,5329.0707374776,-2584.193430626916
CASE_EY,10882,E1-S1-V-018,A-V-0882,SOL_1S_beam_0003,beam,S1,406,386,1814.272760717309,103.12004077188433,-715.1401519805557,-26.814783146213262,3175.281581739295,869.8343522056673,-1814.272760717309,-103.12004077188433,715.1401519805557,26.814783146213262,3475.906304519656,89.23746625256223
CASE_EY,10883,E1-S1-V-011,A-V-0883,SOL_1S_beam_0004,beam,S1,406,458,-4382.728812805123,-615.5835204580421,57.35084974473497,561.9574157716069,1926.6746633369266,-1195.8908852948102,4382.728812805123,615.5835204580421,-57.35084974473497,-561.9574157716069,-2177.2033677994127,-1493.1946741212942
CASE_EY,10884,E1-S1-V-021,A-V-0884,SOL_1S_beam_0005,beam,S1,410,390,0.0,0.0,0.0,-0.0,0.0,0.0,0.0,0.0,0.0,0.0,0.0,0.0
CASE_EY,10885,E1-S1-V-038,A-V-0885,SOL_1S_beam_0006,beam,S1,382,400,731.8487219636793,329.0011251857727,159.94750951564765,-31.6919267723582,-1388.9597755858622,292.35315314770605,-731.8487219636793,-329.0011251857727,-159.94750951564765,31.6919267723582,93.3849485091165,2372.555960857053
CASE_EY,10886,E1-S1-V-039,A-V-0886,SOL_1S_beam_0007,beam,S1,404,394,519.8196892361135,-357.50192289266397,-330.5065289044424,-405.3636471862765,1167.74217535409,-2392.4700162397876,-519.8196892361135,357.50192289266397,330.5065289044424,405.3636471862765,1013.6009154152298,32.9573251482052
CASE_EY,10887,E1-S1-V-003,A-V-0887,SOL_1S_beam_0008,beam,S1,380,398,-1843.00212049124,-989.3858557465517,-914.7981066169459,-894.1587097705208,3549.679499754341,-389.60401848963375,1843.00212049124,989.3858557465517,914.7981066169459,894.1587097705208,3860.7498325169045,-7625.032121797627
CASE_EY,10888,E1-S1-V-004,A-V-0888,SOL_1S_beam_0009,beam,S1,402,392,-4769.668080181093,-4161.182498428126,-2226.973373973498,1111.6717842165879,7083.848049681723,-8119.65425750163,4769.668080181093,4161.182498428126,2226.973373973498,-1111.6717842165879,7614.176218543365,-19344.150232124004
CASE_EY,10889,E1-S1-V-001,A-V-0889,SOL_1S_beam_0010,beam,S1,450,836,141.8239806527628,165.85759945251212,14.622215400454305,-589.5672135852319,-419.38915632597696,-256.96638220382266,-141.8239806527628,-165.85759945251212,-14.622215400454305,589.5672135852319,391.07733755385107,578.1031025350985
CASE_EY,10890,E1-S1-V-002,A-V-0890,SOL_1S_beam_0011,beam,S1,836,450,141.8239806527628,165.85759945251212,-14.622215400454305,-589.5672135852319,-391.07733755385107,578.1031025350985,-141.8239806527628,-165.85759945251212,14.622215400454305,589.5672135852319,419.38915632597696,-256.96638220382266
CASE_EY,10891,E1-S1-V-048,A-V-0891,SOL_1S_beam_0012,beam,S1,837,838,5084.457594567784,348.49777744955264,-820.9319848841797,621.2485009739322,-31.41239727782761,1276.9853085866907,-5084.457594567784,-348.49777744955264,820.9319848841797,-621.2485009739322,1262.810374604097,-754.2386424123617
CASE_EY,10892,E1-S1-V-027,A-V-0892,SOL_1S_beam_0013,beam,S1,836,837,3055.9659100271633,-180.6177862858522,-87.05850225330326,-115.8129579514827,1018.0344315344666,-690.4241478938311,-3055.9659100271633,180.6177862858522,87.05850225330326,115.8129579514827,25.94221890178494,-1475.4843694303356
CASE_EY,10893,E1-S1-V-063,A-V-0893,SOL_1S_beam_0014,beam,S1,838,839,-1162.916207212714,160.57026064579372,44.853733357861685,569.2663881844138,-499.3969745178305,781.5405368014581,1162.916207212714,-160.57026064579372,-44.853733357861685,-569.2663881844138,131.147823649786,536.7413031005086
CASE_EY,10894,E1-S1-V-005,A-V-0894,SOL_1S_beam_0015,beam,S1,840,836,-2791.1636618642156,-117.98113930134515,-116.30293305423159,-405.4421795691852,699.1787105123074,63.112428740866335,2791.1636618642156,117.98113930134515,116.30293305423159,405.4421795691852,-302.2367999982149,-465.7820571763574
CASE_EY,10895,E1-S1-V-014,A-V-0895,SOL_1S_beam_0016,beam,S1,841,840,-2791.1636618642156,-117.98113930134573,-116.30293305422755,-405.44217956918516,1096.120621026385,-339.5571996946274,2791.1636618642156,117.98113930134573,116.30293305422755,405.44217956918516,-699.1787105123062,-63.11242874086565
CASE_EY,10896,E1-S1-V-037,A-V-0896,SOL_1S_beam_0017,beam,S1,842,841,-2791.1636618641924,-117.98113930193492,-116.30293305431297,-405.4421795692188,1494.3418638043559,-743.5246206642348,2791.1636618641924,117.98113930193492,116.30293305431297,405.4421795692188,-1096.1206210263883,339.55719969440975
CASE_EY,10897,E1-S1-V-055,A-V-0897,SOL_1S_beam_0018,beam,S1,838,843,-4700.115131768973,-1316.7245959665358,-908.7500190898622,706.1704014832161,353.62502208969016,-1290.95161751996,4700.115131768973,1316.7245959665358,908.7500190898622,-706.1704014832161,221.11895471940275,458.1818626361163
CASE_EY,10898,E1-S1-V-047,A-V-0898,SOL_1S_beam_0019,beam,S1,843,837,-4707.764691218019,1289.1072591626087,-908.750019086609,491.7713599723584,-552.9296135842055,-458.18186263641473,4707.764691218019,-1289.1072591626087,908.750019086609,-491.7713599723584,1390.7557337376793,1646.6800312432783
CASE_EY,10899,E1-S1-V-046,A-V-0899,SOL_1S_beam_0020,beam,S1,837,842,-2918.0953822764036,487.1783024110333,-174.87653645565942,1652.9918955339674,-1076.649174109548,-1448.1809703996157,2918.0953822764036,-487.1783024110333,174.87653645565942,-1652.9918955339674,1382.9378270028071,2301.4525927029013
CASE_EY,10900,E1-S1-V-059,A-V-0900,SOL_1S_beam_0021,beam,S1,844,838,1394.544132723078,344.25373955271556,-42.96430084866809,794.2986371871394,-551.6198344776172,-84.2904723559974,-1394.544132723078,-344.25373955271556,42.96430084866809,-794.2986371871394,698.8087821554908,1263.6497231305336
CASE_EY,10901,E1-S1-V-070,A-V-0901,SOL_1S_beam_0022,beam,S1,845,844,1372.0681999139338,425.0797926190932,-42.96430084814358,825.1473688273272,-360.8072626108791,1335.4760349917758,-1372.0681999139338,-425.0797926190932,42.96430084814358,-825.1473688273272,504.3080274436785,84.2904723559941
CASE_EY,10902,E1-S1-V-077,A-V-0902,SOL_1S_beam_0023,beam,S1,839,845,1173.9492688766386,-0.16644928189801209,44.85373335749814,-581.8470095674545,52.13472760261244,-536.7413031010313,-1173.9492688766386,0.16644928189801209,-44.85373335749814,581.8470095674545,-117.78839826279821,536.497666607091
CASE_EY,10905,E1-S1-V-041,A-V-0905,SOL_1S_beam_0026,beam,S1,848,849,-1341.6881229655141,-296.43394516320996,-2901.028028888611,-3101.3657660701247,1520.8223397247903,1315.973907497204,1341.6881229655141,296.43394516320996,2901.028028888611,3101.3657660701247,10373.392578718513,-2531.3530826663646
CASE_EY,10906,E1-S1-V-044,A-V-0906,SOL_1S_beam_0027,beam,S1,848,849,-1341.6881229655141,-296.43394516320996,-2901.028028888611,-3101.3657660701247,1520.8223397247903,1315.973907497204,1341.6881229655141,296.43394516320996,2901.028028888611,3101.3657660701247,10373.392578718513,-2531.3530826663646
CASE_EY,10907,E1-S1-V-050,A-V-0907,SOL_1S_beam_0028,beam,S1,850,851,0.0,3.337598218001976e-11,2.0406510843762074e-11,-0.0,-7.100987496031299e-11,2.6692985922093294e-10,0.0,-3.337598218001976e-11,-2.0406510843762074e-11,0.0,9.178147103713919e-12,-1.658006332154731e-10
CASE_EY,10908,E1-S1-V-053,A-V-0908,SOL_1S_beam_0029,beam,S1,850,851,0.0,3.337598218001976e-11,2.0406510843762074e-11,-0.0,-7.100987496031299e-11,2.6692985922093294e-10,0.0,-3.337598218001976e-11,-2.0406510843762074e-11,0.0,9.178147103713919e-12,-1.658006332154731e-10
CASE_EY,10909,E1-S1-V-072,A-V-0909,SOL_1S_beam_0030,beam,S1,852,853,292.8250266316712,-104.57599635079112,43.90901710333264,-278.4964998146064,-601.8298397673614,-719.5145383533101,-292.8250266316712,104.57599635079112,-43.90901710333264,278.4964998146064,562.5312694598787,625.9190216193521
CASE_EY,10910,E1-S1-V-075,A-V-0910,SOL_1S_beam_0031,beam,S1,852,853,292.8250266316712,-104.57599635079112,43.90901710333264,-278.4964998146064,-601.8298397673614,-719.5145383533101,-292.8250266316712,104.57599635079112,-43.90901710333264,278.4964998146064,562.5312694598787,625.9190216193521
CASE_EY,10911,E1-S1-V-071,A-V-0911,SOL_1S_beam_0032,beam,S1,845,852,292.8250266324238,-104.57599635077204,43.909017102921744,-278.49649981460766,-692.7215051702044,-935.986850799428,-292.8250266324238,104.57599635077204,-43.909017102921744,278.49649981460766,601.8298397671564,719.5145383533298
CASE_EY,10912,E1-S1-V-074,A-V-0912,SOL_1S_beam_0033,beam,S1,845,852,292.8250266324238,-104.57599635077204,43.909017102921744,-278.49649981460766,-692.7215051702044,-935.986850799428,-292.8250266324238,104.57599635077204,-43.909017102921744,278.49649981460766,601.8298397671564,719.5145383533298
CASE_EY,10913,E1-S1-V-078,A-V-0913,SOL_1S_beam_0034,beam,S1,839,854,0.0,1.0701816857082012e-10,-6.54323041533547e-11,-1.3681808612771205e-11,1.3560282653594215e-10,2.6785743513272526e-10,0.0,-1.0701816857082012e-10,6.54323041533547e-11,1.3681808612771205e-11,0.0,-4.6071478842828765e-11
CASE_EY,10914,E1-S1-V-079,A-V-0914,SOL_1S_beam_0035,beam,S1,839,854,0.0,1.0701816857082012e-10,-6.54323041533547e-11,-1.3681808612771205e-11,1.3560282653594215e-10,2.6785743513272526e-10,0.0,-1.0701816857082012e-10,6.54323041533547e-11,1.3681808612771205e-11,0.0,-4.6071478842828765e-11
CASE_EY,10917,E1-S1-V-049,A-V-0917,SOL_1S_beam_0038,beam,S1,843,850,1.0033446650433808e-09,1.6249053444391848e-11,9.860962958022412e-11,-4.4564815260503615e-12,-2.845422761021462e-10,2.975251380075305e-10,-1.0033446650433808e-09,-1.6249053444391848e-11,-9.860962958022412e-11,4.4564815260503615e-12,7.99540279956444e-11,-2.6381275726207295e-10
CASE_EY,10918,E1-S1-V-052,A-V-0918,SOL_1S_beam_0039,beam,S1,843,850,1.0033446650433808e-09,1.6249053444391848e-11,9.860962958022412e-11,-4.4564815260503615e-12,-2.845422761021462e-10,2.975251380075305e-10,-1.0033446650433808e-09,-1.6249053444391848e-11,-9.860962958022412e-11,4.4564815260503615e-12,7.99540279956444e-11,-2.6381275726207295e-10
CASE_EY,10919,E1-S1-V-040,A-V-0919,SOL_1S_beam_0040,beam,S1,842,848,-467.5960053688197,-26.106404055672986,-29.286801700629066,1528.4949729844889,944.8515047662114,-778.9639860193347,467.5960053688197,26.106404055672986,29.286801700629066,-1528.4949729844889,-884.2278252459092,724.9237296240916
CASE_EY,10920,E1-S1-V-043,A-V-0920,SOL_1S_beam_0041,beam,S1,842,848,-467.5960053688197,-26.106404055672986,-29.286801700629066,1528.4949729844889,944.8515047662114,-778.9639860193347,467.5960053688197,26.106404055672986,29.286801700629066,-1528.4949729844889,-884.2278252459092,724.9237296240916
CASE_EY,10921,E1-S1-V-009,A-V-0921,SOL_1S_beam_0042,beam,S1,856,857,0.0,0.0,0.0,-0.0,0.0,0.0,0.0,0.0,0.0,0.0,0.0,0.0
CASE_EY,10922,E1-S1-V-013,A-V-0922,SOL_1S_beam_0043,beam,S1,856,468,0.0,0.0,0.0,-0.0,0.0,0.0,0.0,0.0,0.0,0.0,0.0,0.0
CASE_EY,10923,E1-S1-V-008,A-V-0923,SOL_1S_beam_0044,beam,S1,858,856,0.0,0.0,0.0,-0.0,0.0,0.0,0.0,0.0,0.0,0.0,0.0,0.0
CASE_EY,10924,E1-S1-V-012,A-V-0924,SOL_1S_beam_0045,beam,S1,858,856,0.0,0.0,0.0,-0.0,0.0,0.0,0.0,0.0,0.0,0.0,0.0,0.0
CASE_EY,10925,E1-S1-V-010,A-V-0925,SOL_1S_beam_0046,beam,S1,857,468,0.0,0.0,0.0,-0.0,0.0,0.0,0.0,0.0,0.0,0.0,0.0,0.0
CASE_EY,10928,E1-S1-V-042,A-V-0928,SOL_1S_beam_0049,beam,S1,849,51,-1334.3782026226681,-327.77265828224154,-2901.028028888599,-2857.588369746855,-10443.176332718493,2531.353082666407,1334.3782026226681,327.77265828224154,2901.028028888599,2857.588369746855,22831.062306125263,-3930.998406864256
CASE_EY,10929,E1-S1-V-045,A-V-0929,SOL_1S_beam_0050,beam,S1,849,51,-1334.3782026226681,-327.77265828224154,-2901.028028888599,-2857.588369746855,-10443.176332718493,2531.353082666407,1334.3782026226681,327.77265828224154,2901.028028888599,2857.588369746855,22831.062306125263,-3930.998406864256
CASE_EY,10930,E1-S1-V-051,A-V-0930,SOL_1S_beam_0051,beam,S1,851,860,2.1820421081469269e-10,3.513225029469266e-11,7.462172303804347e-12,-0.0,-3.549227866532735e-11,1.6758083390568402e-10,-2.1820421081469269e-10,-3.513225029469266e-11,-7.462172303804347e-12,0.0,-1.0228322381938758e-13,0.0
CASE_EY,10931,E1-S1-V-054,A-V-0931,SOL_1S_beam_0052,beam,S1,851,860,2.1820421081469269e-10,3.513225029469266e-11,7.462172303804347e-12,-0.0,-3.549227866532735e-11,1.6758083390568402e-10,-2.1820421081469269e-10,-3.513225029469266e-11,-7.462172303804347e-12,0.0,-1.0228322381938758e-13,0.0
CASE_EY,10932,E1-S1-V-073,A-V-0932,SOL_1S_beam_0053,beam,S1,853,376,294.2254560545411,-100.56846545876958,43.90901710323169,-270.7906036416117,-566.281006664378,-625.9190216193622,-294.2254560545411,100.56846545876958,-43.90901710323169,270.7906036416117,244.66139067962143,-110.71307299077102
CASE_EY,10933,E1-S1-V-076,A-V-0933,SOL_1S_beam_0054,beam,S1,853,376,294.2254560545411,-100.56846545876958,43.90901710323169,-270.7906036416117,-566.281006664378,-625.9190216193622,-294.2254560545411,100.56846545876958,-43.90901710323169,270.7906036416117,244.66139067962143,-110.71307299077102
CASE_EY,10934,E1-S1-V-029,A-V-0934,SOL_1S_beam_0055,beam,S1,848,444,2769.0954688931984,-1179.793588928795,2832.5411219812704,-481.8760758816926,-4587.312225659959,-2676.5463206542377,-2769.0954688931984,1179.793588928795,-2832.5411219812704,481.8760758816926,-11059.89131617859,-3840.736087028006
CASE_EY,10935,E1-S1-V-028,A-V-0935,SOL_1S_beam_0056,beam,S1,452,848,-2252.9421905139557,-510.4420275766765,-2910.941332394629,-969.5536784837994,11448.154613744802,-1415.9460313337472,2252.9421905139557,510.4420275766765,2910.941332394629,969.5536784837994,4640.514901463898,-1405.2489535883565
CASE_EY,10936,E1-S1-V-016,A-V-0936,SOL_1S_beam_0057,beam,S1,444,861,-879.7254749316006,1613.2431761987746,-1293.6121659214557,-78.49211831487465,2474.5480347797406,5591.618963256379,879.7254749316006,-1613.2431761987746,1293.6121659214557,78.49211831487465,4326.203411564236,2889.4900993067436
CASE_EY,10937,E1-S1-V-023,A-V-0937,SOL_1S_beam_0058,beam,S1,862,861,-4.0002503498425407e-10,2.4057565393280724e-10,-5.080696295731555e-12,-1.1845076708430334e-12,-2.6251642920841677e-12,-7.936496694087613e-11,4.0002503498425407e-10,-2.4057565393280724e-10,5.080696295731555e-12,1.1845076708430334e-12,2.9064318948074703e-11,1.3312833164275975e-09
CASE_EY,10938,E1-S1-V-015,A-V-0938,SOL_1S_beam_0059,beam,S1,863,862,1.2512194297737534e-10,3.388504687981701e-11,-1.353717249282462e-12,1.4819862587182277e-13,9.384145723303148e-13,1.0677072467402698e-11,-1.2512194297737534e-10,-3.388504687981701e-11,1.353717249282462e-12,-1.4819862587182277e-13,1.8768291446606296e-12,5.97916058174551e-11
CASE_EY,10939,E1-S1-V-022,A-V-0939,SOL_1S_beam_0060,beam,S1,863,862,1.2512194297737534e-10,3.388504687981701e-11,-1.353717249282462e-12,1.4819862587182277e-13,9.384145723303148e-13,1.0677072467402698e-11,-1.2512194297737534e-10,-3.388504687981701e-11,1.353717249282462e-12,-1.4819862587182277e-13,1.8768291446606296e-12,5.97916058174551e-11
CASE_EY,10940,E1-S1-V-017,A-V-0940,SOL_1S_beam_0061,beam,S1,861,458,-284.5210621369261,873.5933718840173,-646.8060829607223,-435.163422268537,-2119.240910948184,-1444.745049653996,284.5210621369261,-873.5933718840173,646.8060829607223,435.163422268537,4034.1583569469694,4031.0831076886093
CASE_EY,10941,E1-S1-V-024,A-V-0941,SOL_1S_beam_0062,beam,S1,861,458,-284.5210621369261,873.5933718840173,-646.8060829607223,-435.163422268537,-2119.240910948184,-1444.745049653996,284.5210621369261,-873.5933718840173,646.8060829607223,435.163422268537,4034.1583569469694,4031.0831076886093
CASE_EY,10942,E1-S1-V-057,A-V-0942,SOL_1S_beam_0063,beam,S1,448,864,-6644.703421626758,1005.0629481257504,0.0,-7.167855913429692e-12,-6.556026130879073e-11,3111.4921137995943,6644.703421626758,-1005.0629481257504,0.0,7.167855913429692e-12,6.556026130879073e-11,-5.775291356258094e-11
CASE_EY,10943,E1-S1-V-061,A-V-0943,SOL_1S_beam_0064,beam,S1,448,864,-6644.703421626758,1005.0629481257504,0.0,-7.167855913429692e-12,-6.556026130879073e-11,3111.4921137995943,6644.703421626758,-1005.0629481257504,0.0,7.167855913429692e-12,6.556026130879073e-11,-5.775291356258094e-11
CASE_EY,10944,E1-S1-V-056,A-V-0944,SOL_1S_beam_0065,beam,S1,865,448,-4.977908312031676e-10,1.7903177627084294e-11,0.0,-1.1792003129177975e-12,1.4933724936095023e-11,4.672596602227066e-11,4.977908312031676e-10,-1.7903177627084294e-11,0.0,1.1792003129177975e-12,-1.4933724936095023e-11,-9.29209551579246e-12
CASE_EY,10945,E1-S1-V-060,A-V-0945,SOL_1S_beam_0066,beam,S1,865,448,-4.977908312031676e-10,1.7903177627084294e-11,0.0,-1.1792003129177975e-12,1.4933724936095023e-11,4.672596602227066e-11,4.977908312031676e-10,-1.7903177627084294e-11,0.0,1.1792003129177975e-12,-1.4933724936095023e-11,-9.29209551579246e-12
CASE_EY,10946,E1-S1-V-058,A-V-0946,SOL_1S_beam_0067,beam,S1,864,866,-6720.285342979569,1.1125212593319342e-11,1.0292651453523237e-11,-0.0,-4.5822884271085453e-11,5.3998268702942624e-11,6720.285342979569,-1.1125212593319342e-11,-1.0292651453523237e-11,0.0,-3.2730631622203895e-12,-9.310046328093583e-13
CASE_EY,10947,E1-S1-V-062,A-V-0947,SOL_1S_beam_0068,beam,S1,864,866,-6720.285342979569,1.1125212593319342e-11,1.0292651453523237e-11,-0.0,-4.5822884271085453e-11,5.3998268702942624e-11,6720.285342979569,-1.1125212593319342e-11,-1.0292651453523237e-11,0.0,-3.2730631622203895e-12,-9.310046328093583e-13
CASE_EY,10954,E1-S1-V-006,A-V-0954,SOL_1S_beam_0075,beam,S1,452,442,-712.9369759578304,349.2334007775532,-2122.2737107743387,153.82390854277946,6917.67146888684,986.537745472129,712.9369759578304,-349.2334007775532,2122.2737107743387,-153.82390854277946,2003.6818883696806,481.526697241133
CASE_EY,10955,E1-S1-V-007,A-V-0955,SOL_1S_beam_0076,beam,S1,444,442,2461.638067992134,-637.6322467855637,-2104.6934773966536,-498.50398333702117,6959.805101936101,-1845.0665767724208,-2461.638067992134,637.6322467855637,2104.6934773966536,498.50398333702117,1882.0121966072415,-833.6264919737324
CASE_EY,10956,E1-S1-V-030,A-V-0956,SOL_1S_beam_0077,beam,S1,458,51,-10885.542340012104,-5787.941710485243,-11078.568526211391,3727.6263515155492,18403.993924935763,-11859.09979558816,10885.542340012104,5787.941710485243,11078.568526211391,-3727.6263515155492,40915.984777032376,-19132.320998703937
CASE_EY,10957,E1-S1-V-026,A-V-0957,SOL_1S_beam_0078,beam,S1,458,366,1133.1368848742625,1436.9444051215512,2129.6881337807863,1237.7455859316913,-6077.410737672106,2566.753698868133,-1133.1368848742625,-1436.9444051215512,-2129.6881337807863,-1237.7455859316913,2242.493431955064,20.743915992096163
CASE_EY,10958,E1-S1-V-025,A-V-0958,SOL_1S_beam_0079,beam,S1,458,366,1133.1368848742625,1436.9444051215512,2129.6881337807863,1237.7455859316913,-6077.410737672106,2566.753698868133,-1133.1368848742625,-1436.9444051215512,-2129.6881337807863,-1237.7455859316913,2242.493431955064,20.743915992096163
CASE_EY,10959,E1-P1-V-009,A-V-0959,SOL_1_beam_0080,beam,P1,127,125,-7594.642266881627,-29520.730809199893,-36182.2399764597,47449.84517219011,185240.73062570716,-134672.28530549334,7594.642266881627,29520.730809199893,36182.2399764597,-47449.84517219011,176581.6691388898,-160535.02278650558
CASE_EY,10960,E1-P1-V-008,A-V-0960,SOL_1_beam_0081,beam,P1,91,90,129995.74954485036,-48193.76039330476,-727.8821529069711,98300.95533455291,3906.908119456508,-257222.95411540402,-129995.74954485036,48193.76039330476,727.8821529069711,-98300.95533455291,3353.7163557905305,-223509.80580781103
CASE_EY,10961,E1-P1-V-031,A-V-0961,SOL_1_beam_0082,beam,P1,871,872,30238.501855105416,93268.13683993438,-8738.227200394977,3427.7048947262942,-256.5780797787538,75096.22667409969,-30238.501855105416,-93268.13683993438,8738.227200394977,-3427.7048947262942,16771.82748852526,101180.55195337634
CASE_EY,10962,E1-P1-V-021,A-V-0962,SOL_1_beam_0083,beam,P1,125,871,121544.27712733307,99737.72741989595,-32564.51357763486,-63810.33526639112,135683.38237513823,301874.86012082914,-121544.27712733307,-99737.72741989595,32564.51357763486,63810.33526639112,36952.038451616354,226868.3223740966
CASE_EY,10963,E1-P1-V-036,A-V-0963,SOL_1_beam_0084,beam,P1,873,94,119941.58165953202,323690.1012114523,-11952.333499501585,25310.437990726765,-23610.26881494157,797775.2659763158,-119941.58165953202,-323690.1012114523,11952.333499501585,-25310.437990726765,79900.55717383853,726664.2199929301
CASE_EY,10964,E1-P1-V-020,A-V-0964,SOL_1_beam_0085,beam,P1,90,873,46978.511487814205,-174854.38566328015,-7064.241293898666,-48382.182332509576,18893.762501161957,-385577.604974519,-46978.511487814205,174854.38566328015,7064.241293898666,48382.182332509576,18606.6477972116,-542634.0644805408
CASE_EY,10965,E1-P1-V-058,A-V-0965,SOL_1_beam_0086,beam,P1,874,147,-55181.12419665917,31423.15162450801,13469.544005556218,4525.151879986161,-10052.50740353547,63883.141438217295,55181.12419665917,-31423.15162450801,-13469.544005556218,-4525.151879986161,-53274.63789632237,83853.00225631525
CASE_EY,10966,E1-P1-V-048,A-V-0966,SOL_1_beam_0087,beam,P1,133,874,-11512.441498188475,32027.708914489125,4626.925139109392,-17724.408990123648,-23761.40148611783,92552.29854905044,11512.441498188475,-32027.708914489125,-4626.925139109392,17724.408990123648,-767.4822823973536,77237.34051274716
CASE_EY,10967,E1-P1-V-057,A-V-0967,SOL_1_beam_0088,beam,P1,875,101,170142.0699311005,28772.147004537794,-15043.895243257095,-40661.20721889669,3048.6122881894626,50170.83121442788,-170142.0699311005,-28772.147004537794,15043.895243257095,40661.20721889669,67801.58623742004,85333.45768928647
CASE_EY,10968,E1-P1-V-047,A-V-0968,SOL_1_beam_0089,beam,P1,94,875,125443.49068858633,32215.645984219173,-23306.02082455149,-32006.1023345466,98308.01487840738,49585.023604692055,-125443.49068858633,-32215.645984219173,23306.02082455149,32006.1023345466,25411.61855172108,121431.21043572733
CASE_EY,10969,E1-P1-V-087,A-V-0969,SOL_1_beam_0090,beam,P1,876,141,-68609.58888912924,8260.64655769395,8226.60944106621,5361.886533608712,-1426.844976615008,15187.999472103958,68609.58888912924,-8260.64655769395,-8226.60944106621,-5361.886533608712,-37250.40336074506,23649.273723848175
CASE_EY,10970,E1-P1-V-066,A-V-0970,SOL_1_beam_0091,beam,P1,147,876,-61182.64991521342,4471.733379644802,4064.5972140727386,-12655.026923084435,-19710.440682187967,10493.642658701006,61182.64991521342,-4471.733379644802,-4064.5972140727386,12655.026923084435,-1837.353940011486,13212.517483369025
CASE_EY,10971,E1-P1-V-086,A-V-0971,SOL_1_beam_0092,beam,P1,877,98,127475.77082627463,2805.525355483912,-12918.769467647891,-44233.947405448394,6317.546033422928,329.92238917880877,-127475.77082627463,-2805.525355483912,12918.769467647891,44233.947405448394,53402.6276665568,12639.305211699004
CASE_EY,10972,E1-P1-V-065,A-V-0972,SOL_1_beam_0093,beam,P1,101,877,118884.89042763437,11691.85649999425,-23267.416963287425,16529.040139314166,99633.36583491838,29476.597847435645,-118884.89042763437,-11691.85649999425,23267.416963287425,-16529.040139314166,23881.339623999025,32589.432694043135
CASE_EY,10973,E1-P1-V-102,A-V-0973,SOL_1_beam_0094,beam,P1,141,157,-43824.34792204737,-1458.5137264075597,-22099.842550486806,929.9955810604813,58308.66837239927,-7268.427491674461,43824.34792204737,1458.5137264075597,22099.842550486806,-929.9955810604813,52190.54438003475,-24.1411403633374
CASE_EY,10974,E1-P1-V-101,A-V-0974,SOL_1_beam_0095,beam,P1,98,105,60689.32846601055,2985.370393449282,-56727.67722694983,-2248.3914936048764,139245.97959575898,7255.813094993342,-60689.32846601055,-2985.370393449282,56727.67722694983,2248.3914936048764,149327.71445773498,7930.766096483165
CASE_EY,10975,E1-P1-V-007,A-V-0975,SOL_1_beam_0096,beam,P1,129,121,101309.4467527409,-45181.02649827648,-110046.65218757371,-1282.131072405136,551227.8493953864,-250481.88957188,-101309.4467527409,45181.02649827648,110046.65218757371,1282.131072405136,549238.6724803506,-201328.3754108848
CASE_EY,10976,E1-P1-V-006,A-V-0976,SOL_1_beam_0097,beam,P1,24,88,61283.316426579426,18413.23544128848,-7516.005571149239,-27174.000303791014,40864.66525202052,111056.74158042906,-61283.316426579426,-18413.23544128848,7516.005571149239,27174.000303791014,34445.710945945044,73443.87846010565
CASE_EY,10977,E1-P1-V-035,A-V-0977,SOL_1_beam_0098,beam,P1,878,149,369751.5881797142,316342.38441589614,6747.773148558879,-50760.987596482315,-31918.24431886705,781018.7083696357,-369751.5881797142,-316342.38441589614,-6747.773148558879,50760.987596482315,193.71677679416098,706259.0151368892
CASE_EY,10978,E1-P1-V-019,A-V-0978,SOL_1_beam_0099,beam,P1,121,878,436112.3999220188,-161684.38807446204,1859.6809429585624,-16818.578335767383,-46231.96010475782,-336056.8255604628,-436112.3999220188,161684.38807446204,-1859.6809429585624,16818.578335767383,36373.16699164218,-521086.40520841884
CASE_EY,10979,E1-P1-V-028,A-V-0979,SOL_1_beam_0100,beam,P1,88,102,31440.76237139165,-729.2487567693488,-5454.909212708216,-4522.242729496977,28173.41465191309,-8331.72128780714,-31440.76237139165,729.2487567693488,5454.909212708216,4522.242729496977,26375.67747516906,1039.2337201136534
CASE_EY,10980,E1-P1-V-056,A-V-0980,SOL_1_beam_0101,beam,P1,879,145,182852.5775797251,25045.59748757541,26821.558548463123,-18054.259748885022,3216.36452559357,47680.19658945807,-182852.5775797251,-25045.59748757541,-26821.558548463123,18054.259748885022,-129317.41359150145,70071.20521514343
CASE_EY,10981,E1-P1-V-046,A-V-0981,SOL_1_beam_0102,beam,P1,149,879,225045.5032224103,29923.45097573611,35083.68412992584,43831.49418133235,-159275.59895471975,38444.91926269005,-225045.5032224103,-29923.45097573611,-35083.68412992584,-43831.49418133235,-26714.00662216454,120188.67303240047
CASE_EY,10982,E1-P1-V-052,A-V-0982,SOL_1_beam_0103,beam,P1,102,100,13423.058693871642,-31.40648049437568,-5666.478670248111,-95.06641576046363,27052.389629246587,-237.93914640832568,-13423.058693871642,31.40648049437568,5666.478670248111,95.06641576046363,29612.8061915176,-76.12792607513703
CASE_EY,10983,E1-P1-V-085,A-V-0983,SOL_1_beam_0104,beam,P1,513,143,42277.77818086632,766.3862227410481,31272.62283029237,-19307.23812988095,7113.252031989061,-1262.8954466761606,-42277.77818086632,-766.3862227410481,-31272.62283029237,19307.23812988095,-163579.91932972413,5097.364297783727
CASE_EY,10984,E1-P1-V-064,A-V-0984,SOL_1_beam_0105,beam,P1,145,513,49551.90356353059,10230.789905872527,41621.270325914644,8588.714230686124,-176398.15766447317,18723.25793196893,-49551.90356353059,-10230.789905872527,-41621.270325914644,-8588.714230686124,-31846.014624324118,32464.56884809195
CASE_EY,10985,E1-P1-V-100,A-V-0985,SOL_1_beam_0106,beam,P1,143,151,-12912.832356995335,3245.3002645828656,-6169.667644020478,2129.892374089826,22101.8743231618,4176.036519367886,12912.832356995335,-3245.3002645828656,6169.667644020478,-2129.892374089826,8746.46389694059,12050.46480354644
CASE_EY,10986,E1-P1-V-011,A-V-0986,SOL_1_beam_0107,beam,P1,131,123,-69378.95615188885,-7006.6347985831635,-16197.698615702171,11082.922730133012,83921.7439783805,-23145.576944064233,69378.95615188885,7006.6347985831635,16197.698615702171,-11082.922730133012,78049.94301485662,-46918.47878369684
CASE_EY,10987,E1-P1-V-010,A-V-0987,SOL_1_beam_0108,beam,P1,93,89,-142609.27214602905,-41096.52820049276,11773.530700971987,46956.343147566644,-62666.93210052542,-194457.63998993402,142609.27214602905,41096.52820049276,-11773.530700971987,-46956.343147566644,-54774.03664167017,-215480.22880998126
CASE_EY,10988,E1-P1-V-024,A-V-0988,SOL_1_beam_0109,beam,P1,123,120,20145.616690877516,-7989.943221207008,-19144.45543824393,4945.562762108285,52197.3069052343,-13505.271374894555,-20145.616690877516,7989.943221207008,19144.45543824393,-4945.562762108285,91231.00223820406,-46354.56898810281
CASE_EY,10989,E1-P1-V-032,A-V-0989,SOL_1_beam_0110,beam,P1,880,120,4861.68694995387,100051.38674766918,-5383.843035515762,29415.7806580508,-14705.036386563905,86595.72737505291,-4861.68694995387,-100051.38674766918,5383.843035515762,-29415.7806580508,26777.8455279088,137760.9800109713
CASE_EY,10990,E1-P1-V-022,A-V-0990,SOL_1_beam_0111,beam,P1,89,880,-110687.67075009749,83463.03948974566,18442.443341718645,-61767.07274796118,-71269.48763722646,239530.94064549735,110687.67075009749,-83463.03948974566,-18442.443341718645,61767.07274796118,-26631.92363199022,203531.2503810305
CASE_EY,10991,E1-P1-V-053,A-V-0991,SOL_1_beam_0112,beam,P1,135,137,87407.41050862924,4668.5226044473075,15370.73551344093,-6156.198585799567,-77634.8489390151,22252.238359591676,-87407.41050862924,-4668.5226044473075,-15370.73551344093,6156.198585799567,-76098.21697996338,24440.796769803477
CASE_EY,10992,E1-P1-V-059,A-V-0992,SOL_1_beam_0113,beam,P1,881,96,-34949.3181133634,33454.688714520715,1943.1829817240116,723.3992249210349,23798.730764669664,69075.49109417667,34949.3181133634,-33454.688714520715,-1943.1829817240116,-723.3992249210349,-32950.27681046123,88481.53112044244
CASE_EY,10993,E1-P1-V-049,A-V-0993,SOL_1_beam_0114,beam,P1,95,881,-80842.77491794918,27684.578083619985,10785.801848164983,-38280.507419747904,-46138.615667004655,76930.62887336384,80842.77491794918,-27684.578083619985,-10785.801848164983,38280.507419747904,-11117.638455073851,70032.50472879395
CASE_EY,10994,E1-P1-V-078,A-V-0994,SOL_1_beam_0115,beam,P1,137,139,27209.745231923516,-654.9035175729579,7588.883313134496,-5189.787624663659,-37925.82303413679,-10300.668041039284,-27209.745231923516,654.9035175729579,-7588.883313134496,5189.787624663659,-37963.010097208164,3751.6328653097053
CASE_EY,10995,E1-P1-V-088,A-V-0995,SOL_1_beam_0116,beam,P1,882,139,21333.718847584154,-2067.831181924937,10019.517775028557,546.0881702338694,8453.965655402244,-5739.978565928364,-21333.718847584154,2067.831181924937,-10019.517775028557,-546.0881702338694,-55792.68707354055,-4029.801423369101
CASE_EY,10996,E1-P1-V-067,A-V-0996,SOL_1_beam_0117,beam,P1,96,882,13901.72936311816,7800.2936473783475,14181.530002052978,-10265.630995981437,-70503.15248644841,16766.590560259592,-13901.72936311816,-7800.2936473783475,-14181.530002052978,10265.630995981437,-4779.269448233281,24641.14171484364
CASE_EY,10997,E1-P1-V-104,A-V-0997,SOL_1_beam_0118,beam,P1,97,153,39907.16873641109,-6232.9887778588545,14570.572199577757,-5417.626855960658,1201.9246118903538,-16936.769375010408,-39907.16873641109,6232.9887778588545,-14570.572199577757,5417.626855960658,-71447.25764610486,-13112.728098527732
CASE_EY,10998,E1-P1-V-103,A-V-0998,SOL_1_beam_0119,beam,P1,97,104,-29564.510448491732,1242.87870923898,25829.883588384448,-16086.998103253796,-28954.08017213789,5209.172322485585,29564.510448491732,-1242.87870923898,-25829.883588384448,16086.998103253796,-95681.05021172528,788.0033692774382
CASE_EY,10999,E1-P1-V-012,A-V-0999,SOL_1_beam_0120,beam,P1,121,90,257547.60783556793,39802.60630060699,-103919.88614982524,-12758.620654640972,365158.82560175186,180818.99140931014,-257547.60783556793,-39802.60630060699,103919.88614982524,12758.620654640972,540918.6617385745,166219.93292568222
CASE_EY,11000,E1-P1-V-016,A-V-1000,SOL_1_beam_0121,beam,P1,121,90,257547.60783556793,39802.60630060699,-103919.88614982524,-12758.620654640972,365158.82560175186,180818.99140931014,-257547.60783556793,-39802.60630060699,103919.88614982524,12758.620654640972,540918.6617385745,166219.93292568222
CASE_EY,11001,E1-P1-V-013,A-V-1001,SOL_1_beam_0122,beam,P1,125,89,496785.57663887955,-81.2569645479109,-323854.97799567506,-4649.578200989201,1143364.7734769168,11537.040126579124,-496785.57663887955,81.2569645479109,323854.97799567506,4649.578200989201,1145966.0659745096,-12111.445608968306
CASE_EY,11002,E1-P1-V-017,A-V-1002,SOL_1_beam_0123,beam,P1,125,89,496785.57663887955,-81.2569645479109,-323854.97799567506,-4649.578200989201,1143364.7734769168,11537.040126579124,-496785.57663887955,81.2569645479109,323854.97799567506,4649.578200989201,1145966.0659745096,-12111.445608968306
CASE_EY,11003,E1-P1-V-014,A-V-1003,SOL_1_beam_0124,beam,P1,123,119,286.20957601032194,11027.207695047147,431.43370006954405,-1486.3499627054018,-3283.8560915351122,34749.59039503575,-286.20957601032194,-11027.207695047147,-431.43370006954405,1486.3499627054018,1556.3955025813211,9403.35059295695
CASE_EY,11004,E1-P1-V-018,A-V-1004,SOL_1_beam_0126,beam,P1,123,119,286.20957601032194,11027.207695047147,431.43370006954405,-1486.3499627054018,-3283.8560915351122,34749.59039503575,-286.20957601032194,-11027.207695047147,-431.43370006954405,1486.3499627054018,1556.3955025813211,9403.35059295695
CASE_EY,11005,E1-P1-V-023,A-V-1005,SOL_1_beam_0127,beam,P1,117,119,-12537.435780000693,-561.0219840175979,-433.9689249138575,3216.0044017571818,-1289.302008430689,4303.737807838339,12537.435780000693,561.0219840175979,433.9689249138575,-3216.0044017571818,4539.729256035483,-8505.792468130148
CASE_EY,11006,E1-P1-V-025,A-V-1006,SOL_1_beam_0128,beam,P1,117,119,-12537.435780000693,-561.0219840175979,-433.9689249138575,3216.0044017571818,-1289.302008430689,4303.737807838339,12537.435780000693,561.0219840175979,433.9689249138575,-3216.0044017571818,4539.729256035483,-8505.792468130148
CASE_EY,11007,E1-P1-V-042,A-V-1007,SOL_1_beam_0129,beam,P1,149,94,-9265.885174766727,-48565.18633692964,38163.030601129685,-8802.21188777306,-324773.70568066556,-213786.85382447354,9265.885174766727,48565.18633692964,-38163.030601129685,8802.21188777306,-7931.595099983038,-209604.44066087907
CASE_EY,11008,E1-P1-V-044,A-V-1008,SOL_1_beam_0130,beam,P1,149,94,-9265.885174766727,-48565.18633692964,38163.030601129685,-8802.21188777306,-324773.70568066556,-213786.85382447354,9265.885174766727,48565.18633692964,-38163.030601129685,8802.21188777306,-7931.595099983038,-209604.44066087907
CASE_EY,11009,E1-P1-V-043,A-V-1009,SOL_1_beam_0131,beam,P1,133,95,189149.2010260643,-9794.620508532864,-96668.76250773009,4455.558136843632,288465.17885822046,-31939.807756963608,-189149.2010260643,9794.620508532864,96668.76250773009,-4455.558136843632,394886.3033089234,-37298.364617855186
CASE_EY,11010,E1-P1-V-045,A-V-1010,SOL_1_beam_0132,beam,P1,133,95,189149.2010260643,-9794.620508532864,-96668.76250773009,4455.558136843632,288465.17885822046,-31939.807756963608,-189149.2010260643,9794.620508532864,96668.76250773009,-4455.558136843632,394886.3033089234,-37298.364617855186
CASE_EY,11011,E1-P1-V-060,A-V-1011,SOL_1_beam_0133,beam,P1,145,101,-3063.80384666991,-6827.141691710371,57669.57648384402,-7008.897382627871,-225819.6453899712,-32331.03501769712,3063.80384666991,6827.141691710371,-57669.57648384402,7008.897382627871,-276943.72239618097,-27187.98625063389
CASE_EY,11012,E1-P1-V-062,A-V-1012,SOL_1_beam_0134,beam,P1,145,101,-3063.80384666991,-6827.141691710371,57669.57648384402,-7008.897382627871,-225819.6453899712,-32331.03501769712,3063.80384666991,6827.141691710371,-57669.57648384402,7008.897382627871,-276943.72239618097,-27187.98625063389
CASE_EY,11013,E1-P1-V-061,A-V-1013,SOL_1_beam_0135,beam,P1,147,96,93038.99430427323,-5918.861197493083,-35937.825223661086,6481.655590772232,133114.60134858108,-21217.080989354552,-93038.99430427323,5918.861197493083,35937.825223661086,-6481.655590772232,120929.88515747909,-20623.348815724043
CASE_EY,11014,E1-P1-V-063,A-V-1014,SOL_1_beam_0136,beam,P1,147,96,93038.99430427323,-5918.861197493083,-35937.825223661086,6481.655590772232,133114.60134858108,-21217.080989354552,-93038.99430427323,5918.861197493083,35937.825223661086,-6481.655590772232,120929.88515747909,-20623.348815724043
CASE_EY,11015,E1-P1-V-094,A-V-1015,SOL_1_beam_0137,beam,P1,143,98,-19432.888789394623,-149.79318993486692,65215.96744000982,-7410.7206202813695,-241071.8675696828,-1667.512497163384,19432.888789394623,149.79318993486692,-65215.96744000982,7410.7206202813695,-327509.24624016986,361.5504434279653
CASE_EY,11016,E1-P1-V-096,A-V-1016,SOL_1_beam_0138,beam,P1,143,98,-19432.888789394623,-149.79318993486692,65215.96744000982,-7410.7206202813695,-241071.8675696828,-1667.512497163384,19432.888789394623,149.79318993486692,-65215.96744000982,7410.7206202813695,-327509.24624016986,361.5504434279653
CASE_EY,11017,E1-P1-V-095,A-V-1017,SOL_1_beam_0139,beam,P1,141,883,4.952892333806273e-09,1.7676551054097889e-09,4.31860237940429e-08,-1.0999447126760666e-11,-2.9056142876274493e-07,1.078277680351851e-08,-4.952892333806273e-09,-1.7676551054097889e-09,-4.31860237940429e-08,1.0999447126760666e-11,1.4858677001419078e-10,1.1041647976165452e-09
CASE_EY,11018,E1-P1-V-097,A-V-1018,SOL_1_beam_0140,beam,P1,141,97,130632.14459585138,2635.4828876650745,-42753.203013008075,-2387.5417347163266,155712.31923835387,6639.281026260534,-130632.14459585138,-2635.4828876650745,42753.203013008075,2387.5417347163266,155197.66527892987,12526.486356131958
CASE_EY,11019,E1-P1-V-001,A-V-1019,SOL_1_beam_0141,beam,P1,129,884,-81856.50190146179,14708.244630832563,-90609.3311208508,20398.034751614716,663765.7480679369,44623.898149335684,81856.50190146179,-14708.244630832563,90609.3311208508,-20398.034751614716,-334725.83733659436,8787.813872785373
CASE_EY,11020,E1-P1-V-003,A-V-1020,SOL_1_beam_0142,beam,P1,129,266,662020.1037865081,100021.30549470868,874344.0257169233,-143394.08828458225,-630015.8970641961,222250.17229145436,-662020.1037865081,-100021.30549470868,-874344.0257169233,143394.08828458225,-2077936.5237819646,87528.27690479005
CASE_EY,11021,E1-P1-V-002,A-V-1021,SOL_1_beam_0143,beam,P1,884,91,-83126.3167364214,2614.3506843483547,-90609.33112085139,-28631.18348219104,334122.3149309561,-8787.813872784893,83126.3167364214,-2614.3506843483547,90609.33112085139,28631.18348219104,128922.61828188397,22148.04756013464
CASE_EY,11022,E1-P1-V-004,A-V-1022,SOL_1_beam_0144,beam,P1,885,91,-4.2416276525143967e-10,1.1947782462893967e-10,9.373097570173973e-10,8.791870598855639e-13,-1.2724882957543085e-11,-7.239044526957905e-11,4.2416276525143967e-10,-1.1947782462893967e-10,-9.373097570173973e-10,-8.791870598855639e-13,-4.587320306194318e-09,6.587530519531692e-10
CASE_EY,11023,E1-P1-V-005,A-V-1023,SOL_1_beam_0145,beam,P1,127,93,175815.71222375697,27645.421163593215,-122206.86650486648,-951.6877552308496,427895.4957044105,112998.17643802278,-175815.71222375697,-27645.421163593215,122206.86650486648,951.6877552308496,435990.24601294106,82428.52788753371
CASE_EY,11024,E1-P1-V-105,A-V-1024,SOL_1_beam_0146,beam,P1,151,105,-29314.13013606383,1481.8586042454897,77036.4226805803,-9685.624438867262,-284795.9904803703,7506.015139972061,29314.13013606383,-1481.8586042454897,-77036.4226805803,9685.624438867262,-386807.54244892875,5412.8281718401195
CASE_EY,11025,E1-P1-V-107,A-V-1025,SOL_1_beam_0147,beam,P1,151,105,-29314.13013606383,1481.8586042454897,77036.4226805803,-9685.624438867262,-284795.9904803703,7506.015139972061,29314.13013606383,-1481.8586042454897,-77036.4226805803,9685.624438867262,-386807.54244892875,5412.8281718401195
CASE_EY,11026,E1-P1-V-106,A-V-1026,SOL_1_beam_0148,beam,P1,157,104,48492.24861021652,3755.092114390511,-6337.152442687026,4510.260851586446,58721.54352889462,14313.338977052155,-48492.24861021652,-3755.092114390511,6337.152442687026,-4510.260851586446,-13930.550063982722,12227.65208745997
CASE_EY,11027,E1-P1-V-108,A-V-1027,SOL_1_beam_0149,beam,P1,157,104,48492.24861021652,3755.092114390511,-6337.152442687026,4510.260851586446,58721.54352889462,14313.338977052155,-48492.24861021652,-3755.092114390511,6337.152442687026,-4510.260851586446,-13930.550063982722,12227.65208745997
CASE_EY,11028,E1-P1-V-026,A-V-1028,SOL_1_beam_0150,beam,P1,878,873,-118876.37369789327,-31028.524376927107,-2444.046102800938,-3053.6826873675327,-17774.11524042491,-129966.1515806074,118876.37369789327,31028.524376927107,2444.046102800938,3053.6826873675327,38059.697893672695,-127570.60074788757
CASE_EY,11029,E1-P1-V-029,A-V-1029,SOL_1_beam_0151,beam,P1,878,873,-118876.37369789327,-31028.524376927107,-2444.046102800938,-3053.6826873675327,-17774.11524042491,-129966.1515806074,118876.37369789327,31028.524376927107,2444.046102800938,3053.6826873675327,38059.697893672695,-127570.60074788757
CASE_EY,11030,E1-P1-V-027,A-V-1030,SOL_1_beam_0152,beam,P1,871,880,4586.392549302828,-44518.15991009636,-11913.143188618555,-19059.255601886154,33196.24655509586,-150982.2745240993,-4586.392549302828,44518.15991009636,11913.143188618555,19059.255601886154,46026.15564921753,-145063.4888780415
CASE_EY,11031,E1-P1-V-030,A-V-1031,SOL_1_beam_0153,beam,P1,871,880,4586.392549302828,-44518.15991009636,-11913.143188618555,-19059.255601886154,33196.24655509586,-150982.2745240993,-4586.392549302828,44518.15991009636,11913.143188618555,19059.255601886154,46026.15564921753,-145063.4888780415
CASE_EY,11032,E1-P1-V-050,A-V-1032,SOL_1_beam_0154,beam,P1,879,875,7238.427985627301,-20450.05489590397,4131.062790652905,12007.265827837879,-30596.931974652933,-83934.43481092609,-7238.427985627301,20450.05489590397,-4131.062790652905,-12007.265827837879,-3690.889187766177,-85801.02082507685
CASE_EY,11033,E1-P1-V-054,A-V-1033,SOL_1_beam_0155,beam,P1,879,875,7238.427985627301,-20450.05489590397,4131.062790652905,12007.265827837879,-30596.931974652933,-83934.43481092609,-7238.427985627301,20450.05489590397,-4131.062790652905,-12007.265827837879,-3690.889187766177,-85801.02082507685
CASE_EY,11034,E1-P1-V-051,A-V-1034,SOL_1_beam_0156,beam,P1,874,881,-524.2793803906605,-21069.810358942796,-4421.309433221802,5266.6245713951,11003.216764178196,-70560.24097548533,524.2793803906605,21069.810358942796,4421.309433221802,-5266.6245713951,18398.490966746787,-69553.99791148427
CASE_EY,11035,E1-P1-V-055,A-V-1035,SOL_1_beam_0157,beam,P1,874,881,-524.2793803906605,-21069.810358942796,-4421.309433221802,5266.6245713951,11003.216764178196,-70560.24097548533,524.2793803906605,21069.810358942796,4421.309433221802,-5266.6245713951,18398.490966746787,-69553.99791148427
CASE_EY,11036,E1-P1-V-076,A-V-1036,SOL_1_beam_0158,beam,P1,513,877,3190.702728174119,-3725.700607488003,5174.323747819777,13056.15707184229,-14200.796410253626,-15600.836700707936,-3190.702728174119,3725.700607488003,-5174.323747819777,-13056.15707184229,-30325.454539146864,-16459.67754161093
CASE_EY,11037,E1-P1-V-079,A-V-1037,SOL_1_beam_0159,beam,P1,513,877,3190.702728174119,-3725.700607488003,5174.323747819777,13056.15707184229,-14200.796410253626,-15600.836700707936,-3190.702728174119,3725.700607488003,-5174.323747819777,-13056.15707184229,-30325.454539146864,-16459.67754161093
CASE_EY,11038,E1-P1-V-077,A-V-1038,SOL_1_beam_0160,beam,P1,876,882,-3441.4055897873363,-3556.517301081835,-2081.0061135122246,1556.8960372100305,9008.73373173908,-14200.258477736526,3441.4055897873363,3556.517301081835,2081.0061135122246,-1556.8960372100305,4829.956923117214,-9450.581574457676
CASE_EY,11039,E1-P1-V-080,A-V-1039,SOL_1_beam_0161,beam,P1,876,882,-3441.4055897873363,-3556.517301081835,-2081.0061135122246,1556.8960372100305,9008.73373173908,-14200.258477736526,3441.4055897873363,3556.517301081835,2081.0061135122246,-1556.8960372100305,4829.956923117214,-9450.581574457676
CASE_EY,11040,E1-P1-V-070,A-V-1040,SOL_1_beam_0162,beam,P1,107,109,-2.1200948910728636e-08,9.080765726244618e-09,-1.477723682829271e-08,1.664490255984606e-07,6.222478505298853e-08,6.509727806429329e-08,2.1200948910728636e-08,-9.080765726244618e-09,1.477723682829271e-08,-1.664490255984606e-07,7.420332118755021e-09,-2.2299629196502398e-08
CASE_EY,11041,E1-P1-V-073,A-V-1041,SOL_1_beam_0163,beam,P1,107,109,-2.1200948910728636e-08,9.080765726244618e-09,-1.477723682829271e-08,1.664490255984606e-07,6.222478505298853e-08,6.509727806429329e-08,2.1200948910728636e-08,-9.080765726244618e-09,1.477723682829271e-08,-1.664490255984606e-07,7.420332118755021e-09,-2.2299629196502398e-08
CASE_EY,11042,E1-P1-V-071,A-V-1042,SOL_1_beam_0164,beam,P1,109,111,-7.068482754404647e-09,3.954270063796828e-09,-3.2402212965861716e-09,1.462091005488316e-07,-3.6579398254044035e-08,2.2302476786697543e-08,7.068482754404647e-09,-3.954270063796828e-09,3.2402212965861716e-09,-1.462091005488316e-07,5.1847321003558075e-08,-3.6699562460868923e-09
CASE_EY,11043,E1-P1-V-074,A-V-1043,SOL_1_beam_0165,beam,P1,109,111,-7.068482754404647e-09,3.954270063796828e-09,-3.2402212965861716e-09,1.462091005488316e-07,-3.6579398254044035e-08,2.2302476786697543e-08,7.068482754404647e-09,-3.954270063796828e-09,3.2402212965861716e-09,-1.462091005488316e-07,5.1847321003558075e-08,-3.6699562460868923e-09
CASE_EY,11044,E1-P1-V-084,A-V-1044,SOL_1_beam_0166,beam,P1,111,886,0.0,6.014257284193948e-10,-2.596928196526272e-08,-8.571564926898897e-11,1.5548088555015922e-07,3.632526334323808e-09,0.0,-6.014257284193948e-10,2.596928196526272e-08,8.571564926898897e-11,-1.0437760845205216e-10,-3.414307547586728e-11
CASE_EY,11045,E1-P1-V-083,A-V-1045,SOL_1_beam_0167,beam,P1,886,111,0.0,6.014257284193948e-10,2.596928196526272e-08,-8.571564926898897e-11,1.0437760845205216e-10,-3.414307547586728e-11,0.0,-6.014257284193948e-10,-2.596928196526272e-08,8.571564926898897e-11,-1.5548088555015922e-07,3.632526334323808e-09
CASE_EY,11046,E1-P1-V-091,A-V-1046,SOL_1_beam_0168,beam,P1,139,887,6.777359840367282e-09,6.197256610728347e-08,-2.910549312144434e-08,9.754814221451659e-08,-5.713314345429617e-08,3.0634027937651603e-07,-6.777359840367282e-09,-6.197256610728347e-08,2.910549312144434e-08,-9.754814221451659e-08,1.2865123316977188e-07,-1.5406113659527166e-07
CASE_EY,11047,E1-P1-V-092,A-V-1047,SOL_1_beam_0169,beam,P1,139,887,6.777359840367282e-09,6.197256610728347e-08,-2.910549312144434e-08,9.754814221451659e-08,-5.713314345429617e-08,3.0634027937651603e-07,-6.777359840367282e-09,-6.197256610728347e-08,2.910549312144434e-08,-9.754814221451659e-08,1.2865123316977188e-07,-1.5406113659527166e-07
CASE_EY,11048,E1-P1-V-081,A-V-1048,SOL_1_beam_0170,beam,P1,888,107,-1.6238406770623578e-07,8.038788565627888e-08,2.2454317378597796e-08,9.850021014136548e-08,-1.934704676677482e-07,2.498607258330688e-07,1.6238406770623578e-07,-8.038788565627888e-08,-2.2454317378597796e-08,-9.850021014136548e-08,1.243861958629766e-07,-2.5346348701524584e-09
CASE_EY,11049,E1-P1-V-093,A-V-1049,SOL_1_beam_0171,beam,P1,889,888,-1.801280213422446e-07,-1.513713491633863e-09,4.318182629462755e-08,-3.8129208947851914e-08,-3.2614217449160644e-08,-8.084236228290928e-09,1.801280213422446e-07,1.513713491633863e-09,-4.318182629462755e-08,3.8129208947851914e-08,-7.318125697267698e-08,4.3756381737879585e-09
CASE_EY,11050,E1-P1-V-082,A-V-1050,SOL_1_beam_0172,beam,P1,889,107,1.8311023285119624e-07,-2.1759855981959966e-08,-4.285739214676676e-08,3.727155637750743e-08,3.369454346477878e-08,7.39956237532231e-09,-1.8311023285119624e-07,2.1759855981959966e-08,4.285739214676676e-08,-3.727155637750743e-08,2.0309411505372185e-07,-1.276235622369841e-07
CASE_EY,11051,E1-P1-V-090,A-V-1051,SOL_1_beam_0173,beam,P1,888,887,-5.9423177053978024e-08,1.1725608175147113e-08,1.1032514473112563e-08,1.3573103798451139e-07,6.306284664853415e-08,-1.2741517623913972e-07,5.9423177053978024e-08,-1.1725608175147113e-08,-1.1032514473112563e-08,-1.3573103798451139e-07,-8.779774409725253e-08,1.5370398976781956e-07
CASE_EY,11052,E1-P1-V-089,A-V-1052,SOL_1_beam_0174,beam,P1,888,887,-5.9423177053978024e-08,1.1725608175147113e-08,1.1032514473112563e-08,1.3573103798451139e-07,6.306284664853415e-08,-1.2741517623913972e-07,5.9423177053978024e-08,-1.1725608175147113e-08,-1.1032514473112563e-08,-1.3573103798451139e-07,-8.779774409725253e-08,1.5370398976781956e-07
CASE_EY,11053,E1-P1-V-038,A-V-1053,SOL_1_beam_0175,beam,P1,117,120,-2826.835810335183,-16082.8332001991,5331.639170008356,8229.130954659064,-3924.7437753059457,-3936.385846238787,2826.835810335183,16082.8332001991,-5331.639170008356,-8229.130954659064,-18041.609605128484,-62324.88693858152
CASE_EY,11054,E1-P1-V-034,A-V-1054,SOL_1_beam_0176,beam,P1,117,120,-2826.835810335183,-16082.8332001991,5331.639170008356,8229.130954659064,-3924.7437753059457,-3936.385846238787,2826.835810335183,16082.8332001991,-5331.639170008356,-8229.130954659064,-18041.609605128484,-62324.88693858152
CASE_EY,11055,E1-P1-V-037,A-V-1055,SOL_1_beam_0177,beam,P1,120,890,-56850.44534944746,-8962.60770185281,11289.296878511394,4699.749316489939,-53208.35412799034,-21815.842750252126,56850.44534944746,8962.60770185281,-11289.296878511394,-4699.749316489939,-27378.110570096527,-42162.00077186817
CASE_EY,11056,E1-P1-V-033,A-V-1056,SOL_1_beam_0178,beam,P1,120,872,94456.5596853469,-26292.026860640573,8738.227200393001,-16612.953949513867,-66505.68891556592,-86500.0022252583,-94456.5596853469,26292.026860640573,-8738.227200393001,16612.953949513867,4129.542253260523,-101180.55195337768
CASE_EY,11057,E1-P1-V-041,A-V-1057,SOL_1_beam_0179,beam,P1,120,135,160124.24769453777,-8947.608229460417,35258.18427569688,1435.77407567923,-15561.347152529845,19521.108265657072,-160124.24769453777,8947.608229460417,-35258.18427569688,-1435.77407567923,-72995.93318313718,-41994.63793224924
CASE_EY,11058,E1-P1-V-040,A-V-1058,SOL_1_beam_0180,beam,P1,120,95,-170817.324088133,87890.64748389163,150292.77798838748,60511.462134028945,-174286.48308158154,129815.38156088351,170817.324088133,-87890.64748389163,-150292.77798838748,-60511.462134028945,-203938.7824046528,91369.32154521291
CASE_EY,11062,E1-P1-V-039,A-V-1062,SOL_1_beam_0184,beam,P1,890,133,-14361.316303846006,55731.984239482495,11289.296878508912,27702.18970231079,-2058.462465879502,42162.00077186375,14361.316303846006,-55731.984239482495,-11289.296878508912,-27702.18970231079,-22927.02662664957,81184.11186084009
CASE_EY,11066,E1-P2-V-010,A-V-1066,SOL_2_beam_0188,beam,P2,128,126,24108.441845187568,-49206.293624386024,-37373.82838479776,47911.714005047936,182254.35931863292,-238624.6652454905,-24108.441845187568,49206.293624386024,37373.82838479776,-47911.714005047936,191483.92452934466,-253438.27099836973
CASE_EY,11067,E1-P2-V-009,A-V-1067,SOL_2_beam_0189,beam,P2,128,126,24108.441845187568,-49206.293624386024,-37373.82838479776,47911.714005047936,182254.35931863292,-238624.6652454905,-24108.441845187568,49206.293624386024,37373.82838479776,-47911.714005047936,191483.92452934466,-253438.27099836973
CASE_EY,11068,E1-P2-V-034,A-V-1068,SOL_2_beam_0190,beam,P2,896,897,-8782.891300325378,6299.872592860777,-6499.391504233899,8209.053472193176,1482.4727895227352,12499.156366911979,8782.891300325378,-6299.872592860777,6499.391504233899,-8209.053472193176,10801.377153479336,-592.397166405106
CASE_EY,11069,E1-P2-V-024,A-V-1069,SOL_2_beam_0191,beam,P2,126,898,-162.3038610903077,-4311.2890882297515,11047.644255127121,-42154.92634645807,-40412.320176327834,8543.161634637472,162.3038610903077,4311.2890882297515,-11047.644255127121,42154.92634645807,-11617.27562047197,-28847.456690087412
CASE_EY,11070,E1-P2-V-040,A-V-1070,SOL_2_beam_0192,beam,P2,896,134,9936.549969052927,4280.41680024007,-1792.6593344120947,14435.832886552571,110.59391326948298,11781.078956876068,-9936.549969052927,-4280.41680024007,1792.6593344120947,-14435.832886552571,8332.051271248927,8377.821059746468
CASE_EY,11071,E1-P2-V-023,A-V-1071,SOL_2_beam_0193,beam,P2,126,898,-162.3038610903077,-4311.2890882297515,11047.644255127121,-42154.92634645807,-40412.320176327834,8543.161634637472,162.3038610903077,4311.2890882297515,-11047.644255127121,42154.92634645807,-11617.27562047197,-28847.456690087412
CASE_EY,11072,E1-P2-V-073,A-V-1072,SOL_2_beam_0194,beam,P2,899,148,4429.634336285653,3825.626960924663,-3761.3104927373715,9335.774421859998,778.9376682642542,14851.34427473885,-4429.634336285653,-3825.626960924663,3761.3104927373715,-9335.774421859998,16935.1975884503,3165.693552477058
CASE_EY,11073,E1-P2-V-058,A-V-1073,SOL_2_beam_0195,beam,P2,134,900,-965.3962398961538,10101.39628237002,2051.119619516463,-8967.41579881479,-5823.436050496259,25378.861059940195,965.3962398961538,-10101.39628237002,-2051.119619516463,8967.41579881479,-3836.4445783355377,22194.318653109935
CASE_EY,11074,E1-P2-V-072,A-V-1074,SOL_2_beam_0196,beam,P2,899,148,4429.634336285653,3825.626960924663,-3761.3104927373715,9335.774421859998,778.9376682642542,14851.34427473885,-4429.634336285653,-3825.626960924663,3761.3104927373715,-9335.774421859998,16935.1975884503,3165.693552477058
CASE_EY,11075,E1-P2-V-057,A-V-1075,SOL_2_beam_0197,beam,P2,134,900,-965.3962398961538,10101.39628237002,2051.119619516463,-8967.41579881479,-5823.436050496259,25378.861059940195,965.3962398961538,-10101.39628237002,-2051.119619516463,8967.41579881479,-3836.4445783355377,22194.318653109935
CASE_EY,11076,E1-P2-V-095,A-V-1076,SOL_2_beam_0198,beam,P2,901,142,-3295.540276055645,24435.319967382475,-796.2160459076482,7959.895034452966,50.83538001837269,51549.58260891698,3295.540276055645,-24435.319967382475,796.2160459076482,-7959.895034452966,3698.9449969130183,63528.584665745395
CASE_EY,11077,E1-P2-V-085,A-V-1077,SOL_2_beam_0199,beam,P2,148,902,-142.29433038760263,24330.72303781057,3370.821638460954,-5875.166421529451,-13216.151140159347,61183.18254567338,142.29433038760263,-24330.72303781057,-3370.821638460954,5875.166421529451,-2658.951578760689,53403.93266793128
CASE_EY,11078,E1-P2-V-094,A-V-1078,SOL_2_beam_0200,beam,P2,901,142,-3295.540276055645,24435.319967382475,-796.2160459076482,7959.895034452966,50.83538001837269,51549.58260891698,3295.540276055645,-24435.319967382475,796.2160459076482,-7959.895034452966,3698.9449969130183,63528.584665745395
CASE_EY,11079,E1-P2-V-084,A-V-1079,SOL_2_beam_0201,beam,P2,148,902,-142.29433038760263,24330.72303781057,3370.821638460954,-5875.166421529451,-13216.151140159347,61183.18254567338,142.29433038760263,-24330.72303781057,-3370.821638460954,5875.166421529451,-2658.951578760689,53403.93266793128
CASE_EY,11080,E1-P2-V-105,A-V-1080,SOL_2_beam_0202,beam,P2,142,158,1726.342790163704,3604.1388816560084,-12123.191233666548,816.2330018921281,29621.020652957544,4873.455988318208,-1726.342790163704,-3604.1388816560084,12123.191233666548,-816.2330018921281,30994.93551537519,13147.238419961832
CASE_EY,11081,E1-P2-V-104,A-V-1081,SOL_2_beam_0203,beam,P2,142,158,1726.342790163704,3604.1388816560084,-12123.191233666548,816.2330018921281,29621.020652957544,4873.455988318208,-1726.342790163704,-3604.1388816560084,12123.191233666548,-816.2330018921281,30994.93551537519,13147.238419961832
CASE_EY,11082,E1-P2-V-008,A-V-1082,SOL_2_beam_0204,beam,P2,130,122,152643.34054860592,-49894.04998037926,-110960.6578310383,25330.745153142652,566046.8497628868,-257790.39657986298,-152643.34054860592,49894.04998037926,110960.6578310383,-25330.745153142652,543559.7285474961,-241150.1032239296
CASE_EY,11083,E1-P2-V-007,A-V-1083,SOL_2_beam_0205,beam,P2,32,122,-129651.8970158224,-38067.054152528064,-194180.04900171954,27652.916002997335,993890.1255813264,-181900.9635948012,129651.8970158224,38067.054152528064,194180.04900171954,-27652.916002997335,952107.8838837545,-199592.45958567737
CASE_EY,11084,E1-P2-V-039,A-V-1084,SOL_2_beam_0206,beam,P2,903,150,-1163.0261136054644,-24171.317316506196,5737.272234491197,5618.518633280996,1805.912999874101,2287.8894488008955,1163.0261136054644,24171.317316506196,-5737.272234491197,-5618.518633280996,-28825.60313621647,-116122.73593785259
CASE_EY,11085,E1-P2-V-022,A-V-1085,SOL_2_beam_0207,beam,P2,122,904,-6401.985175741404,7074.934123572328,-19357.32597024754,-52478.242628678505,77622.38315008266,59671.54238549136,6401.985175741404,-7074.934123572328,19357.32597024754,52478.242628678505,13542.196617360816,-26351.682129525994
CASE_EY,11086,E1-P2-V-031,A-V-1086,SOL_2_beam_0208,beam,P2,122,150,279242.8662206397,39309.06777738309,13065.859688873823,-36582.66348451682,-89992.9921853335,240440.74802348617,-279242.8662206397,-39309.06777738309,-13065.859688873823,36582.66348451682,-40665.605356697735,152649.93171579816
CASE_EY,11087,E1-P2-V-071,A-V-1087,SOL_2_beam_0209,beam,P2,905,146,-7543.721084346397,4176.767886882415,5740.73630609772,17230.70469253708,1585.7348777412953,28754.81580874933,7543.721084346397,-4176.767886882415,-5740.73630609772,-17230.70469253708,-28621.739063268164,-9084.322678489709
CASE_EY,11088,E1-P2-V-056,A-V-1088,SOL_2_beam_0210,beam,P2,150,906,4634.941268767867,-16160.384802475177,-2667.725655214149,2515.408653822244,6774.016755516348,-92386.24194298964,-4634.941268767867,16160.384802475177,2667.725655214149,-2515.408653822244,5789.640262416608,16278.891271724293
CASE_EY,11089,E1-P2-V-063,A-V-1089,SOL_2_beam_0211,beam,P2,150,146,210977.10483807127,6162.238300495979,37400.410254719834,5865.644604584689,-186717.53074587078,17388.692528432737,-210977.10483807127,-6162.238300495979,-37400.410254719834,-5865.644604584689,-187286.57180132755,44233.69047652705
CASE_EY,11090,E1-P2-V-093,A-V-1090,SOL_2_beam_0212,beam,P2,907,144,-16271.255719109311,27666.73144466461,4586.247601278663,13884.500143259678,3312.4041629550848,62741.461592838255,16271.255719109311,-27666.73144466461,-4586.247601278663,-13884.500143259678,-24911.342475507117,67555.04172212651
CASE_EY,11091,E1-P2-V-083,A-V-1091,SOL_2_beam_0213,beam,P2,146,908,16161.303831394152,23121.2391855334,-2709.2353247995698,-10357.056758569974,8270.630712306118,46538.41952117023,-16161.303831394152,-23121.2391855334,2709.2353247995698,10357.056758569974,4488.516141914778,62351.08281160041
CASE_EY,11092,E1-P2-V-089,A-V-1092,SOL_2_beam_0214,beam,P2,146,144,165401.67026312792,4450.628893982538,41000.557734703034,-6333.738257136248,-204647.72482387576,18063.249164017416,-165401.67026312792,-4450.628893982538,-41000.557734703034,6333.738257136248,-205357.85252315455,26443.03977580796
CASE_EY,11093,E1-P2-V-103,A-V-1093,SOL_2_beam_0215,beam,P2,144,152,40166.06927431244,4865.803892294999,13556.090470069508,1381.643028399938,-30073.28384514755,6279.463047527637,-40166.06927431244,-4865.803892294999,-13556.090470069508,-1381.643028399938,-37707.16850519998,18049.556413947357
CASE_EY,11094,E1-P2-V-102,A-V-1094,SOL_2_beam_0216,beam,P2,144,152,40166.06927431244,4865.803892294999,13556.090470069508,1381.643028399938,-30073.28384514755,6279.463047527637,-40166.06927431244,-4865.803892294999,-13556.090470069508,-1381.643028399938,-37707.16850519998,18049.556413947357
CASE_EY,11095,E1-P2-V-012,A-V-1095,SOL_2_beam_0217,beam,P2,132,124,-163108.7568954468,-10148.283610593991,-21061.47316893299,9560.26738906304,117670.42107446297,-37446.68216306857,163108.7568954468,10148.283610593991,21061.47316893299,-9560.26738906304,92937.42024120862,-64032.833877579294
CASE_EY,11096,E1-P2-V-011,A-V-1096,SOL_2_beam_0218,beam,P2,132,161,128260.57761406217,-48200.35845162781,42071.42190060942,38947.25020587605,-214843.27455428743,-237606.84667764234,-128260.57761406217,48200.35845162781,-42071.42190060942,-38947.25020587605,-205870.94445180678,-244396.7378386358
CASE_EY,11097,E1-P2-V-027,A-V-1097,SOL_2_beam_0219,beam,P2,124,159,-204431.77315586348,-7794.026957004476,-19610.216903618555,2365.385844650184,50222.59458118764,-17332.770668472127,204431.77315586348,7794.026957004476,19610.216903618555,-2365.385844650184,96695.15199536794,-41059.28500882796
CASE_EY,11098,E1-P2-V-035,A-V-1098,SOL_2_beam_0220,beam,P2,909,159,3198.405002746046,13803.129615403897,2554.778604325901,5386.138911699147,-2879.0406966420323,5992.711670724693,-3198.405002746046,-13803.129615403897,-2554.778604325901,-5386.138911699147,-2768.5232077640976,24520.32630908222
CASE_EY,11099,E1-P2-V-025,A-V-1099,SOL_2_beam_0221,beam,P2,161,910,6474.727230743393,2391.6858941634578,-2737.962539998301,-16849.105553326222,10854.514160083269,32075.71465432391,-6474.727230743393,-2391.6858941634578,2737.962539998301,16849.105553326222,2040.272364167,-20811.762504592327
CASE_EY,11100,E1-P2-V-064,A-V-1100,SOL_2_beam_0222,beam,P2,136,138,-161817.09719029293,7088.943353872551,15433.73738120848,-5661.128088049372,-79228.41699078384,32794.49176827296,161817.09719029293,-7088.943353872551,-15433.73738120848,5661.128088049372,-75134.77298973079,38106.799517613385
CASE_EY,11101,E1-P2-V-074,A-V-1101,SOL_2_beam_0223,beam,P2,911,138,-2810.073831599033,-11562.703306582309,1781.8846798189738,3152.390885110809,-1057.5484815198856,-7548.411019783671,2810.073831599033,11562.703306582309,-1781.8846798189738,-3152.390885110809,-7334.466464423082,-46907.62649112914
CASE_EY,11102,E1-P2-V-059,A-V-1102,SOL_2_beam_0224,beam,P2,168,912,-2164.051227767496,-4352.461062702702,-1434.5135838448186,1360.65083732918,5944.734303516199,-26341.483871518558,2164.051227767496,4352.461062702702,1434.5135838448186,-1360.65083732918,811.2918142946041,5843.009024343461
CASE_EY,11103,E1-P2-V-086,A-V-1103,SOL_2_beam_0225,beam,P2,138,913,-88457.53210635921,10789.179682135038,7072.642216583304,-8450.043251491892,-37342.32218815473,14751.896680614467,88457.53210635921,-10789.179682135038,-7072.642216583304,8450.043251491892,4032.80454029877,36061.13189098755
CASE_EY,11104,E1-P2-V-013,A-V-1104,SOL_2_beam_0226,beam,P2,122,126,15143.856918094143,28857.972780149616,-161741.62173317582,-9459.904705910298,703944.7254749765,137200.51061619216,-15143.856918094143,-28857.972780149616,161741.62173317582,9459.904705910298,735555.7079502885,119635.44712713943
CASE_EY,11105,E1-P2-V-019,A-V-1105,SOL_2_beam_0227,beam,P2,122,126,15143.856918094143,28857.972780149616,-161741.62173317582,-9459.904705910298,703944.7254749765,137200.51061619216,-15143.856918094143,-28857.972780149616,161741.62173317582,9459.904705910298,735555.7079502885,119635.44712713943
CASE_EY,11106,E1-P2-V-014,A-V-1106,SOL_2_beam_0228,beam,P2,126,161,-153161.75932507805,28331.7299010934,-97237.31608173974,-5413.648922262344,380164.1394149724,98766.86369220927,153161.75932507805,-28331.7299010934,97237.31608173974,5413.648922262344,324903.6394937227,106666.50982061902
CASE_EY,11107,E1-P2-V-020,A-V-1107,SOL_2_beam_0229,beam,P2,126,161,-153161.75932507805,28331.7299010934,-97237.31608173974,-5413.648922262344,380164.1394149724,98766.86369220927,153161.75932507805,-28331.7299010934,97237.31608173974,5413.648922262344,324903.6394937227,106666.50982061902
CASE_EY,11108,E1-P2-V-015,A-V-1108,SOL_2_beam_0231,beam,P2,124,156,-3753.177411469228,12854.232960310732,316.3165785503001,-1856.0973199908087,-3407.44906751076,36145.08695729505,3753.177411469228,-12854.232960310732,-316.3165785503001,1856.0973199908087,2140.9174474952865,15323.263420963056
CASE_EY,11109,E1-P2-V-021,A-V-1109,SOL_2_beam_0232,beam,P2,124,156,-3753.177411469228,12854.232960310732,316.3165785503001,-1856.0973199908087,-3407.44906751076,36145.08695729505,3753.177411469228,-12854.232960310732,-316.3165785503001,1856.0973199908087,2140.9174474952865,15323.263420963056
CASE_EY,11110,E1-P2-V-026,A-V-1110,SOL_2_beam_0234,beam,P2,155,156,-11344.870006603016,-2899.9813477075695,-313.7813537152828,3846.4166277463787,-2434.2066306314864,-5500.038748540204,11344.870006603016,2899.9813477075695,313.7813537152828,-3846.4166277463787,4784.428969958955,-16220.821545789498
CASE_EY,11111,E1-P2-V-028,A-V-1111,SOL_2_beam_0235,beam,P2,155,156,-11344.870006603016,-2899.9813477075695,-313.7813537152828,3846.4166277463787,-2434.2066306314864,-5500.038748540204,11344.870006603016,2899.9813477075695,313.7813537152828,-3846.4166277463787,4784.428969958955,-16220.821545789498
CASE_EY,11112,E1-P2-V-048,A-V-1112,SOL_2_beam_0236,beam,P2,150,134,244314.20823654803,-24455.41238182917,-23689.411985320046,-4984.234106294958,71504.02820551288,-129539.04775563246,-244314.20823654803,24455.41238182917,23689.411985320046,4984.234106294958,139308.0490518502,-88089.66703026532
CASE_EY,11113,E1-P2-V-051,A-V-1113,SOL_2_beam_0237,beam,P2,150,134,244314.20823654803,-24455.41238182917,-23689.411985320046,-4984.234106294958,71504.02820551288,-129539.04775563246,-244314.20823654803,24455.41238182917,23689.411985320046,4984.234106294958,139308.0490518502,-88089.66703026532
CASE_EY,11114,E1-P2-V-049,A-V-1114,SOL_2_beam_0238,beam,P2,134,168,12754.812909803171,-9251.62142355224,-9183.295965123512,-221.1310868750914,51378.1357670413,-24130.552739359387,-12754.812909803171,9251.62142355224,9183.295965123512,221.1310868750914,15209.943276069309,-42952.95420281792
CASE_EY,11115,E1-P2-V-052,A-V-1115,SOL_2_beam_0239,beam,P2,134,168,12754.812909803171,-9251.62142355224,-9183.295965123512,-221.1310868750914,51378.1357670413,-24130.552739359387,-12754.812909803171,9251.62142355224,9183.295965123512,221.1310868750914,15209.943276069309,-42952.95420281792
CASE_EY,11116,E1-P2-V-036,A-V-1116,SOL_2_beam_0240,beam,P2,897,159,-575.1675003630381,-117.76777609160932,-4828.952844094036,-1234.467095996695,4714.982901333999,-3500.320019732426,575.1675003630381,117.76777609160932,4828.952844094036,1234.467095996695,28882.315876363245,2680.9541473624163
CASE_EY,11117,E1-P2-V-042,A-V-1117,SOL_2_beam_0241,beam,P2,897,159,-575.1675003630381,-117.76777609160932,-4828.952844094036,-1234.467095996695,4714.982901333999,-3500.320019732426,575.1675003630381,117.76777609160932,4828.952844094036,1234.467095996695,28882.315876363245,2680.9541473624163
CASE_EY,11118,E1-P2-V-076,A-V-1118,SOL_2_beam_0242,beam,P2,146,148,13827.155216206376,-16111.763251004753,-32156.399377174403,-4091.512963543996,148810.6843236225,-75042.30311958527,-13827.155216206376,16111.763251004753,32156.399377174403,4091.512963543996,137349.11373385251,-68336.27805110603
CASE_EY,11119,E1-P2-V-080,A-V-1119,SOL_2_beam_0243,beam,P2,146,148,13827.155216206376,-16111.763251004753,-32156.399377174403,-4091.512963543996,148810.6843236225,-75042.30311958527,-13827.155216206376,16111.763251004753,32156.399377174403,4091.512963543996,137349.11373385251,-68336.27805110603
CASE_EY,11120,E1-P2-V-077,A-V-1120,SOL_2_beam_0244,beam,P2,148,138,-40292.674690369204,-11681.611523144322,-19183.697777291593,2030.340904807729,73655.24843053293,-33989.14739221682,40292.674690369204,11681.611523144322,19183.697777291593,-2030.340904807729,65445.74415260843,-50714.21776210267
CASE_EY,11121,E1-P2-V-081,A-V-1121,SOL_2_beam_0245,beam,P2,148,138,-40292.674690369204,-11681.611523144322,-19183.697777291593,2030.340904807729,73655.24843053293,-33989.14739221682,40292.674690369204,11681.611523144322,19183.697777291593,-2030.340904807729,65445.74415260843,-50714.21776210267
CASE_EY,11122,E1-P2-V-097,A-V-1122,SOL_2_beam_0247,beam,P2,144,142,17203.89209033852,-11499.316350154524,-22098.481206159802,-4883.232085304061,102437.36491223035,-51364.759238762046,-17203.89209033852,11499.316350154524,22098.481206159802,4883.232085304061,94239.11782259188,-50979.15627761322
CASE_EY,11123,E1-P2-V-100,A-V-1123,SOL_2_beam_0248,beam,P2,144,142,17203.89209033852,-11499.316350154524,-22098.481206159802,-4883.232085304061,102437.36491223035,-51364.759238762046,-17203.89209033852,11499.316350154524,22098.481206159802,4883.232085304061,94239.11782259188,-50979.15627761322
CASE_EY,11124,E1-P2-V-098,A-V-1124,SOL_2_beam_0249,beam,P2,142,140,-17402.17734128388,-3101.832303680646,-8415.757524175844,2975.877062375766,34739.94810199432,-9754.60486237601,17402.17734128388,3101.832303680646,8415.757524175844,-2975.877062375766,26274.293948280556,-12733.679339308675
CASE_EY,11125,E1-P2-V-101,A-V-1125,SOL_2_beam_0250,beam,P2,142,140,-17402.17734128388,-3101.832303680646,-8415.757524175844,2975.877062375766,34739.94810199432,-9754.60486237601,17402.17734128388,3101.832303680646,8415.757524175844,-2975.877062375766,26274.293948280556,-12733.679339308675
CASE_EY,11126,E1-P2-V-001,A-V-1126,SOL_2_beam_0251,beam,P2,130,914,-268018.4184652659,43776.93410112226,-92562.85644240926,17226.44723685719,515761.7098549706,150901.5386684181,268018.4184652659,-43776.93410112226,92562.85644240926,-17226.44723685719,-162836.14313992974,16012.057891755554
CASE_EY,11127,E1-P2-V-004,A-V-1127,SOL_2_beam_0252,beam,P2,130,914,-268018.4184652659,43776.93410112226,-92562.85644240926,17226.44723685719,515761.7098549706,150901.5386684181,268018.4184652659,-43776.93410112226,92562.85644240926,-17226.44723685719,-162836.14313992974,16012.057891755554
CASE_EY,11128,E1-P2-V-002,A-V-1128,SOL_2_beam_0253,beam,P2,914,128,-542978.7564494206,13237.84077944538,-185125.71288481742,-10521.278145379802,327320.5503700555,-32024.115783509216,542978.7564494206,-13237.84077944538,185125.71288481742,10521.278145379802,618267.8307323791,99640.59237590883
CASE_EY,11129,E1-P2-V-005,A-V-1129,SOL_2_beam_0254,beam,P2,915,128,0.0,-1.061823373219826e-09,7.777026659324894e-10,-1.0046897759069948e-11,-1.5268409204244765e-10,4.922082730138758e-10,0.0,1.061823373219826e-09,-7.777026659324894e-10,1.0046897759069948e-11,-3.664418209018744e-09,-5.703825281396092e-09
CASE_EY,11130,E1-P2-V-003,A-V-1130,SOL_2_beam_0255,beam,P2,128,132,-121147.72906469181,40938.25856108765,-31120.963369883582,-5469.673910060694,101316.94478138784,150004.6664698885,121147.72906469181,-40938.25856108765,31120.963369883582,5469.673910060694,124341.1606136381,146838.64635655808
CASE_EY,11131,E1-P2-V-006,A-V-1131,SOL_2_beam_0256,beam,P2,128,132,-121147.72906469181,40938.25856108765,-31120.963369883582,-5469.673910060694,101316.94478138784,150004.6664698885,121147.72906469181,-40938.25856108765,31120.963369883582,5469.673910060694,124341.1606136381,146838.64635655808
CASE_EY,11132,E1-P2-V-108,A-V-1132,SOL_2_beam_0258,beam,P2,152,158,18914.745267563976,-7675.689270096619,-16617.798895670025,-5682.4185929752175,79054.01849686258,-33367.50891936501,-18914.745267563976,7675.689270096619,16617.798895670025,5682.4185929752175,68844.39167460063,-34946.12558449489
CASE_EY,11133,E1-P2-V-111,A-V-1133,SOL_2_beam_0259,beam,P2,152,158,18914.745267563976,-7675.689270096619,-16617.798895670025,-5682.4185929752175,79054.01849686258,-33367.50891936501,-18914.745267563976,7675.689270096619,16617.798895670025,5682.4185929752175,68844.39167460063,-34946.12558449489
CASE_EY,11134,E1-P2-V-109,A-V-1134,SOL_2_beam_0260,beam,P2,158,154,-17288.873526355823,2111.507620817388,-15224.071591797425,3682.4712541209774,59729.66203191881,8580.96116420807,17288.873526355823,-2111.507620817388,15224.071591797425,-3682.4712541209774,50644.85700861252,6727.469086717994
CASE_EY,11135,E1-P2-V-112,A-V-1135,SOL_2_beam_0261,beam,P2,158,154,-17288.873526355823,2111.507620817388,-15224.071591797425,3682.4712541209774,59729.66203191881,8580.96116420807,17288.873526355823,-2111.507620817388,15224.071591797425,-3682.4712541209774,50644.85700861252,6727.469086717994
CASE_EY,11136,E1-P2-V-029,A-V-1136,SOL_2_beam_0262,beam,P2,904,898,6652.75807560753,6839.657669148058,-19357.325970250302,-16857.565687104445,51509.0236533853,26351.68212952269,-6652.75807560753,-6839.657669148058,19357.325970250302,16857.565687104445,120771.1774818424,34521.27112589502
CASE_EY,11137,E1-P2-V-032,A-V-1137,SOL_2_beam_0263,beam,P2,903,896,24048.714116682124,-2695.2847511222585,-5737.272234390693,-1445.5573581481017,5721.838631067643,-2287.8894488015612,-24048.714116682124,2695.2847511222585,5737.272234390693,1445.5573581481017,45339.88425500952,-21700.14483618654
CASE_EY,11138,E1-P2-V-030,A-V-1138,SOL_2_beam_0264,beam,P2,898,910,-1972.9859210653833,6614.346580281826,2737.962540001297,959.2474863173643,-35152.506616119565,23173.642254281847,1972.9859210653833,-6614.346580281826,-2737.962540001297,-959.2474863173643,16945.055725110942,20811.762504592287
CASE_EY,11139,E1-P2-V-033,A-V-1139,SOL_2_beam_0265,beam,P2,896,909,14110.077660944855,-1289.1431817028722,2554.7786043735505,-2118.834672611043,-22717.27102731901,-2580.0904875994875,-14110.077660944855,1289.1431817028722,-2554.7786043735505,2118.834672611043,5727.993308234902,-5992.7116707246105
CASE_EY,11140,E1-P2-V-060,A-V-1140,SOL_2_beam_0266,beam,P2,906,900,-15833.515885152377,-5651.592009539227,-2667.725655160827,-5618.260034763318,-2877.910569472544,-16278.891271725503,15833.515885152377,5651.592009539227,2667.725655160827,5618.260034763318,26620.668900403907,-34020.27761317362
CASE_EY,11141,E1-P2-V-067,A-V-1141,SOL_2_beam_0267,beam,P2,905,899,-4647.282379985133,-7263.324601029543,-5740.736306081296,-488.58109457032396,17296.61897099042,-28754.81580874668,4647.282379985133,7263.324601029543,5740.736306081296,488.58109457032396,33795.934153133116,-35888.773140416255
CASE_EY,11142,E1-P2-V-061,A-V-1142,SOL_2_beam_0268,beam,P2,900,912,4205.254703257048,-2437.799807126227,1434.5135838601066,896.5945810605984,-8233.49723697647,-10368.359693045939,-4205.254703257048,2437.799807126227,-1434.5135838601066,-896.5945810605984,-1306.018095693239,-5843.009024343468
CASE_EY,11143,E1-P2-V-068,A-V-1143,SOL_2_beam_0269,beam,P2,899,911,-11718.660458366105,2065.337685822828,1781.8846798541852,-853.9119744135339,-15063.06877872096,6186.08459093829,11718.660458366105,-2065.337685822828,-1781.8846798541852,853.9119744135339,3213.5356576906306,7548.411019783515
CASE_EY,11144,E1-P2-V-087,A-V-1144,SOL_2_beam_0270,beam,P2,908,902,24100.65325648766,-14660.762450071195,-2709.2353248429185,-5137.016663057898,10051.192051969709,-62351.08281160027,-24100.65325648766,14660.762450071195,2709.2353248429185,5137.016663057898,14061.002339132268,-68129.70299403337
CASE_EY,11145,E1-P2-V-091,A-V-1145,SOL_2_beam_0271,beam,P2,907,901,-28643.955952501157,-14481.90522338105,-4586.247601295871,-2424.213028194915,14066.789141833871,-62741.461592838175,28643.955952501157,14481.90522338105,4586.247601295871,2424.213028194915,26750.81450969939,-66147.49489525317
CASE_EY,11146,E1-P2-V-088,A-V-1146,SOL_2_beam_0272,beam,P2,902,913,72645.14362584666,-11277.010145445482,4032.4079525639345,-578.4117404878423,-1995.782197100607,-38678.16234182805,-72645.14362584666,11277.010145445482,-4032.4079525639345,578.4117404878423,-24819.73068744955,-36313.9551253844
CASE_EY,11147,E1-P2-V-092,A-V-1147,SOL_2_beam_0273,beam,P2,901,913,-79133.1927100231,-10890.0619360729,-2993.815509484097,-2484.41106966228,-10676.630034433936,-36951.67032258134,79133.1927100231,10890.0619360729,2993.815509484097,2484.41106966228,30666.37452748519,-35761.41267334222
CASE_EY,11148,E1-P2-V-038,A-V-1148,SOL_2_beam_0274,beam,P2,916,155,-5.7927280308972397e-08,1.2694200051862764e-08,-1.020069647024686e-08,-3.859369519946292e-11,-6.516819034759397e-10,1.4597674637861044e-08,5.7927280308972397e-08,-1.2694200051862764e-08,1.020069647024686e-08,3.859369519946292e-11,2.4112230428609754e-08,1.4597674637861044e-08
CASE_EY,11149,E1-P2-V-041,A-V-1149,SOL_2_beam_0275,beam,P2,155,916,-5.7927280308972397e-08,1.2694200051862764e-08,1.020069647024686e-08,-3.859369519946292e-11,-2.4112230428609754e-08,1.4597674637861044e-08,5.7927280308972397e-08,-1.2694200051862764e-08,-1.020069647024686e-08,3.859369519946292e-11,6.516819034759397e-10,1.4597674637861044e-08
CASE_EY,11150,E1-P2-V-016,A-V-1150,SOL_2_beam_0276,beam,P2,917,124,3.871826114825412e-08,3.492705163319245e-09,-2.0254089220279136e-09,-3.4423067344818097e-09,-3.745991766093585e-08,2.8496640205115037e-09,-3.871826114825412e-08,-3.492705163319245e-09,2.0254089220279136e-09,3.4423067344818097e-09,4.094456116427872e-08,3.1594101096975367e-09
CASE_EY,11151,E1-P2-V-018,A-V-1151,SOL_2_beam_0277,beam,P2,124,917,3.871826114825412e-08,3.492705163319245e-09,2.0254089220279136e-09,-3.4423067344818097e-09,-4.094456116427872e-08,3.1594101096975367e-09,-3.871826114825412e-08,-3.492705163319245e-09,-2.0254089220279136e-09,3.4423067344818097e-09,3.745991766093585e-08,2.8496640205115037e-09
CASE_EY,11152,E1-P2-V-062,A-V-1152,SOL_2_beam_0278,beam,P2,918,919,0.0,3.16570610719582e-10,-3.7098118443701e-10,-0.0,2.4855739357279647e-10,3.535038486368663e-11,0.0,-3.16570610719582e-10,3.7098118443701e-10,0.0,4.971147871455929e-10,6.009565426826726e-10
CASE_EY,11153,E1-P2-V-069,A-V-1153,SOL_2_beam_0279,beam,P2,919,918,0.0,3.16570610719582e-10,3.7098118443701e-10,-0.0,-4.971147871455929e-10,6.009565426826726e-10,0.0,-3.16570610719582e-10,-3.7098118443701e-10,0.0,-2.4855739357279647e-10,3.535038486368663e-11
CASE_EY,11154,E1-P2-V-090,A-V-1154,SOL_2_beam_0282,beam,P2,138,140,-9869.343663661268,2077.816010867204,7047.87630079983,-5904.448366989533,-34946.77944151671,4027.677520235332,9869.343663661268,-2077.816010867204,-7047.87630079983,5904.448366989533,-35531.98356648158,16750.48258843671
CASE_EY,11155,E1-P2-V-096,A-V-1155,SOL_2_beam_0283,beam,P2,913,140,-57622.46200071417,14521.887581724919,8111.2346596632015,-2954.6855124178483,-3619.8682108073517,36014.235907738796,57622.46200071417,-14521.887581724919,-8111.2346596632015,2954.6855124178483,-39438.94853757642,41075.79076004931
CASE_EY,11156,E1-P2-V-106,A-V-1156,SOL_2_beam_0284,beam,P2,140,154,-17124.926586323807,-599.5210866741553,12013.538959611687,674.4533443288449,-27476.970721056794,-6451.741172103077,17124.926586323807,599.5210866741553,-12013.538959611687,-674.4533443288449,-32590.724077001636,3454.1357387323005
CASE_EY,11157,E1-P2-V-070,A-V-1157,SOL_2_beam_0285,beam,P2,920,919,3841.6404781879687,4239.032013991922,-2802.5628998006273,-5359.423746298549,9427.882996972496,16965.79687506258,-3841.6404781879687,-4239.032013991922,2802.5628998006273,5359.423746298549,4584.931502030639,4229.363194897027
CASE_EY,11158,E1-P2-V-075,A-V-1158,SOL_2_beam_0287,beam,P2,921,919,9898.755002898763,980.4398412138789,-1078.5314635315817,-5011.964299430545,8178.340666581905,7952.166683561342,-9898.755002898763,-980.4398412138789,1078.5314635315817,5011.964299430545,-2129.903909396031,-2453.830682876036
CASE_EY,11159,E1-P2-V-054,A-V-1159,SOL_2_beam_0288,beam,P2,919,922,6836.886708551995,2873.799567978488,-1940.5471816662775,-5239.075095982728,-1363.0954835163811,-887.7662560108984,-6836.886708551995,-2873.799567978488,1940.5471816662775,5239.075095982728,11065.831391847769,15256.764095903338
CASE_EY,11160,E1-P2-V-055,A-V-1160,SOL_2_beam_0289,beam,P2,919,922,6836.886708551995,2873.799567978488,-1940.5471816662775,-5239.075095982728,-1363.0954835163811,-887.7662560108984,-6836.886708551995,-2873.799567978488,1940.5471816662775,5239.075095982728,11065.831391847769,15256.764095903338
CASE_EY,11161,E1-P2-V-078,A-V-1161,SOL_2_beam_0290,beam,P2,138,920,-3708.7293198814837,4355.791639984655,-2802.5628998017755,-10039.827655514571,2425.476311439824,27107.85434340338,3708.7293198814837,-4355.791639984655,2802.5628998017755,10039.827655514571,4100.0318711621485,-16965.796875062693
CASE_EY,11162,E1-P2-V-082,A-V-1162,SOL_2_beam_0291,beam,P2,921,138,-2621.854461047974,9595.441213169244,1078.5314635337834,-7225.118761644077,-6308.938189395024,-7952.166683563853,2621.854461047974,-9595.441213169244,-1078.5314635337834,7225.118761644077,3476.5081905591287,33151.63138457259
CASE_EY,11163,E1-P2-V-107,A-V-1163,SOL_2_beam_0292,beam,P2,140,154,-17124.926586323807,-599.5210866741553,12013.538959611687,674.4533443288449,-27476.970721056794,-6451.741172103077,17124.926586323807,599.5210866741553,-12013.538959611687,-674.4533443288449,-32590.724077001636,3454.1357387323005
CASE_EY,11164,E1-P2-V-047,A-V-1164,SOL_2_beam_0293,beam,P2,159,136,-219805.85563102504,30093.803621168572,-572.6170177127332,8665.782164747434,39134.35529016913,87446.51128139572,219805.85563102504,-30093.803621168572,572.6170177127332,-8665.782164747434,-37696.124513279305,-11860.5031419093
CASE_EY,11165,E1-P2-V-043,A-V-1165,SOL_2_beam_0294,beam,P2,159,155,6287.839142176098,-7799.472586406443,4583.888891392055,9534.151468412947,-21314.374293833527,-37266.51384292482,-6287.839142176098,7799.472586406443,-4583.888891392055,-9534.151468412947,2428.752061298259,5132.686786930266
CASE_EY,11166,E1-P2-V-037,A-V-1166,SOL_2_beam_0295,beam,P2,159,155,6287.839142176098,-7799.472586406443,4583.888891392055,9534.151468412947,-21314.374293833527,-37266.51384292482,-6287.839142176098,7799.472586406443,-4583.888891392055,-9534.151468412947,2428.752061298259,5132.686786930266
CASE_EY,11167,E1-P2-V-046,A-V-1167,SOL_2_beam_0296,beam,P2,159,168,22466.33920023839,-32633.1541723224,158056.57766221475,-6227.775956390915,-197767.22347365075,-6936.262826727376,-22466.33920023839,32633.1541723224,-158056.57766221475,6227.775956390915,-198954.786458508,-74972.95414580179
CASE_EY,11168,E1-P2-V-045,A-V-1168,SOL_2_beam_0297,beam,P2,897,134,-9709.792771058519,6465.051301446912,3158.5141839503867,18564.448093188414,-6809.057420971969,7593.037205868794,9709.792771058519,-6465.051301446912,-3158.5141839503867,-18564.448093188414,-2116.805308031225,10676.996452965337
CASE_EY,11169,E1-P2-V-050,A-V-1169,SOL_2_beam_0298,beam,P2,136,922,1923.8393823340841,-7162.442729483491,1940.5471816744448,-10256.627404816849,2390.972370327562,-595.7945269006832,-1923.8393823340841,7162.442729483491,-1940.5471816744448,10256.627404816849,-6685.964891689019,-15256.764095903376
CASE_EY,11170,E1-P2-V-053,A-V-1170,SOL_2_beam_0299,beam,P2,922,136,1923.8393823340841,-7162.442729483491,-1940.5471816744448,-10256.627404816849,6685.964891689019,-15256.764095903376,-1923.8393823340841,7162.442729483491,1940.5471816744448,10256.627404816849,-2390.972370327562,-595.7945269006832
CASE_EY,11171,E1-P3-V-010,A-V-1171,SOL_3_beam_0300,beam,P3,164,163,-10664.428703519301,-62246.83959693671,-32660.83377385717,36199.62637317623,163735.31899022977,-306015.29281490494,10664.428703519301,62246.83959693671,32660.83377385717,-36199.62637317623,162873.01874834188,-316453.1031544621
CASE_EY,11172,E1-P3-V-009,A-V-1172,SOL_3_beam_0301,beam,P3,164,163,-10664.428703519301,-62246.83959693671,-32660.83377385717,36199.62637317623,163735.31899022977,-306015.29281490494,10664.428703519301,62246.83959693671,32660.83377385717,-36199.62637317623,162873.01874834188,-316453.1031544621
CASE_EY,11173,E1-P3-V-044,A-V-1173,SOL_3_beam_0302,beam,P3,923,167,-9.045445852103622,11816.345206149053,-6489.9210138189455,3773.1056660777062,1914.369141942083,27306.135796712086,9.045445852103622,-11816.345206149053,6489.9210138189455,-3773.1056660777062,28650.33400239097,28343.70689134014
CASE_EY,11174,E1-P3-V-034,A-V-1174,SOL_3_beam_0303,beam,P3,924,925,-1771.7999924499666,-8117.792892553172,2207.724934254394,-25600.068268068368,-26738.871803921513,-54.63849263049815,1771.7999924499666,8117.792892553172,-2207.724934254394,25600.068268068368,21881.87694856184,-17804.5058709865
CASE_EY,11175,E1-P3-V-023,A-V-1175,SOL_3_beam_0304,beam,P3,163,926,2821.0596304578403,58444.449793590546,-7330.671173655579,-23659.080512049226,15742.148501770964,133911.50287912562,-2821.0596304578403,-58444.449793590546,7330.671173655579,23659.080512049226,-1641.3209562621632,-21491.359073847416
CASE_EY,11176,E1-P3-V-043,A-V-1176,SOL_3_beam_0305,beam,P3,923,167,-9.045445852103622,11816.345206149053,-6489.9210138189455,3773.1056660777062,1914.369141942083,27306.135796712086,9.045445852103622,-11816.345206149053,6489.9210138189455,-3773.1056660777062,28650.33400239097,28343.70689134014
CASE_EY,11177,E1-P3-V-033,A-V-1177,SOL_3_beam_0306,beam,P3,163,925,1278.6811958745143,21551.09993287547,9404.076655844736,-34110.91042447284,14882.63114806047,93424.44143766389,-1278.6811958745143,-21551.09993287547,-9404.076655844736,34110.91042447284,-59171.738938497045,8071.8588223274055
CASE_EY,11178,E1-P3-V-067,A-V-1178,SOL_3_beam_0307,beam,P3,927,175,-14549.13407716697,56361.681441338456,3153.3120402995237,9621.449889088975,1098.6815351854766,113477.47086635657,14549.13407716697,-56361.681441338456,-3153.3120402995237,-9621.449889088975,-15949.408720922365,151961.5164960302
CASE_EY,11179,E1-P3-V-055,A-V-1179,SOL_3_beam_0308,beam,P3,167,928,9719.336950169612,59083.78103456636,9167.105495686916,3485.6525945329718,-40550.518917793,162335.65671231732,-9719.336950169612,-59083.78103456636,-9167.105495686916,-3485.6525945329718,-2622.557853380069,115923.2349014715
CASE_EY,11180,E1-P3-V-066,A-V-1180,SOL_3_beam_0309,beam,P3,927,175,-14549.13407716697,56361.681441338456,3153.3120402995237,9621.449889088975,1098.6815351854766,113477.47086635657,14549.13407716697,-56361.681441338456,-3153.3120402995237,-9621.449889088975,-15949.408720922365,151961.5164960302
CASE_EY,11181,E1-P3-V-054,A-V-1181,SOL_3_beam_0310,beam,P3,167,928,9719.336950169612,59083.78103456636,9167.105495686916,3485.6525945329718,-40550.518917793,162335.65671231732,-9719.336950169612,-59083.78103456636,-9167.105495686916,-3485.6525945329718,-2622.557853380069,115923.2349014715
CASE_EY,11182,E1-P3-V-088,A-V-1182,SOL_3_beam_0311,beam,P3,929,172,2069.306645501479,1455.3896830725182,-3512.4171566680666,3000.2343261742694,-43.945650798088536,4863.681220263626,-2069.306645501479,-1455.3896830725182,3512.4171566680666,-3000.2343261742694,16585.678258883112,1990.4781532171735
CASE_EY,11183,E1-P3-V-078,A-V-1183,SOL_3_beam_0312,beam,P3,175,930,-2438.023062219979,3652.084570525144,254.1511923440138,-2211.6850444289166,1013.9277178091163,1698.7951567495693,2438.023062219979,-3652.084570525144,-254.1511923440138,2211.6850444289166,-2210.8692108153646,15500.933548487057
CASE_EY,11184,E1-P3-V-087,A-V-1184,SOL_3_beam_0313,beam,P3,929,172,2069.306645501479,1455.3896830725182,-3512.4171566680666,3000.2343261742694,-43.945650798088536,4863.681220263626,-2069.306645501479,-1455.3896830725182,3512.4171566680666,-3000.2343261742694,16585.678258883112,1990.4781532171735
CASE_EY,11185,E1-P3-V-077,A-V-1185,SOL_3_beam_0314,beam,P3,175,930,-2438.023062219979,3652.084570525144,254.1511923440138,-2211.6850444289166,1013.9277178091163,1698.7951567495693,2438.023062219979,-3652.084570525144,-254.1511923440138,2211.6850444289166,-2210.8692108153646,15500.933548487057
CASE_EY,11186,E1-P3-V-100,A-V-1186,SOL_3_beam_0315,beam,P3,172,179,-2907.0839322031807,5930.649802771949,1623.0794355096248,1190.9580598864302,-3739.3046138388354,14026.774786822409,2907.0839322031807,-5930.649802771949,-1623.0794355096248,-1190.9580598864302,-4376.092563709288,15626.474227037332
CASE_EY,11187,E1-P3-V-099,A-V-1187,SOL_3_beam_0316,beam,P3,172,179,-2907.0839322031807,5930.649802771949,1623.0794355096248,1190.9580598864302,-3739.3046138388354,14026.774786822409,2907.0839322031807,-5930.649802771949,-1623.0794355096248,-1190.9580598864302,-4376.092563709288,15626.474227037332
CASE_EY,11188,E1-P3-V-008,A-V-1188,SOL_3_beam_0317,beam,P3,165,160,14843.421401883188,-62086.60289033465,-110176.25815255629,40763.272889940636,556171.6888257376,-307454.963076323,-14843.421401883188,62086.60289033465,110176.25815255629,-40763.272889940636,545590.8926998251,-313411.06582702347
CASE_EY,11189,E1-P3-V-007,A-V-1189,SOL_3_beam_0318,beam,P3,40,160,337832.83317773615,-42291.73108214502,-186140.74138320374,21319.109184902085,935978.9335857118,-186112.39721073266,-337832.83317773615,42291.73108214502,186140.74138320374,-21319.109184902085,929452.2169073094,-237719.1185695415
CASE_EY,11190,E1-P3-V-042,A-V-1190,SOL_3_beam_0319,beam,P3,931,176,-5125.150283318444,-11716.717658272637,7032.565493090828,15991.449164320273,1485.281982335011,18693.904874879037,5125.150283318444,11716.717658272637,-7032.565493090828,-15991.449164320273,-34605.15719838347,-73873.80005892085
CASE_EY,11191,E1-P3-V-032,A-V-1191,SOL_3_beam_0320,beam,P3,160,932,522.2730450819289,19516.016656146905,-14714.870263053253,-49532.80500012626,67366.86097906226,93424.51718790238,-522.2730450819289,-19516.016656146905,14714.870263053253,49532.80500012626,1933.773102606072,-1512.5733622589978
CASE_EY,11192,E1-P3-V-038,A-V-1192,SOL_3_beam_0321,beam,P3,160,176,365402.84764658357,53465.81706586191,16939.9131214005,-26992.114610413963,-97618.56357764508,308386.38463746995,-365402.84764658357,-53465.81706586191,-16939.9131214005,26992.114610413963,-71780.56848335557,226271.78869444004
CASE_EY,11193,E1-P3-V-065,A-V-1193,SOL_3_beam_0322,beam,P3,933,174,-28413.78145988612,51000.63242273114,3234.9222034279383,11131.488421624379,4935.779637917756,110262.14434127766,28413.78145988612,-51000.63242273114,-3234.9222034279383,-11131.488421624379,-20170.649447010637,129925.39226110559
CASE_EY,11194,E1-P3-V-053,A-V-1194,SOL_3_beam_0323,beam,P3,176,934,24856.99656900354,31396.69060696001,-4108.138811297372,-6931.554409043646,11377.714457869954,52548.64256885139,-24856.99656900354,-31396.69060696001,4108.138811297372,6931.554409043646,7969.569962594856,95314.1076779832
CASE_EY,11195,E1-P3-V-059,A-V-1195,SOL_3_beam_0324,beam,P3,176,174,201514.4491044378,6345.756417105947,46016.67253063522,-4112.797396917566,-233835.44768640987,20417.081839006856,-201514.4491044378,-6345.756417105947,-46016.67253063522,4112.797396917566,-226331.27761994227,43040.482332052605
CASE_EY,11196,E1-P3-V-086,A-V-1196,SOL_3_beam_0325,beam,P3,935,173,-2997.816741688782,1388.550394631458,3866.081800824352,7632.2038879905695,2543.328709873147,11173.032670977884,2997.816741688782,-1388.550394631458,-3866.081800824352,-7632.2038879905695,-20750.64536325319,-4633.653002694606
CASE_EY,11197,E1-P3-V-076,A-V-1197,SOL_3_beam_0326,beam,P3,174,936,5849.935406605386,1855.851417238695,-866.0630800474415,-2852.646286814316,34.7641942017799,-14072.548877596477,-5849.935406605386,-1855.851417238695,866.0630800474415,2852.646286814316,4043.960869728085,22812.68324518386
CASE_EY,11198,E1-P3-V-082,A-V-1198,SOL_3_beam_0327,beam,P3,174,173,68833.97329468938,6859.152335825769,46319.647284113424,-5761.024935220312,-232719.00558881904,28447.625072430594,-68833.97329468938,-6859.152335825769,-46319.647284113424,5761.024935220312,-230477.46725231514,40143.898285827105
CASE_EY,11199,E1-P3-V-098,A-V-1199,SOL_3_beam_0328,beam,P3,173,177,10288.916513033486,3444.5207373070693,29695.095078330618,1407.4871055946878,-71434.0668519499,3956.255489899751,-10288.916513033486,-3444.5207373070693,-29695.095078330618,-1407.4871055946878,-77041.40853970316,13266.348196635594
CASE_EY,11200,E1-P3-V-097,A-V-1200,SOL_3_beam_0329,beam,P3,173,177,10288.916513033486,3444.5207373070693,29695.095078330618,1407.4871055946878,-71434.0668519499,3956.255489899751,-10288.916513033486,-3444.5207373070693,-29695.095078330618,-1407.4871055946878,-77041.40853970316,13266.348196635594
CASE_EY,11201,E1-P3-V-012,A-V-1201,SOL_3_beam_0330,beam,P3,166,162,-113964.77691530932,-61348.00472776122,42952.65232099698,39485.33748659897,-208537.4124067032,-295781.4480333108,113964.77691530932,61348.00472776122,-42952.65232099698,-39485.33748659897,-220989.1108032666,-317698.5992443013
CASE_EY,11202,E1-P3-V-011,A-V-1202,SOL_3_beam_0331,beam,P3,166,162,-113964.77691530932,-61348.00472776122,42952.65232099698,39485.33748659897,-208537.4124067032,-295781.4480333108,113964.77691530932,61348.00472776122,-42952.65232099698,-39485.33748659897,-220989.1108032666,-317698.5992443013
CASE_EY,11203,E1-P3-V-041,A-V-1203,SOL_3_beam_0332,beam,P3,937,169,-291830.7713968198,110471.22094045309,-70339.72901621395,-26846.39074720242,143831.15865361225,435095.655193747,291830.7713968198,-110471.22094045309,70339.72901621395,26846.39074720242,384135.87199877907,394096.6562954086
CASE_EY,11204,E1-P3-V-025,A-V-1204,SOL_3_beam_0333,beam,P3,162,938,-22073.99876866141,22815.342787505375,-25585.687332892197,-40547.00494044749,82471.66712666009,82607.14624784823,22073.99876866141,-22815.342787505375,25585.687332892197,40547.00494044749,-33260.59881386343,-38724.510699011385
CASE_EY,11205,E1-P3-V-045,A-V-1205,SOL_3_beam_0334,beam,P3,939,169,3581.518540259481,-12472.555935203362,5947.276533951556,-1029.5374435518559,-3749.1426396995466,7905.555379588623,-3581.518540259481,12472.555935203362,-5947.276533951556,1029.5374435518559,-24260.320669479242,-66646.6607989191
CASE_EY,11206,E1-P3-V-035,A-V-1206,SOL_3_beam_0335,beam,P3,937,940,11176.986869500153,-31136.927398781958,3103.0686728334554,-29637.574632316977,-46163.25529644329,-58596.16184313949,-11176.986869500153,31136.927398781958,-3103.0686728334554,29637.574632316977,39087.170010123875,-12406.957023235034
CASE_EY,11207,E1-P3-V-024,A-V-1207,SOL_3_beam_0336,beam,P3,162,938,-22073.99876866141,22815.342787505375,-25585.687332892197,-40547.00494044749,82471.66712666009,82607.14624784823,22073.99876866141,-22815.342787505375,25585.687332892197,40547.00494044749,-33260.59881386343,-38724.510699011385
CASE_EY,11208,E1-P3-V-060,A-V-1208,SOL_3_beam_0337,beam,P3,169,170,18663.13372814149,6109.035649892284,12210.893167562994,-3420.3671238604225,-66331.88188919207,23975.738180052005,-18663.13372814149,-6109.035649892284,-12210.893167562994,3420.3671238604225,-55777.04978643787,37114.618318870824
CASE_EY,11209,E1-P3-V-056,A-V-1209,SOL_3_beam_0338,beam,P3,169,941,-118915.80128160614,39699.54313543881,10259.35368172306,-3806.293662482213,-62474.65403325905,75843.11859011833,118915.80128160614,-39699.54313543881,-10259.35368172306,3806.293662482213,14156.909115287315,111126.98284964291
CASE_EY,11210,E1-P3-V-083,A-V-1210,SOL_3_beam_0339,beam,P3,170,171,13929.816857048694,4969.0887710258685,6080.95662384723,-5646.64327119925,-29578.67400692884,16813.799210555142,-13929.816857048694,-4969.0887710258685,-6080.95662384723,5646.64327119925,-31230.89223154346,32877.08849970354
CASE_EY,11211,E1-P3-V-089,A-V-1211,SOL_3_beam_0340,beam,P3,942,171,-1678.1620147158123,-4119.396243537194,3158.752512629241,-459.2024489150851,-1558.8018546906706,-4444.419829634107,1678.1620147158123,4119.396243537194,-3158.752512629241,459.2024489150851,-13317.74913468791,-14956.406293152642
CASE_EY,11212,E1-P3-V-079,A-V-1212,SOL_3_beam_0341,beam,P3,170,943,200.03730320557554,-9208.283150036521,357.76069547823766,-2800.6378664609238,-1778.1796784030175,-43049.88861864442,-200.03730320557554,9208.283150036521,-357.76069547823766,2800.6378664609238,93.25969591047192,-317.7045240453335
CASE_EY,11213,E1-P3-V-013,A-V-1213,SOL_3_beam_0342,beam,P3,160,163,24752.5846943403,32881.195864982736,-127166.57591367386,-6323.932654401069,575358.7555594177,147157.0599153444,-24752.5846943403,-32881.195864982736,127166.57591367386,6323.932654401069,556423.7700722797,145485.583283002
CASE_EY,11214,E1-P3-V-018,A-V-1214,SOL_3_beam_0343,beam,P3,160,163,24752.5846943403,32881.195864982736,-127166.57591367386,-6323.932654401069,575358.7555594177,147157.0599153444,-24752.5846943403,-32881.195864982736,127166.57591367386,6323.932654401069,556423.7700722797,145485.583283002
CASE_EY,11215,E1-P3-V-014,A-V-1215,SOL_3_beam_0344,beam,P3,163,162,216074.0809589216,36731.809025709335,-59239.68258150624,-5445.097775361141,195788.73451137744,136242.0178135054,-216074.0809589216,-36731.809025709335,59239.68258150624,5445.097775361141,233758.20388712443,130100.3294319131
CASE_EY,11216,E1-P3-V-019,A-V-1216,SOL_3_beam_0345,beam,P3,163,162,216074.0809589216,36731.809025709335,-59239.68258150624,-5445.097775361141,195788.73451137744,136242.0178135054,-216074.0809589216,-36731.809025709335,59239.68258150624,5445.097775361141,233758.20388712443,130100.3294319131
CASE_EY,11217,E1-P3-V-061,A-V-1217,SOL_3_beam_0348,beam,P3,214,216,7337.337412889333,1938.2535862349614,-1028.1753230735992,-4078.403096649897,4319.207060984272,6940.53370046769,-7337.337412889333,-1938.2535862349614,1028.1753230735992,4078.403096649897,5962.546169751718,12442.002161881925
CASE_EY,11218,E1-P3-V-062,A-V-1218,SOL_3_beam_0349,beam,P3,214,216,7337.337412889333,1938.2535862349614,-1028.1753230735992,-4078.403096649897,4319.207060984272,6940.53370046769,-7337.337412889333,-1938.2535862349614,1028.1753230735992,4078.403096649897,5962.546169751718,12442.002161881925
CASE_EY,11219,E1-P3-V-046,A-V-1219,SOL_3_beam_0350,beam,P3,176,167,-54071.70896995572,-22189.38369408636,-25133.947598828705,-5297.16359581832,118078.31645268005,-116122.32076101539,54071.70896995572,22189.38369408636,25133.947598828705,5297.16359581832,105588.68322929657,-81341.0047326591
CASE_EY,11220,E1-P3-V-050,A-V-1220,SOL_3_beam_0351,beam,P3,176,167,-54071.70896995572,-22189.38369408636,-25133.947598828705,-5297.16359581832,118078.31645268005,-116122.32076101539,54071.70896995572,22189.38369408636,25133.947598828705,5297.16359581832,105588.68322929657,-81341.0047326591
CASE_EY,11221,E1-P3-V-047,A-V-1221,SOL_3_beam_0352,beam,P3,167,169,-9421.585607688057,-22324.690559611707,7760.773998775809,1458.0891278323625,-35821.18562871659,-62469.52946887732,9421.585607688057,22324.690559611707,-7760.773998775809,-1458.0891278323625,-20452.18663640682,-99406.8017788672
CASE_EY,11222,E1-P3-V-051,A-V-1222,SOL_3_beam_0353,beam,P3,167,169,-9421.585607688057,-22324.690559611707,7760.773998775809,1458.0891278323625,-35821.18562871659,-62469.52946887732,9421.585607688057,22324.690559611707,-7760.773998775809,-1458.0891278323625,-20452.18663640682,-99406.8017788672
CASE_EY,11223,E1-P3-V-048,A-V-1223,SOL_3_beam_0354,beam,P3,169,216,2195.2278207090612,-7830.382840831139,1008.3196821912011,-4836.454864943433,410.1452539525617,-19004.953037562158,-2195.2278207090612,7830.382840831139,-1008.3196821912011,4836.454864943433,-4563.414024898118,-13248.3938838213
CASE_EY,11224,E1-P3-V-052,A-V-1224,SOL_3_beam_0355,beam,P3,169,216,2195.2278207090612,-7830.382840831139,1008.3196821912011,-4836.454864943433,410.1452539525617,-19004.953037562158,-2195.2278207090612,7830.382840831139,-1008.3196821912011,4836.454864943433,-4563.414024898118,-13248.3938838213
CASE_EY,11225,E1-P3-V-069,A-V-1225,SOL_3_beam_0356,beam,P3,174,175,23372.575065820638,-14769.825402156872,-16983.22424411638,-4842.045009941727,75252.95762949728,-69183.28628245267,-23372.575065820638,14769.825402156872,16983.22424411638,4842.045009941727,75880.75491889438,-62253.389971341334
CASE_EY,11226,E1-P3-V-072,A-V-1226,SOL_3_beam_0357,beam,P3,174,175,23372.575065820638,-14769.825402156872,-16983.22424411638,-4842.045009941727,75252.95762949728,-69183.28628245267,-23372.575065820638,14769.825402156872,16983.22424411638,4842.045009941727,75880.75491889438,-62253.389971341334
CASE_EY,11227,E1-P3-V-070,A-V-1227,SOL_3_beam_0358,beam,P3,175,170,40217.92754929471,-14956.470828326375,-8281.313260538873,235.10716539156704,27365.353597051537,-46306.63361599394,-40217.92754929471,14956.470828326375,8281.313260538873,-235.10716539156704,32682.44885511585,-62142.736360200644
CASE_EY,11228,E1-P3-V-073,A-V-1228,SOL_3_beam_0359,beam,P3,175,170,40217.92754929471,-14956.470828326375,-8281.313260538873,235.10716539156704,27365.353597051537,-46306.63361599394,-40217.92754929471,14956.470828326375,8281.313260538873,-235.10716539156704,32682.44885511585,-62142.736360200644
CASE_EY,11229,E1-P3-V-090,A-V-1229,SOL_3_beam_0361,beam,P3,173,172,26320.11721786877,-6241.267437082574,-9048.568528489806,-5227.586669627312,39255.48471365036,-29447.52538965709,-26320.11721786877,6241.267437082574,9048.568528489806,5227.586669627312,41276.775189908934,-26099.75480037783
CASE_EY,11230,E1-P3-V-093,A-V-1230,SOL_3_beam_0362,beam,P3,173,172,26320.11721786877,-6241.267437082574,-9048.568528489806,-5227.586669627312,39255.48471365036,-29447.52538965709,-26320.11721786877,6241.267437082574,9048.568528489806,5227.586669627312,41276.775189908934,-26099.75480037783
CASE_EY,11231,E1-P3-V-091,A-V-1231,SOL_3_beam_0363,beam,P3,172,171,22239.868501242712,-2401.6097779247157,419.93055921985354,1557.2578432254863,-3825.3068030102127,-5996.633292375044,-22239.868501242712,2401.6097779247157,-419.93055921985354,-1557.2578432254863,780.8102486662747,-11415.037597579145
CASE_EY,11232,E1-P3-V-094,A-V-1232,SOL_3_beam_0364,beam,P3,172,171,22239.868501242712,-2401.6097779247157,419.93055921985354,1557.2578432254863,-3825.3068030102127,-5996.633292375044,-22239.868501242712,2401.6097779247157,-419.93055921985354,-1557.2578432254863,780.8102486662747,-11415.037597579145
CASE_EY,11233,E1-P3-V-001,A-V-1233,SOL_3_beam_0365,beam,P3,165,944,137094.97958697233,15660.574620024017,-56175.7198055421,6310.255822152067,284288.87147649785,114334.71220946473,-137094.97958697233,-15660.574620024017,56175.7198055421,-6310.255822152067,-70100.92925010886,-54623.750542092675
CASE_EY,11234,E1-P3-V-004,A-V-1234,SOL_3_beam_0366,beam,P3,165,944,137094.97958697233,15660.574620024017,-56175.7198055421,6310.255822152067,284288.87147649785,114334.71220946473,-137094.97958697233,-15660.574620024017,56175.7198055421,-6310.255822152067,-70100.92925010886,-54623.750542092675
CASE_EY,11235,E1-P3-V-002,A-V-1235,SOL_3_beam_0367,beam,P3,944,164,267306.88575132634,68616.15648894316,-112351.43961109544,-6719.979765732984,140608.25122667418,109247.50108418398,-267306.88575132634,-68616.15648894316,112351.43961109544,6719.979765732984,433262.4134199143,241231.31312689284
CASE_EY,11236,E1-P3-V-005,A-V-1236,SOL_3_beam_0368,beam,P3,326,164,21758.961853781242,-3488.8202428788168,-17964.3840035488,1857.5465345000516,32737.499189823182,-2746.9494440190138,-21758.961853781242,3488.8202428788168,17964.3840035488,-1857.5465345000516,48256.537330173174,-12982.709536083396
CASE_EY,11237,E1-P3-V-003,A-V-1237,SOL_3_beam_0369,beam,P3,164,166,44982.97735974017,54915.81642139808,-32589.53579021278,-7969.231804619367,113515.32815546897,194252.4416386882,-44982.97735974017,-54915.81642139808,32589.53579021278,7969.231804619367,122791.39585936395,203942.14323286936
CASE_EY,11238,E1-P3-V-006,A-V-1238,SOL_3_beam_0370,beam,P3,164,166,44982.97735974017,54915.81642139808,-32589.53579021278,-7969.231804619367,113515.32815546897,194252.4416386882,-44982.97735974017,-54915.81642139808,32589.53579021278,7969.231804619367,122791.39585936395,203942.14323286936
CASE_EY,11239,E1-P3-V-103,A-V-1239,SOL_3_beam_0372,beam,P3,177,179,21043.257178604494,-4165.695881672496,-4076.147785465407,-5668.582217214842,17513.350725972432,-18045.391162879732,-21043.257178604494,4165.695881672496,4076.147785465407,5668.582217214842,18764.36456466969,-19029.302184005486
CASE_EY,11240,E1-P3-V-106,A-V-1240,SOL_3_beam_0373,beam,P3,177,179,21043.257178604494,-4165.695881672496,-4076.147785465407,-5668.582217214842,17513.350725972432,-18045.391162879732,-21043.257178604494,4165.695881672496,4076.147785465407,5668.582217214842,18764.36456466969,-19029.302184005486
CASE_EY,11241,E1-P3-V-104,A-V-1241,SOL_3_beam_0374,beam,P3,179,178,21471.879141127058,320.2854335202374,-7183.354568360221,1453.3706634134403,24507.56936161675,1764.4900570532704,-21471.879141127058,-320.2854335202374,7183.354568360221,-1453.3706634134403,27571.751258994853,557.5793359684508
CASE_EY,11242,E1-P3-V-107,A-V-1242,SOL_3_beam_0375,beam,P3,179,178,21471.879141127058,320.2854335202374,-7183.354568360221,1453.3706634134403,24507.56936161675,1764.4900570532704,-21471.879141127058,-320.2854335202374,7183.354568360221,-1453.3706634134403,27571.751258994853,557.5793359684508
CASE_EY,11243,E1-P3-V-036,A-V-1243,SOL_3_beam_0376,beam,P3,932,925,19509.65011700637,721.9609190696299,-14714.87026313801,-5085.093087411835,49309.026332781796,1512.573362258938,-19509.65011700637,-721.9609190696299,14714.87026313801,5085.093087411835,81653.3190091465,4912.878817460768
CASE_EY,11244,E1-P3-V-039,A-V-1244,SOL_3_beam_0377,beam,P3,931,923,11367.69085573587,-5858.68950522279,-7032.565492959455,-467.00955166659764,16053.485945641025,-18693.90487487607,-11367.69085573587,5858.68950522279,7032.565492959455,467.00955166659764,46536.346941698124,-33448.431721606765
CASE_EY,11245,E1-P3-V-037,A-V-1245,SOL_3_beam_0378,beam,P3,925,940,32980.64084850994,2590.4850006701054,-3103.068672835058,29911.725749108537,-18242.3678529598,4819.7682312127345,-32980.64084850994,-2590.4850006701054,3103.068672835058,-29911.725749108537,38877.77452731293,12406.957023243465
CASE_EY,11246,E1-P3-V-040,A-V-1246,SOL_3_beam_0379,beam,P3,923,939,-12218.15591321836,-4371.337631790589,5947.276533966471,-3807.2771596857024,-38761.5701202923,-21163.839871818538,12218.15591321836,4371.337631790589,-5947.276533966471,3807.2771596857024,-787.8188305847289,-7905.555379588869
CASE_EY,11247,E1-P3-V-057,A-V-1247,SOL_3_beam_0380,beam,P3,934,928,32911.487475321665,-22813.5146715301,-4108.138810996631,-8393.567048121957,6411.5929469918665,-95314.10767798335,-32911.487475321665,22813.5146715301,4108.138810996631,8393.567048121957,30150.842470878146,-107726.17289863456
CASE_EY,11248,E1-P3-V-063,A-V-1248,SOL_3_beam_0381,beam,P3,933,927,-52701.69506200377,-25118.495615042284,-3234.922203817856,-4219.0985125566285,11422.397421754098,-110262.14434127885,52701.69506200377,25118.495615042284,3234.922203817856,4219.0985125566285,17368.410192224823,-113292.46663259745
CASE_EY,11249,E1-P3-V-058,A-V-1249,SOL_3_beam_0382,beam,P3,928,941,152077.30754293376,-34685.41830769023,14226.072180026815,-2715.0305210368233,-36773.87483729975,-124120.29690430609,-152077.30754293376,34685.41830769023,-14226.072180026815,2715.0305210368233,-57829.50515987856,-106537.73484183392
CASE_EY,11250,E1-P3-V-064,A-V-1250,SOL_3_beam_0383,beam,P3,927,941,-170595.26122913358,-31775.94319386221,-9541.546284292273,-4987.732803194937,2433.426370868634,-113662.47510011462,170595.26122913358,31775.94319386221,9541.546284292273,4987.732803194937,61275.60035018432,-98505.90450069612
CASE_EY,11251,E1-P3-V-080,A-V-1251,SOL_3_beam_0384,beam,P3,936,930,2223.512009771982,-5720.3079538457605,-866.0630802121739,-4216.913157361737,2590.145512825264,-22812.68324518711,-2223.512009771982,5720.3079538457605,866.0630802121739,4216.913157361737,5117.815901063084,-28098.05754404016
CASE_EY,11252,E1-P3-V-084,A-V-1252,SOL_3_beam_0385,beam,P3,935,929,-1576.0764968101464,-2903.6115944432177,-3866.081800712125,-2053.639161284655,7778.278942652276,-11173.032670978348,1576.0764968101464,2903.6115944432177,3866.081800712125,2053.639161284655,26629.849083685636,-14669.110519566291
CASE_EY,11253,E1-P3-V-081,A-V-1253,SOL_3_beam_0386,beam,P3,930,943,9202.242098402447,-388.8879742687123,-357.760695439522,-85.92427692537912,-421.7638909141142,-2903.8095529326574,-9202.242098402447,388.8879742687123,357.760695439522,85.92427692537912,2800.872515586935,317.704524045721
CASE_EY,11254,E1-P3-V-085,A-V-1254,SOL_3_beam_0387,beam,P3,929,942,-4218.2284516784875,1411.4538208529664,3158.7525126439346,-1584.9633550099588,-20647.066126118018,4941.748079038134,4218.2284516784875,-1411.4538208529664,-3158.7525126439346,1584.9633550099588,-358.6380829641457,4444.419829634091
CASE_EY,11255,E1-P3-V-121,A-V-1255,SOL_3_beam_0390,beam,P3,208,210,476.73268122126984,2188.054848153969,-4221.33114765694,-232.68551211331362,17693.151261607225,8387.937560632468,-476.73268122126984,-2188.054848153969,4221.33114765694,232.68551211331362,12911.499558905587,7475.460088483807
CASE_EY,11256,E1-P3-V-120,A-V-1256,SOL_3_beam_0391,beam,P3,212,208,59.085524031496014,-3079.7882198395923,3783.317566881685,-3886.817448426749,-14035.079520577612,-13341.440337769549,-59.085524031496014,3079.7882198395923,-3783.317566881685,3886.817448426749,-19636.446824669387,-14068.674818802825
CASE_EY,11257,E1-P3-V-124,A-V-1257,SOL_3_beam_0392,beam,P3,212,210,246.57418592783418,-325.9974869628957,213.6105564157886,-2246.4176627752067,891.7865170355012,-2227.233157557458,-246.57418592783418,325.9974869628957,-213.6105564157886,2246.4176627752067,-4341.597003150487,-3037.626256893307
CASE_EY,11258,E1-P3-V-113,A-V-1258,SOL_3_beam_0393,beam,P3,177,212,4520.072178041359,2478.5916111615606,2731.083101574421,1949.3118972419372,-10749.340705551109,4736.009469633048,-4520.072178041359,-2478.5916111615606,-2731.083101574421,-1949.3118972419372,-2632.9667708455145,7409.08967797612
CASE_EY,11259,E1-P3-V-112,A-V-1259,SOL_3_beam_0394,beam,P3,177,212,4520.072178041359,2478.5916111615606,2731.083101574421,1949.3118972419372,-10749.340705551109,4736.009469633048,-4520.072178041359,-2478.5916111615606,-2731.083101574421,-1949.3118972419372,-2632.9667708455145,7409.08967797612
CASE_EY,11260,E1-P3-V-115,A-V-1260,SOL_3_beam_0395,beam,P3,178,210,1948.7847425547095,-1639.2006121035454,2038.9460012115392,-1849.6797761650041,-6708.1279987352045,-5803.506398640022,-1948.7847425547095,1639.2006121035454,-2038.9460012115392,1849.6797761650041,-3282.7076152570603,-2228.5767679327255
CASE_EY,11261,E1-P3-V-114,A-V-1261,SOL_3_beam_0396,beam,P3,178,210,1948.7847425547095,-1639.2006121035454,2038.9460012115392,-1849.6797761650041,-6708.1279987352045,-5803.506398640022,-1948.7847425547095,1639.2006121035454,-2038.9460012115392,1849.6797761650041,-3282.7076152570603,-2228.5767679327255
CASE_EY,11262,E1-P3-V-109,A-V-1262,SOL_3_beam_0397,beam,P3,179,222,-6548.856036354618,486.68928182178746,-6289.053465876768,-363.9161306993572,18251.880756924085,-499.0668138099827,6548.856036354618,-486.68928182178746,6289.053465876768,363.9161306993572,-2214.7931857906533,1740.1245778848065
CASE_EY,11263,E1-P3-V-108,A-V-1263,SOL_3_beam_0398,beam,P3,179,222,-6548.856036354618,486.68928182178746,-6289.053465876768,-363.9161306993572,18251.880756924085,-499.0668138099827,6548.856036354618,-486.68928182178746,6289.053465876768,363.9161306993572,-2214.7931857906533,1740.1245778848065
CASE_EY,11264,E1-P3-V-119,A-V-1264,SOL_3_beam_0399,beam,P3,222,208,-4734.627123738593,523.913470705141,-3505.1855438041553,359.10139059245773,5913.982839601518,-1442.3965682168823,4734.627123738593,-523.913470705141,3505.1855438041553,-359.10139059245773,2323.203188338276,2673.593224373968
CASE_EY,11265,E1-P3-V-118,A-V-1265,SOL_3_beam_0400,beam,P3,222,208,-4734.627123738593,523.913470705141,-3505.1855438041553,359.10139059245773,5913.982839601518,-1442.3965682168823,4734.627123738593,-523.913470705141,3505.1855438041553,-359.10139059245773,2323.203188338276,2673.593224373968
CASE_EY,11266,E1-P3-V-111,A-V-1266,SOL_3_beam_0401,beam,P3,222,220,-8.4711522210694,72.71138413471303,-63.5814222052206,-169.83816611383193,415.55448121642104,357.91189668320817,8.4711522210694,-72.71138413471303,63.5814222052206,169.83816611383193,45.410829771428325,169.24563829346133
CASE_EY,11267,E1-P3-V-110,A-V-1267,SOL_3_beam_0402,beam,P3,218,222,7.535198165805699,-84.18759128867782,-36.57945751317249,189.6496204384447,33.62685008193003,-170.162589117381,-7.535198165805699,84.18759128867782,36.57945751317249,-189.6496204384447,291.9303217853051,-579.1069733518516
CASE_EY,11268,E1-P3-V-117,A-V-1268,SOL_3_beam_0403,beam,P3,222,220,-8.4711522210694,72.71138413471303,-63.5814222052206,-169.83816611383193,415.55448121642104,357.91189668320817,8.4711522210694,-72.71138413471303,63.5814222052206,169.83816611383193,45.410829771428325,169.24563829346133
CASE_EY,11269,E1-P3-V-116,A-V-1269,SOL_3_beam_0404,beam,P3,218,222,7.535198165805699,-84.18759128867782,-36.57945751317249,189.6496204384447,33.62685008193003,-170.162589117381,-7.535198165805699,84.18759128867782,36.57945751317249,-189.6496204384447,291.9303217853051,-579.1069733518516
CASE_EY,11270,E1-P3-V-028,A-V-1270,SOL_3_beam_0405,beam,P3,945,946,-57033.426933444796,96382.15349510696,58502.045839499835,56661.714069784386,15936.080078087522,119408.51188727167,57033.426933444796,-96382.15349510696,-58502.045839499835,-56661.714069784386,-51037.30758178751,-61579.21979020735
CASE_EY,11271,E1-P3-V-027,A-V-1271,SOL_3_beam_0406,beam,P3,938,946,96382.15349476277,57033.42693341232,-58502.04583941133,51037.30758177871,60927.39806743513,53057.96834593163,-96382.15349476277,-57033.42693341232,58502.04583941133,-51037.30758177871,56661.71406978152,61579.21979022701
CASE_EY,11272,E1-P3-V-030,A-V-1272,SOL_3_beam_0407,beam,P3,937,945,-80910.1885102137,-286379.8280215253,65028.935409135185,-81309.07358165285,-103441.25418762077,-363599.30491270474,80910.1885102137,286379.8280215253,-65028.935409135185,81309.07358165285,-27266.90598474082,-212024.14941056055
CASE_EY,11273,E1-P3-V-026,A-V-1273,SOL_3_beam_0408,beam,P3,926,938,58169.24275515148,6328.608569091742,-7330.67117365766,-2068.6950278368345,23625.54816377292,21491.35907384105,-58169.24275515148,-6328.608569091742,7330.67117365766,2068.6950278368345,29521.817845245117,24391.053052074083
CASE_EY,11274,E1-P3-V-029,A-V-1274,SOL_3_beam_0409,beam,P3,924,937,8117.792892513155,-1771.7999924503697,-2207.724934248303,26738.871803915543,-25600.06826806842,54.63849263847624,-8117.792892513155,1771.7999924503697,2207.724934248303,-26738.871803915543,41606.074041368614,-12900.188437903656
CASE_EY,11275,E1-P3-V-017,A-V-1275,SOL_3_beam_0410,beam,P3,947,948,100465.51928107147,-76197.72615637198,-32630.072516785713,-6795.488936878361,-31479.524631041902,-67511.57246281725,-100465.51928107147,76197.72615637198,32630.072516785713,6795.488936878361,51057.568141113145,21792.936768994492
CASE_EY,11276,E1-P3-V-015,A-V-1276,SOL_3_beam_0411,beam,P3,162,948,-74300.16440894,139617.69063535705,26103.182947658395,36981.95293294754,-29089.29491509709,210942.66072375755,74300.16440894,-139617.69063535705,-26103.182947658395,-36981.95293294754,-31689.54930957633,114144.20271165483
CASE_EY,11277,E1-P3-V-020,A-V-1277,SOL_3_beam_0412,beam,P3,162,947,62618.29187789331,109445.71055101223,-32630.072516916276,32092.695287932984,73293.18397368272,187322.62940379733,-62618.29187789331,-109445.71055101223,32630.072516916276,-32092.695287932984,2682.918194476726,67511.57246258424
CASE_EY,11278,E1-P3-V-016,A-V-1278,SOL_3_beam_0413,beam,P3,949,948,-4700.85036186062,-153988.37956787643,7075.1024638645795,32101.491346296047,11643.183388144707,7439.660136111343,4700.85036186062,153988.37956787643,-7075.1024638645795,-32101.491346296047,-15888.244866463465,-99832.68787683742
CASE_EY,11279,E1-P3-V-031,A-V-1279,SOL_3_beam_0414,beam,P3,945,950,4700.850360972441,153988.3795678905,7075.1024640269425,-12291.204447247314,-15888.244866502599,86670.30686546734,-4700.850360972441,-153988.3795678905,-7075.1024640269425,12291.204447247314,11643.183388086423,5722.720875267172
CASE_EY,11280,E1-P3-V-022,A-V-1280,SOL_3_beam_0415,beam,P3,949,950,153988.37956789092,-4700.850361203693,-7075.10246394551,-11643.18338809421,32101.49134629587,-7439.660136107506,-153988.37956789092,4700.850361203693,7075.10246394551,11643.18338809421,-12291.20444724846,-5722.720875262821
CASE_EY,11281,E1-P3-V-021,A-V-1281,SOL_3_beam_0416,beam,P3,948,945,-383334.78065598675,-10771.114623551759,548.2128943531726,-13506.56321855881,51546.79295212497,-36104.45160373225,383334.78065598675,10771.114623551759,-548.2128943531726,13506.56321855881,-53081.78905631385,5945.330657787348
CASE_EY,11282,E1-P3-V-102,A-V-1282,SOL_3_beam_0417,beam,P3,951,178,8961.837532764426,493.7755553982084,5938.700339743873,1206.0348875692434,-9287.216245614653,-2711.460462473707,-8961.837532764426,-493.7755553982084,-5938.700339743873,-1206.0348875692434,-15422.274324608243,4765.940690793294
CASE_EY,11283,E1-P3-V-101,A-V-1283,SOL_3_beam_0418,beam,P3,951,178,8961.837532764426,493.7755553982084,5938.700339743873,1206.0348875692434,-9287.216245614653,-2711.460462473707,-8961.837532764426,-493.7755553982084,-5938.700339743873,-1206.0348875692434,-15422.274324608243,4765.940690793294
CASE_EY,11284,E1-P3-V-096,A-V-1284,SOL_3_beam_0419,beam,P3,171,951,8415.380968162655,-3120.85075330991,5938.700339741014,-2597.4208744794387,-14348.893317608361,-5523.520174028758,-8415.380968162655,3120.85075330991,-5938.700339741014,2597.4208744794387,8997.794760033126,2711.460462463563
CASE_EY,11285,E1-P3-V-095,A-V-1285,SOL_3_beam_0420,beam,P3,171,951,8415.380968162655,-3120.85075330991,5938.700339741014,-2597.4208744794387,-14348.893317608361,-5523.520174028758,-8415.380968162655,3120.85075330991,-5938.700339741014,2597.4208744794387,8997.794760033126,2711.460462463563
CASE_EY,11286,E1-P3-V-074,A-V-1286,SOL_3_beam_0421,beam,P3,170,214,-1013.7789422536416,5840.240049653684,-5001.209535081571,-1419.7449208021874,17844.765896637247,31776.969144105893,1013.7789422536416,-5840.240049653684,5001.209535081571,1419.7449208021874,2755.216178363744,-7721.020379582373
CASE_EY,11287,E1-P3-V-068,A-V-1287,SOL_3_beam_0422,beam,P3,941,170,-32588.9841271238,34148.86838315171,14943.879577473823,-1965.8837838790234,-15975.259046483698,93916.65649288689,32588.9841271238,-34148.86838315171,-14943.879577473823,1965.8837838790234,-63354.92917212202,87363.99035944587
CASE_EY,11288,E1-P3-V-071,A-V-1288,SOL_3_beam_0423,beam,P3,170,214,-1013.7789422536416,5840.240049653684,-5001.209535081571,-1419.7449208021874,17844.765896637247,31776.969144105893,1013.7789422536416,-5840.240049653684,5001.209535081571,1419.7449208021874,2755.216178363744,-7721.020379582373
CASE_EY,11289,E1-P4-V-119,A-V-1289,SOL_4_beam_0425,beam,P4,209,211,2009.2442405953157,736.0366969981586,-3880.8801990750694,-201.0415507853365,16990.977455162923,2804.648556426615,-2009.2442405953157,-736.0366969981586,3880.8801990750694,201.0415507853365,11145.403988131327,2531.617496810035
CASE_EY,11290,E1-P4-V-118,A-V-1290,SOL_4_beam_0426,beam,P4,213,209,2811.396536037655,-411.47301265876393,3801.9527597899864,-4030.5760598809115,-14240.756553344603,-1813.01879333128,-2811.396536037655,411.47301265876393,-3801.9527597899864,4030.5760598809115,-19596.623008786275,-1849.091019331719
CASE_EY,11291,E1-P4-V-122,A-V-1291,SOL_4_beam_0428,beam,P4,213,211,2451.2972083623026,-13.165671707694466,307.7037333158461,-2311.4351811847555,303.1443376668026,-35.089331744768586,-2451.2972083623026,13.165671707694466,-307.7037333158461,2311.4351811847555,-5272.559630717717,-177.53626633449704
CASE_EY,11292,E1-P4-V-105,A-V-1292,SOL_4_beam_0429,beam,P4,205,213,-2605.365723344658,306.50763138195936,1322.2092065617674,2384.2400191130587,-4190.984326070233,202.58626155596858,2605.365723344658,-306.50763138195936,-1322.2092065617674,-2384.2400191130587,-2287.8407860824345,1299.301132215634
CASE_EY,11293,E1-P4-V-104,A-V-1293,SOL_4_beam_0430,beam,P4,205,213,-2605.365723344658,306.50763138195936,1322.2092065617674,2384.2400191130587,-4190.984326070233,202.58626155596858,2605.365723344658,-306.50763138195936,-1322.2092065617674,-2384.2400191130587,-2287.8407860824345,1299.301132215634
CASE_EY,11294,E1-P4-V-107,A-V-1294,SOL_4_beam_0431,beam,P4,207,211,-655.9859780035227,-952.3258689093059,1751.5025272924859,-311.7020312279042,-5340.668359891973,-3499.01599455601,655.9859780035227,952.3258689093059,-1751.5025272924859,311.7020312279042,-3241.6940238412176,-1167.3807630995939
CASE_EY,11295,E1-P4-V-106,A-V-1295,SOL_4_beam_0432,beam,P4,207,211,-655.9859780035227,-952.3258689093059,1751.5025272924859,-311.7020312279042,-5340.668359891973,-3499.01599455601,655.9859780035227,952.3258689093059,-1751.5025272924859,311.7020312279042,-3241.6940238412176,-1167.3807630995939
CASE_EY,11296,E1-P4-V-010,A-V-1296,SOL_4_beam_0433,beam,P4,184,183,12536.274355961774,-70179.04792809692,-25928.558956221248,34702.46915625574,126894.6191077835,-355586.8675608562,-12536.274355961774,70179.04792809692,25928.558956221248,-34702.46915625574,132390.97045442896,-346203.6117201129
CASE_EY,11297,E1-P4-V-009,A-V-1297,SOL_4_beam_0434,beam,P4,184,183,12536.274355961774,-70179.04792809692,-25928.558956221248,34702.46915625574,126894.6191077835,-355586.8675608562,-12536.274355961774,70179.04792809692,25928.558956221248,-34702.46915625574,132390.97045442896,-346203.6117201129
CASE_EY,11298,E1-P4-V-029,A-V-1298,SOL_4_beam_0435,beam,P4,952,188,-1120.9025870479625,13488.883661639693,-5195.873791530222,3777.3538178249332,2340.4344686968834,24301.234572163128,1120.9025870479625,-13488.883661639693,5195.873791530222,-3777.3538178249332,22129.86951118017,39225.53624501454
CASE_EY,11299,E1-P4-V-019,A-V-1299,SOL_4_beam_0436,beam,P4,183,953,-23800.13943215848,-109885.65308986044,10018.154887743927,-10284.599063284395,-36817.590091167454,-253181.35360868816,23800.13943215848,109885.65308986044,-10018.154887743927,10284.599063284395,-10363.558885198921,-264332.2431456108
CASE_EY,11300,E1-P4-V-028,A-V-1300,SOL_4_beam_0437,beam,P4,952,188,-1120.9025870479625,13488.883661639693,-5195.873791530222,3777.3538178249332,2340.4344686968834,24301.234572163128,1120.9025870479625,-13488.883661639693,5195.873791530222,-3777.3538178249332,22129.86951118017,39225.53624501454
CASE_EY,11301,E1-P4-V-018,A-V-1301,SOL_4_beam_0438,beam,P4,183,953,-23800.13943215848,-109885.65308986044,10018.154887743927,-10284.599063284395,-36817.590091167454,-253181.35360868816,23800.13943215848,109885.65308986044,-10018.154887743927,10284.599063284395,-10363.558885198921,-264332.2431456108
CASE_EY,11302,E1-P4-V-054,A-V-1302,SOL_4_beam_0439,beam,P4,954,201,972.919557466802,5375.839774389621,-2257.373226843009,2477.9784579276507,1013.2270347692456,11725.41218162244,-972.919557466802,-5375.839774389621,2257.373226843009,-2477.9784579276507,9618.018309744064,13592.453244759634
CASE_EY,11303,E1-P4-V-042,A-V-1303,SOL_4_beam_0440,beam,P4,188,955,1174.2424715938891,13420.784991934766,3167.303865218352,-2309.8164900491115,-11396.211797369355,38990.557714732386,-1174.2424715938891,-13420.784991934766,-3167.303865218352,2309.8164900491115,-3520.4107935937095,24215.498009053063
CASE_EY,11304,E1-P4-V-053,A-V-1304,SOL_4_beam_0441,beam,P4,954,201,972.919557466802,5375.839774389621,-2257.373226843009,2477.9784579276507,1013.2270347692456,11725.41218162244,-972.919557466802,-5375.839774389621,2257.373226843009,-2477.9784579276507,9618.018309744064,13592.453244759634
CASE_EY,11305,E1-P4-V-041,A-V-1305,SOL_4_beam_0442,beam,P4,188,955,1174.2424715938891,13420.784991934766,3167.303865218352,-2309.8164900491115,-11396.211797369355,38990.557714732386,-1174.2424715938891,-13420.784991934766,-3167.303865218352,2309.8164900491115,-3520.4107935937095,24215.498009053063
CASE_EY,11306,E1-P4-V-077,A-V-1306,SOL_4_beam_0443,beam,P4,956,196,143.37982313512785,1712.665631466165,-2782.151581037965,1835.4923480274817,396.4632271813771,3704.324830960082,-143.37982313512785,-1712.665631466165,2782.151581037965,-1835.4923480274817,12706.259748321168,4361.584831083983
CASE_EY,11307,E1-P4-V-067,A-V-1307,SOL_4_beam_0444,beam,P4,201,957,-927.8888630533555,5364.305248258824,1321.771591768517,-168.58838814969437,-4725.604007192167,13551.736624417355,927.8888630533555,-5364.305248258824,-1321.771591768517,168.58838814969437,-1499.3648700861224,11711.806204455792
CASE_EY,11308,E1-P4-V-076,A-V-1308,SOL_4_beam_0445,beam,P4,956,196,143.37982313512785,1712.665631466165,-2782.151581037965,1835.4923480274817,396.4632271813771,3704.324830960082,-143.37982313512785,-1712.665631466165,2782.151581037965,-1835.4923480274817,12706.259748321168,4361.584831083983
CASE_EY,11309,E1-P4-V-066,A-V-1309,SOL_4_beam_0446,beam,P4,201,957,-927.8888630533555,5364.305248258824,1321.771591768517,-168.58838814969437,-4725.604007192167,13551.736624417355,927.8888630533555,-5364.305248258824,-1321.771591768517,168.58838814969437,-1499.3648700861224,11711.806204455792
CASE_EY,11310,E1-P4-V-087,A-V-1310,SOL_4_beam_0447,beam,P4,196,225,1403.898744374854,4505.088182408511,5765.485171052857,1016.6516319314652,-14730.648468102409,11228.807458962157,-1403.898744374854,-4505.088182408511,-5765.485171052857,-1016.6516319314652,-14096.777387161877,11296.633453080398
CASE_EY,11311,E1-P4-V-086,A-V-1311,SOL_4_beam_0448,beam,P4,196,225,1403.898744374854,4505.088182408511,5765.485171052857,1016.6516319314652,-14730.648468102409,11228.807458962157,-1403.898744374854,-4505.088182408511,-5765.485171052857,-1016.6516319314652,-14096.777387161877,11296.633453080398
CASE_EY,11312,E1-P4-V-008,A-V-1312,SOL_4_beam_0449,beam,P4,185,180,-37770.343625263544,-74717.54537318376,-84393.512598529,35504.3463138225,435183.3718768343,-372431.4391110367,37770.343625263544,74717.54537318376,84393.512598529,-35504.3463138225,408751.75410845573,-374744.01462080085
CASE_EY,11313,E1-P4-V-007,A-V-1313,SOL_4_beam_0450,beam,P4,49,180,-186688.08599375846,-43470.04385012282,-156484.46559856008,13865.383105488441,784704.3638011509,-186962.14740698115,186688.08599375846,43470.04385012282,156484.46559856008,-13865.383105488441,778672.7264610729,-247330.61390977955
CASE_EY,11314,E1-P4-V-027,A-V-1314,SOL_4_beam_0451,beam,P4,958,203,-3038.2937492763044,-14266.410196194576,5546.322811512612,9994.498000129814,-292.80095836401233,9858.160480525119,3038.2937492763044,14266.410196194576,-5546.322811512612,-9994.498000129814,-25827.96536769207,-77046.7428459342
CASE_EY,11315,E1-P4-V-017,A-V-1315,SOL_4_beam_0452,beam,P4,180,959,-61739.91861073543,-113873.47789484121,-11901.104401421524,-25257.151257372236,40004.991009357356,-288465.7337450293,61739.91861073543,113873.47789484121,11901.104401421524,25257.151257372236,16044.03059577868,-247828.78208306304
CASE_EY,11316,E1-P4-V-023,A-V-1316,SOL_4_beam_0453,beam,P4,180,203,-466256.86245961837,68117.81701123486,30289.301871261498,-20008.06985003958,-192699.12724763615,385806.873608199,466256.86245961837,-68117.81701123486,-30289.301871261498,20008.06985003958,-110193.8914649788,295371.2965041497
CASE_EY,11317,E1-P4-V-052,A-V-1317,SOL_4_beam_0454,beam,P4,960,200,-3225.306511534824,-1414.9950709442464,2680.4110654461315,5514.504101820185,824.8049237385658,11885.545659355499,3225.306511534824,1414.9950709442464,-2680.4110654461315,-5514.504101820185,-13448.374354815163,-18549.55654670155
CASE_EY,11318,E1-P4-V-040,A-V-1318,SOL_4_beam_0455,beam,P4,203,961,2982.9892794759303,-14379.035604714592,-3410.3681374331745,-5773.60543596162,12495.52268287943,-77371.47090951726,-2982.9892794759303,14379.035604714592,3410.3681374331745,5773.60543596162,3565.8268330216274,9652.471891795489
CASE_EY,11319,E1-P4-V-046,A-V-1319,SOL_4_beam_0456,beam,P4,203,200,-349693.89876830624,9166.892063097726,40788.556573015805,-3559.659281031739,-210451.82555827848,34057.87183854691,349693.89876830624,-9166.892063097726,-40788.556573015805,3559.659281031739,-197433.7401718795,57611.048792430345
CASE_EY,11320,E1-P4-V-075,A-V-1320,SOL_4_beam_0457,beam,P4,962,198,-828.0324038868027,-1242.807703092555,2927.7823130518177,5509.289795728502,1559.8010221180248,3004.488458764795,828.0324038868027,1242.807703092555,-2927.7823130518177,-5509.289795728502,-15348.381357551069,-8857.571790538928
CASE_EY,11321,E1-P4-V-065,A-V-1321,SOL_4_beam_0458,beam,P4,200,963,3178.771648827332,-1541.934199433959,-1268.6825823376435,-1911.1144350870156,3515.7594044494144,-18937.02240253648,-3178.771648827332,1541.934199433959,1268.6825823376435,1911.1144350870156,2459.183346158573,11675.183472071403
CASE_EY,11322,E1-P4-V-071,A-V-1322,SOL_4_beam_0459,beam,P4,200,198,-189478.1619194477,9536.886667236617,40629.568638766395,-4531.6907803841605,-202267.35640596278,43150.397011938505,189478.1619194477,-9536.886667236617,-40629.568638766395,4531.6907803841605,-204028.32998170116,52218.46966042766
CASE_EY,11323,E1-P4-V-085,A-V-1323,SOL_4_beam_0460,beam,P4,198,205,-30642.667590279892,462.33208123091936,18032.80048194169,1725.871752075065,-36960.15434439618,-3684.589802474996,30642.667590279892,-462.33208123091936,-18032.80048194169,-1725.871752075065,-53203.84806531226,5996.250208629593
CASE_EY,11324,E1-P4-V-084,A-V-1324,SOL_4_beam_0461,beam,P4,198,205,-30642.667590279892,462.33208123091936,18032.80048194169,1725.871752075065,-36960.15434439618,-3684.589802474996,30642.667590279892,-462.33208123091936,-18032.80048194169,-1725.871752075065,-53203.84806531226,5996.250208629593
CASE_EY,11325,E1-P4-V-012,A-V-1325,SOL_4_beam_0462,beam,P4,187,182,61455.434980944854,-71152.29962274166,42461.3762596127,37288.87755619358,-196676.4023157899,-350415.05256926524,-61455.434980944854,71152.29962274166,-42461.3762596127,-37288.87755619358,-227937.36028033704,-361107.9436581513
CASE_EY,11326,E1-P4-V-011,A-V-1326,SOL_4_beam_0463,beam,P4,187,182,61455.434980944854,-71152.29962274166,42461.3762596127,37288.87755619358,-196676.4023157899,-350415.05256926524,-61455.434980944854,71152.29962274166,-42461.3762596127,-37288.87755619358,-227937.36028033704,-361107.9436581513
CASE_EY,11327,E1-P4-V-024,A-V-1327,SOL_4_beam_0464,beam,P4,182,190,-48295.255758536994,69676.83831097884,-71292.32463801026,-23425.28973846889,360949.8355690793,392968.9855024255,48295.255758536994,-69676.83831097884,71292.32463801026,23425.28973846889,351973.4108110232,303799.3976073629
CASE_EY,11328,E1-P4-V-030,A-V-1328,SOL_4_beam_0465,beam,P4,964,190,3621.106817675649,-13279.519195626008,4845.42477176191,-859.3043517202684,-3213.0567032393374,6270.082074615093,-3621.106817675649,13279.519195626008,-4845.42477176191,859.3043517202684,-19606.784931466904,-68810.83738574047
CASE_EY,11329,E1-P4-V-020,A-V-1329,SOL_4_beam_0466,beam,P4,182,965,96117.43756441941,-126488.21214121605,-8135.205373487148,-5665.605474115495,36193.6409091814,-304085.15490425995,-96117.43756441941,126488.21214121605,8135.205373487148,5665.605474115495,2119.6354356876254,-291619.2684811227
CASE_EY,11330,E1-P4-V-047,A-V-1330,SOL_4_beam_0467,beam,P4,190,192,-126885.83322698815,8498.953505773445,13808.915538369187,-4621.011355487336,-77708.98653182424,35127.1777532107,126885.83322698815,-8498.953505773445,-13808.915538369187,4621.011355487336,-60380.16885186762,49862.35730452375
CASE_EY,11331,E1-P4-V-055,A-V-1331,SOL_4_beam_0468,beam,P4,966,192,82.00326863296536,-9423.5868607039,1834.3353883922387,885.6507018198222,-2239.462590142675,-1351.1325012342058,-82.00326863296536,9423.5868607039,-1834.3353883922387,-885.6507018198222,-6399.4586685248605,-43029.859861993886
CASE_EY,11332,E1-P4-V-043,A-V-1332,SOL_4_beam_0469,beam,P4,190,967,-3703.700899449889,-13039.247684770895,-2924.239592885308,-133.22456801570817,10951.79541221463,-68075.420301188,3703.700899449889,13039.247684770895,2924.239592885308,133.22456801570817,2820.100253253674,6666.239224585632
CASE_EY,11333,E1-P4-V-072,A-V-1333,SOL_4_beam_0470,beam,P4,192,194,-44078.94989835404,7843.715230496806,5215.410031916993,-4925.8286164276415,-26042.100948960182,31982.329161097066,44078.94989835404,-7843.715230496806,-5215.410031916993,4925.8286164276415,-26111.99937020974,46454.82314387099
CASE_EY,11334,E1-P4-V-078,A-V-1334,SOL_4_beam_0471,beam,P4,968,194,259.39063248463594,-2233.629733686393,2636.520849020453,-897.815586734216,-1709.4451310412796,313.59362485360725,-259.39063248463594,2233.629733686393,-2636.520849020453,897.815586734216,-10707.420484513532,-10833.017451293552
CASE_EY,11335,E1-P4-V-068,A-V-1335,SOL_4_beam_0472,beam,P4,192,969,-144.24883415581223,-9280.330090122292,-1374.8606012015148,154.555504986778,6088.82180459727,-42603.81150577936,144.24883415581223,9280.330090122292,1374.8606012015148,-154.555504986778,386.17319936132435,-1102.5038225635035
CASE_EY,11336,E1-P4-V-089,A-V-1336,SOL_4_beam_0473,beam,P4,194,207,-8693.544910265971,-577.5267478997741,3047.140532509768,262.06519436766376,-5976.684426345879,-5579.8554638718015,8693.544910265971,577.5267478997741,-3047.140532509768,-262.06519436766376,-9259.01823620296,2692.221724372931
CASE_EY,11337,E1-P4-V-088,A-V-1337,SOL_4_beam_0474,beam,P4,194,207,-8693.544910265971,-577.5267478997741,3047.140532509768,262.06519436766376,-5976.684426345879,-5579.8554638718015,8693.544910265971,577.5267478997741,-3047.140532509768,-262.06519436766376,-9259.01823620296,2692.221724372931
CASE_EY,11338,E1-P4-V-013,A-V-1338,SOL_4_beam_0475,beam,P4,180,183,-64027.87823739063,49131.765965589286,-91453.81207445782,-13920.498263320673,404076.7435757289,210857.56036443604,64027.87823739063,-49131.765965589286,91453.81207445782,13920.498263320673,409862.1838869457,226415.15672930866
CASE_EY,11339,E1-P4-V-015,A-V-1339,SOL_4_beam_0476,beam,P4,180,183,-64027.87823739063,49131.765965589286,-91453.81207445782,-13920.498263320673,404076.7435757289,210857.56036443604,64027.87823739063,-49131.765965589286,91453.81207445782,13920.498263320673,409862.1838869457,226415.15672930866
CASE_EY,11340,E1-P4-V-014,A-V-1340,SOL_4_beam_0477,beam,P4,183,182,74706.53660538488,63491.016065042735,-19904.619260818043,-5247.549101004793,51671.32954061767,238313.17824968378,-74706.53660538488,-63491.016065042735,19904.619260818043,5247.549101004793,92637.16010031314,221996.68822187607
CASE_EY,11341,E1-P4-V-016,A-V-1341,SOL_4_beam_0478,beam,P4,183,182,74706.53660538488,63491.016065042735,-19904.619260818043,-5247.549101004793,51671.32954061767,238313.17824968378,-74706.53660538488,-63491.016065042735,19904.619260818043,5247.549101004793,92637.16010031314,221996.68822187607
CASE_EY,11342,E1-P4-V-048,A-V-1342,SOL_4_beam_0481,beam,P4,215,217,6746.857646749774,2268.3150611914093,-1196.7128861412104,-3521.3327718228916,4378.840960014979,8629.059897835534,-6746.857646749774,-2268.3150611914093,1196.7128861412104,3521.3327718228916,7588.287901397125,14054.090714078557
CASE_EY,11343,E1-P4-V-049,A-V-1343,SOL_4_beam_0482,beam,P4,215,217,6746.857646749774,2268.3150611914093,-1196.7128861412104,-3521.3327718228916,4378.840960014979,8629.059897835534,-6746.857646749774,-2268.3150611914093,1196.7128861412104,3521.3327718228916,7588.287901397125,14054.090714078557
CASE_EY,11344,E1-P4-V-031,A-V-1344,SOL_4_beam_0483,beam,P4,203,188,-1506.05911966303,-16780.112780747488,-21211.7122745117,-2641.571272991449,90825.3065442226,-93934.88033706622,1506.05911966303,16780.112780747488,21211.7122745117,2641.571272991449,97958.93269893155,-55408.123411586435
CASE_EY,11345,E1-P4-V-037,A-V-1345,SOL_4_beam_0484,beam,P4,203,188,-1506.05911966303,-16780.112780747488,-21211.7122745117,-2641.571272991449,90825.3065442226,-93934.88033706622,1506.05911966303,16780.112780747488,21211.7122745117,2641.571272991449,97958.93269893155,-55408.123411586435
CASE_EY,11346,E1-P4-V-032,A-V-1346,SOL_4_beam_0485,beam,P4,188,190,-43610.60343878252,-18944.7472542718,5999.0021241799595,833.7583735865056,-26478.81312558183,-47291.247444932305,43610.60343878252,18944.7472542718,-5999.0021241799595,-833.7583735865056,-17013.95227472288,-90058.17014853822
CASE_EY,11347,E1-P4-V-038,A-V-1347,SOL_4_beam_0486,beam,P4,188,190,-43610.60343878252,-18944.7472542718,5999.0021241799595,833.7583735865056,-26478.81312558183,-47291.247444932305,43610.60343878252,18944.7472542718,-5999.0021241799595,-833.7583735865056,-17013.95227472288,-90058.17014853822
CASE_EY,11348,E1-P4-V-033,A-V-1348,SOL_4_beam_0487,beam,P4,190,217,2011.3408269003955,-6253.812218812415,1216.5685270622755,-6761.919311570572,-958.3225199936398,-12518.007349367432,-2011.3408269003955,6253.812218812415,-1216.5685270622755,6761.919311570572,-4053.9398115029358,-13247.698992139725
CASE_EY,11349,E1-P4-V-039,A-V-1349,SOL_4_beam_0488,beam,P4,190,217,2011.3408269003955,-6253.812218812415,1216.5685270622755,-6761.919311570572,-958.3225199936398,-12518.007349367432,-2011.3408269003955,6253.812218812415,-1216.5685270622755,6761.919311570572,-4053.9398115029358,-13247.698992139725
CASE_EY,11350,E1-P4-V-056,A-V-1350,SOL_4_beam_0489,beam,P4,200,201,-12131.15626954611,-8406.35619368841,-9551.850619735336,-2277.484487878787,41596.3136881138,-43115.83815605641,12131.15626954611,8406.35619368841,9551.850619735336,2277.484487878787,43415.15682753069,-31700.731967770444
CASE_EY,11351,E1-P4-V-061,A-V-1351,SOL_4_beam_0490,beam,P4,200,201,-12131.15626954611,-8406.35619368841,-9551.850619735336,-2277.484487878787,41596.3136881138,-43115.83815605641,12131.15626954611,8406.35619368841,9551.850619735336,2277.484487878787,43415.15682753069,-31700.731967770444
CASE_EY,11352,E1-P4-V-057,A-V-1352,SOL_4_beam_0491,beam,P4,201,192,-20082.68069131653,-10854.436611052457,1601.7193140690533,-552.1828129418616,-9165.922290694249,-28523.43808983608,20082.68069131653,10854.436611052457,-1601.7193140690533,552.1828129418616,-2446.5427363063886,-50171.227340294245
CASE_EY,11353,E1-P4-V-062,A-V-1353,SOL_4_beam_0492,beam,P4,201,192,-20082.68069131653,-10854.436611052457,1601.7193140690533,-552.1828129418616,-9165.922290694249,-28523.43808983608,20082.68069131653,10854.436611052457,-1601.7193140690533,552.1828129418616,-2446.5427363063886,-50171.227340294245
CASE_EY,11354,E1-P4-V-079,A-V-1354,SOL_4_beam_0494,beam,P4,198,196,-8397.422627806221,-2903.993881810684,-6966.815812329433,-3518.5849740770204,30206.075658372327,-15210.097509565414,8397.422627806221,2903.993881810684,6966.815812329433,3518.5849740770204,31798.58507135963,-10635.448038549672
CASE_EY,11355,E1-P4-V-082,A-V-1355,SOL_4_beam_0495,beam,P4,198,196,-8397.422627806221,-2903.993881810684,-6966.815812329433,-3518.5849740770204,30206.075658372327,-15210.097509565414,8397.422627806221,2903.993881810684,6966.815812329433,3518.5849740770204,31798.58507135963,-10635.448038549672
CASE_EY,11356,E1-P4-V-080,A-V-1356,SOL_4_beam_0496,beam,P4,196,194,-15744.039948293626,-3021.656264317273,4065.630763770846,603.0134378118171,-16515.32593422292,-8055.421617510871,15744.039948293626,3021.656264317273,-4065.630763770846,-603.0134378118171,-12960.49710311571,-13851.586298789358
CASE_EY,11357,E1-P4-V-083,A-V-1357,SOL_4_beam_0497,beam,P4,196,194,-15744.039948293626,-3021.656264317273,4065.630763770846,603.0134378118171,-16515.32593422292,-8055.421617510871,15744.039948293626,3021.656264317273,-4065.630763770846,-603.0134378118171,-12960.49710311571,-13851.586298789358
CASE_EY,11358,E1-P4-V-001,A-V-1358,SOL_4_beam_0498,beam,P4,185,970,-57207.51363415854,38673.264646562675,-42564.07011668017,1711.3937447139037,215113.00539479035,183298.07125033345,57207.51363415854,-38673.264646562675,42564.07011668017,-1711.3937447139037,-52866.27370825352,-35882.40410776928
CASE_EY,11359,E1-P4-V-004,A-V-1359,SOL_4_beam_0499,beam,P4,185,970,-57207.51363415854,38673.264646562675,-42564.07011668017,1711.3937447139037,215113.00539479035,183298.07125033345,57207.51363415854,-38673.264646562675,42564.07011668017,-1711.3937447139037,-52866.27370825352,-35882.40410776928
CASE_EY,11360,E1-P4-V-002,A-V-1360,SOL_4_beam_0500,beam,P4,970,184,-123939.24242112455,60929.04271803543,-85128.14023337203,-11106.160991989203,105203.32810989428,71764.80821557132,123939.24242112455,-60929.04271803543,85128.14023337203,11106.160991989203,329700.6690841626,239510.45458986665
CASE_EY,11361,E1-P4-V-005,A-V-1361,SOL_4_beam_0501,beam,P4,327,184,-3346.6188239848057,1811.6157218803774,17964.384003559782,5316.451724320286,-19484.888646518175,2746.949444015941,3346.6188239848057,-1811.6157218803774,-17964.384003559782,-5316.451724320286,-61509.1478735277,5420.88252334753
CASE_EY,11362,E1-P4-V-003,A-V-1362,SOL_4_beam_0502,beam,P4,184,187,-62116.454454430976,64369.94052954994,-6054.429645100967,-13254.278295311975,12759.221339427846,227653.66086136422,62116.454454430976,-64369.94052954994,6054.429645100967,13254.278295311975,31135.393587554165,239028.40797787282
CASE_EY,11363,E1-P4-V-006,A-V-1363,SOL_4_beam_0503,beam,P4,184,187,-62116.454454430976,64369.94052954994,-6054.429645100967,-13254.278295311975,12759.221339427846,227653.66086136422,62116.454454430976,-64369.94052954994,6054.429645100967,13254.278295311975,31135.393587554165,239028.40797787282
CASE_EY,11364,E1-P4-V-090,A-V-1364,SOL_4_beam_0504,beam,P4,205,225,-3032.7421941995476,-1081.1632754522414,-2196.6160990783337,-5015.989755160637,10240.170555801174,-4398.216475038226,3032.7421941995476,1081.1632754522414,2196.6160990783337,5015.989755160637,9309.712725995998,-5224.136676486723
CASE_EY,11365,E1-P4-V-092,A-V-1365,SOL_4_beam_0505,beam,P4,205,225,-3032.7421941995476,-1081.1632754522414,-2196.6160990783337,-5015.989755160637,10240.170555801174,-4398.216475038226,3032.7421941995476,1081.1632754522414,2196.6160990783337,5015.989755160637,9309.712725995998,-5224.136676486723
CASE_EY,11366,E1-P4-V-091,A-V-1366,SOL_4_beam_0506,beam,P4,225,207,-2247.1214002757047,-628.0936261229401,-2086.791242992152,1029.5407410560983,7434.840945044092,-2207.8091899621013,2247.1214002757047,628.0936261229401,2086.791242992152,-1029.5407410560983,7694.395566649011,-2345.8695994292148
CASE_EY,11367,E1-P4-V-093,A-V-1367,SOL_4_beam_0507,beam,P4,225,207,-2247.1214002757047,-628.0936261229401,-2086.791242992152,1029.5407410560983,7434.840945044092,-2207.8091899621013,2247.1214002757047,628.0936261229401,2086.791242992152,-1029.5407410560983,7694.395566649011,-2345.8695994292148
CASE_EY,11368,E1-P4-V-021,A-V-1368,SOL_4_beam_0508,beam,P4,959,953,-117575.05263455174,54360.771847951124,-11901.104402022258,-17620.3309294973,24183.848852718613,247828.78208306414,117575.05263455174,-54360.771847951124,11901.104402022258,17620.3309294973,81735.98032527948,235982.08736370094
CASE_EY,11369,E1-P4-V-025,A-V-1369,SOL_4_beam_0509,beam,P4,958,952,14043.896518895113,-3940.895756178032,-5546.3228116687,928.8573678856982,9955.54853653821,-9858.16048043811,-14043.896518895113,3940.895756178032,5546.3228116687,-928.8573678856982,39406.724487313215,-25215.81174954638
CASE_EY,11370,E1-P4-V-022,A-V-1370,SOL_4_beam_0510,beam,P4,953,965,132354.02066026503,87864.91239227695,8135.205373537019,1754.4306892775223,-59888.23593704616,292682.3989275202,-132354.02066026503,-87864.91239227695,-8135.205373537019,-1754.4306892775223,5789.1202030249915,291619.2684811215
CASE_EY,11371,E1-P4-V-026,A-V-1371,SOL_4_beam_0511,beam,P4,952,964,-13021.884529731278,-4459.660070585641,4845.4247717137205,-3261.2690710516313,-31569.187763640453,-23386.657394779035,13021.884529731278,4459.660070585641,-4845.4247717137205,3261.2690710516313,-652.8869682557852,-6270.082074615476
CASE_EY,11372,E1-P4-V-044,A-V-1372,SOL_4_beam_0512,beam,P4,961,955,-14159.816097744791,-3892.8778610809263,-3410.3681376284353,-3926.3644908801944,5534.736002410051,-9652.471891792782,14159.816097744791,3892.8778610809263,3410.3681376284353,3926.3644908801944,24817.540422483027,-24994.141071827464
CASE_EY,11373,E1-P4-V-050,A-V-1373,SOL_4_beam_0513,beam,P4,960,954,1206.6688110435387,-3308.8915855452624,-2680.411065170053,-471.8550515282731,5555.844801847437,-11885.545659426862,-1206.6688110435387,3308.8915855452624,2680.411065170053,471.8550515282731,18299.813678166036,-17563.589451925975
CASE_EY,11374,E1-P4-V-045,A-V-1374,SOL_4_beam_0514,beam,P4,955,967,12776.839734709563,-4526.78107832549,2924.239592808083,2805.88643779391,-19758.78811319454,-23436.854946278236,-12776.839734709563,4526.78107832549,-2924.239592808083,-2805.88643779391,312.5948210207898,-6666.239224586267
CASE_EY,11375,E1-P4-V-051,A-V-1375,SOL_4_beam_0515,beam,P4,954,966,-9399.224715797927,-682.1206631705828,1834.3353883265145,-2178.4983408963762,-13224.836463378102,-5887.234911319036,9399.224715797927,682.1206631705828,-1834.3353883265145,2178.4983408963762,1026.506131006783,1351.1325012346606
CASE_EY,11376,E1-P4-V-069,A-V-1376,SOL_4_beam_0516,beam,P4,963,957,-1336.3144144947855,-3270.5372733115505,-1268.6825822571861,-2575.9272328054403,1750.582761580858,-11675.183472070437,1336.3144144947855,3270.5372733115505,1268.6825822571861,2575.9272328054403,9540.6922205081,-17432.598260402363
CASE_EY,11377,E1-P4-V-073,A-V-1377,SOL_4_beam_0517,beam,P4,962,956,1187.5378718137515,-905.5177810370112,-2927.782312911335,-1205.6905858323062,5597.46045034435,-3004.4884587645424,-1187.5378718137515,905.5177810370112,2927.782312911335,1205.6905858323062,20459.80213456653,-5054.619792464858
CASE_EY,11378,E1-P4-V-070,A-V-1378,SOL_4_beam_0518,beam,P4,957,969,9252.293835743652,-735.1143347287049,1374.8606012900084,395.23412309720885,-9013.180675372712,-5991.0141485094,-9252.293835743652,735.1143347287049,-1374.8606012900084,-395.23412309720885,-129.64232320584233,1102.5038225635135
CASE_EY,11379,E1-P4-V-074,A-V-1379,SOL_4_beam_0519,beam,P4,956,968,-2212.570193466561,-401.1463901216226,2636.5208490211407,-1763.1643809718244,-16745.763366803974,-2354.029869455217,2212.570193466561,401.1463901216226,-2636.5208490211407,1763.1643809718244,-787.1002791866085,-313.5936248535727
CASE_EY,11380,E1-P4-V-058,A-V-1380,SOL_4_beam_0520,beam,P4,192,215,-3192.789705144077,8243.955009986912,2776.321325868624,-1349.7975417785856,-12622.043962755648,41813.66785986704,3192.789705144077,-8243.955009986912,-2776.321325868624,1349.7975417785856,1183.6001001769146,-7848.573218720958
CASE_EY,11381,E1-P4-V-063,A-V-1381,SOL_4_beam_0521,beam,P4,192,215,-3192.789705144077,8243.955009986912,2776.321325868624,-1349.7975417785856,-12622.043962755648,41813.66785986704,3192.789705144077,-8243.955009986912,-2776.321325868624,1349.7975417785856,1183.6001001769146,-7848.573218720958
CASE_EY,11382,E1-P4-V-035,A-V-1382,SOL_4_beam_0522,beam,P4,971,190,0.0,6.800919730503636e-08,-3.1563674491817636e-09,-3.59234212102093e-09,-3.081296229215333e-08,4.686470311917158e-08,0.0,-6.800919730503636e-08,3.1563674491817636e-09,3.59234212102093e-09,3.516302755692792e-08,4.686470311917158e-08
CASE_EY,11383,E1-P4-V-036,A-V-1383,SOL_4_beam_0523,beam,P4,190,971,0.0,6.800919730503636e-08,3.1563674491817636e-09,-3.59234212102093e-09,-3.516302755692792e-08,4.686470311917158e-08,0.0,-6.800919730503636e-08,-3.1563674491817636e-09,3.59234212102093e-09,3.081296229215333e-08,4.686470311917158e-08
CASE_EY,11384,E1-P4-V-059,A-V-1384,SOL_4_beam_0524,beam,P4,972,192,-9.666811699499086e-08,-5.235361475709483e-08,7.890918622954409e-10,7.943226602257434e-10,5.0750761422370185e-09,-3.608943034479659e-08,9.666811699499086e-08,5.235361475709483e-08,-7.890918622954409e-10,-7.943226602257434e-10,-6.1625924584306664e-09,-3.60636521802646e-08
CASE_EY,11385,E1-P4-V-060,A-V-1385,SOL_4_beam_0525,beam,P4,192,972,-9.666811699499086e-08,-5.235361475709483e-08,-7.890918622954409e-10,7.943226602257434e-10,6.1625924584306664e-09,-3.60636521802646e-08,9.666811699499086e-08,5.235361475709483e-08,7.890918622954409e-10,-7.943226602257434e-10,-5.0750761422370185e-09,-3.608943034479659e-08
CASE_EY,11386,E1-P4-V-112,A-V-1386,SOL_4_beam_0526,beam,P4,219,973,0.0,-2.096735764351113e-08,-1.951795482090349e-07,7.105115974334111e-09,7.014281753051187e-08,-7.393139563786979e-09,0.0,2.096735764351113e-08,1.951795482090349e-07,-7.105115974334111e-09,6.748589262405309e-08,-7.391761899020667e-09
CASE_EY,11387,E1-P4-V-113,A-V-1387,SOL_4_beam_0527,beam,P4,973,219,0.0,-2.096735764351113e-08,1.951795482090349e-07,7.105115974334111e-09,-6.748589262405309e-08,-7.391761899020667e-09,0.0,2.096735764351113e-08,-1.951795482090349e-07,-7.105115974334111e-09,-7.014281753051187e-08,-7.393139563786979e-09
CASE_EY,11388,E1-P4-V-095,A-V-1388,SOL_4_beam_0528,beam,P4,225,223,3340.9882853771105,-681.5099921221135,-1554.6873707585576,1527.000090780221,8421.758421415443,-2812.109299321837,-3340.9882853771105,681.5099921221135,1554.6873707585576,-1527.000090780221,-4457.305625981126,1074.2588194104496
CASE_EY,11389,E1-P4-V-094,A-V-1389,SOL_4_beam_0529,beam,P4,225,223,3340.9882853771105,-681.5099921221135,-1554.6873707585576,1527.000090780221,8421.758421415443,-2812.109299321837,-3340.9882853771105,681.5099921221135,1554.6873707585576,-1527.000090780221,-4457.305625981126,1074.2588194104496
CASE_EY,11390,E1-P4-V-117,A-V-1390,SOL_4_beam_0530,beam,P4,223,209,1526.950734924509,-716.1660398373441,-4338.555292901822,667.6131949428953,7941.847213938231,-1371.9868297775527,-1526.950734924509,716.1660398373441,4338.555292901822,-667.6131949428953,2253.7577243810897,-311.00336384021216
CASE_EY,11391,E1-P4-V-116,A-V-1391,SOL_4_beam_0531,beam,P4,223,209,1526.950734924509,-716.1660398373441,-4338.555292901822,667.6131949428953,7941.847213938231,-1371.9868297775527,-1526.950734924509,716.1660398373441,4338.555292901822,-667.6131949428953,2253.7577243810897,-311.00336384021216
CASE_EY,11392,E1-P4-V-103,A-V-1392,SOL_4_beam_0532,beam,P4,223,221,8.471152202693293,-72.71138406445125,63.58142220556278,-118.09891489638716,-449.10024407208357,-357.91189617434344,-8.471152202693293,72.71138406445125,-63.58142220556278,118.09891489638716,-11.865066918246612,-169.2456382929282
CASE_EY,11393,E1-P4-V-102,A-V-1393,SOL_4_beam_0533,beam,P4,219,223,-7.535198218198246,84.1875913110418,36.57945751763805,143.7332410583556,-3.7874653049223355,170.16258911697747,7.535198218198246,-84.1875913110418,-36.57945751763805,-143.7332410583556,-321.76970660205626,579.1069735512946
CASE_EY,11394,E1-P4-V-109,A-V-1394,SOL_4_beam_0534,beam,P4,223,221,8.471152202693293,-72.71138406445125,63.58142220556278,-118.09891489638716,-449.10024407208357,-357.91189617434344,-8.471152202693293,72.71138406445125,-63.58142220556278,118.09891489638716,-11.865066918246612,-169.2456382929282
CASE_EY,11395,E1-P4-V-108,A-V-1395,SOL_4_beam_0535,beam,P4,219,223,-7.535198218198246,84.1875913110418,36.57945751763805,143.7332410583556,-3.7874653049223355,170.16258911697747,7.535198218198246,-84.1875913110418,-36.57945751763805,-143.7332410583556,-321.76970660205626,579.1069735512946
CASE_EY,11396,E1-P4-V-096,A-V-1396,SOL_4_beam_0536,beam,P4,974,221,-2.355183436936076e-08,-3.62057486514749e-08,3.7471450996236656e-10,5.579116511851419e-11,-2.649581366553085e-10,-4.795153477601852e-09,2.355183436936076e-08,3.62057486514749e-08,-3.7471450996236656e-10,-5.579116511851419e-11,0.0,-2.0805690481893298e-08
CASE_EY,11397,E1-P4-V-097,A-V-1397,SOL_4_beam_0537,beam,P4,221,974,-2.355183436936076e-08,-3.62057486514749e-08,-3.7471450996236656e-10,5.579116511851419e-11,0.0,-2.0805690481893298e-08,2.355183436936076e-08,3.62057486514749e-08,3.7471450996236656e-10,-5.579116511851419e-11,2.649581366553085e-10,-4.795153477601852e-09
CASE_EY,11398,E1-P4-V-114,A-V-1398,SOL_4_beam_0538,beam,P4,221,975,-4.710366873872152e-08,2.420822274139094e-08,1.4988580398494662e-09,-5.579116511851419e-11,-7.065550310808226e-10,1.61706894780031e-08,4.710366873872152e-08,-2.420822274139094e-08,-1.4988580398494662e-09,5.579116511851419e-11,-3.532775155404113e-10,9.46783741648303e-10
CASE_EY,11399,E1-P4-V-115,A-V-1399,SOL_4_beam_0539,beam,P4,975,221,-4.710366873872152e-08,2.420822274139094e-08,-1.4988580398494662e-09,-5.579116511851419e-11,3.532775155404113e-10,9.46783741648303e-10,4.710366873872152e-08,-2.420822274139094e-08,1.4988580398494662e-09,5.579116511851419e-11,7.065550310808226e-10,1.61706894780031e-08
CASE_EY,11400,E1-P4-V-098,A-V-1400,SOL_4_beam_0540,beam,P4,976,219,-1.180855513981705e-08,2.233470299840414e-08,7.234454296551387e-08,-5.594579507349804e-11,-2.5949299919747962e-08,8.416350866652273e-09,1.180855513981705e-08,-2.233470299840414e-08,-7.234454296551387e-08,5.594579507349804e-11,-2.5063658284261685e-08,7.332719123321729e-09
CASE_EY,11401,E1-P4-V-099,A-V-1401,SOL_4_beam_0541,beam,P4,219,976,-1.180855513981705e-08,2.233470299840414e-08,-7.234454296551387e-08,-5.594579507349804e-11,2.5063658284261685e-08,7.332719123321729e-09,1.180855513981705e-08,-2.233470299840414e-08,7.234454296551387e-08,5.594579507349804e-11,2.5949299919747962e-08,8.416350866652273e-09
CASE_EY,11402,E1-P4-V-100,A-V-1402,SOL_4_beam_0542,beam,P4,977,223,-2.3551834369360742e-08,-2.0847449936484003e-08,-1.7986296478193567e-08,-5.5791165118514156e-11,6.712272795267809e-09,-1.643289990064864e-08,2.3551834369360742e-08,2.0847449936484003e-08,1.7986296478193567e-08,5.5791165118514156e-11,6.0057177641869874e-09,1.6918067688657464e-09
CASE_EY,11403,E1-P4-V-101,A-V-1403,SOL_4_beam_0543,beam,P4,223,977,-2.3551834369360742e-08,-2.0847449936484003e-08,1.7986296478193567e-08,-5.5791165118514156e-11,-6.0057177641869874e-09,1.6918067688657464e-09,2.3551834369360742e-08,2.0847449936484003e-08,-1.7986296478193567e-08,5.5791165118514156e-11,-6.712272795267809e-09,-1.643289990064864e-08
CASE_EY,11404,E1-P4-V-110,A-V-1404,SOL_4_beam_0544,beam,P4,223,978,0.0,-4.440283673162937e-08,-1.1990864318795713e-08,-6.137028163036558e-10,2.4729426087828775e-09,-3.1145730831188296e-08,0.0,4.440283673162937e-08,1.1990864318795713e-08,6.137028163036558e-10,6.005717764186988e-09,-2.512195666065141e-10
CASE_EY,11405,E1-P4-V-111,A-V-1405,SOL_4_beam_0545,beam,P4,978,223,0.0,-4.440283673162937e-08,1.1990864318795713e-08,-6.137028163036558e-10,-6.005717764186988e-09,-2.512195666065141e-10,0.0,4.440283673162937e-08,-1.1990864318795713e-08,6.137028163036558e-10,-2.4729426087828775e-09,-3.1145730831188296e-08
