case_name,opensees_element_tag,element_id,analysis_id,geometry_elementTag,type,floor,node_i,node_j,N_end1,Vy_end1,Vz_end1,T_end1,My_end1,Mz_end1,N_end2,Vy_end2,Vz_end2,T_end2,My_end2,Mz_end2
CASE_G,10001,E2-S1-C-002,A-C-0001,SOL2_1S_column_0001,column,S1,1,2,204933.15807563227,-920.0134799091119,122390.05369724095,55528.11907839233,-427014.8952099117,-1822.787562862814,-204933.15807563227,920.0134799091119,-122390.05369724095,-55528.11907839233,-57649.717431162426,-1820.465817577269
CASE_G,10002,E2-S1-C-005,A-C-0002,SOL2_1S_column_0002,column,S1,3,4,179502.08047454015,-99102.09172647764,117897.72399910145,7324.570783785897,-415908.04138274316,-345064.32807613676,-179502.08047454015,99102.09172647764,-117897.72399910145,-7324.570783785897,-50966.945653698494,-47379.95516071463
CASE_G,10003,E2-S1-C-006,A-C-0003,SOL2_1S_column_0003,column,S1,5,6,528446.8504172753,-133096.2555399377,215734.9374957636,50557.712396245704,-649225.7618395132,-390994.9643464783,-528446.8504172753,133096.2555399377,-215734.9374957636,-50557.712396245704,-205084.5906437106,-136066.20759167493
CASE_G,10004,E2-S1-C-003,A-C-0004,SOL2_1S_column_0004,column,S1,7,8,-22902.006024495728,-1659.3866276286908,-118356.17080995474,55053.100849786024,511711.5476208641,-2593.413904552952,22902.006024495728,1659.3866276286908,118356.17080995474,-55053.100849786024,-43021.11121344339,-3977.757140856663
CASE_G,10005,E2-S1-C-001,A-C-0005,SOL2_1S_column_0005,column,S1,9,10,1249713.727418095,71274.45484337762,27757.227910652728,35997.11989555496,106608.69332575277,216589.00263045958,-1249713.727418095,-71274.45484337762,-27757.227910652728,-35997.11989555496,-216527.31585193757,65657.83854931578
CASE_G,10006,E2-S1-C-004,A-C-0006,SOL2_1S_column_0006,column,S1,11,12,-251672.0576341968,5218.562040370739,-273534.48883012193,25135.40088152945,918889.1688949319,6671.152267755556,251672.0576341968,-5218.562040370739,273534.48883012193,-25135.40088152945,164307.40687235107,13994.353412112569
CASE_G,10007,E2-S1-C-007,A-C-0007,SOL2_1S_column_0007,column,S1,13,14,342289.38535900705,-98349.8191260014,-302309.95676990494,111256.97368930899,952485.5829663927,-344388.44459464215,-342289.38535900705,98349.8191260014,302309.95676990494,-111256.97368930899,244661.84584243078,-45076.8391443234
CASE_G,10008,E2-S1-C-008,A-C-0008,SOL2_1S_column_0008,column,S1,15,16,736820.8432014707,-27948.658454184297,88888.7269183251,123123.22783505413,-340333.0241031868,-430799.4555142329,-736820.8432014707,27948.658454184297,-88888.7269183251,-123123.22783505413,-11666.334493380622,320122.7680356631
CASE_G,10009,E2-P1-C-002,A-C-0009,SOL2_1_column_0001,column,P1,2,17,126398.08967286379,-1720.6444564866704,179159.13405326282,71127.27239399657,-177617.33810944477,2613.9822884055375,-126398.08967286379,1720.6444564866704,-179159.13405326282,-71127.27239399657,-531852.832741476,-9427.734336092752
CASE_G,10010,E2-P1-C-005,A-C-0010,SOL2_1_column_0002,column,P1,4,18,118378.65997495857,-85634.45804252275,218127.8411687714,51268.511193522994,-285722.32823682245,-212620.98582084826,-118378.65997495857,85634.45804252275,-218127.8411687714,-51268.511193522994,-578063.9227915123,-126491.46802754184
CASE_G,10011,E2-P1-C-006,A-C-0011,SOL2_1_column_0003,column,P1,6,19,472575.86136863695,-162853.3447751274,414089.0036821155,76973.80362271055,-130230.57349187555,-359852.0428957179,-472575.86136863695,162853.3447751274,-414089.0036821155,-76973.80362271055,-1509561.8810893018,-285047.20241378655
CASE_G,10012,E2-P1-C-003,A-C-0012,SOL2_1_column_0004,column,P1,8,20,-48243.428186075704,-2223.3640108766417,-128976.06577439269,73581.9169359139,365483.43707198696,-665.5792579163235,48243.428186075704,2223.3640108766417,128976.06577439269,-73581.9169359139,145261.7833946081,-8138.942225155179
CASE_G,10013,E2-P1-C-001,A-C-0013,SOL2_1_column_0005,column,P1,10,21,1008049.4114824702,47612.37854686702,16982.01509370484,38426.92518272527,72084.77742290008,100450.01433131016,-1008049.4114824702,-47612.37854686702,-16982.01509370484,-38426.92518272527,-139333.55719397124,88095.00471428322
CASE_G,10014,E2-P1-C-004,A-C-0014,SOL2_1_column_0006,column,P1,12,22,-244816.5162451179,8471.978465709339,-306661.1669811291,44233.853217139935,813114.7080231103,21304.71871125784,244816.5162451179,-8471.978465709339,306661.1669811291,-44233.853217139935,401263.5132221608,12244.316012951136
CASE_G,10015,E2-P1-C-007,A-C-0015,SOL2_1_column_0007,column,P1,14,23,403963.67790907394,-91781.5850012141,-272471.1489421219,118656.10446419692,802779.0162140641,-221387.27001209452,-403963.67790907394,91781.5850012141,272471.1489421219,-118656.10446419692,276206.73359673837,-142067.80659271328
CASE_G,10016,E2-P1-C-008,A-C-0016,SOL2_1_column_0008,column,P1,16,24,753568.7570306647,-26041.979141868556,10932.705614323499,127190.02892521126,-64251.65754876416,-342725.2926256317,-753568.7570306647,26041.979141868556,-10932.705614323499,-127190.02892521126,20958.14331604311,239599.0552238322
CASE_G,10017,E2-P2-C-002,A-C-0017,SOL2_2_column_0001,column,P2,17,25,53936.97271325943,-1029.709208224781,-30526.625436974005,44347.06864123271,608070.3945361489,10022.273161333082,-53936.97271325943,1029.709208224781,30526.625436974005,-44347.06864123271,-487184.9578057318,-14099.921625903215
CASE_G,10018,E2-P2-C-005,A-C-0018,SOL2_2_column_0002,column,P2,18,26,35428.75270985454,-103883.04940161359,151867.0736969623,199317.37592414135,353760.9389375248,-183135.86853101983,-35428.75270985454,103883.04940161359,-151867.0736969623,-199317.37592414135,-955154.5507774956,-228241.00709937004
CASE_G,10019,E2-P2-C-006,A-C-0019,SOL2_2_column_0003,column,P2,19,27,339286.9169470583,-191304.51011489602,-395837.27996593184,138739.88871563814,1488617.3281494642,-352992.04250999907,-339286.9169470583,191304.51011489602,395837.27996593184,-138739.88871563814,78898.30051562609,-404573.81754498935
CASE_G,10020,E2-P2-C-003,A-C-0020,SOL2_2_column_0004,column,P2,20,28,-52809.75342024815,7338.275193154338,-153004.92440295054,52919.64072182755,295538.73073851335,22564.73213117233,52809.75342024815,-7338.275193154338,153004.92440295054,-52919.64072182755,310360.7698971709,6494.837633718852
CASE_G,10021,E2-P2-C-001,A-C-0021,SOL2_2_column_0005,column,P2,21,29,770514.6794330576,38754.65653238622,-15776.570753622382,959.8657515117549,96789.35495677472,63272.29252416955,-770514.6794330576,-38754.65653238622,15776.570753622382,-959.8657515117549,-34314.13477243009,90196.14734407993
CASE_G,10022,E2-P2-C-004,A-C-0022,SOL2_2_column_0006,column,P2,22,30,-174390.14141006846,10193.923054269615,-405015.23918827734,71336.66465013071,962606.9455239959,33097.23590629622,174390.14141006846,-10193.923054269615,405015.23918827734,-71336.66465013071,641253.4016615825,7270.699388611456
CASE_G,10023,E2-P2-C-007,A-C-0023,SOL2_2_column_0007,column,P2,23,31,352788.24067005224,-106111.44299855747,-189894.32018423823,55319.828013586455,597561.327106947,-192675.3770275918,-352788.24067005224,106111.44299855747,189894.32018423823,-55319.828013586455,154420.18082263652,-227525.9372466959
CASE_G,10024,E2-P2-C-008,A-C-0024,SOL2_2_column_0008,column,P2,24,32,1506067.7374448383,-113025.50180725874,650702.391779102,286120.08805305435,-292024.26788522257,-541591.5113147125,-1506067.7374448383,113025.50180725874,-650702.391779102,-286120.08805305435,-2284757.2035600217,94010.52415796777
CASE_G,10025,E2-P3-C-002,A-C-0025,SOL2_3_column_0001,column,P3,25,33,34224.4512507546,-6338.99722005497,-798919.7335928022,-37986.88258083046,1638079.4783576257,2183.713686546904,-34224.4512507546,6338.99722005497,798919.7335928022,37986.88258083046,1525642.66666987,-27286.142677964577
CASE_G,10026,E2-P3-C-005,A-C-0026,SOL2_3_column_0002,column,P3,26,34,6729.181226538134,-84716.83450102643,-1031053.6521866121,86201.84526424775,2043063.4099730412,-116540.86746533703,-6729.181226538134,84716.83450102643,1031053.6521866121,-86201.84526424775,2039909.0526859416,-218937.79715872754
CASE_G,10027,E2-P3-C-006,A-C-0027,SOL2_3_column_0003,column,P3,27,35,169302.11508026955,-128636.15647548364,-13789.177467463767,68518.09032941837,148673.31960151327,-225739.16098162677,-169302.11508026955,128636.15647548364,13789.177467463767,-68518.09032941837,-94068.17683035677,-283660.0186612883
CASE_G,10028,E2-P3-C-003,A-C-0028,SOL2_3_column_0004,column,P3,28,36,-38352.56134045002,9556.607878090383,-147133.0540610104,-21786.810769801847,104061.408119503,35606.12789388659,38352.56134045002,-9556.607878090383,147133.0540610104,21786.810769801847,478585.48596209794,2238.0393033513174
CASE_G,10029,E2-P3-C-001,A-C-0029,SOL2_3_column_0005,column,P3,29,37,538426.3882395597,34155.80827071854,-36865.021052229284,-35290.212299403924,78762.7652082335,23325.352707202568,-538426.3882395597,-34155.80827071854,36865.021052229284,35290.212299403924,67222.71815859442,111931.6480448428
CASE_G,10030,E2-P3-C-004,A-C-0030,SOL2_3_column_0006,column,P3,30,38,-54302.07716574862,28449.10923973928,-643677.6909076415,73911.23305004826,1052695.5707159557,55464.01452014146,54302.07716574862,-28449.10923973928,643677.6909076415,-73911.23305004826,1496268.085278304,57194.458069226035
CASE_G,10031,E2-P3-C-007,A-C-0031,SOL2_3_column_0007,column,P3,31,39,147803.83518034342,-76834.42148349898,-269606.7650075011,17929.288995248688,498447.3687693628,-90341.32127619901,-147803.83518034342,76834.42148349898,269606.7650075011,-17929.288995248688,569195.4206603413,-213922.9877984569
CASE_G,10032,E2-P3-C-008,A-C-0032,SOL2_3_column_0008,column,P3,32,40,945947.6131770449,-89959.0724940434,163768.48640972652,317430.2522256283,714146.0306720568,-154558.68042139988,-945947.6131770449,89959.0724940434,-163768.48640972652,-317430.2522256283,-1362669.2368545737,-201679.2466550119
CASE_G,10033,E2-P4-C-002,A-C-0033,SOL2_4_column_0001,column,P4,33,41,20589.445113932077,21640.059332927867,-88344.08480693301,-28179.73114064307,-247114.8634437339,45821.48375081759,-20589.445113932077,-21640.059332927867,88344.08480693301,28179.73114064307,596957.4392791886,39873.15120757677
CASE_G,10034,E2-P4-C-005,A-C-0034,SOL2_4_column_0002,column,P4,34,42,75549.43429092299,-41508.72592120567,126531.31558707681,107680.28056371745,-629029.7040877044,-71171.0564188917,-75549.43429092299,41508.72592120567,-126531.31558707681,-107680.28056371745,127965.6943628802,-93203.49822908276
CASE_G,10035,E2-P4-C-006,A-C-0035,SOL2_4_column_0003,column,P4,35,43,45599.05610744288,-125430.59061054245,-275111.089833637,103567.09934847805,561406.3016736719,-204575.5245953836,-45599.05610744288,125430.59061054245,275111.089833637,-103567.09934847805,528033.6140675307,-292129.61422236456
CASE_G,10036,E2-P4-C-003,A-C-0036,SOL2_4_column_0004,column,P4,36,44,-31303.88277580857,49096.4722644885,-51155.63743315558,-82753.1166451733,-181112.80291153712,91398.88365972406,31303.88277580857,-49096.4722644885,51155.63743315558,82753.1166451733,383689.1271468332,103023.14650765042
CASE_G,10037,E2-P4-C-001,A-C-0037,SOL2_4_column_0005,column,P4,37,45,291511.11726298777,-36363.95880584099,7199.902920285875,6660.216625320487,-38725.099255045236,-88839.14664192374,-291511.11726298777,36363.95880584099,-7199.902920285875,-6660.216625320487,10213.483690713168,-55162.130229206625
CASE_G,10038,E2-P4-C-004,A-C-0038,SOL2_4_column_0006,column,P4,38,46,34147.39665183246,796.8357314155875,21637.957286388155,-1180.271522075131,-50043.564869595524,1471.4000268461086,-34147.39665183246,-796.8357314155875,-21637.957286388155,1180.271522075131,-35642.74598450157,1684.0694695596185
CASE_G,10039,E2-P4-C-007,A-C-0039,SOL2_4_column_0007,column,P4,39,47,-11812.7308802786,-1463.9761270578892,-4009.199371086142,278.4377686583382,9739.280712800513,-2216.795322952341,11812.7308802786,1463.9761270578892,4009.199371086142,-278.4377686583382,6137.148796700612,-3580.550140196901
CASE_G,10040,E2-P4-C-008,A-C-0040,SOL2_4_column_0008,column,P4,40,49,324348.8971265628,-2680.12310672715,29779.43893085386,168857.55865283377,767475.2504714176,146874.78444732193,-324348.8971265628,2680.12310672715,-29779.43893085386,-168857.55865283377,-885405.4419712331,-157488.3971467856
CASE_G,10041,E1-S1-C-004,A-C-0041,SOL_1S_column_0001,column,S1,50,51,-2400.2471627498276,-4830.85911297537,66309.76417284821,-36739.44559773241,-287096.5881038037,-146853.60722775172,2400.2471627498276,4830.85911297537,-66309.76417284821,36739.44559773241,24509.921979324776,127723.40514036926
CASE_G,10042,E1-S1-C-006,A-C-0042,SOL_1S_column_0002,column,S1,52,53,772608.4853005889,58796.370843451856,-136056.63978553063,191685.23052273903,778516.8047987395,-1620592.7805512822,-772608.4853005889,-58796.370843451856,136056.63978553063,-191685.23052273903,-239732.51124803827,1853426.4090913516
CASE_G,10043,E1-S1-C-005,A-C-0043,SOL_1S_column_0003,column,S1,54,55,679717.9028104225,116017.15341135755,80408.713134433,223024.59286740367,-307264.8763738927,-1334331.9852370701,-679717.9028104225,-116017.15341135755,-80408.713134433,-223024.59286740367,-11153.62763846197,1793759.912746046
CASE_G,10044,E1-S1-C-002,A-C-0044,SOL_1S_column_0004,column,S1,56,57,65509.29365767528,24940.125201705134,40518.012885943164,142691.05679413548,-204204.7069577315,12938.472755873183,-65509.29365767528,-24940.125201705134,-40518.012885943164,-142691.05679413548,43753.3759293966,85824.42304287913
CASE_G,10045,E1-S1-C-001,A-C-0045,SOL_1S_column_0005,column,S1,15,16,736820.8432014707,-27948.658454184297,88888.7269183251,123123.22783505413,-340333.0241031868,-430799.4555142329,-736820.8432014707,27948.658454184297,-88888.7269183251,-123123.22783505413,-11666.334493380622,320122.7680356631
CASE_G,10046,E1-S1-C-003,A-C-0046,SOL_1S_column_0006,column,S1,60,61,377581.2623385718,7599.29257937439,-148743.4255881049,115206.58039550585,783372.0380992044,-654283.4573799723,-377581.2623385718,-7599.29257937439,148743.4255881049,-115206.58039550585,-194348.07277030905,684376.6559942949
CASE_G,10047,E1-S1-C-009,A-C-0047,SOL_1S_column_0007,column,S1,62,63,1129426.0847936836,377090.18720194837,68704.2762725425,175622.26065875406,-281823.04280418897,-1568541.253594989,-1129426.0847936836,-377090.18720194837,-68704.2762725425,-175622.26065875406,9754.108764920646,3061818.3949147044
CASE_G,10048,E1-S1-C-010,A-C-0048,SOL_1S_column_0008,column,S1,64,65,1598416.2344285145,-243190.8226100058,-339872.0674916682,166707.33883134733,1314870.870661613,-3511570.216620415,-1598416.2344285145,243190.8226100058,339872.0674916682,-166707.33883134733,31022.516605393146,2548534.559084792
CASE_G,10049,E1-S1-C-013,A-C-0049,SOL_1S_column_0009,column,S1,66,67,1122395.356595652,-188755.33262273742,23014.873491675608,167201.62725398625,350082.16093090444,-4221263.5099104,-1122395.356595652,188755.33262273742,-23014.873491675608,-167201.62725398625,-441221.05995793984,3473792.39272436
CASE_G,10050,E1-S1-C-016,A-C-0050,SOL_1S_column_0010,column,S1,68,69,524638.8615676538,-697697.5131322306,100281.52216104232,11168.71482605449,-546165.9650033194,-5060801.976347984,-524638.8615676538,697697.5131322306,-100281.52216104232,-11168.71482605449,149051.1372455919,2297919.824344351
CASE_G,10051,E1-S1-C-014,A-C-0051,SOL_1S_column_0011,column,S1,70,71,1483227.972630143,518558.706205329,42827.044324595336,140662.94169337698,-217062.5561148997,-2423289.0702515556,-1483227.972630143,-518558.706205329,-42827.044324595336,-140662.94169337698,47467.46058950218,4476781.546824658
CASE_G,10052,E1-S1-C-015,A-C-0052,SOL_1S_column_0012,column,S1,72,73,0.0,0.0,0.0,-0.0,0.0,0.0,0.0,0.0,0.0,0.0,0.0,0.0
CASE_G,10053,E1-S1-C-011,A-C-0053,SOL_1S_column_0013,column,S1,74,75,-18997.28362799182,-81.17823802496157,45031.413408485554,-69.0508178146759,-257331.51695804225,-757.4885896041374,18997.28362799182,81.17823802496157,-45031.413408485554,69.0508178146759,79007.11986043947,436.02276702528957
CASE_G,10054,E1-S1-C-012,A-C-0054,SOL_1S_column_0014,column,S1,76,77,1484172.2436052416,496739.9292807039,47131.464586931084,136243.1747430753,-232069.8698420531,-2022073.1070304816,-1484172.2436052416,-496739.9292807039,-47131.464586931084,-136243.1747430753,45429.270077806024,3989163.2269820687
CASE_G,10055,E1-S1-C-008,A-C-0055,SOL_1S_column_0015,column,S1,78,79,471.76709063846766,-592.9509784242782,60547.194712175406,-5694.9722918919715,-299761.20079271053,-9543.406664147245,-471.76709063846766,592.9509784242782,-60547.194712175406,5694.9722918919715,59994.30973249595,7195.320789587104
CASE_G,10056,E1-S1-C-017,A-C-0056,SOL_1S_column_0016,column,S1,80,81,0.0,0.0,0.0,-0.0,0.0,0.0,0.0,0.0,0.0,0.0,0.0,0.0
CASE_G,10057,E1-S1-C-019,A-C-0057,SOL_1S_column_0017,column,S1,82,83,1617418.6676538915,-211432.24695551663,-75733.57870977775,-56178.28448401561,-172526.49518855376,-4994089.408325481,-1617418.6676538915,211432.24695551663,75733.57870977775,56178.28448401561,472431.46687927365,4156817.7103816355
CASE_G,10058,E1-S1-C-018,A-C-0058,SOL_1S_column_0018,column,S1,84,85,1481708.4350933272,543834.7681531819,62735.8621495097,153642.1873765606,-269243.6282845493,-2569339.873437181,-1481708.4350933272,-543834.7681531819,-62735.8621495097,-153642.1873765606,20809.614172490867,4722925.555323781
CASE_G,10059,E1-S1-C-007,A-C-0059,SOL_1S_column_0026,column,S1,86,87,2010535.841910337,-389.9734180969862,-20237.55786433922,22403.1646319483,80772.76950323305,-166707.77129481634,-2010535.841910337,389.9734180969862,20237.55786433922,-22403.1646319483,-632.0403604497551,165163.47655915227
CASE_G,10060,E1-P1-C-004,A-C-0060,SOL_1_column_0001,column,P1,51,88,-5007.757898756057,-11544.764812301622,102340.57829184308,-46070.65701234855,-197613.9639245082,-57810.59076379279,5007.757898756057,11544.764812301622,-102340.57829184308,46070.65701234855,-207654.72611119042,12093.32210707837
CASE_G,10061,E1-P1-C-006,A-C-0061,SOL_1_column_0002,column,P1,53,89,772608.4853005889,58796.37084345256,-136056.6397855307,191685.23052273903,239732.51124803675,-1853426.4090913492,-772608.4853005889,-58796.37084345256,136056.6397855307,-191685.23052273903,299051.7823026647,2086260.0376314213
CASE_G,10062,E1-P1-C-005,A-C-0062,SOL_1_column_0003,column,P1,55,90,679717.9028104225,116017.15341135683,80408.713134433,223024.59286740367,11153.627638462087,-1793759.9127460443,-679717.9028104225,-116017.15341135683,-80408.713134433,-223024.59286740367,-329572.1316508167,2253187.8402550174
CASE_G,10063,E1-P1-C-002,A-C-0063,SOL_1_column_0004,column,P1,57,91,65509.29365767528,24940.125201705072,40518.012885943164,142691.05679413548,-43753.37592939663,-85824.42304287909,-65509.29365767528,-24940.125201705072,-40518.012885943164,-142691.05679413548,-116697.95509893827,184587.31884163118
CASE_G,10064,E1-P1-C-001,A-C-0064,SOL_1_column_0005,column,P1,16,24,753568.7570306647,-26041.979141868556,10932.705614323499,127190.02892521126,-64251.65754876416,-342725.2926256317,-753568.7570306647,26041.979141868556,-10932.705614323499,-127190.02892521126,20958.14331604311,239599.0552238322
CASE_G,10065,E1-P1-C-003,A-C-0065,SOL_1_column_0006,column,P1,61,93,318599.22522761096,10620.09337102998,-287530.54430456826,151435.78393894545,504724.7859132082,-718024.5676407302,-318599.22522761096,-10620.09337102998,287530.54430456826,-151435.78393894545,633896.169532882,760080.1373900089
CASE_G,10066,E1-P1-C-011,A-C-0066,SOL_1_column_0007,column,P1,63,94,1129426.0847936838,377090.1872019501,68704.27627254256,175622.26065875406,-9754.108764920617,-3061818.3949146993,-1129426.0847936838,-377090.1872019501,-68704.27627254256,-175622.26065875406,-262314.8252743479,4555095.536234422
CASE_G,10067,E1-P1-C-012,A-C-0067,SOL_1_column_0008,column,P1,65,95,1598416.2344285145,-243190.82261000754,-339872.0674916683,166707.33883134736,-31022.51660539303,-2548534.5590847936,-1598416.2344285145,243190.82261000754,339872.0674916683,-166707.33883134736,1376915.9038723994,1585498.9015491637
CASE_G,10068,E1-P1-C-015,A-C-0068,SOL_1_column_0009,column,P1,67,96,1122395.356595652,-188755.33262273777,23014.87349167543,167201.62725398625,441221.05995793914,-3473792.392724359,-1122395.356595652,188755.33262273777,-23014.87349167543,-167201.62725398625,-532359.9589849738,2726321.2755383174
CASE_G,10069,E1-P1-C-023,A-C-0069,SOL_1_column_0010,column,P1,69,97,524638.8615676538,-697697.5131322305,100281.52216104242,11168.71482605449,-149051.13724559173,-2297919.82434435,-524638.8615676538,697697.5131322305,-100281.52216104242,-11168.71482605449,-248063.6905121362,-464962.32765928237
CASE_G,10070,E1-P1-C-021,A-C-0070,SOL_1_column_0011,column,P1,71,98,1483227.972630143,518558.7062053284,42827.04432459538,140662.94169337698,-47467.46058950206,-4476781.5468246555,-1483227.972630143,-518558.7062053284,-42827.04432459538,-140662.94169337698,-122127.63493589564,6530274.023397756
CASE_G,10071,E1-P1-C-022,A-C-0071,SOL_1_column_0012,column,P1,73,99,0.0,0.0,0.0,-0.0,0.0,0.0,0.0,0.0,0.0,0.0,0.0,0.0
CASE_G,10072,E1-P1-C-013,A-C-0072,SOL_1_column_0013,column,P1,75,100,-18997.283627991816,-81.1782380249617,45031.41340848544,-69.0508178146759,-79007.11986043924,-436.02276702528974,18997.283627991816,81.1782380249617,-45031.41340848544,69.0508178146759,-99317.27723716307,114.55694444644143
CASE_G,10073,E1-P1-C-014,A-C-0073,SOL_1_column_0014,column,P1,77,101,1484172.2436052416,496739.9292807046,47131.46458693106,136243.1747430753,-45429.270077806075,-3989163.2269820645,-1484172.2436052416,-496739.9292807046,-47131.46458693106,-136243.1747430753,-141211.3296864409,5956253.3469336545
CASE_G,10074,E1-P1-C-010,A-C-0074,SOL_1_column_0015,column,P1,79,102,471.76709063846766,-592.9509784242782,60547.19471217537,-5694.9722918919715,-59994.30973249569,-7195.3207895870955,-471.76709063846766,592.9509784242782,-60547.19471217537,5694.9722918919715,-179772.58132771877,4847.234915026954
CASE_G,10075,E1-P1-C-024,A-C-0075,SOL_1_column_0016,column,P1,81,103,0.0,0.0,0.0,-0.0,0.0,0.0,0.0,0.0,0.0,0.0,0.0,0.0
CASE_G,10076,E1-P1-C-026,A-C-0076,SOL_1_column_0017,column,P1,83,104,1617418.6676538915,-211432.24695551873,-75733.57870977736,-56178.28448401561,-472431.4668792727,-4156817.710381628,-1617418.6676538915,211432.24695551873,75733.57870977736,56178.28448401561,772336.438569991,3319546.012437774
CASE_G,10077,E1-P1-C-025,A-C-0077,SOL_1_column_0018,column,P1,85,105,1481708.4350933272,543834.7681531816,62735.86214950968,153642.1873765606,-20809.61417249075,-4722925.555323775,-1481708.4350933272,-543834.7681531816,-62735.86214950968,-153642.1873765606,-227624.39993956758,6876511.237210374
CASE_G,10078,E1-P1-C-018,A-C-0078,SOL_1_column_0019,column,P1,106,107,0.0,-8.960348532938052e-11,2.240087133234513e-11,-2.5996211181186526e-12,-4.4353725238043354e-11,-1.7741490095217342e-10,0.0,8.960348532938052e-11,-2.240087133234513e-11,2.5996211181186526e-12,-4.4353725238043354e-11,-1.7741490095217342e-10
CASE_G,10079,E1-P1-C-019,A-C-0079,SOL_1_column_0020,column,P1,108,109,1.5770213417970972e-08,-9.699577286905442e-08,-6.989071855691682e-09,-0.0,5.913830031739265e-11,-5.913830031739596e-11,-1.5770213417970972e-08,9.699577286905442e-08,6.989071855691682e-09,0.0,2.7617586248221665e-08,-3.840441222611381e-07
CASE_G,10080,E1-P1-C-020,A-C-0080,SOL_1_column_0021,column,P1,110,111,0.0,-1.7920697065876105e-10,-2.240087133234513e-11,-0.0,4.4353725238043354e-11,0.0,0.0,1.7920697065876105e-10,2.240087133234513e-11,0.0,4.4353725238043354e-11,-7.096596038086937e-10
CASE_G,10083,E1-P1-C-009,A-C-0083,SOL_1_column_0024,column,P1,116,117,0.0,-3.187229159642112e-08,-6.257560179482286e-09,-0.0,-7.917494311367402e-12,3.286830070880948e-10,0.0,3.187229159642112e-08,6.257560179482286e-09,0.0,2.478785580506122e-08,-1.2654295772891574e-07
CASE_G,10084,E1-P1-C-007,A-C-0084,SOL_1_column_0025,column,P1,118,119,0.0,2.4651225531606963e-08,-4.874738348495594e-08,-0.0,-2.5678359928756994e-11,4.382440094507887e-10,0.0,-2.4651225531606963e-08,4.874738348495594e-08,0.0,1.9306531696035428e-07,9.718060909571278e-08
CASE_G,10085,E1-P1-C-008,A-C-0085,SOL_1_column_0026,column,P1,87,120,2010535.841910337,-389.97341809705233,-20237.55786433921,22403.1646319483,632.0403604497478,-165163.4765591519,-2010535.841910337,389.97341809705233,20237.55786433921,-22403.1646319483,79508.68878233353,163619.18182348757
CASE_G,10086,E1-P2-C-005,A-C-0086,SOL_2_column_0001,column,P2,121,122,205346.12657511502,37268.12287955368,677687.2100507581,90140.13210546804,-1642432.22285435,2094390.2217508152,-205346.12657511502,-37268.12287955368,-677687.2100507581,-90140.13210546804,-1041209.1289466526,-1946808.4551477826
CASE_G,10087,E1-P2-C-004,A-C-0087,SOL_2_column_0002,column,P2,123,124,-73092.07480069416,-12329.57466501293,-902607.1970933496,26900.340251013233,1632835.660982668,-22142.470544653705,73092.07480069416,12329.57466501293,902607.1970933496,-26900.340251013233,1941488.8395069975,-26682.645128797507
CASE_G,10088,E1-P2-C-006,A-C-0088,SOL_2_column_0003,column,P2,125,126,473877.2510603738,101154.43787395487,379088.22649517434,-17784.1848572675,-562061.2920603456,2103987.4047063994,-473877.2510603738,-101154.43787395487,-379088.22649517434,17784.1848572675,-939128.084860545,-1703415.830725538
CASE_G,10089,E1-P2-C-002,A-C-0089,SOL_2_column_0004,column,P2,127,128,103982.09074524076,31143.14293689288,496307.00087942573,49726.52052683962,-898490.3185071109,833757.8419537847,-103982.09074524076,-31143.14293689288,-496307.00087942573,-49726.52052683962,-1066885.4049754152,-710430.9959236889
CASE_G,10090,E1-P2-C-001,A-C-0090,SOL_2_column_0005,column,P2,129,130,1623113.3500173213,-383269.78560600476,-143081.51418555944,139865.75264325188,149786.26757410404,1248397.9309405787,-1623113.3500173213,383269.78560600476,143081.51418555944,-139865.75264325188,416816.52860071143,-2766146.2819403578
CASE_G,10091,E1-P2-C-003,A-C-0091,SOL_2_column_0006,column,P2,131,132,239610.66239139403,-10406.888793626222,-194444.98357864123,144243.12560565793,647590.9176978592,168679.9461717396,-239610.66239139403,10406.888793626222,194444.98357864123,-144243.12560565793,122411.21727356012,-209891.22579449945
CASE_G,10092,E1-P2-C-012,A-C-0092,SOL_2_column_0007,column,P2,133,134,107539.19919657202,-174997.7287541401,169237.2926537275,-42000.55436816052,-201253.21603037848,845887.2723700067,-107539.19919657202,174997.7287541401,-169237.2926537275,42000.55436816052,-468926.46287838253,-1538878.2782364015
CASE_G,10093,E1-P2-C-010,A-C-0093,SOL_2_column_0008,column,P2,135,136,809410.6480266663,-40839.16230500914,394138.55522098544,-24442.843279599114,-1121093.002888629,-46737.67761556036,-809410.6480266663,40839.16230500914,-394138.55522098544,24442.843279599114,-439695.6757864737,-114985.40511227585
CASE_G,10094,E1-P2-C-015,A-C-0094,SOL_2_column_0009,column,P2,137,138,184729.49050834146,-19049.015693364636,41914.54523978103,43275.24787431926,-1233.1495979279134,34531.48733003781,-184729.49050834146,19049.015693364636,-41914.54523978103,-43275.24787431926,-164748.449551605,-109965.58947576178
CASE_G,10095,E1-P2-C-018,A-C-0095,SOL_2_column_0010,column,P2,139,140,82400.73072064658,-46188.515246597744,-22060.39724139422,-51785.14129865557,-325988.77718311286,-54775.85945704521,-82400.73072064658,46188.515246597744,22060.39724139422,51785.14129865557,413347.950259034,-128130.66091948189
CASE_G,10096,E1-P2-C-017,A-C-0096,SOL_2_column_0011,column,P2,141,142,-78783.73800405774,-601874.0551577596,-148846.55171389785,230880.7793545888,305331.12613661797,428702.50715584983,78783.73800405774,601874.0551577596,148846.55171389785,-230880.7793545888,284101.21865041764,-2812123.7655805782
CASE_G,10097,E1-P2-C-016,A-C-0097,SOL_2_column_0012,column,P2,143,144,1266456.4288357394,517250.12987915234,-249586.6774765614,19268.434681629416,434877.00978144794,5206306.373613972,-1266456.4288357394,-517250.12987915234,249586.6774765614,-19268.434681629416,553486.2330257354,-3157995.8592925286
CASE_G,10098,E1-P2-C-013,A-C-0098,SOL_2_column_0013,column,P2,145,146,1107902.2530177406,469128.6550653147,-126556.25915927287,60171.89472027565,194684.02188781553,4765404.041640701,-1107902.2530177406,-469128.6550653147,126556.25915927287,-60171.89472027565,306478.7643829051,-2907654.567582054
CASE_G,10099,E1-P2-C-014,A-C-0099,SOL_2_column_0014,column,P2,147,148,630653.422183327,-164022.20317306244,19865.233652572802,-51915.61613435079,-39467.36609103216,1871208.0192061337,-630653.422183327,164022.20317306244,-19865.233652572802,51915.61613435079,-39198.95917315615,-2520735.943771461
CASE_G,10100,E1-P2-C-011,A-C-0100,SOL_2_column_0015,column,P2,149,150,919356.3203954154,379043.1014195525,344809.19146183913,80328.42750939919,-1070942.6098699095,3480415.4987719073,-919356.3203954154,-379043.1014195525,-344809.19146183913,-80328.42750939919,-294501.78831897373,-1979404.8171504792
CASE_G,10101,E1-P2-C-019,A-C-0101,SOL_2_column_0016,column,P2,151,152,1322107.3548441874,604731.5779006343,-139849.9795702053,-44379.95119987937,293034.4695413672,5686130.476506554,-1322107.3548441874,-604731.5779006343,139849.9795702053,44379.95119987937,260771.44955664588,-3291393.4280200414
CASE_G,10102,E1-P2-C-021,A-C-0102,SOL_2_column_0017,column,P2,153,154,1182986.049021977,-88080.13006084993,83140.4515053978,-183233.8012966652,-2637042.9470167817,233679.65271267714,-1182986.049021977,88080.13006084993,-83140.4515053978,183233.8012966652,2307806.7590554063,-582476.9677536429
CASE_G,10103,E1-P2-C-009,A-C-0103,SOL_2_column_0018,column,P2,117,155,2997.7240872256675,-33237.27609278461,-50673.60728129765,-13494.444068990671,113821.3959114882,-68421.16165042378,-2997.7240872256675,33237.27609278461,50673.60728129765,13494.444068990671,86846.08892245052,-63198.4516770033
CASE_G,10104,E1-P2-C-007,A-C-0104,SOL_2_column_0019,column,P2,119,156,-13749.885136944671,15552.917552647343,-58638.3291843646,-14773.66917928563,109598.39003209813,30648.04257466081,13749.885136944671,-15552.917552647343,58638.3291843646,14773.66917928563,122609.39353798571,30941.510933822676
CASE_G,10105,E1-P2-C-020,A-C-0105,SOL_2_column_0020,column,P2,157,158,709814.979911082,-188490.2104652744,-87982.55732276151,178248.7248305375,263271.39222292113,2284491.037303463,-709814.979911082,188490.2104652744,87982.55732276151,-178248.7248305375,85139.53477521447,-3030912.27074595
CASE_G,10106,E1-P2-C-008,A-C-0106,SOL_2_column_0021,column,P2,120,159,1921763.8478881596,-27438.210627786364,-15629.916716312864,-9197.035055140734,125140.31722449788,-62858.599392635966,-1921763.8478881596,27438.210627786364,15629.916716312864,9197.035055140734,-63245.847027898926,-45796.71469339805
CASE_G,10107,E1-P3-C-004,A-C-0107,SOL_3_column_0001,column,P3,122,160,98173.2324168335,147689.04393305865,1538234.9358096346,159165.67187057924,-3138750.4716624487,824911.9651768893,-98173.2324168335,-147689.04393305865,-1538234.9358096346,-159165.67187057924,-2952659.8741437034,-240063.35120197723
CASE_G,10108,E1-P3-C-006,A-C-0108,SOL_3_column_0002,column,P3,161,162,-69481.83429760678,-135576.49890806846,86732.74560595195,208490.822547176,-307711.814650667,-225629.0281167999,69481.83429760678,135576.49890806846,-86732.74560595195,-208490.822547176,-35749.85794890259,-311253.9075591511
CASE_G,10109,E1-P3-C-005,A-C-0109,SOL_3_column_0003,column,P3,126,163,350458.0155610766,-28000.1282459506,217637.73155798792,53840.85948731602,-396949.2118758628,250941.8309662108,-350458.0155610766,28000.1282459506,-217637.73155798792,-53840.85948731602,-464896.2050937691,-361822.33882017515
CASE_G,10110,E1-P3-C-002,A-C-0110,SOL_3_column_0004,column,P3,128,164,91544.58986366325,-258156.77406522157,239209.19880046477,68709.07164571677,-308862.2176311436,-393992.5255108415,-91544.58986366325,258156.77406522157,-239209.19880046477,-68709.07164571677,-638406.2096186967,-628308.2997874356
CASE_G,10111,E1-P3-C-001,A-C-0111,SOL_3_column_0005,column,P3,130,165,927017.9644690149,47216.435361734984,641415.1712943221,157690.08868866478,-1261029.36236727,830026.6430733474,-927017.9644690149,-47216.435361734984,-641415.1712943221,-157690.08868866478,-1278974.7159582446,-643049.5590408769
CASE_G,10112,E1-P3-C-003,A-C-0112,SOL_3_column_0006,column,P3,132,166,412939.9880988098,28391.69158517098,-53970.01400670605,24395.671455228545,382082.18081547297,271370.67966927635,-412939.9880988098,-28391.69158517098,53970.01400670605,-24395.671455228545,-168360.92534891708,-158939.5809919993
CASE_G,10113,E1-P3-C-008,A-C-0113,SOL_3_column_0007,column,P3,134,167,187797.13595292694,23743.033704778034,97580.25364210934,-13328.904956821212,-285838.23388445034,384090.4314893012,-187797.13595292694,-23743.033704778034,-97580.25364210934,13328.904956821212,-100579.57053830253,-290068.0180183802
CASE_G,10114,E1-P3-C-009,A-C-0114,SOL_3_column_0008,column,P3,168,169,1790065.88748238,35436.58553991405,533329.1568880621,263775.3176155026,-2395329.817521182,259269.67934061648,-1790065.88748238,-35436.58553991405,-533329.1568880621,-263775.3176155026,283346.3562444565,-118940.80060255688
CASE_G,10115,E1-P3-C-012,A-C-0115,SOL_3_column_0009,column,P3,138,170,285148.69561127975,-64748.04451741414,-242532.71472647786,73467.72449864558,507821.833623353,-17575.719571161782,-285148.69561127975,64748.04451741414,242532.71472647786,-73467.72449864558,452607.716693499,-238826.53671779815
CASE_G,10116,E1-P3-C-015,A-C-0116,SOL_3_column_0010,column,P3,140,171,321733.97369290673,-230136.53475879258,-658975.4272663393,13877.365520088044,1454965.4806968155,-333541.6398143315,-321733.97369290673,230136.53475879258,658975.4272663393,-13877.365520088044,1154577.2112778872,-577799.0378304869
CASE_G,10117,E1-P3-C-014,A-C-0117,SOL_3_column_0011,column,P3,142,172,-52929.08045432794,-135629.90486783246,-196018.00714056802,-19494.77715653246,447665.98604558123,231854.34807227703,52929.08045432794,135629.90486783246,196018.00714056802,19494.77715653246,328565.32223106787,-768948.7713488934
CASE_G,10118,E1-P3-C-013,A-C-0118,SOL_3_column_0012,column,P3,144,173,654211.824856122,129991.2050237435,-174997.34211424371,-2608.929175410397,401825.12692017603,1069076.9749752507,-654211.824856122,-129991.2050237435,174997.34211424371,2608.929175410397,291164.3478522288,-554311.8030812265
CASE_G,10119,E1-P3-C-010,A-C-0119,SOL_3_column_0013,column,P3,146,174,592210.6950608611,287351.7064948993,172348.51915077146,64377.80977627562,-317157.59162523656,1295442.5659754178,-592210.6950608611,-287351.7064948993,-172348.51915077146,-64377.80977627562,-365342.5442118183,-157529.80825561704
CASE_G,10120,E1-P3-C-011,A-C-0120,SOL_3_column_0014,column,P3,148,175,473432.63344029244,132924.03559646435,17211.589612989694,-14858.275016765729,163445.17563177983,720573.2326588044,-473432.63344029244,-132924.03559646435,-17211.589612989694,14858.275016765729,-231603.070499219,-194194.05169680575
CASE_G,10121,E1-P3-C-007,A-C-0121,SOL_3_column_0015,column,P3,150,176,568634.9958238152,-8434.525011758593,665529.4219672928,164721.06411985419,-1265251.6593505414,448761.1811533214,-568634.9958238152,8434.525011758593,-665529.4219672928,-164721.06411985419,-1370244.8516399371,-482161.9001998854
CASE_G,10122,E1-P3-C-016,A-C-0122,SOL_3_column_0016,column,P3,152,177,786525.1487191761,321254.2032514409,-9398.762643969896,-44323.768373904524,58165.66242621924,1536736.4287298203,-786525.1487191761,-321254.2032514409,9398.762643969896,44323.768373904524,-20946.56235609846,-264569.7838541148
CASE_G,10123,E1-P3-C-018,A-C-0123,SOL_3_column_0017,column,P3,154,178,812627.1353774271,-85719.38667862822,151356.86651945207,-81810.34648131214,-837143.5392443247,78298.00794602104,-812627.1353774271,85719.38667862822,-151356.86651945207,81810.34648131214,237770.3478272946,-417746.7791933887
CASE_G,10124,E1-P3-C-017,A-C-0124,SOL_3_column_0018,column,P3,158,179,706938.9970240705,97954.20279544807,-32903.66569327502,16980.80993630161,117399.73455290074,776739.75862537,-706938.9970240705,-97954.20279544807,32903.66569327502,-16980.80993630161,12898.78159246831,-388841.1155553957
CASE_G,10125,E1-P4-C-004,A-C-0125,SOL_4_column_0001,column,P4,160,180,139278.11098941445,-95212.95171108999,919236.7048411848,103679.07205717867,-1030312.7752544766,-123044.04702512367,-139278.11098941445,95212.95171108999,-919236.7048411848,-103679.07205717867,-2609864.5759166153,-253999.2417507928
CASE_G,10126,E1-P4-C-006,A-C-0126,SOL_4_column_0002,column,P4,162,182,-35738.1525167217,178996.7436234872,-377816.2743064262,199237.44960694664,634179.018296866,427500.92621449195,35738.1525167217,-178996.7436234872,377816.2743064262,-199237.44960694664,861973.4756606563,281326.20113511605
CASE_G,10127,E1-P4-C-005,A-C-0127,SOL_4_column_0003,column,P4,163,183,270589.952637494,-16376.861167520045,282152.9695156218,-118022.36985014012,-212817.88881258696,40437.57905063369,-270589.952637494,16376.861167520045,-282152.9695156218,118022.36985014012,-904507.8704692755,-105289.94927401308
CASE_G,10128,E1-P4-C-002,A-C-0128,SOL_4_column_0004,column,P4,164,184,50779.709187625165,-27437.418459432247,229258.59236192043,24555.68620467951,-336141.4751012713,64947.42489376647,-50779.709187625165,27437.418459432247,-229258.59236192043,-24555.68620467951,-571722.5506519338,-173599.60199311818
CASE_G,10129,E1-P4-C-001,A-C-0129,SOL_4_column_0005,column,P4,165,185,392983.68691878475,-369728.24519539945,62069.39800685227,-29281.317651344554,341998.43305666023,-525753.3369281928,-392983.68691878475,369728.24519539945,-62069.39800685227,29281.317651344554,-587793.2491637953,-938370.5140455894
CASE_G,10130,E1-P4-C-003,A-C-0130,SOL_4_column_0006,column,P4,166,187,251549.31749228388,213245.42477194776,79358.44790649119,11303.510172462311,-129246.71945700867,449885.8210259449,-251549.31749228388,-213245.42477194776,-79358.44790649119,-11303.510172462311,-185012.7442727024,394566.0879958954
CASE_G,10131,E1-P4-C-008,A-C-0131,SOL_4_column_0007,column,P4,167,188,108976.74872234586,87369.94877743721,33981.358037629194,-235519.30014584592,-96711.31156517503,217349.31098727413,-108976.74872234586,-87369.94877743721,-33981.358037629194,235519.30014584592,-37854.866263836615,128635.6861713773
CASE_G,10132,E1-P4-C-009,A-C-0132,SOL_4_column_0008,column,P4,169,190,862373.3108347179,313284.38451787765,-361659.0396336544,-32584.141816771382,636998.3506477326,625092.0537321836,-862373.3108347179,-313284.38451787765,361659.0396336544,32584.141816771382,795171.4919655586,615514.1485147206
CASE_G,10133,E1-P4-C-013,A-C-0133,SOL_4_column_0009,column,P4,170,192,180365.36983635768,228857.33260873277,227830.23864440457,-36677.36915888288,-673659.3860340426,492800.5370374375,-180365.36983635768,-228857.33260873277,-227830.23864440457,36677.36915888288,-228548.38776424367,413474.5289892719
CASE_G,10134,E1-P4-C-017,A-C-0134,SOL_4_column_0010,column,P4,171,194,247281.30106676917,230652.29241162134,-229922.51405197714,15587.385570787474,185644.4522407039,619564.4274267894,-247281.30106676917,-230652.29241162134,229922.51405197714,-15587.385570787474,724848.7324357459,293818.67964599514
CASE_G,10135,E1-P4-C-016,A-C-0135,SOL_4_column_0011,column,P4,172,196,-11919.484356366896,-108119.8062478344,-246015.88675389346,-48239.09126178709,390809.61016804154,-80889.29477724619,11919.484356366896,108119.8062478344,246015.88675389346,48239.09126178709,583413.3324399883,-347265.15161566867
CASE_G,10136,E1-P4-C-015,A-C-0136,SOL_4_column_0012,column,P4,173,198,317832.72653642355,-276667.752212231,-423725.6175852272,3957.3564423547737,764675.5564499928,-396116.365536778,-317832.72653642355,276667.752212231,423725.6175852272,-3957.3564423547737,913277.9426882159,-699487.9681564536
CASE_G,10137,E1-P4-C-011,A-C-0137,SOL_4_column_0013,column,P4,174,200,298748.22121747734,-208161.25736444574,-147020.8404191202,-64671.48976744071,395057.80549826595,-366881.67453615414,-298748.22121747734,208161.25736444574,147020.8404191202,64671.48976744071,187144.74112468748,-457436.9309100378
CASE_G,10138,E1-P4-C-012,A-C-0138,SOL_4_column_0014,column,P4,175,201,253320.2852109783,-25751.42037056609,-8869.530268806137,-228260.66284252342,-5737.994438455018,-8026.274328507774,-253320.2852109783,25751.42037056609,8869.530268806137,228260.66284252342,40861.334302927324,-93949.35033893396
CASE_G,10139,E1-P4-C-007,A-C-0139,SOL_4_column_0015,column,P4,176,203,307929.2053425475,-245185.9532519456,241667.4464370198,10531.883056370025,-145797.71022193058,-341489.4357421626,-307929.2053425475,245185.9532519456,-241667.4464370198,-10531.883056370025,-811205.408182234,-629446.9700933641
CASE_G,10140,E1-P4-C-018,A-C-0140,SOL_4_column_0016,column,P4,177,205,360908.65728180244,-163382.82958397592,-122260.19257109571,-2392.1447608458216,258180.57383325664,-246970.13158192404,-360908.65728180244,163382.82958397592,122260.19257109571,2392.1447608458216,225969.80418517528,-400025.8941997656
CASE_G,10141,E1-P4-C-020,A-C-0141,SOL_4_column_0017,column,P4,178,207,360930.7928219927,243587.3757469262,-14028.45467910887,-4810.062638252007,25892.462762453128,579402.8522289288,-360930.7928219927,-243587.3757469262,14028.45467910887,4810.062638252007,29660.219538087524,385203.18648488045
CASE_G,10142,E1-P4-C-025,A-C-0142,SOL_4_column_0018,column,P4,208,209,-4218.26275987439,17784.98330203585,28547.45264848005,-5049.111119793993,-56478.35381173217,35057.55103127843,4218.26275987439,-17784.98330203585,-28547.45264848005,5049.111119793993,-56569.55867624885,35370.982844783546
CASE_G,10143,E1-P4-C-026,A-C-0143,SOL_4_column_0019,column,P4,210,211,198.71156327661748,36639.788337579936,43574.211706426955,696.985929909183,-86480.43610439403,73276.69606962107,-198.71156327661748,-36639.788337579936,-43574.211706426955,-696.985929909183,-86073.44225305675,71816.86574719548
CASE_G,10144,E1-P4-C-024,A-C-0144,SOL_4_column_0020,column,P4,212,213,1587.5290735118567,-21320.413974507243,14986.976752109491,189.63119926848958,-30383.9733177179,-41618.38978653538,-1587.5290735118567,21320.413974507243,-14986.976752109491,-189.63119926848958,-28964.454620635686,-42810.4495525133
CASE_G,10145,E1-P4-C-014,A-C-0145,SOL_4_column_0021,column,P4,214,215,6689.772214111753,4059.072934627651,14522.223827828946,9145.173160950171,-30777.697100634556,6742.542323862988,-6689.772214111753,-4059.072934627651,-14522.223827828946,-9145.173160950171,-26730.309257568075,9331.386497262512
CASE_G,10146,E1-P4-C-010,A-C-0146,SOL_4_column_0022,column,P4,216,217,5049.063567297845,16078.601123746956,6798.200986444843,10991.207911880174,-13409.49487784308,30942.610624064568,-5049.063567297845,-16078.601123746956,-6798.200986444843,-10991.207911880174,-13511.3810284785,32728.64982597339
CASE_G,10147,E1-P4-C-021,A-C-0147,SOL_4_column_0023,column,P4,218,219,1526.3581599753131,85576.92542612684,3081.705893912205,-4703.938523264527,-6298.60961082397,169254.93789488054,-1526.3581599753131,-85576.92542612684,-3081.705893912205,4703.938523264527,-5904.945729068363,169629.68679258184
CASE_G,10148,E1-P4-C-023,A-C-0148,SOL_4_column_0024,column,P4,220,221,2279.9934792352783,-38316.30330442429,26.105392192043134,3156.7155770446284,-264.66968626954576,-76106.82960060032,-2279.9934792352783,38316.30330442429,-26.105392192043134,-3156.7155770446284,161.29233318905494,-75625.7314849199
CASE_G,10149,E1-P4-C-022,A-C-0149,SOL_4_column_0025,column,P4,222,223,16872.573328856808,17860.085848645314,37152.764551399814,6166.199632028073,-73953.59488861803,35803.543106447,-16872.573328856808,-17860.085848645314,-37152.764551399814,-6166.199632028073,-73171.35273492527,34922.39685418845
CASE_G,10150,E1-P4-C-019,A-C-0150,SOL_4_column_0026,column,P4,179,225,307783.9661780091,39400.742382939374,50110.837538245985,23624.887396397953,-89456.49235019591,143863.25673235915,-307783.9661780091,-39400.742382939374,-50110.837538245985,-23624.887396397953,-108982.4306283841,12163.688078921943
CASE_G,10151,E2-S1-M-019,A-M-0151,SOL2_1S_wall_0001,wall,S1,226,227,2061547.6869117257,-605088.381675128,44799.32252263548,-6296.627748233672,-408265.94497315853,-8832650.984064132,-2061547.6869117257,605088.381675128,-44799.32252263548,6296.627748233672,230860.62778352207,6436500.992630625
CASE_G,10152,E2-S1-M-020,A-M-0152,SOL2_1S_wall_0002,wall,S1,228,229,0.0,0.0,0.0,-0.0,0.0,0.0,0.0,0.0,0.0,0.0,0.0,0.0
CASE_G,10153,E2-S1-M-012,A-M-0153,SOL2_1S_wall_0003,wall,S1,230,231,0.0,0.0,0.0,-0.0,0.0,0.0,0.0,0.0,0.0,0.0,0.0,0.0
CASE_G,10154,E2-S1-M-017,A-M-0154,SOL2_1S_wall_0004,wall,S1,232,233,0.0,0.0,0.0,-0.0,0.0,0.0,0.0,0.0,0.0,0.0,0.0,0.0
CASE_G,10155,E2-S1-M-018,A-M-0155,SOL2_1S_wall_0005,wall,S1,234,235,0.0,0.0,0.0,-0.0,0.0,0.0,0.0,0.0,0.0,0.0,0.0,0.0
CASE_G,10156,E2-S1-M-014,A-M-0156,SOL2_1S_wall_0006,wall,S1,236,237,0.0,0.0,0.0,-0.0,0.0,0.0,0.0,0.0,0.0,0.0,0.0,0.0
CASE_G,10157,E2-S1-M-013,A-M-0157,SOL2_1S_wall_0007,wall,S1,238,239,0.0,0.0,0.0,-0.0,0.0,0.0,0.0,0.0,0.0,0.0,0.0,0.0
CASE_G,10158,E2-S1-M-016,A-M-0158,SOL2_1S_wall_0008,wall,S1,240,241,0.0,0.0,0.0,-0.0,0.0,0.0,0.0,0.0,0.0,0.0,0.0,0.0
CASE_G,10159,E2-S1-M-015,A-M-0159,SOL2_1S_wall_0009,wall,S1,242,243,0.0,0.0,0.0,-0.0,0.0,0.0,0.0,0.0,0.0,0.0,0.0,0.0
CASE_G,10160,E2-S1-M-011,A-M-0160,SOL2_1S_wall_0010,wall,S1,244,245,388452.3296999707,-32006.58835652849,-680.7683819078271,-4788.8056652306395,5445.483176440011,-510045.07396778767,-388452.3296999707,32006.58835652849,680.7683819078271,4788.8056652306395,-2749.640384085016,383298.98407593486
CASE_G,10161,E2-S1-M-007,A-M-0161,SOL2_1S_wall_0011,wall,S1,246,247,-143749.9221324312,93584.20230677699,43442.9944408843,-22379.04944803774,-95280.21397266144,930241.3282908179,143749.9221324312,-93584.20230677699,-43442.9944408843,22379.04944803774,-76754.04401324037,-559647.887155981
CASE_G,10162,E2-S1-M-008,A-M-0162,SOL2_1S_wall_0012,wall,S1,248,249,-249387.54829557837,44940.65265570654,6252.919254158071,-17551.610001785488,16920.393814915646,546768.1759111439,249387.54829557837,-44940.65265570654,-6252.919254158071,17551.610001785488,-41681.954061381606,-368803.191394546
CASE_G,10163,E2-S1-M-006,A-M-0163,SOL2_1S_wall_0013,wall,S1,250,251,0.0,0.0,0.0,-0.0,0.0,0.0,0.0,0.0,0.0,0.0,0.0,0.0
CASE_G,10164,E2-S1-M-001,A-M-0164,SOL2_1S_wall_0014,wall,S1,252,253,0.0,0.0,0.0,-0.0,0.0,0.0,0.0,0.0,0.0,0.0,0.0,0.0
CASE_G,10165,E2-S1-M-002,A-M-0165,SOL2_1S_wall_0015,wall,S1,254,255,0.0,0.0,0.0,-0.0,0.0,0.0,0.0,0.0,0.0,0.0,0.0,0.0
CASE_G,10166,E2-S1-M-005,A-M-0166,SOL2_1S_wall_0016,wall,S1,256,257,78800.88814546674,-19607.321197881818,-8862.753688225825,2581.2799730514607,18393.209213518967,-87499.11758464293,-78800.88814546674,19607.321197881818,8862.753688225825,-2581.2799730514607,16703.295391855296,9854.125641030922
CASE_G,10167,E2-S1-M-004,A-M-0167,SOL2_1S_wall_0017,wall,S1,258,259,108725.60326576755,17082.57987225881,-6746.225331535959,-74.75502130726761,15342.027478908703,37895.3870519007,-108725.60326576755,-17082.57987225881,6746.225331535959,74.75502130726761,11373.024833973697,29751.629242244187
CASE_G,10168,E2-S1-M-003,A-M-0168,SOL2_1S_wall_0018,wall,S1,260,261,0.0,0.0,0.0,-0.0,0.0,0.0,0.0,0.0,0.0,0.0,0.0,0.0
CASE_G,10169,E2-S1-M-010,A-M-0169,SOL2_1S_wall_0019,wall,S1,262,263,312686.6149055049,-31792.24773618758,198.60048674881187,-2096.520500099588,35.66676419978273,-480927.3936648429,-312686.6149055049,31792.24773618758,-198.60048674881187,2096.520500099588,-822.1246917250777,355030.0926295401
CASE_G,10170,E2-S1-M-009,A-M-0170,SOL2_1S_wall_0020,wall,S1,264,265,0.0,0.0,0.0,-0.0,0.0,0.0,0.0,0.0,0.0,0.0,0.0,0.0
CASE_G,10171,E2-P1-M-019,A-M-0171,SOL2_1_wall_0021,wall,P1,227,266,2061547.6869117257,-605088.3816751243,44799.322522635404,-6296.627748233672,-230860.62778352256,-6436500.992630625,-2061547.6869117257,605088.3816751243,-44799.322522635404,6296.627748233672,53455.31059388636,4040351.001197133
CASE_G,10172,E2-P1-M-020,A-M-0172,SOL2_1_wall_0022,wall,P1,229,267,0.0,0.0,0.0,-0.0,0.0,0.0,0.0,0.0,0.0,0.0,0.0,0.0
CASE_G,10173,E2-P1-M-012,A-M-0173,SOL2_1_wall_0023,wall,P1,231,268,0.0,0.0,0.0,-0.0,0.0,0.0,0.0,0.0,0.0,0.0,0.0,0.0
CASE_G,10174,E2-P1-M-017,A-M-0174,SOL2_1_wall_0024,wall,P1,233,269,0.0,0.0,0.0,-0.0,0.0,0.0,0.0,0.0,0.0,0.0,0.0,0.0
CASE_G,10175,E2-P1-M-018,A-M-0175,SOL2_1_wall_0025,wall,P1,235,270,0.0,0.0,0.0,-0.0,0.0,0.0,0.0,0.0,0.0,0.0,0.0,0.0
CASE_G,10176,E2-P1-M-014,A-M-0176,SOL2_1_wall_0026,wall,P1,237,271,0.0,0.0,0.0,-0.0,0.0,0.0,0.0,0.0,0.0,0.0,0.0,0.0
CASE_G,10177,E2-P1-M-013,A-M-0177,SOL2_1_wall_0027,wall,P1,239,272,0.0,0.0,0.0,-0.0,0.0,0.0,0.0,0.0,0.0,0.0,0.0,0.0
CASE_G,10178,E2-P1-M-016,A-M-0178,SOL2_1_wall_0028,wall,P1,241,273,0.0,0.0,0.0,-0.0,0.0,0.0,0.0,0.0,0.0,0.0,0.0,0.0
CASE_G,10179,E2-P1-M-015,A-M-0179,SOL2_1_wall_0029,wall,P1,243,274,0.0,0.0,0.0,-0.0,0.0,0.0,0.0,0.0,0.0,0.0,0.0,0.0
CASE_G,10180,E2-P1-M-011,A-M-0180,SOL2_1_wall_0030,wall,P1,245,275,388452.3296999707,-32006.58835652836,-680.768381907827,-4788.8056652306395,2749.6403840850144,-383298.984075936,-388452.3296999707,32006.58835652836,680.768381907827,4788.8056652306395,-53.797591730019576,256552.89418408374
CASE_G,10181,E2-P1-M-007,A-M-0181,SOL2_1_wall_0031,wall,P1,247,276,-220513.4832760917,88976.56870796204,63521.391479135484,-22341.335458588408,-107514.3372037186,592977.8827549508,220513.4832760917,-88976.56870796204,-63521.391479135484,22341.335458588408,-144030.37305365788,-240630.6706714211
CASE_G,10182,E2-P1-M-008,A-M-0182,SOL2_1_wall_0032,wall,P1,249,277,-274964.3186465916,43835.25903909869,7517.110740320057,-19575.061076411013,-3140.9037168793566,359065.1971281562,274964.3186465916,-43835.25903909869,-7517.110740320057,19575.061076411013,-26626.85481478807,-185477.5713333254
CASE_G,10183,E2-P1-M-006,A-M-0183,SOL2_1_wall_0033,wall,P1,251,278,0.0,0.0,0.0,-0.0,0.0,0.0,0.0,0.0,0.0,0.0,0.0,0.0
CASE_G,10184,E2-P1-M-001,A-M-0184,SOL2_1_wall_0034,wall,P1,253,279,0.0,0.0,0.0,-0.0,0.0,0.0,0.0,0.0,0.0,0.0,0.0,0.0
CASE_G,10185,E2-P1-M-002,A-M-0185,SOL2_1_wall_0035,wall,P1,255,280,0.0,0.0,0.0,-0.0,0.0,0.0,0.0,0.0,0.0,0.0,0.0,0.0
CASE_G,10186,E2-P1-M-005,A-M-0186,SOL2_1_wall_0036,wall,P1,257,281,49802.83007886709,-17733.894474693687,-10413.991050158204,2826.053063743746,21207.891858010586,-47466.84192589981,-49802.83007886709,17733.894474693687,10413.991050158204,-2826.053063743746,20031.512700615902,-22759.380193887187
CASE_G,10187,E2-P1-M-004,A-M-0187,SOL2_1_wall_0037,wall,P1,259,282,81329.42745119077,9469.31503532797,-8680.841635010403,-722.6550829627306,16270.075764478577,-11969.775690361348,-81329.42745119077,-9469.31503532797,8680.841635010403,722.6550829627306,18106.05711016262,49468.26323026011
CASE_G,10188,E2-P1-M-003,A-M-0188,SOL2_1_wall_0038,wall,P1,261,283,0.0,0.0,0.0,-0.0,0.0,0.0,0.0,0.0,0.0,0.0,0.0,0.0
CASE_G,10189,E2-P1-M-010,A-M-0189,SOL2_1_wall_0039,wall,P1,263,284,312686.6149055049,-31792.24773618758,198.60048674881187,-2096.520500099588,822.1246917250778,-355030.0926295401,-312686.6149055049,31792.24773618758,-198.60048674881187,2096.520500099588,-1608.5826192503728,229132.79159423726
CASE_G,10190,E2-P1-M-009,A-M-0190,SOL2_1_wall_0040,wall,P1,265,285,0.0,0.0,0.0,-0.0,0.0,0.0,0.0,0.0,0.0,0.0,0.0,0.0
CASE_G,10191,E2-P2-M-019,A-M-0191,SOL2_2_wall_0041,wall,P2,266,286,0.0,1.1129043259689655e-08,5.038461503313598e-09,7.4786807768637e-10,-3.528289414761095e-08,9.793558068526899e-08,0.0,-1.1129043259689655e-08,-5.038461503313598e-09,-7.4786807768637e-10,1.53305865944891e-08,-5.386456937689795e-08
CASE_G,10192,E2-P2-M-020,A-M-0192,SOL2_2_wall_0042,wall,P2,267,287,0.0,0.0,0.0,-0.0,0.0,0.0,0.0,0.0,0.0,0.0,0.0,0.0
CASE_G,10193,E2-P2-M-012,A-M-0193,SOL2_2_wall_0043,wall,P2,268,288,0.0,0.0,0.0,-0.0,0.0,0.0,0.0,0.0,0.0,0.0,0.0,0.0
CASE_G,10194,E2-P2-M-017,A-M-0194,SOL2_2_wall_0044,wall,P2,269,289,0.0,0.0,0.0,-0.0,0.0,0.0,0.0,0.0,0.0,0.0,0.0,0.0
CASE_G,10195,E2-P2-M-018,A-M-0195,SOL2_2_wall_0045,wall,P2,270,290,0.0,0.0,0.0,-0.0,0.0,0.0,0.0,0.0,0.0,0.0,0.0,0.0
CASE_G,10196,E2-P2-M-014,A-M-0196,SOL2_2_wall_0046,wall,P2,271,291,0.0,0.0,0.0,-0.0,0.0,0.0,0.0,0.0,0.0,0.0,0.0,0.0
CASE_G,10197,E2-P2-M-013,A-M-0197,SOL2_2_wall_0047,wall,P2,272,292,0.0,0.0,0.0,-0.0,0.0,0.0,0.0,0.0,0.0,0.0,0.0,0.0
CASE_G,10198,E2-P2-M-016,A-M-0198,SOL2_2_wall_0048,wall,P2,273,293,0.0,0.0,0.0,-0.0,0.0,0.0,0.0,0.0,0.0,0.0,0.0,0.0
CASE_G,10199,E2-P2-M-015,A-M-0199,SOL2_2_wall_0049,wall,P2,274,294,0.0,0.0,0.0,-0.0,0.0,0.0,0.0,0.0,0.0,0.0,0.0,0.0
CASE_G,10200,E2-P2-M-011,A-M-0200,SOL2_2_wall_0050,wall,P2,275,295,388452.3296999707,-32006.588356527776,-680.768381907835,-4788.805665230639,53.79759173001071,-256552.89418408458,-388452.3296999707,32006.588356527776,680.768381907835,4788.805665230639,2642.045200625016,129806.80429223456
CASE_G,10201,E2-P2-M-007,A-M-0201,SOL2_2_wall_0051,wall,P2,276,296,-279200.0958834245,46297.413791372994,2225.6514346298154,-8677.493329160563,48380.17930072016,261048.3182812694,279200.0958834245,-46297.413791372994,-2225.6514346298154,8677.493329160563,-57193.75898185423,-77710.5596674323
CASE_G,10202,E2-P2-M-008,A-M-0202,SOL2_2_wall_0052,wall,P2,277,297,-297867.5249716412,36357.478207317814,7037.116952290275,-15523.15728820767,-7720.694997914294,172743.25215957774,297867.5249716412,-36357.478207317814,-7037.116952290275,15523.15728820767,-20146.288133155198,-28767.638458599147
CASE_G,10203,E2-P2-M-006,A-M-0203,SOL2_2_wall_0053,wall,P2,278,298,0.0,0.0,0.0,-0.0,0.0,0.0,0.0,0.0,0.0,0.0,0.0,0.0
CASE_G,10204,E2-P2-M-001,A-M-0204,SOL2_2_wall_0054,wall,P2,279,299,0.0,0.0,0.0,-0.0,0.0,0.0,0.0,0.0,0.0,0.0,0.0,0.0
CASE_G,10205,E2-P2-M-002,A-M-0205,SOL2_2_wall_0055,wall,P2,280,300,0.0,0.0,0.0,-0.0,0.0,0.0,0.0,0.0,0.0,0.0,0.0,0.0
CASE_G,10206,E2-P2-M-005,A-M-0206,SOL2_2_wall_0056,wall,P2,281,301,28801.025519469575,-13779.89989728281,-4413.31152455977,332.62376481097755,8343.978668598505,-23611.874995283542,-28801.025519469575,13779.89989728281,4413.31152455977,-332.62376481097755,9132.734968658187,-30956.528597956392
CASE_G,10207,E2-P2-M-004,A-M-0207,SOL2_2_wall_0057,wall,P2,282,302,60475.89616283645,-10428.274576060263,-6467.658460993737,1370.1816386073417,11877.114504093832,-61583.548748634974,-60475.89616283645,10428.274576060263,6467.658460993737,-1370.1816386073417,13734.813001441375,20287.58142743633
CASE_G,10208,E2-P2-M-003,A-M-0208,SOL2_2_wall_0058,wall,P2,283,303,0.0,0.0,0.0,-0.0,0.0,0.0,0.0,0.0,0.0,0.0,0.0,0.0
CASE_G,10209,E2-P2-M-010,A-M-0209,SOL2_2_wall_0059,wall,P2,284,304,312686.61490550503,-31792.24773618806,198.6004867488014,-2096.5205000995884,1608.5826192503782,-229132.79159423988,-312686.61490550503,31792.24773618806,-198.6004867488014,2096.5205000995884,-2395.040546775632,103235.49055893515
CASE_G,10210,E2-P2-M-009,A-M-0210,SOL2_2_wall_0060,wall,P2,285,305,0.0,0.0,0.0,-0.0,0.0,0.0,0.0,0.0,0.0,0.0,0.0,0.0
CASE_G,10211,E2-P3-M-019,A-M-0211,SOL2_3_wall_0061,wall,P3,286,306,0.0,7.419362173126448e-09,3.50130375653996e-09,-0.0,-1.4316062481618506e-08,4.407101130837108e-08,0.0,-7.419362173126448e-09,-3.50130375653996e-09,0.0,4.508996057202679e-10,-1.4690337102790353e-08
CASE_G,10212,E2-P3-M-020,A-M-0212,SOL2_3_wall_0062,wall,P3,287,307,0.0,0.0,0.0,-0.0,0.0,0.0,0.0,0.0,0.0,0.0,0.0,0.0
CASE_G,10213,E2-P3-M-012,A-M-0213,SOL2_3_wall_0063,wall,P3,288,308,0.0,0.0,0.0,-0.0,0.0,0.0,0.0,0.0,0.0,0.0,0.0,0.0
CASE_G,10214,E2-P3-M-017,A-M-0214,SOL2_3_wall_0064,wall,P3,289,309,0.0,0.0,0.0,-0.0,0.0,0.0,0.0,0.0,0.0,0.0,0.0,0.0
CASE_G,10215,E2-P3-M-018,A-M-0215,SOL2_3_wall_0065,wall,P3,290,310,0.0,0.0,0.0,-0.0,0.0,0.0,0.0,0.0,0.0,0.0,0.0,0.0
CASE_G,10216,E2-P3-M-014,A-M-0216,SOL2_3_wall_0066,wall,P3,291,311,0.0,0.0,0.0,-0.0,0.0,0.0,0.0,0.0,0.0,0.0,0.0,0.0
CASE_G,10217,E2-P3-M-013,A-M-0217,SOL2_3_wall_0067,wall,P3,292,312,0.0,0.0,0.0,-0.0,0.0,0.0,0.0,0.0,0.0,0.0,0.0,0.0
CASE_G,10218,E2-P3-M-016,A-M-0218,SOL2_3_wall_0068,wall,P3,293,313,0.0,0.0,0.0,-0.0,0.0,0.0,0.0,0.0,0.0,0.0,0.0,0.0
CASE_G,10219,E2-P3-M-015,A-M-0219,SOL2_3_wall_0069,wall,P3,294,314,0.0,0.0,0.0,-0.0,0.0,0.0,0.0,0.0,0.0,0.0,0.0,0.0
CASE_G,10220,E2-P3-M-011,A-M-0220,SOL2_3_wall_0070,wall,P3,295,315,388452.3296999708,-32006.588356523625,-680.7683819084582,-4788.8056652306395,-2642.04520062502,-129806.80429223616,-388452.3296999708,32006.588356523625,680.7683819084582,4788.8056652306395,5337.887992982513,3060.7144004026486
CASE_G,10221,E2-P3-M-007,A-M-0221,SOL2_3_wall_0071,wall,P3,296,316,-279326.1819214739,-13517.008961221956,-115905.64918091965,9803.06047749412,237958.50432177034,56384.4504756417,279326.1819214739,13517.008961221956,115905.64918091965,-9803.06047749412,221027.86643467133,-109911.80596208063
CASE_G,10222,E2-P3-M-008,A-M-0222,SOL2_3_wall_0072,wall,P3,297,317,-317809.43778233696,23165.27402207649,2613.226720027658,-6748.1355458361195,-3556.1208546126336,13946.661506414115,317809.43778233696,-23165.27402207649,-2613.226720027658,6748.1355458361195,-6792.256956696888,77787.82362100875
CASE_G,10223,E2-P3-M-006,A-M-0223,SOL2_3_wall_0073,wall,P3,298,318,0.0,0.0,0.0,-0.0,0.0,0.0,0.0,0.0,0.0,0.0,0.0,0.0
CASE_G,10224,E2-P3-M-001,A-M-0224,SOL2_3_wall_0074,wall,P3,299,319,0.0,0.0,0.0,-0.0,0.0,0.0,0.0,0.0,0.0,0.0,0.0,0.0
CASE_G,10225,E2-P3-M-002,A-M-0225,SOL2_3_wall_0075,wall,P3,300,320,0.0,0.0,0.0,-0.0,0.0,0.0,0.0,0.0,0.0,0.0,0.0,0.0
CASE_G,10226,E2-P3-M-005,A-M-0226,SOL2_3_wall_0076,wall,P3,301,321,15432.14799417943,-9142.702791787857,2629.0447711186216,-2120.6255664539954,-5631.040172650157,-12104.2982936901,-15432.14799417943,9142.702791787857,-2629.0447711186216,2120.6255664539954,-4779.977120979581,-24100.8047617898
CASE_G,10227,E2-P3-M-004,A-M-0227,SOL2_3_wall_0077,wall,P3,302,322,38726.5287622284,-28279.088045175202,-1272.2223652065734,5555.7579499711455,2118.1210366504,-70609.9754777163,-38726.5287622284,28279.088045175202,1272.2223652065734,-5555.7579499711455,2919.879529567629,-41375.21318117746
CASE_G,10228,E2-P3-M-003,A-M-0228,SOL2_3_wall_0078,wall,P3,303,323,0.0,0.0,0.0,-0.0,0.0,0.0,0.0,0.0,0.0,0.0,0.0,0.0
CASE_G,10229,E2-P3-M-010,A-M-0229,SOL2_3_wall_0079,wall,P3,304,324,312686.6149055051,-31792.24773618693,198.60048673918368,-2096.5205000995884,2395.040546775635,-103235.4905589367,-312686.6149055051,31792.24773618693,-198.60048673918368,2096.5205000995884,-3181.498474262802,-22661.810476363527
CASE_G,10230,E2-P3-M-009,A-M-0230,SOL2_3_wall_0080,wall,P3,305,325,0.0,0.0,0.0,-0.0,0.0,0.0,0.0,0.0,0.0,0.0,0.0,0.0
CASE_G,10231,E2-P4-M-019,A-M-0231,SOL2_4_wall_0081,wall,P4,326,327,-17199.505057573147,18909.15333417411,3881.0698609770757,-3086.823194527604,-1987.6441233583882,13284.15303338843,17199.505057573147,-18909.15333417411,-3881.0698609770757,3086.823194527604,-13381.392526110834,61596.09416994105
CASE_G,10232,E2-P4-M-020,A-M-0232,SOL2_4_wall_0082,wall,P4,307,328,0.0,0.0,0.0,-0.0,0.0,0.0,0.0,0.0,0.0,0.0,0.0,0.0
CASE_G,10233,E2-P4-M-012,A-M-0233,SOL2_4_wall_0083,wall,P4,308,329,0.0,0.0,0.0,-0.0,0.0,0.0,0.0,0.0,0.0,0.0,0.0,0.0
CASE_G,10235,E2-P4-M-018,A-M-0235,SOL2_4_wall_0085,wall,P4,310,332,0.0,0.0,0.0,-0.0,0.0,0.0,0.0,0.0,0.0,0.0,0.0,0.0
CASE_G,10236,E2-P4-M-014,A-M-0236,SOL2_4_wall_0086,wall,P4,311,333,0.0,0.0,0.0,-0.0,0.0,0.0,0.0,0.0,0.0,0.0,0.0,0.0
CASE_G,10237,E2-P4-M-013,A-M-0237,SOL2_4_wall_0087,wall,P4,312,334,0.0,0.0,0.0,-0.0,0.0,0.0,0.0,0.0,0.0,0.0,0.0,0.0
CASE_G,10238,E2-P4-M-016,A-M-0238,SOL2_4_wall_0088,wall,P4,313,335,0.0,0.0,0.0,-0.0,0.0,0.0,0.0,0.0,0.0,0.0,0.0,0.0
CASE_G,10240,E2-P4-M-011,A-M-0240,SOL2_4_wall_0090,wall,P4,315,338,388452.32969997096,-32006.588356523214,-680.7683819083876,-4788.80566523064,-5337.887992982501,-3060.714400406272,-388452.32969997096,32006.588356523214,680.7683819083876,4788.80566523064,8033.730785339716,-123685.37549142567
CASE_G,10241,E2-P4-M-007,A-M-0241,SOL2_4_wall_0091,wall,P4,316,339,-273325.59795490874,-2487.6519424410308,-16512.385294729702,13642.164942935357,-5293.137749002133,82611.43747519632,273325.59795490874,2487.6519424410308,16512.385294729702,-13642.164942935357,70682.18351613176,-92462.5391672628
CASE_G,10242,E2-P4-M-008,A-M-0242,SOL2_4_wall_0092,wall,P4,317,340,-333371.4373067141,4898.5597009386265,-8258.490419886037,5812.766464944048,-2862.716878263611,-94390.95822754994,333371.4373067141,-4898.5597009386265,8258.490419886037,-5812.766464944048,35566.33894101232,113789.2546432669
CASE_G,10243,E2-P4-M-006,A-M-0243,SOL2_4_wall_0093,wall,P4,318,341,0.0,0.0,0.0,-0.0,0.0,0.0,0.0,0.0,0.0,0.0,0.0,0.0
CASE_G,10244,E2-P4-M-001,A-M-0244,SOL2_4_wall_0094,wall,P4,319,342,0.0,0.0,0.0,-0.0,0.0,0.0,0.0,0.0,0.0,0.0,0.0,0.0
CASE_G,10245,E2-P4-M-002,A-M-0245,SOL2_4_wall_0095,wall,P4,320,343,0.0,0.0,0.0,-0.0,0.0,0.0,0.0,0.0,0.0,0.0,0.0,0.0
CASE_G,10246,E2-P4-M-005,A-M-0246,SOL2_4_wall_0096,wall,P4,321,344,6977.625681140924,-10745.44024398926,4830.655687708562,-2927.9780190018428,-8917.926379182642,-17814.128913220196,-6977.625681140924,10745.44024398926,-4830.655687708562,2927.9780190018428,-10211.470144143266,-24737.814452977276
CASE_G,10247,E2-P4-M-004,A-M-0247,SOL2_4_wall_0097,wall,P4,322,345,14534.811913819616,-16669.91054251182,-339.24073875248314,546.9130128142672,-95.8509818255393,-19160.854715921585,-14534.811913819616,16669.91054251182,339.24073875248314,-546.9130128142672,1439.2443072853728,-46851.99103242524
CASE_G,10248,E2-P4-M-003,A-M-0248,SOL2_4_wall_0098,wall,P4,323,346,0.0,0.0,0.0,-0.0,0.0,0.0,0.0,0.0,0.0,0.0,0.0,0.0
CASE_G,10249,E2-P4-M-010,A-M-0249,SOL2_4_wall_0099,wall,P4,324,347,312686.61490550527,-31792.247736185134,198.60048673910572,-2096.5205000995884,3181.4984742628058,22661.81047636032,-312686.61490550527,31792.247736185134,-198.60048673910572,2096.5205000995884,-3967.9564017496646,-148559.11151165346
CASE_G,10250,E2-P4-M-009,A-M-0250,SOL2_4_wall_0100,wall,P4,325,348,0.0,0.0,0.0,-0.0,0.0,0.0,0.0,0.0,0.0,0.0,0.0,0.0
CASE_G,10251,E1-S1-M-001,A-M-0251,SOL_1S_wall_0001,wall,S1,349,350,0.0,0.0,0.0,-0.0,0.0,0.0,0.0,0.0,0.0,0.0,0.0,0.0
CASE_G,10252,E1-S1-M-002,A-M-0252,SOL_1S_wall_0002,wall,S1,351,352,0.0,0.0,0.0,-0.0,0.0,0.0,0.0,0.0,0.0,0.0,0.0,0.0
CASE_G,10253,E1-S1-M-003,A-M-0253,SOL_1S_wall_0003,wall,S1,353,354,0.0,0.0,0.0,-0.0,0.0,0.0,0.0,0.0,0.0,0.0,0.0,0.0
CASE_G,10254,E1-S1-M-004,A-M-0254,SOL_1S_wall_0004,wall,S1,355,356,0.0,0.0,0.0,-0.0,0.0,0.0,0.0,0.0,0.0,0.0,0.0,0.0
CASE_G,10255,E1-S1-M-005,A-M-0255,SOL_1S_wall_0005,wall,S1,357,358,0.0,0.0,0.0,-0.0,0.0,0.0,0.0,0.0,0.0,0.0,0.0,0.0
CASE_G,10256,E1-S1-M-015,A-M-0256,SOL_1S_wall_0006,wall,S1,359,360,0.0,0.0,0.0,-0.0,0.0,0.0,0.0,0.0,0.0,0.0,0.0,0.0
CASE_G,10257,E1-S1-M-052,A-M-0257,SOL_1S_wall_0007,wall,S1,361,362,0.0,0.0,0.0,-0.0,0.0,0.0,0.0,0.0,0.0,0.0,0.0,0.0
CASE_G,10258,E1-S1-M-051,A-M-0258,SOL_1S_wall_0008,wall,S1,363,364,0.0,0.0,0.0,-0.0,0.0,0.0,0.0,0.0,0.0,0.0,0.0,0.0
CASE_G,10259,E1-S1-M-033,A-M-0259,SOL_1S_wall_0009,wall,S1,365,366,32856.733968953595,168.81788186305351,7155.8306510741395,-270.0677518569795,-14715.906328535075,-20608.5902045027,-32856.733968953595,-168.81788186305351,-7155.8306510741395,270.0677518569795,-13621.183049718515,21277.10901668039
CASE_G,10260,E1-S1-M-060,A-M-0260,SOL_1S_wall_0010,wall,S1,367,368,0.0,0.0,0.0,-0.0,0.0,0.0,0.0,0.0,0.0,0.0,0.0,0.0
CASE_G,10261,E1-S1-M-059,A-M-0261,SOL_1S_wall_0011,wall,S1,369,370,0.0,0.0,0.0,-0.0,0.0,0.0,0.0,0.0,0.0,0.0,0.0,0.0
CASE_G,10262,E1-S1-M-016,A-M-0262,SOL_1S_wall_0012,wall,S1,371,372,0.0,0.0,0.0,-0.0,0.0,0.0,0.0,0.0,0.0,0.0,0.0,0.0
CASE_G,10263,E1-S1-M-040,A-M-0263,SOL_1S_wall_0013,wall,S1,373,374,0.0,0.0,0.0,-0.0,0.0,0.0,0.0,0.0,0.0,0.0,0.0,0.0
CASE_G,10264,E1-S1-M-056,A-M-0264,SOL_1S_wall_0014,wall,S1,375,376,1644.4626028081084,-769.1294267736631,-2081.8757706588176,-935.1663378456702,-5928.679170670428,-8962.840703945829,-1644.4626028081084,769.1294267736631,2081.8757706588176,935.1663378456702,14172.907222479345,5917.088173922123
CASE_G,10265,E1-S1-M-050,A-M-0265,SOL_1S_wall_0015,wall,S1,377,378,0.0,0.0,0.0,-0.0,0.0,0.0,0.0,0.0,0.0,0.0,0.0,0.0
CASE_G,10266,E1-S1-M-008,A-M-0266,SOL_1S_wall_0016,wall,S1,379,380,-20.13620182585939,780.9085105628873,32.40951516757127,-1951.174271251052,-100.04047641339376,7658.901039554917,20.13620182585939,-780.9085105628873,-32.40951516757127,1951.174271251052,-28.30120365018846,-4566.503337725883
CASE_G,10267,E1-S1-M-044,A-M-0267,SOL_1S_wall_0017,wall,S1,381,382,-298.7519654955304,954.5513773568616,-1377.0202182535709,-1501.895408176827,2838.5850293096473,5266.23217021735,298.7519654955304,-954.5513773568616,1377.0202182535709,1501.895408176827,2614.4150349744937,-1486.2087158841787
CASE_G,10268,E1-S1-M-057,A-M-0268,SOL_1S_wall_0018,wall,S1,383,384,0.0,0.0,0.0,-0.0,0.0,0.0,0.0,0.0,0.0,0.0,0.0,0.0
CASE_G,10269,E1-S1-M-041,A-M-0269,SOL_1S_wall_0019,wall,S1,385,386,-2483.2556307620953,-569.0401969031749,5909.858654001177,-537.2114090694898,-12031.062926696348,-3061.327674270473,2483.2556307620953,569.0401969031749,-5909.858654001177,537.2114090694898,-11371.977343148308,807.9284945339004
CASE_G,10270,E1-S1-M-042,A-M-0270,SOL_1S_wall_0020,wall,S1,387,388,0.0,0.0,0.0,-0.0,0.0,0.0,0.0,0.0,0.0,0.0,0.0,0.0
CASE_G,10271,E1-S1-M-043,A-M-0271,SOL_1S_wall_0021,wall,S1,389,390,0.0,0.0,0.0,-0.0,0.0,0.0,0.0,0.0,0.0,0.0,0.0,0.0
CASE_G,10272,E1-S1-M-010,A-M-0272,SOL_1S_wall_0022,wall,S1,391,392,27088.951284598133,-71726.87933988411,5860.538273459552,-825.188846074744,-11764.85603029846,-154362.7263998316,-27088.951284598133,71726.87933988411,-5860.538273459552,825.188846074744,-11442.875532601365,-129675.71578610945
CASE_G,10273,E1-S1-M-047,A-M-0273,SOL_1S_wall_0023,wall,S1,393,394,-760.3960407565992,738.2836273133905,1223.836010443188,-78.97851367860224,-2461.876779709034,2102.840397291594,760.3960407565992,-738.2836273133905,-1223.836010443188,78.97851367860224,-2384.51382164599,820.7627668694324
CASE_G,10274,E1-S1-M-031,A-M-0274,SOL_1S_wall_0024,wall,S1,395,396,0.0,0.0,0.0,-0.0,0.0,0.0,0.0,0.0,0.0,0.0,0.0,0.0
CASE_G,10275,E1-S1-M-006,A-M-0275,SOL_1S_wall_0025,wall,S1,397,398,-29000.41947923827,91495.51678155424,210.01202708525398,-1770.1619137072123,-468.7397881374173,230219.10512636398,29000.41947923827,-91495.51678155424,-210.01202708525398,1770.1619137072123,-362.9078391201884,132103.14132859072
CASE_G,10276,E1-S1-M-045,A-M-0276,SOL_1S_wall_0026,wall,S1,399,400,-4000.18999449467,21244.20234753165,-1649.2193274827937,-356.37939065390793,3200.51757960347,47400.34169882989,4000.18999449467,-21244.20234753165,1649.2193274827937,356.37939065390793,3330.390957228393,36726.69959739543
CASE_G,10277,E1-S1-M-009,A-M-0277,SOL_1S_wall_0027,wall,S1,401,402,1097.3330896812781,-5049.196874555203,5714.419087284459,3208.5114879683597,-11556.134754404378,-12685.616663490848,-1097.3330896812781,5049.196874555203,-5714.419087284459,-3208.5114879683597,-11072.964831242081,-7309.202959747754
CASE_G,10278,E1-S1-M-046,A-M-0278,SOL_1S_wall_0028,wall,S1,403,404,2738.8291126312743,-4264.419480522445,1207.3027448793162,-1072.0899472194415,-2441.9572436151298,-8684.750025642643,-2738.8291126312743,4264.419480522445,-1207.3027448793162,1072.0899472194415,-2338.961626106962,-8202.35111722624
CASE_G,10279,E1-S1-M-012,A-M-0279,SOL_1S_wall_0029,wall,S1,405,406,3756.030178685894,-2035.5263725878106,8239.393892709264,1324.4970863830627,-16814.389394397313,-16899.888464305248,-3756.030178685894,2035.5263725878106,-8239.393892709264,-1324.4970863830627,-15813.610420731373,8839.204028857519
CASE_G,10280,E1-S1-M-013,A-M-0280,SOL_1S_wall_0030,wall,S1,407,408,-6751.572742570236,-15665.225678596456,17400.90774423966,-6081.132838734476,-33497.26834170028,-51372.32190566227,6751.572742570236,15665.225678596456,-17400.90774423966,6081.132838734476,-35410.326325488764,-10661.971781579694
CASE_G,10281,E1-S1-M-014,A-M-0281,SOL_1S_wall_0031,wall,S1,409,410,0.0,0.0,0.0,-0.0,0.0,0.0,0.0,0.0,0.0,0.0,0.0,0.0
CASE_G,10282,E1-S1-M-048,A-M-0282,SOL_1S_wall_0032,wall,S1,411,412,0.0,0.0,0.0,-0.0,0.0,0.0,0.0,0.0,0.0,0.0,0.0,0.0
CASE_G,10283,E1-S1-M-049,A-M-0283,SOL_1S_wall_0033,wall,S1,413,414,0.0,0.0,0.0,-0.0,0.0,0.0,0.0,0.0,0.0,0.0,0.0,0.0
CASE_G,10284,E1-S1-M-030,A-M-0284,SOL_1S_wall_0034,wall,S1,415,416,0.0,0.0,0.0,-0.0,0.0,0.0,0.0,0.0,0.0,0.0,0.0,0.0
CASE_G,10285,E1-S1-M-029,A-M-0285,SOL_1S_wall_0035,wall,S1,417,418,0.0,0.0,0.0,-0.0,0.0,0.0,0.0,0.0,0.0,0.0,0.0,0.0
CASE_G,10286,E1-S1-M-028,A-M-0286,SOL_1S_wall_0036,wall,S1,419,420,0.0,0.0,0.0,-0.0,0.0,0.0,0.0,0.0,0.0,0.0,0.0,0.0
CASE_G,10287,E1-S1-M-019,A-M-0287,SOL_1S_wall_0037,wall,S1,421,422,0.0,0.0,0.0,-0.0,0.0,0.0,0.0,0.0,0.0,0.0,0.0,0.0
CASE_G,10288,E1-S1-M-020,A-M-0288,SOL_1S_wall_0038,wall,S1,423,424,0.0,0.0,0.0,-0.0,0.0,0.0,0.0,0.0,0.0,0.0,0.0,0.0
CASE_G,10289,E1-S1-M-021,A-M-0289,SOL_1S_wall_0039,wall,S1,425,426,0.0,0.0,0.0,-0.0,0.0,0.0,0.0,0.0,0.0,0.0,0.0,0.0
CASE_G,10290,E1-S1-M-034,A-M-0290,SOL_1S_wall_0040,wall,S1,427,428,0.0,0.0,0.0,-0.0,0.0,0.0,0.0,0.0,0.0,0.0,0.0,0.0
CASE_G,10291,E1-S1-M-035,A-M-0291,SOL_1S_wall_0041,wall,S1,429,430,0.0,0.0,0.0,-0.0,0.0,0.0,0.0,0.0,0.0,0.0,0.0,0.0
CASE_G,10292,E1-S1-M-038,A-M-0292,SOL_1S_wall_0042,wall,S1,431,432,0.0,0.0,0.0,-0.0,0.0,0.0,0.0,0.0,0.0,0.0,0.0,0.0
CASE_G,10293,E1-S1-M-022,A-M-0293,SOL_1S_wall_0043,wall,S1,433,434,0.0,0.0,0.0,-0.0,0.0,0.0,0.0,0.0,0.0,0.0,0.0,0.0
CASE_G,10294,E1-S1-M-032,A-M-0294,SOL_1S_wall_0044,wall,S1,435,436,0.0,0.0,0.0,-0.0,0.0,0.0,0.0,0.0,0.0,0.0,0.0,0.0
CASE_G,10295,E1-S1-M-026,A-M-0295,SOL_1S_wall_0045,wall,S1,437,438,0.0,0.0,0.0,-0.0,0.0,0.0,0.0,0.0,0.0,0.0,0.0,0.0
CASE_G,10296,E1-S1-M-027,A-M-0296,SOL_1S_wall_0046,wall,S1,439,440,0.0,0.0,0.0,-0.0,0.0,0.0,0.0,0.0,0.0,0.0,0.0,0.0
CASE_G,10297,E1-S1-M-011,A-M-0297,SOL_1S_wall_0047,wall,S1,441,442,-44969.65144149823,-25559.790055156478,3071.2784765529473,1381.8364322447646,-5491.211356646507,-46116.11047286399,44969.65144149823,25559.790055156478,-3071.2784765529473,-1381.8364322447646,-6671.051410503163,-55100.658145555666
CASE_G,10298,E1-S1-M-024,A-M-0298,SOL_1S_wall_0048,wall,S1,443,444,146460.3605440224,16434.088168616592,11220.547583607959,13.645752926869562,-18077.00242186559,11862.333868351288,-146460.3605440224,-16434.088168616592,-11220.547583607959,-13.645752926869562,-26356.366009221925,53216.65527937042
CASE_G,10299,E1-S1-M-037,A-M-0299,SOL_1S_wall_0049,wall,S1,445,446,0.0,0.0,0.0,-0.0,0.0,0.0,0.0,0.0,0.0,0.0,0.0,0.0
CASE_G,10300,E1-S1-M-053,A-M-0300,SOL_1S_wall_0050,wall,S1,447,448,0.0,0.0,0.0,-0.0,0.0,0.0,0.0,0.0,0.0,0.0,0.0,0.0
CASE_G,10301,E1-S1-M-007,A-M-0301,SOL_1S_wall_0051,wall,S1,449,450,22920.073935883698,1673.272383338403,-1947.5404277921923,-2395.868680817778,-14960.231047615012,-9759.84396590617,-22920.073935883698,-1673.272383338403,1947.5404277921923,2395.868680817778,22672.491141672093,16386.002603926245
CASE_G,10302,E1-S1-M-023,A-M-0302,SOL_1S_wall_0052,wall,S1,451,452,81486.60950333426,15948.551441366135,2033.932402852849,799.479276630548,-5440.692704537283,11509.963897266469,-81486.60950333426,-15948.551441366135,-2033.932402852849,-799.479276630548,-2613.679610759998,51646.29981054342
CASE_G,10303,E1-S1-M-036,A-M-0303,SOL_1S_wall_0053,wall,S1,453,454,0.0,0.0,0.0,-0.0,0.0,0.0,0.0,0.0,0.0,0.0,0.0,0.0
CASE_G,10304,E1-S1-M-054,A-M-0304,SOL_1S_wall_0054,wall,S1,455,456,0.0,0.0,0.0,-0.0,0.0,0.0,0.0,0.0,0.0,0.0,0.0,0.0
CASE_G,10305,E1-S1-M-025,A-M-0305,SOL_1S_wall_0055,wall,S1,457,458,77830.35360264541,8018.185252858107,6998.738409819652,-229.77305774346198,-13636.947505573407,-2334.144472716176,-77830.35360264541,-8018.185252858107,-6998.738409819652,229.77305774346198,-14078.05659731241,34086.158074034276
CASE_G,10306,E1-S1-M-055,A-M-0306,SOL_1S_wall_0056,wall,S1,459,460,0.0,0.0,0.0,-0.0,0.0,0.0,0.0,0.0,0.0,0.0,0.0,0.0
CASE_G,10307,E1-S1-M-058,A-M-0307,SOL_1S_wall_0057,wall,S1,461,462,0.0,0.0,0.0,-0.0,0.0,0.0,0.0,0.0,0.0,0.0,0.0,0.0
CASE_G,10308,E1-S1-M-018,A-M-0308,SOL_1S_wall_0058,wall,S1,463,464,0.0,0.0,0.0,-0.0,0.0,0.0,0.0,0.0,0.0,0.0,0.0,0.0
CASE_G,10309,E1-S1-M-039,A-M-0309,SOL_1S_wall_0059,wall,S1,465,466,0.0,0.0,0.0,-0.0,0.0,0.0,0.0,0.0,0.0,0.0,0.0,0.0
CASE_G,10310,E1-S1-M-017,A-M-0310,SOL_1S_wall_0060,wall,S1,467,468,68255.31599999775,2.0670334131202916e-12,-1.63598804537094e-08,8.52575692483033e-09,-333921.06904291926,-7064.230598999379,-68255.31599999775,-2.0670334131202916e-12,1.63598804537094e-08,-8.52575692483033e-09,333921.06904298405,7064.230598999387
CASE_G,10311,E1-P1-M-010,A-M-0311,SOL_1_wall_0061,wall,P1,420,469,0.0,0.0,0.0,-0.0,0.0,0.0,0.0,0.0,0.0,0.0,0.0,0.0
CASE_G,10333,E1-P1-M-016,A-M-0333,SOL_1_wall_0083,wall,P1,512,513,0.0,1.223464656053175e-06,-3.2863372516874753e-09,-0.0,4.337965172227467e-09,-3.2299466919803816e-07,0.0,-1.223464656053175e-06,3.2863372516874753e-09,0.0,8.675930344454935e-09,5.167914707168611e-06
CASE_G,10350,E1-P2-M-007,A-M-0350,SOL_2_wall_0100,wall,P2,469,546,0.0,0.0,0.0,-0.0,0.0,0.0,0.0,0.0,0.0,0.0,0.0,0.0
CASE_G,10362,E1-P3-M-007,A-M-0362,SOL_3_wall_0112,wall,P3,546,568,0.0,0.0,0.0,-0.0,0.0,0.0,0.0,0.0,0.0,0.0,0.0,0.0
CASE_G,10374,E1-P4-M-007,A-M-0374,SOL_4_wall_0124,wall,P4,568,580,0.0,0.0,0.0,-0.0,0.0,0.0,0.0,0.0,0.0,0.0,0.0,0.0
CASE_G,10385,E2-S1-V-030,A-V-0385,SOL2_1S_beam_0001,beam,S1,595,596,0.0,-9.856914685534485e-12,-12885.319000000267,1.842113150479036e-11,-5073.371200000038,6.023278938196253e-11,0.0,9.856914685534485e-12,12885.319000000267,-1.842113150479036e-11,61124.50885000119,-1.0311036826403754e-10
CASE_G,10386,E2-S1-V-029,A-V-0386,SOL2_1S_beam_0002,beam,S1,597,598,-444.65421949495334,3040.9991344489113,-25870.001789527498,10897.009154175192,-3783.1171812046377,442.46667489947595,444.65421949495334,-3040.9991344489113,25870.001789527498,-10897.009154175192,85273.62281821626,9136.680598614596
CASE_G,10387,E2-S1-V-056,A-V-0387,SOL2_1S_beam_0003,beam,S1,12,599,-17725.78831801798,-959.0387611341832,-49953.74362595388,-1768.0703968104726,252891.981295057,-3822.265350403478,17725.78831801798,959.0387611341832,49953.74362595388,1768.0703968104726,-17631.59189673484,-694.3897792290425
CASE_G,10388,E2-S1-V-055,A-V-0388,SOL2_1S_beam_0004,beam,S1,12,600,44705.74956260235,-4122.794378311096,-44506.172230242875,-13638.144601773474,233229.4289703846,-5833.913276164075,-44705.74956260235,4122.794378311096,44506.172230242875,13638.144601773474,-23624.729712656175,-13582.653740581927
CASE_G,10389,E2-S1-V-078,A-V-0389,SOL2_1S_beam_0005,beam,S1,14,601,-138736.03094826583,4827.3466587539,-58982.03711095642,-17696.29689900404,281719.7143980486,5840.117297014791,138736.03094826583,-4827.3466587539,58982.03711095642,17696.29689900404,31385.472680586798,19785.774122082992
CASE_G,10390,E2-S1-V-077,A-V-0390,SOL2_1S_beam_0006,beam,S1,14,602,103783.6568295293,-10675.896270927144,-37835.12076114176,15526.886038570628,202786.78878700343,-27626.13311995704,-103783.6568295293,10675.896270927144,37835.12076114176,-15526.886038570628,-24599.83827837094,-22652.69147987708
CASE_G,10391,E2-S1-V-072,A-V-0391,SOL2_1S_beam_0007,beam,S1,14,6,-7692.4020130295185,10041.86491737027,-35789.14957014249,-28606.019608524002,133225.0926631255,32541.750502846415,7692.4020130295185,-10041.86491737027,35789.14957014249,28606.019608524002,126246.24172040753,40261.77014808805
CASE_G,10392,E2-S1-V-070,A-V-0392,SOL2_1S_beam_0008,beam,S1,14,6,-7692.4020130295185,10041.86491737027,-35789.14957014249,-28606.019608524002,133225.0926631255,32541.750502846415,7692.4020130295185,-10041.86491737027,35789.14957014249,28606.019608524002,126246.24172040753,40261.77014808805
CASE_G,10393,E2-S1-V-076,A-V-0393,SOL2_1S_beam_0009,beam,S1,6,603,-62661.46749363802,-5399.253185057833,18720.918017548258,14726.810921370989,-107389.85522826444,-7519.080821534221,62661.46749363802,5399.253185057833,-18720.918017548258,-14726.810921370989,19222.47991238949,-17909.051578073948
CASE_G,10394,E2-S1-V-075,A-V-0394,SOL2_1S_beam_0010,beam,S1,6,604,-92755.93146996864,-7714.397576441144,22866.966663840525,9348.729090186032,-125208.77180817956,-27533.668098564558,92755.93146996864,7714.397576441144,-22866.966663840525,-9348.729090186032,17515.311995119337,-8797.786684817785
CASE_G,10395,E2-S1-V-061,A-V-0395,SOL2_1S_beam_0012,beam,S1,606,607,-3355.312370715371,-2756.0415220735517,-5484.096212028144,-1828.4416207501897,33679.6865210475,-13997.678635159808,3355.312370715371,2756.0415220735517,5484.096212028144,1828.4416207501897,11838.312038786098,-8877.465998050677
CASE_G,10396,E2-S1-V-057,A-V-0396,SOL2_1S_beam_0013,beam,S1,608,605,-5047.250020531028,4129.9894898993425,-9930.732180889287,-2602.683967172711,56787.814632964386,18582.75380784357,5047.250020531028,-4129.9894898993425,9930.732180889287,2602.683967172711,31595.70177695027,18174.152652260578
CASE_G,10397,E2-S1-V-083,A-V-0397,SOL2_1S_beam_0015,beam,S1,604,610,-1451.1120330062536,-1641.4067873357533,-3.9414081090201143,-9125.341960377913,-15959.56860355838,-2297.8025415779184,1451.1120330062536,1641.4067873357533,3.9414081090201143,9125.341960377913,15992.367655805634,-11361.424183412688
CASE_G,10398,E2-S1-V-080,A-V-0398,SOL2_1S_beam_0016,beam,S1,604,609,2876.729775880731,959.2265193471266,-6149.647609115865,71.0514090949447,22471.269371966977,5849.654361569488,-2876.729775880731,-959.2265193471266,6149.647609115865,-71.0514090949447,32260.594349164217,2687.4616606199384
CASE_G,10399,E2-S1-V-081,A-V-0399,SOL2_1S_beam_0017,beam,S1,603,602,1629.5766201441395,11295.306257898437,3835.2016574949357,6960.032330962586,-13011.196142336725,36324.95023867442,-1629.5766201441395,-11295.306257898437,-3835.2016574949357,-6960.032330962586,-12492.894880004596,38788.836376350184
CASE_G,10400,E2-S1-V-084,A-V-0400,SOL2_1S_beam_0018,beam,S1,603,602,1629.5766201441395,11295.306257898437,3835.2016574949357,6960.032330962586,-13011.196142336725,36324.95023867442,-1629.5766201441395,-11295.306257898437,-3835.2016574949357,-6960.032330962586,-12492.894880004596,38788.836376350184
CASE_G,10401,E2-S1-V-088,A-V-0401,SOL2_1S_beam_0019,beam,S1,603,408,-39319.231107107706,-13486.11226714891,11050.514702560444,-9408.231798438543,-32374.820097861288,-54740.84889927479,39319.231107107706,13486.11226714891,-11050.514702560444,9408.231798438543,-29400.740702212745,-20650.40397357526
CASE_G,10402,E2-S1-V-087,A-V-0402,SOL2_1S_beam_0020,beam,S1,604,398,-92264.80110385214,1484.557227708231,29020.555681064125,1832.5718215003642,-25993.943385123894,5245.934864826236,92264.80110385214,-1484.557227708231,-29020.555681064125,-1832.5718215003642,-127522.66212713366,2607.2637021178966
CASE_G,10403,E2-S1-V-090,A-V-0403,SOL2_1S_beam_0021,beam,S1,601,61,-138312.56160671826,-11858.535357632629,-58982.037110962054,-13801.521040490989,-33282.500451295404,-19785.774122084298,138312.56160671826,11858.535357632629,58982.037110962054,13801.521040490989,311890.05119836907,-36229.2035434389
CASE_G,10404,E2-S1-V-089,A-V-0404,SOL2_1S_beam_0022,beam,S1,602,392,79730.66572612601,-16959.86244752766,-30164.717446154093,-6534.910904121623,37747.738729314064,-54924.9812728232,-79730.66572612601,16959.86244752766,30164.717446154093,6534.910904121623,124920.71835765857,-36534.010898123
CASE_G,10405,E2-S1-V-071,A-V-0405,SOL2_1S_beam_0023,beam,S1,6,4,8947.174545909971,-3159.938419356461,-24136.4281082962,1602.1079582568498,104668.81204190972,-16301.322565804936,-8947.174545909971,3159.938419356461,24136.4281082962,-1602.1079582568498,110145.39812192647,-11822.129366467567
CASE_G,10406,E2-S1-V-069,A-V-0406,SOL2_1S_beam_0024,beam,S1,6,4,8947.174545909971,-3159.938419356461,-24136.4281082962,1602.1079582568498,104668.81204190972,-16301.322565804936,-8947.174545909971,3159.938419356461,24136.4281082962,-1602.1079582568498,110145.39812192647,-11822.129366467567
CASE_G,10407,E2-S1-V-074,A-V-0407,SOL2_1S_beam_0025,beam,S1,4,609,-77335.06619776034,-6071.394659595768,19824.708337806424,7879.937802872165,-109162.56162217172,-16444.518137865674,77335.06619776034,6071.394659595768,-19824.708337806424,-7879.937802872165,15796.814338372496,-12149.108047645663
CASE_G,10408,E2-S1-V-073,A-V-0408,SOL2_1S_beam_0026,beam,S1,4,609,-77335.06619776034,-6071.394659595768,19824.708337806424,7879.937802872165,-109162.56162217172,-16444.518137865674,77335.06619776034,6071.394659595768,-19824.708337806424,-7879.937802872165,15796.814338372496,-12149.108047645663
CASE_G,10409,E2-S1-V-086,A-V-0409,SOL2_1S_beam_0028,beam,S1,610,16,-1823.3935756775459,1214.5691590126075,-3.941408109003525,-17084.182674648186,6867.1967695376015,11361.424183412668,1823.3935756775459,-1214.5691590126075,3.941408109003525,17084.182674648186,-6848.756386762332,-5678.906773437569
CASE_G,10410,E2-S1-V-085,A-V-0410,SOL2_1S_beam_0029,beam,S1,609,16,-154213.3079444633,3629.7370031157484,33499.76906649657,-20368.647436480074,-31497.50267605504,21610.754434671304,154213.3079444633,-3629.7370031157484,-33499.76906649657,20368.647436480074,-145298.65448476665,-2454.69540687653
CASE_G,10411,E2-S1-V-063,A-V-0411,SOL2_1S_beam_0030,beam,S1,4,605,-45817.72820561546,1397.3307248281303,-32282.948604651203,-16175.206029463623,146102.27931230093,6523.664911237735,45817.72820561546,-1397.3307248281303,32282.948604651203,16175.206029463623,25271.229596763886,894.0425712114461
CASE_G,10412,E2-S1-V-064,A-V-0412,SOL2_1S_beam_0031,beam,S1,4,607,-2964.1781456068525,3172.937739316727,5484.096212027777,-11930.741421235694,-24757.080222806813,6065.689687691598,2964.1781456068525,-3172.937739316727,-5484.096212027777,11930.741421235694,-1070.6259046912855,8877.465998050686
CASE_G,10413,E2-S1-V-051,A-V-0413,SOL2_1S_beam_0032,beam,S1,605,2,-24727.214061591767,-4705.415666605052,-21106.84039277021,9335.732763171774,-13807.173962340807,-9534.097611736019,24727.214061591767,4705.415666605052,21106.84039277021,-9335.732763171774,113211.20515874214,-12626.362078642831
CASE_G,10414,E2-S1-V-052,A-V-0414,SOL2_1S_beam_0033,beam,S1,605,2,-24727.214061591767,-4705.415666605052,-21106.84039277021,9335.732763171774,-13807.173962340807,-9534.097611736019,24727.214061591767,4705.415666605052,21106.84039277021,-9335.732763171774,113211.20515874214,-12626.362078642831
CASE_G,10415,E2-S1-V-054,A-V-0415,SOL2_1S_beam_0034,beam,S1,8,608,2961.8599759010644,-4175.091736124675,-9326.869221296116,-157.21982568106554,53003.12586916577,-11717.143899907409,-2961.8599759010644,4175.091736124675,9326.869221296116,157.21982568106554,-9077.631489815336,-7945.7209089691005
CASE_G,10416,E2-S1-V-053,A-V-0416,SOL2_1S_beam_0035,beam,S1,8,608,2961.8599759010644,-4175.091736124675,-9326.869221296116,-157.21982568106554,53003.12586916577,-11717.143899907409,-2961.8599759010644,4175.091736124675,9326.869221296116,157.21982568106554,-9077.631489815336,-7945.7209089691005
CASE_G,10417,E2-S1-V-066,A-V-0417,SOL2_1S_beam_0036,beam,S1,606,6,7865.710033235938,-7863.046092015291,4511.169278223394,-4213.689206021955,624.8135618055439,-17389.40585488222,-7865.710033235938,7863.046092015291,-4511.169278223394,4213.689206021955,-21870.457311419872,-19642.118735466207
CASE_G,10418,E2-S1-V-065,A-V-0418,SOL2_1S_beam_0037,beam,S1,606,6,7865.710033235938,-7863.046092015291,4511.169278223394,-4213.689206021955,624.8135618055439,-17389.40585488222,-7865.710033235938,7863.046092015291,-4511.169278223394,4213.689206021955,-21870.457311419872,-19642.118735466207
CASE_G,10419,E2-S1-V-058,A-V-0419,SOL2_1S_beam_0039,beam,S1,608,600,-13757.816836591439,-1249.791902543004,-8723.006261703422,15535.737032043502,55945.12263164643,-2691.3119899053645,13757.816836591439,1249.791902543004,8723.006261703422,-15535.737032043502,7296.672765703377,-6369.679303531415
CASE_G,10420,E2-S1-V-062,A-V-0420,SOL2_1S_beam_0040,beam,S1,606,600,12448.275407994057,12962.655446068762,-3538.2423444167384,-452.48374449584725,25313.384117957154,48776.49034492421,-12448.275407994057,-12962.655446068762,3538.2423444167384,452.48374449584725,426.5689946817183,45524.0439086459
CASE_G,10421,E2-S1-V-040,A-V-0421,SOL2_1S_beam_0041,beam,S1,598,612,8729.916513243097,590.9399848014555,-10019.46433697992,28928.485691137288,71008.41891322317,-964.8381226768938,-8729.916513243097,-590.9399848014555,10019.46433697992,-28928.485691137288,-29342.352685466853,3422.269350062089
CASE_G,10422,E2-S1-V-036,A-V-0422,SOL2_1S_beam_0042,beam,S1,598,613,-20042.296437078956,4372.5251383847935,33160.907658597294,-10034.737025921755,-69298.80113574209,11733.648265448472,20042.296437078956,-4372.5251383847935,-33160.907658597294,10034.737025921755,-57210.06158180663,4947.535137489521
CASE_G,10423,E2-S1-V-044,A-V-0423,SOL2_1S_beam_0043,beam,S1,614,8,2578.3660344915766,-8361.380327793604,-24125.657336979755,-17224.838724686346,-25982.068556461236,-8097.645202191872,-2578.3660344915766,8361.380327793604,24125.657336979755,17224.838724686346,109529.67623155762,-20857.973021648068
CASE_G,10424,E2-S1-V-043,A-V-0424,SOL2_1S_beam_0044,beam,S1,615,8,-971.309649394608,109.41733154555241,-19286.950285634637,17969.360369834438,-16643.89023794501,-4049.993290653487,971.309649394608,-109.41733154555241,19286.950285634637,-17969.360369834438,83434.96387403505,4428.907579335338
CASE_G,10425,E2-S1-V-038,A-V-0425,SOL2_1S_beam_0045,beam,S1,615,616,24.861804439304972,977.1368778873716,10815.40628563462,-15024.640205354333,-19343.65997047576,4049.9932906534714,-24.861804439304972,-977.1368778873716,-10815.40628563462,15024.640205354333,-29163.437220595526,332.4656066713919
CASE_G,10426,E2-S1-V-034,A-V-0426,SOL2_1S_beam_0046,beam,S1,617,618,-7111.080433423693,2421.336373045862,15168.690072406986,-5955.430557068477,-28119.25247507434,5388.403782775606,7111.080433423693,-2421.336373045862,-15168.690072406986,5955.430557068477,-35361.71547794891,4744.888938421326
CASE_G,10427,E2-S1-V-042,A-V-0427,SOL2_1S_beam_0047,beam,S1,619,2,975.617186554023,59.880654188520865,-11554.699714365397,10248.6002719413,15972.51979464999,-4060.2427958118196,-975.617186554023,-59.880654188520865,11554.699714365397,-10248.6002719413,24041.623863920307,4267.610633860412
CASE_G,10428,E2-S1-V-041,A-V-0428,SOL2_1S_beam_0048,beam,S1,620,2,-666.897969775145,-8862.903294852624,-24771.16724039291,-5397.14905586426,96553.47898155611,-15400.936933356028,666.897969775145,8862.903294852624,24771.16724039291,5397.14905586426,4044.6070141605815,-20592.16339876877
CASE_G,10429,E2-S1-V-023,A-V-0429,SOL2_1S_beam_0049,beam,S1,620,621,-14203.121514734241,3210.6963423949246,-19965.58765056584,2399.679170437904,90107.17350135886,3704.9029583827046,14203.121514734241,-3210.6963423949246,19965.58765056584,-2399.679170437904,-15236.219811736963,8335.208325598262
CASE_G,10430,E2-S1-V-024,A-V-0430,SOL2_1S_beam_0050,beam,S1,620,622,7199.900172847654,-6688.805663392378,6534.301535442529,17832.130989994672,-5085.928645961987,-9394.180482989941,-7199.900172847654,6688.805663392378,-6534.301535442529,-17832.130989994672,-15867.183183500489,-12054.369497510896
CASE_G,10431,E2-S1-V-015,A-V-0431,SOL2_1S_beam_0051,beam,S1,621,623,-7818.32994120941,5875.2755235105105,18229.47949309452,7720.823440572453,-11298.539461126169,18811.32777903367,7818.32994120941,-5875.2755235105105,-18229.47949309452,-7720.823440572453,-69184.61250088614,7128.013657265235
CASE_G,10432,E2-S1-V-019,A-V-0432,SOL2_1S_beam_0052,beam,S1,622,623,8726.119117438568,4520.3460984623125,-12533.133464557743,-8918.774548489117,22140.63816551611,12054.369497510857,-8726.119117438568,-4520.3460984623125,12533.133464557743,8918.774548489117,26260.99432882369,5402.72782166431
CASE_G,10433,E2-S1-V-032,A-V-0433,SOL2_1S_beam_0053,beam,S1,10,617,-765.0251656418179,-5030.293214905305,37468.96231214094,-7458.550882880332,-89284.27319764161,-7698.687915448012,765.0251656418179,5030.293214905305,-37468.96231214094,7458.550882880332,-40471.451984170875,-9721.312631663313
CASE_G,10434,E2-S1-V-031,A-V-0434,SOL2_1S_beam_0054,beam,S1,10,617,-765.0251656418179,-5030.293214905305,37468.96231214094,-7458.550882880332,-89284.27319764161,-7698.687915448012,765.0251656418179,5030.293214905305,-37468.96231214094,7458.550882880332,-40471.451984170875,-9721.312631663313
CASE_G,10435,E2-S1-V-017,A-V-0435,SOL2_1S_beam_0055,beam,S1,10,624,-2630.8992253785177,-2101.513058620034,25268.208361573492,6064.707815692749,-56191.73677183668,-3370.8468497556933,2630.8992253785177,2101.513058620034,-25268.208361573492,-6064.707815692749,-15843.600028193921,-2620.207157760404
CASE_G,10436,E2-S1-V-021,A-V-0436,SOL2_1S_beam_0056,beam,S1,10,624,-2630.8992253785177,-2101.513058620034,25268.208361573492,6064.707815692749,-56191.73677183668,-3370.8468497556933,2630.8992253785177,2101.513058620034,-25268.208361573492,-6064.707815692749,-15843.600028193921,-2620.207157760404
CASE_G,10437,E2-S1-V-046,A-V-0437,SOL2_1S_beam_0057,beam,S1,596,12,0.0,1.3775375114798687e-10,-19428.924000000312,5295.192752165014,-60894.7166498974,9.746057063206106e-11,0.0,-1.3775375114798687e-10,19428.924000000312,-5295.192752165014,128177.44794415281,3.795832750932904e-10
CASE_G,10438,E2-S1-V-045,A-V-0438,SOL2_1S_beam_0058,beam,S1,598,12,-7267.375315855929,-7932.809104792205,-68277.59811114502,57.99697097733282,-77142.88599622296,-19905.49074138543,7267.375315855929,7932.809104792205,68277.59811114502,-57.99697097733282,354424.7605122421,-12310.407878450163
CASE_G,10439,E2-S1-V-047,A-V-0439,SOL2_1S_beam_0059,beam,S1,2,8,-1735.9906544603293,2924.420014500592,-240.20266876506022,-18693.220802133157,980.0926058107551,12989.061803294953,1735.9906544603293,-2924.420014500592,240.20266876506022,18693.220802133157,1157.7111461982809,13038.276325760316
CASE_G,10440,E2-S1-V-049,A-V-0440,SOL2_1S_beam_0060,beam,S1,2,8,-1735.9906544603293,2924.420014500592,-240.20266876506022,-18693.220802133157,980.0926058107551,12989.061803294953,1735.9906544603293,-2924.420014500592,240.20266876506022,18693.220802133157,1157.7111461982809,13038.276325760316
CASE_G,10441,E2-S1-V-048,A-V-0441,SOL2_1S_beam_0061,beam,S1,8,12,-1926.919693986751,-129.2331949044021,51.07382201384595,-4962.727009530379,499.4535409613235,-2371.0077477604127,1926.919693986751,129.2331949044021,-51.07382201384595,4962.727009530379,-869.7387505617066,1434.0670847034976
CASE_G,10442,E2-S1-V-050,A-V-0442,SOL2_1S_beam_0062,beam,S1,8,12,-1926.919693986751,-129.2331949044021,51.07382201384595,-4962.727009530379,499.4535409613235,-2371.0077477604127,1926.919693986751,129.2331949044021,-51.07382201384595,4962.727009530379,-869.7387505617066,1434.0670847034976
CASE_G,10443,E2-S1-V-068,A-V-0443,SOL2_1S_beam_0063,beam,S1,599,14,-17482.624847013485,-3079.1484697215556,-49953.74362595234,-3871.030981738717,17292.02778390961,694.38977922903,17482.624847013485,3079.1484697215556,49953.74362595234,3871.030981738717,247886.60980466194,-17039.999474625118
CASE_G,10444,E2-S1-V-067,A-V-0444,SOL2_1S_beam_0064,beam,S1,600,14,31076.06989964766,-11157.296479900671,-56767.420836363344,-2103.5174253415316,39747.878625164914,-25571.710864532746,-31076.06989964766,11157.296479900671,56767.420836363344,2103.5174253415316,261601.05388973892,-33656.61648298384
CASE_G,10445,E2-S1-V-006,A-V-0445,SOL2_1S_beam_0065,beam,S1,257,625,-887.3741103442281,-831.6149639930354,7563.069533299885,-21043.12248776515,-16437.17226958479,-122.38654534481316,887.3741103442281,831.6149639930354,-7563.069533299885,21043.12248776515,-1585.316157848676,-1859.3182371716555
CASE_G,10446,E2-S1-V-003,A-V-0446,SOL2_1S_beam_0066,beam,S1,257,625,-887.3741103442281,-831.6149639930354,7563.069533299885,-21043.12248776515,-16437.17226958479,-122.38654534481316,887.3741103442281,831.6149639930354,-7563.069533299885,21043.12248776515,-1585.316157848676,-1859.3182371716555
CASE_G,10447,E2-S1-V-005,A-V-0447,SOL2_1S_beam_0067,beam,S1,625,626,2172.2220665541554,797.8918439342843,5169.292570379599,-2856.45180296077,-17159.55459456533,1238.0055047410817,-2172.2220665541554,-797.8918439342843,-5169.292570379599,2856.45180296077,-22230.454791727207,4841.930346038164
CASE_G,10448,E2-S1-V-002,A-V-0448,SOL2_1S_beam_0068,beam,S1,625,626,2172.2220665541554,797.8918439342843,5169.292570379599,-2856.45180296077,-17159.55459456533,1238.0055047410817,-2172.2220665541554,-797.8918439342843,-5169.292570379599,2856.45180296077,-22230.454791727207,4841.930346038164
CASE_G,10449,E2-S1-V-004,A-V-0449,SOL2_1S_beam_0069,beam,S1,626,259,1394.7074497139579,-3671.6381302418145,-6935.259907288447,-10407.753009608856,30980.1385459897,-9991.907992008153,-1394.7074497139579,3671.6381302418145,6935.259907288447,10407.753009608856,-12718.58910808056,323.95003082795574
CASE_G,10450,E2-S1-V-001,A-V-0450,SOL2_1S_beam_0070,beam,S1,626,259,1394.7074497139579,-3671.6381302418145,-6935.259907288447,-10407.753009608856,30980.1385459897,-9991.907992008153,-1394.7074497139579,3671.6381302418145,6935.259907288447,10407.753009608856,-12718.58910808056,323.95003082795574
CASE_G,10451,E2-S1-V-011,A-V-0451,SOL2_1S_beam_0071,beam,S1,625,624,-2014.833640206967,2763.88597703555,-9668.588537079813,14222.407555474594,19705.672316771634,621.3127324320476,2014.833640206967,-2763.88597703555,9668.588537079813,-14222.407555474594,9925.830655262294,7849.219985844877
CASE_G,10452,E2-S1-V-010,A-V-0452,SOL2_1S_beam_0072,beam,S1,625,624,-2014.833640206967,2763.88597703555,-9668.588537079813,14222.407555474594,19705.672316771634,621.3127324320476,2014.833640206967,-2763.88597703555,9668.588537079813,-14222.407555474594,9925.830655262294,7849.219985844877
CASE_G,10453,E2-S1-V-018,A-V-0453,SOL2_1S_beam_0073,beam,S1,624,627,1105.393616607139,-1264.1914861592568,482.8886489874093,-13813.191931481528,6422.70914793713,-10458.025656168353,-1105.393616607139,1264.1914861592568,-482.8886489874093,13813.191931481528,-8409.79593852032,5255.8776906230105
CASE_G,10454,E2-S1-V-022,A-V-0454,SOL2_1S_beam_0074,beam,S1,628,597,3040.999134449002,444.6542194933137,-6902.00778952782,-3783.1171812047705,15434.150562873388,2138.822522266466,-3040.999134449002,-444.6542194933137,6902.00778952782,3783.1171812047705,10897.009154175257,-442.46667489947345
CASE_G,10455,E2-S1-V-028,A-V-0455,SOL2_1S_beam_0075,beam,S1,628,613,222.32710974615497,-1520.4995672248167,-14252.903605236219,7717.075281436637,1891.558590602399,-1069.4112611332375,-222.32710974615497,1520.4995672248167,14252.903605236219,-7717.075281436637,43005.087765891694,-3720.1623756249355
CASE_G,10456,E2-S1-V-027,A-V-0456,SOL2_1S_beam_0076,beam,S1,628,613,222.32710974615497,-1520.4995672248167,-14252.903605236219,7717.075281436637,1891.558590602399,-1069.4112611332375,-222.32710974615497,1520.4995672248167,14252.903605236219,-7717.075281436637,43005.087765891694,-3720.1623756249355
CASE_G,10457,E2-S1-V-039,A-V-0457,SOL2_1S_beam_0077,beam,S1,612,614,8553.309316305005,1844.3297247058051,-20757.43633698027,24392.21009056337,33209.201020176355,-3422.2693500621417,-8553.309316305005,-1844.3297247058051,20757.43633698027,-24392.21009056337,19410.90009406864,8097.645202191358
CASE_G,10458,E2-S1-V-035,A-V-0458,SOL2_1S_beam_0078,beam,S1,613,617,-17001.297302629624,4817.1793578781135,-27049.343551875365,75975.43850586157,72644.21214467991,2492.7896137603248,17001.297302629624,-4817.1793578781135,27049.343551875365,-75975.43850586157,20270.282956011935,14054.221480550988
CASE_G,10459,E2-S1-V-009,A-V-0459,SOL2_1S_beam_0079,beam,S1,626,623,4700.357562776032,-748.3982944955628,215.31847766804455,-9299.948156206872,-4887.726578685556,5149.97764597028,-4700.357562776032,748.3982944955628,-215.31847766804455,9299.948156206872,4227.836038666621,-7443.607807452798
CASE_G,10460,E2-S1-V-008,A-V-0460,SOL2_1S_beam_0080,beam,S1,626,623,4700.357562776032,-748.3982944955628,215.31847766804455,-9299.948156206872,-4887.726578685556,5149.97764597028,-4700.357562776032,748.3982944955628,-215.31847766804455,9299.948156206872,4227.836038666621,-7443.607807452798
CASE_G,10461,E2-S1-V-026,A-V-0461,SOL2_1S_beam_0081,beam,S1,629,618,2975.121909317348,-5645.9345276708655,937.7267860381587,13050.9005076417,1126.7016667137036,-6221.356220047518,-2975.121909317348,5645.9345276708655,-937.7267860381587,-13050.9005076417,-4080.541042733904,-11563.337542115709
CASE_G,10462,E2-S1-V-025,A-V-0462,SOL2_1S_beam_0082,beam,S1,629,618,2975.121909317348,-5645.9345276708655,937.7267860381587,13050.9005076417,1126.7016667137036,-6221.356220047518,-2975.121909317348,5645.9345276708655,-937.7267860381587,-13050.9005076417,-4080.541042733904,-11563.337542115709
CASE_G,10463,E2-S1-V-016,A-V-0463,SOL2_1S_beam_0083,beam,S1,623,10,-2461.415087328917,2337.9733257530597,-39879.75001612662,-7426.089938669346,60849.688892474565,2356.4741359758864,2461.415087328917,-2337.9733257530597,39879.75001612662,7426.089938669346,130349.59177384018,8852.69387335844
CASE_G,10464,E2-S1-V-020,A-V-0464,SOL2_1S_beam_0084,beam,S1,629,10,11663.814543992148,5183.35205707052,-31824.50257207627,-506.332009237932,26193.9968450975,12442.712440094976,-11663.814543992148,-5183.35205707052,31824.50257207627,506.332009237932,116857.8502124658,10856.570369879279
CASE_G,10465,E2-S1-V-037,A-V-0465,SOL2_1S_beam_0085,beam,S1,616,619,24.861804439109715,977.1368778874021,-4605.418714365361,-15024.640205354333,29163.437220595497,-332.4656066713819,-24.861804439109715,-977.1368778874021,4605.418714365361,15024.640205354333,-11593.764825291648,4060.24279581182
CASE_G,10466,E2-S1-V-033,A-V-0466,SOL2_1S_beam_0086,beam,S1,618,620,4180.788621918783,8371.580191680472,-19712.34735551644,-14116.512642536281,61463.51649323241,18381.78614581014,-4180.788621918783,-8371.580191680472,19712.34735551644,14116.512642536281,31480.201288027598,21090.21445796329
CASE_G,10467,E2-S1-V-014,A-V-0467,SOL2_1S_beam_0087,beam,S1,630,595,0.0,3.122502256758252e-11,-3170.8570000000364,-0.0,3.9108272176235914e-11,6.38378239159465e-11,0.0,-3.122502256758252e-11,3170.8570000000364,0.0,5073.371200000019,-1.3877787807814463e-11
CASE_G,10468,E2-S1-V-012,A-V-0468,SOL2_1S_beam_0088,beam,S1,249,627,-1288.8997616132533,-1076.4815678075556,19532.328351013293,8720.449446280305,-45031.88729330916,2023.4510746255255,1288.8997616132533,1076.4815678075556,-19532.328351013293,-8720.449446280305,-13619.203373118162,-5255.877690623069
CASE_G,10469,E2-S1-V-013,A-V-0469,SOL2_1S_beam_0089,beam,S1,621,631,0.0,2.3418766925686896e-11,3170.857000000073,-0.0,-5073.371200000078,-1.6653345369377355e-11,0.0,-2.3418766925686896e-11,-3170.857000000073,0.0,-3.9108272176235914e-11,5.412337245047639e-11
CASE_G,10470,E2-S1-V-007,A-V-0470,SOL2_1S_beam_0090,beam,S1,621,247,-18606.665132758208,-8841.059192427974,-70719.11914366046,7311.70292017895,30329.59492728903,-27146.53610463182,18606.665132758208,8841.059192427974,70719.11914366046,-7311.70292017895,187115.64318183792,-37.71398944930843
CASE_G,10471,E2-P1-V-030,A-V-0471,SOL2_1_beam_0091,beam,P1,632,633,0.0,3.3795136064689685e-11,-12885.319000000669,5.101236416711177e-12,-5073.371200000547,1.694685260577251e-10,0.0,-3.3795136064689685e-11,12885.319000000669,-5.101236416711177e-12,61124.50885000345,-2.245968417632499e-11
CASE_G,10472,E2-P1-V-029,A-V-0472,SOL2_1_beam_0092,beam,P1,634,635,-1200.0273980707275,8750.678327357036,-26947.340281144967,15288.159026476065,-4182.930788752536,1399.22649403767,1200.0273980707275,-8750.678327357036,26947.340281144967,-15288.159026476065,89067.05267435919,26165.410237136995
CASE_G,10473,E2-P1-V-056,A-V-0473,SOL2_1_beam_0093,beam,P1,22,636,-703.4627833033061,-3483.0223813563052,-81692.81733064406,-1664.4627312482014,405322.7975303574,-10141.41828800828,703.4627833033061,3483.0223813563052,81692.81733064406,1664.4627312482014,-20585.185867797467,-6262.1010929740205
CASE_G,10474,E2-P1-V-055,A-V-0474,SOL2_1_beam_0094,beam,P1,22,637,74697.69827413135,-3211.042066459849,-87918.11875949826,-3571.6065532208722,413401.15245164465,2293.3250619334667,-74697.69827413135,3211.042066459849,87918.11875949826,3571.6065532208722,654.9192895157612,-17415.935543067593
CASE_G,10475,E2-P1-V-078,A-V-0475,SOL2_1_beam_0095,beam,P1,23,638,-486035.14499556686,16392.374933014835,72534.75226894584,-21853.01068180125,-354058.9911950779,50460.45902410619,486035.14499556686,-16392.374933014835,-72534.75226894584,21853.01068180125,-30990.564420423092,36558.1973578269
CASE_G,10476,E2-P1-V-077,A-V-0476,SOL2_1_beam_0096,beam,P1,23,639,404903.45212019706,-25390.032436663918,-94157.71994281578,-48872.36918744681,391457.3705337866,-45654.22436833897,-404903.45212019706,25390.032436663918,94157.71994281578,48872.36918744681,51984.506905324495,-73921.7770343292
CASE_G,10477,E2-P1-V-072,A-V-0477,SOL2_1_beam_0097,beam,P1,23,19,-10465.410694291717,23577.39733380175,-45716.77775808924,-7429.991403370355,169567.68916942604,78957.37925622417,10465.410694291717,-23577.39733380175,45716.77775808924,7429.991403370355,161878.949576721,91978.7514138385
CASE_G,10478,E2-P1-V-070,A-V-0478,SOL2_1_beam_0098,beam,P1,23,19,-10465.410694291717,23577.39733380175,-45716.77775808924,-7429.991403370355,169567.68916942604,78957.37925622417,10465.410694291717,-23577.39733380175,45716.77775808924,7429.991403370355,161878.949576721,91978.7514138385
CASE_G,10479,E2-P1-V-076,A-V-0479,SOL2_1_beam_0099,beam,P1,19,640,923928.3771394438,-9588.647573747232,114727.37478396394,-51224.01398602932,-548334.85631222,-1384.6886302700077,-923928.3771394438,9588.647573747232,-114727.37478396394,51224.01398602932,8018.857807168562,-43773.667846360855
CASE_G,10480,E2-P1-V-075,A-V-0480,SOL2_1_beam_0100,beam,P1,19,641,-22333.725332081605,-38499.01240906038,-54991.31672459687,18202.91339054036,258965.81685764165,-94417.14615422807,22333.725332081605,38499.01240906038,54991.31672459687,-18202.91339054036,19.349159694917034,-86896.44504778538
CASE_G,10481,E2-P1-V-061,A-V-0481,SOL2_1_beam_0102,beam,P1,643,644,1895.3838129329927,-1283.8174367343263,10166.255864754401,-3819.005491406925,-82498.39965463128,-10339.650320145778,-1895.3838129329927,1283.8174367343263,-10166.255864754401,3819.005491406925,-1881.52402283025,-316.0344047491308
CASE_G,10482,E2-P1-V-057,A-V-0482,SOL2_1_beam_0103,beam,P1,645,642,-45816.78042460136,9265.43345070204,-13969.524384243914,-4112.801634583187,84584.80975541513,40822.88932903751,45816.78042460136,-9265.43345070204,13969.524384243914,4112.801634583187,39743.957264355704,41639.46838221064
CASE_G,10483,E2-P1-V-083,A-V-0483,SOL2_1_beam_0105,beam,P1,641,647,102037.89392277545,50055.34302838427,-28434.43045400695,63034.45354553963,35513.98669670675,209304.69677127484,-102037.89392277545,-50055.34302838427,28434.43045400695,-63034.45354553963,201107.63285786868,207238.7734379919
CASE_G,10484,E2-P1-V-080,A-V-0484,SOL2_1_beam_0106,beam,P1,641,646,-115061.15140235641,-1038.0356592204398,-6098.850908863308,5310.8920507980465,523.4532774504696,-8314.649676451452,115061.15140235641,1038.0356592204398,6098.850908863308,-5310.8920507980465,53756.31981143297,-923.8676906104629
CASE_G,10485,E2-P1-V-081,A-V-0485,SOL2_1_beam_0107,beam,P1,640,639,42096.076541021874,8600.722742251543,-1082.8728553577928,96403.65293963095,7421.617701835328,30695.08549724923,-42096.076541021874,-8600.722742251543,1082.8728553577928,-96403.65293963095,-220.51321370600544,26499.720738723525
CASE_G,10486,E2-P1-V-084,A-V-0486,SOL2_1_beam_0108,beam,P1,640,639,42096.076541021874,8600.722742251543,-1082.8728553577928,96403.65293963095,7421.617701835328,30695.08549724923,-42096.076541021874,-8600.722742251543,1082.8728553577928,-96403.65293963095,-220.51321370600544,26499.720738723525
CASE_G,10487,E2-P1-V-088,A-V-0487,SOL2_1_beam_0109,beam,P1,640,127,940414.1701508998,-13579.250222042641,116893.12049467186,-31127.806352471107,-204831.62074858873,-17616.503148140364,-940414.1701508998,13579.250222042641,-116893.12049467186,31127.806352471107,-413575.2015423175,-54222.63454764253
CASE_G,10488,E2-P1-V-087,A-V-0488,SOL2_1_beam_0110,beam,P1,641,91,-83884.6841668258,-49261.38416867516,-20458.03536172377,-18669.699182471715,65594.26150260492,-114093.60204703822,83884.6841668258,49261.38416867516,20458.03536172377,18669.699182471715,43291.69207127008,-148095.4446886416
CASE_G,10489,E2-P1-V-090,A-V-0489,SOL2_1_beam_0111,beam,P1,638,131,-485746.6365767813,-23432.395975382362,72534.75226894274,-24315.532797691172,29098.522706824704,-36558.19735782819,485746.6365767813,23432.395975382362,-72534.75226894274,24315.532797691172,-369323.4876429748,-73351.68514283831
CASE_G,10490,E2-P1-V-089,A-V-0490,SOL2_1_beam_0112,beam,P1,639,93,386511.22591077193,11365.945860635129,-96323.46565352808,-44350.70207127642,146764.8414103232,20922.335556879632,-386511.22591077193,-11365.945860635129,96323.46565352808,44350.70207127642,365907.6720436311,39571.83367404184
CASE_G,10491,E2-P1-V-071,A-V-0491,SOL2_1_beam_0113,beam,P1,19,18,30475.296404553366,-3977.788600174337,-31365.677759118436,-20386.1901531513,136113.68148611524,-21272.361286353145,-30475.296404553366,3977.788600174337,31365.677759118436,20386.1901531513,143040.85057003883,-14129.957255198453
CASE_G,10492,E2-P1-V-069,A-V-0492,SOL2_1_beam_0114,beam,P1,19,18,30475.296404553366,-3977.788600174337,-31365.677759118436,-20386.1901531513,136113.68148611524,-21272.361286353145,-30475.296404553366,3977.788600174337,31365.677759118436,20386.1901531513,143040.85057003883,-14129.957255198453
CASE_G,10493,E2-P1-V-074,A-V-0493,SOL2_1_beam_0115,beam,P1,18,646,212662.3226371069,-19662.56123645228,14281.174364239185,7504.83708158564,-60380.14907925823,-50296.091817810826,-212662.3226371069,19662.56123645228,-14281.174364239185,-7504.83708158564,-6877.966091326096,-42306.01319545062
CASE_G,10494,E2-P1-V-073,A-V-0494,SOL2_1_beam_0116,beam,P1,18,646,212662.3226371069,-19662.56123645228,14281.174364239185,7504.83708158564,-60380.14907925823,-50296.091817810826,-212662.3226371069,19662.56123645228,-14281.174364239185,-7504.83708158564,-6877.966091326096,-42306.01319545062
CASE_G,10495,E2-P1-V-086,A-V-0495,SOL2_1_beam_0118,beam,P1,647,129,59774.706071155255,-96665.67992825319,-28434.43045400292,-193995.80153783798,-82360.49607167425,-207238.77343799185,-59774.706071155255,96665.67992825319,28434.43045400292,193995.80153783798,215733.19463749742,-246175.0064366206
CASE_G,10496,E2-P1-V-085,A-V-0496,SOL2_1_beam_0119,beam,P1,646,24,423006.8091122507,24716.905963483994,22463.497819615008,-37415.471820738756,9603.385377406521,85535.89408151063,-423006.8091122507,-24716.905963483994,-22463.497819615008,37415.471820738756,-128155.25010862712,44908.4078650272
CASE_G,10497,E2-P1-V-063,A-V-0497,SOL2_1_beam_0120,beam,P1,18,642,365185.14956933714,-5891.171230545481,1822.4588831421447,-20565.355106966326,11639.851541692693,-9587.283028046964,-365185.14956933714,5891.171230545481,-1822.4588831421447,20565.355106966326,-21314.344955270368,-21685.903870911032
CASE_G,10498,E2-P1-V-064,A-V-0498,SOL2_1_beam_0121,beam,P1,18,644,-1160.473868706596,-1973.3138141841703,-10166.255864754252,1634.4315646600796,51809.74289316439,-9609.483556553101,1160.473868706596,1973.3138141841703,10166.255864754252,-1634.4315646600796,-3931.1027781435623,316.03440474908984
CASE_G,10499,E2-P1-V-051,A-V-0499,SOL2_1_beam_0122,beam,P1,642,17,178462.63074576037,-4170.730481572982,-6073.532750550869,8475.408111536983,8559.900943010609,-9976.782255649758,-178462.63074576037,4170.730481572982,6073.532750550869,-8475.408111536983,20043.794720264632,-9665.542942586575
CASE_G,10500,E2-P1-V-052,A-V-0500,SOL2_1_beam_0123,beam,P1,642,17,178462.63074576037,-4170.730481572982,-6073.532750550869,8475.408111536983,8559.900943010609,-9976.782255649758,-178462.63074576037,4170.730481572982,6073.532750550869,-8475.408111536983,20043.794720264632,-9665.542942586575
CASE_G,10501,E2-P1-V-054,A-V-0501,SOL2_1_beam_0124,beam,P1,20,645,6899.737579987829,-5927.399772214009,-21637.489611344023,-6187.222835125959,113408.00249658426,-13224.339298072842,-6899.737579987829,5927.399772214009,21637.489611344023,6187.222835125959,-11504.844453346785,-14691.13364370042
CASE_G,10502,E2-P1-V-053,A-V-0502,SOL2_1_beam_0125,beam,P1,20,645,6899.737579987829,-5927.399772214009,-21637.489611344023,-6187.222835125959,113408.00249658426,-13224.339298072842,-6899.737579987829,5927.399772214009,21637.489611344023,6187.222835125959,-11504.844453346785,-14691.13364370042
CASE_G,10503,E2-P1-V-066,A-V-0503,SOL2_1_beam_0126,beam,P1,643,19,15098.860834854502,-21577.223778836113,-22425.34318213339,-19613.642138303647,-16558.579345135164,-47930.81692198808,-15098.860834854502,21577.223778836113,22425.34318213339,19613.642138303647,122172.18478227855,-53688.51528170093
CASE_G,10504,E2-P1-V-065,A-V-0504,SOL2_1_beam_0127,beam,P1,643,19,15098.860834854502,-21577.223778836113,-22425.34318213339,-19613.642138303647,-16558.579345135164,-47930.81692198808,-15098.860834854502,21577.223778836113,22425.34318213339,19613.642138303647,122172.18478227855,-53688.51528170093
CASE_G,10505,E2-P1-V-058,A-V-0505,SOL2_1_beam_0129,beam,P1,645,637,-58526.53254940719,-3750.863559385508,-29305.454838444493,19638.41059825477,95468.40321986901,-11440.622041636667,58526.53254940719,3750.863559385508,29305.454838444493,-19638.41059825477,116996.14435885356,-15753.138763908264
CASE_G,10506,E2-P1-V-062,A-V-0506,SOL2_1_beam_0130,beam,P1,643,637,45498.34399139192,27944.17450543141,34684.430499513706,21762.60869075602,-121746.14533557672,106201.28416412183,-45498.34399139192,-27944.17450543141,-34684.430499513706,-21762.60869075602,-130575.63703324352,97086.58351860274
CASE_G,10507,E2-P1-V-040,A-V-0507,SOL2_1_beam_0131,beam,P1,635,649,26338.95507879396,3265.259017863088,-15047.83523643344,29086.32251196967,105174.19580280423,2948.232378012808,-26338.95507879396,-3265.259017863088,15047.83523643344,-29086.32251196967,-42597.58706819125,10630.387587420444
CASE_G,10508,E2-P1-V-036,A-V-0508,SOL2_1_beam_0132,beam,P1,635,650,-61442.94204879924,12223.321337426205,45964.27295112443,-11254.726116110558,-107904.06076828159,33074.520448485,61442.94204879924,-12223.321337426205,-45964.27295112443,11254.726116110558,-67449.64054025819,13557.450453795993
CASE_G,10509,E2-P1-V-044,A-V-0509,SOL2_1_beam_0133,beam,P1,651,20,9221.952115802296,-24886.9055985324,-29154.02823643326,-16986.070616733923,-24198.367229575175,-28454.834273596727,-9221.952115802296,24886.9055985324,29154.02823643326,16986.070616733923,125159.31843701427,-57728.99052964658
CASE_G,10510,E2-P1-V-043,A-V-0510,SOL2_1_beam_0134,beam,P1,652,20,-3157.6103015582166,176.5364559573589,-18870.624839680917,16353.46973510713,-14284.416649013983,-13134.981677659713,3157.6103015582166,-176.5364559573589,18870.624839680917,-16353.46973510713,79633.74739130997,13746.330763683156
CASE_G,10511,E2-P1-V-038,A-V-0511,SOL2_1_beam_0135,beam,P1,652,653,-97.66978633332542,3161.032829566823,10399.080839679504,-12814.02083505955,-17529.44384224303,13134.981677659709,97.66978633332542,-3161.032829566823,-10399.080839679504,12814.02083505955,-29110.433723719554,1042.2505629474945
CASE_G,10512,E2-P1-V-034,A-V-0512,SOL2_1_beam_0136,beam,P1,654,655,-33932.044746856714,4991.053107474949,6355.72131049635,-5573.395460731191,17787.779587434758,10237.927383440649,33932.044746856714,-4991.053107474949,-6355.72131049635,5573.395460731191,-44386.473271861985,10649.629871342015
CASE_G,10513,E2-P1-V-042,A-V-0513,SOL2_1_beam_0137,beam,P1,656,17,3140.688109308523,371.1416667248803,-11971.025160319994,8804.990573204972,13628.027156675065,-13101.59080774485,-3140.688109308523,-371.1416667248803,11971.025160319994,-8804.990573204972,27827.85939569232,14386.861419455092
CASE_G,10514,E2-P1-V-041,A-V-0514,SOL2_1_beam_0138,beam,P1,657,17,122488.91698797749,-23649.335286809182,-50309.45793818554,-11594.919378819752,84057.40365256395,-43363.24033701069,-122488.91698797749,23649.335286809182,50309.45793818554,11594.919378819752,120254.1302751043,-52678.978498948825
CASE_G,10515,E2-P1-V-023,A-V-0515,SOL2_1_beam_0139,beam,P1,657,658,79558.80017953998,7829.13093492498,-2898.072912650986,8096.016018284881,65260.975527693554,9954.045561390985,-79558.80017953998,-7829.13093492498,2898.072912650986,-8096.016018284881,-54393.202105252356,19405.195444577686
CASE_G,10516,E2-P1-V-024,A-V-0516,SOL2_1_beam_0140,beam,P1,657,659,24682.244815622496,-20390.526952728727,7842.386568532203,22744.592012940862,-743.8400508804007,-27078.98470963428,-24682.244815622496,20390.526952728727,-7842.386568532203,-22744.592012940862,-24403.82139220315,-38305.96717616189
CASE_G,10517,E2-P1-V-015,A-V-0517,SOL2_1_beam_0141,beam,P1,658,660,-50508.28585150688,18263.06013503072,17220.04569468186,2915.029105023156,-6493.379825743497,54292.11835598531,50508.28585150688,-18263.06013503072,-17220.04569468186,-2915.029105023156,-69533.12191627691,26339.292140175305
CASE_G,10518,E2-P1-V-019,A-V-0518,SOL2_1_beam_0142,beam,P1,659,660,27523.69122062588,16353.385586464048,-11225.048431467692,-15296.891083887884,29645.70942894406,38305.96717616178,-27523.69122062588,-16353.385586464048,11225.048431467692,15296.891083887884,13704.237369874018,24849.073934078013
CASE_G,10519,E2-P1-V-032,A-V-0519,SOL2_1_beam_0143,beam,P1,21,654,-3387.702291821246,-9710.089060624554,26122.126039112034,-13068.626187647706,-53185.70436266396,-9467.584560309595,3387.702291821246,9710.089060624554,-26122.126039112034,13068.626187647706,-37275.71218949401,-24158.637515049813
CASE_G,10520,E2-P1-V-031,A-V-0520,SOL2_1_beam_0144,beam,P1,21,654,-3387.702291821246,-9710.089060624554,26122.126039112034,-13068.626187647706,-53185.70436266396,-9467.584560309595,3387.702291821246,9710.089060624554,-26122.126039112034,13068.626187647706,-37275.71218949401,-24158.637515049813
CASE_G,10521,E2-P1-V-017,A-V-0521,SOL2_1_beam_0145,beam,P1,21,661,-1904.3104673305102,-5042.626063295683,30732.570924252166,13319.747207786875,-76064.73324012742,-7054.974437449167,1904.3104673305102,5042.626063295683,-30732.570924252166,-13319.747207786875,-11548.565873948508,-7320.6893068202335
CASE_G,10522,E2-P1-V-021,A-V-0522,SOL2_1_beam_0146,beam,P1,21,661,-1904.3104673305102,-5042.626063295683,30732.570924252166,13319.747207786875,-76064.73324012742,-7054.974437449167,1904.3104673305102,5042.626063295683,-30732.570924252166,-13319.747207786875,-11548.565873948508,-7320.6893068202335
CASE_G,10523,E2-P1-V-046,A-V-0523,SOL2_1_beam_0147,beam,P1,633,22,4.808909735134591e-09,3.4882804726183765e-10,-19428.92400000069,5295.192752165221,-60894.7166498999,0.0,-4.808909735134591e-09,-3.4882804726183765e-10,19428.92400000069,-5295.192752165221,128177.44794415662,1.2079981254658092e-09
CASE_G,10524,E2-P1-V-045,A-V-0524,SOL2_1_beam_0148,beam,P1,635,22,-22400.725875235974,-25514.957828306706,-77129.93099583607,8475.34224079257,-87579.95888021588,-62188.16306363468,22400.725875235974,25514.957828306706,77129.93099583607,-8475.34224079257,400812.00627887284,-41430.52784745094
CASE_G,10525,E2-P1-V-047,A-V-0525,SOL2_1_beam_0149,beam,P1,17,20,8656.531322316358,9460.483871271947,-1221.1788200013036,-15982.306199531135,5638.017714853084,42201.70335871545,-8656.531322316358,-9460.483871271947,1221.1788200013036,15982.306199531135,5230.473783158519,41996.60309560488
CASE_G,10526,E2-P1-V-049,A-V-0526,SOL2_1_beam_0150,beam,P1,17,20,8656.531322316358,9460.483871271947,-1221.1788200013036,-15982.306199531135,5638.017714853084,42201.70335871545,-8656.531322316358,-9460.483871271947,1221.1788200013036,15982.306199531135,5230.473783158519,41996.60309560488
CASE_G,10527,E2-P1-V-048,A-V-0527,SOL2_1_beam_0151,beam,P1,20,22,6947.272270677362,2019.04951900132,-1312.8531296279102,-9721.342807080075,5318.914035468824,3550.204192492924,-6947.272270677362,-2019.04951900132,1312.8531296279102,9721.342807080075,4199.2711543335245,11087.904820266647
CASE_G,10528,E2-P1-V-050,A-V-0528,SOL2_1_beam_0152,beam,P1,20,22,6947.272270677362,2019.04951900132,-1312.8531296279102,-9721.342807080075,5318.914035468824,3550.204192492924,-6947.272270677362,-2019.04951900132,1312.8531296279102,9721.342807080075,4199.2711543335245,11087.904820266647
CASE_G,10529,E2-P1-V-068,A-V-0529,SOL2_1_beam_0153,beam,P1,636,23,-280.42789691322196,-3542.2683398020354,-81692.81733064105,-4122.59404746654,20236.712473010964,6262.101092974026,280.42789691322196,3542.2683398020354,81692.81733064105,4122.59404746654,413428.2829420037,-25066.17510503316
CASE_G,10530,E2-P1-V-067,A-V-0530,SOL2_1_beam_0154,beam,P1,637,23,45091.21571275011,-26040.590243359,-82539.14309843238,-16803.1543272937,31130.707612794242,-63917.5092116272,-45091.21571275011,26040.590243359,82539.14309843238,16803.1543272937,407026.9944097471,-74318.5416125725
CASE_G,10531,E2-P1-V-006,A-V-0531,SOL2_1_beam_0155,beam,P1,281,662,2727.5763605684347,-2338.992126746202,3564.942779698726,-24787.306384303483,-11155.935495352713,1246.7146494665594,-2727.5763605684347,2338.992126746202,-3564.942779698726,24787.306384303483,2660.8212155359724,-6820.4381688044505
CASE_G,10532,E2-P1-V-003,A-V-0532,SOL2_1_beam_0156,beam,P1,281,662,2727.5763605684347,-2338.992126746202,3564.942779698726,-24787.306384303483,-11155.935495352713,1246.7146494665594,-2727.5763605684347,2338.992126746202,-3564.942779698726,24787.306384303483,2660.8212155359724,-6820.4381688044505
CASE_G,10533,E2-P1-V-005,A-V-0533,SOL2_1_beam_0157,beam,P1,662,663,8102.318807250711,3478.022650424879,5298.7463664754805,-2338.5311525019315,-23485.626565964136,8443.527076077009,-8102.318807250711,-3478.022650424879,-5298.7463664754805,2338.5311525019315,-16890.82074657902,18059.00552016056
CASE_G,10534,E2-P1-V-002,A-V-0534,SOL2_1_beam_0158,beam,P1,662,663,8102.318807250711,3478.022650424879,5298.7463664754805,-2338.5311525019315,-23485.626565964136,8443.527076077009,-8102.318807250711,-3478.022650424879,-5298.7463664754805,2338.5311525019315,-16890.82074657902,18059.00552016056
CASE_G,10535,E2-P1-V-004,A-V-0535,SOL2_1_beam_0159,beam,P1,663,282,34.101740705802676,-10010.089914558883,-3663.9376441771888,4310.174686860168,25231.8104049703,-25311.606327015164,-34.101740705802676,10010.089914558883,3663.9376441771888,-4310.174686860168,-15584.128945153421,-1046.4183607868945
CASE_G,10536,E2-P1-V-001,A-V-0536,SOL2_1_beam_0160,beam,P1,663,282,34.101740705802676,-10010.089914558883,-3663.9376441771888,4310.174686860168,25231.8104049703,-25311.606327015164,-34.101740705802676,10010.089914558883,3663.9376441771888,-4310.174686860168,-15584.128945153421,-1046.4183607868945
CASE_G,10537,E2-P1-V-011,A-V-0537,SOL2_1_beam_0161,beam,P1,662,661,-5928.245621521394,4543.493871151671,-13796.169086776747,15494.901744390538,23546.432239777387,-1623.0889072717528,5928.245621521394,-4543.493871151671,13796.169086776747,-15494.901744390538,18734.94355046565,15547.619011136416
CASE_G,10538,E2-P1-V-010,A-V-0538,SOL2_1_beam_0162,beam,P1,662,661,-5928.245621521394,4543.493871151671,-13796.169086776747,15494.901744390538,23546.432239777387,-1623.0889072717528,5928.245621521394,-4543.493871151671,13796.169086776747,-15494.901744390538,18734.94355046565,15547.619011136416
CASE_G,10539,E2-P1-V-018,A-V-0539,SOL2_1_beam_0163,beam,P1,661,664,7477.780831778569,479.9937880300136,3156.4526749503584,-16262.460691096245,-1400.8795577765986,-16453.859408633794,-7477.780831778569,-479.9937880300136,-3156.4526749503584,16262.460691096245,-11587.923199644127,18429.0338463773
CASE_G,10540,E2-P1-V-022,A-V-0540,SOL2_1_beam_0164,beam,P1,665,634,8750.678327355758,1200.0273980615393,-7979.34628114775,-4182.930788752714,15153.047036102584,5977.331017642435,-8750.678327355758,-1200.0273980615393,7979.34628114775,4182.930788752714,15288.159026476096,-1399.22649403766
CASE_G,10541,E2-P1-V-028,A-V-0541,SOL2_1_beam_0165,beam,P1,665,650,600.0136990327204,-4375.339163679434,-13714.234359426084,7576.523518051241,2091.4653943761878,-2988.665508821254,-600.0136990327204,4375.339163679434,13714.234359426084,-7576.523518051241,41108.37283781598,-10793.652856768964
CASE_G,10542,E2-P1-V-027,A-V-0542,SOL2_1_beam_0166,beam,P1,665,650,600.0136990327204,-4375.339163679434,-13714.234359426084,7576.523518051241,2091.4653943761878,-2988.665508821254,-600.0136990327204,4375.339163679434,13714.234359426084,-7576.523518051241,41108.37283781598,-10793.652856768964
CASE_G,10543,E2-P1-V-039,A-V-0543,SOL2_1_beam_0167,beam,P1,649,651,25592.23964577962,7031.339915650993,-25785.807236436183,22635.898821092178,46348.51309226364,-10630.387587420591,-25592.23964577962,-7031.339915650993,25785.807236436183,-22635.898821092178,19018.508252102085,28454.83427359586
CASE_G,10544,E2-P1-V-035,A-V-0544,SOL2_1_beam_0168,beam,P1,650,654,-52692.263721442,13423.348735487825,-13168.639767728186,70962.01955952174,82602.68757636068,8029.855259741842,52692.263721442,-13423.348735487825,13168.639767728186,-70962.01955952174,-37368.40997421437,38079.34764665882
CASE_G,10545,E2-P1-V-009,A-V-0545,SOL2_1_beam_0169,beam,P1,663,660,14263.778274978718,-7850.355850011563,-2926.5499893471438,-8578.198927474552,8697.420288981972,7252.600806853119,-14263.778274978718,7850.355850011563,2926.5499893471438,8578.198927474552,271.6318507977885,-31311.73227253019
CASE_G,10546,E2-P1-V-008,A-V-0546,SOL2_1_beam_0170,beam,P1,663,660,14263.778274978718,-7850.355850011563,-2926.5499893471438,-8578.198927474552,8697.420288981972,7252.600806853119,-14263.778274978718,7850.355850011563,2926.5499893471438,8578.198927474552,271.6318507977885,-31311.73227253019
CASE_G,10547,E2-P1-V-026,A-V-0547,SOL2_1_beam_0171,beam,P1,666,655,9460.201826608492,-15824.342276278228,1762.8657035995586,17128.453239517512,3008.634175446461,-18394.693663892205,-9460.201826608492,15824.342276278228,-1762.8657035995586,-17128.453239517512,-8561.66114178507,-31451.984506384215
CASE_G,10548,E2-P1-V-025,A-V-0548,SOL2_1_beam_0172,beam,P1,666,655,9460.201826608492,-15824.342276278228,1762.8657035995586,17128.453239517512,3008.634175446461,-18394.693663892205,-9460.201826608492,15824.342276278228,-1762.8657035995586,-17128.453239517512,-8561.66114178507,-31451.984506384215
CASE_G,10549,E2-P1-V-016,A-V-0549,SOL2_1_beam_0173,beam,P1,660,21,-44931.484329272025,9046.659007436485,-45864.83571547961,-13337.503693189883,70048.58411286109,11435.098470806759,44931.484329272025,-9046.659007436485,45864.83571547961,13337.503693189883,149845.56249368112,31938.159735571877
CASE_G,10550,E2-P1-V-020,A-V-0550,SOL2_1_beam_0174,beam,P1,666,21,32840.87668675054,16765.96930552491,-33474.78040719864,-3717.5292339483976,34582.1216283031,36789.387327783974,-32840.87668675054,-16765.96930552491,33474.78040719864,3717.5292339483976,115887.76101167809,38574.01769115818
CASE_G,10551,E2-P1-V-037,A-V-0551,SOL2_1_beam_0175,beam,P1,653,656,-97.66978633137279,3161.03282956679,-5021.744160319802,-12814.02083505955,29110.433723719587,-1042.2505629475345,97.66978633137279,-3161.03282956679,5021.744160319802,12814.02083505955,-9952.479752099545,13101.590807744837
CASE_G,10552,E2-P1-V-033,A-V-0552,SOL2_1_beam_0176,beam,P1,655,657,-2283.3601943012604,23911.45676069573,-26875.038282304038,-22696.717744301335,78643.3797508975,52254.33914142651,2283.3601943012604,-23911.45676069573,26875.038282304038,22696.717744301335,48072.42575016607,60488.17948525389
CASE_G,10553,E2-P1-V-014,A-V-0553,SOL2_1_beam_0177,beam,P1,667,632,0.0,-6.245004513516508e-11,-3170.857000000438,-0.0,3.119566827081144e-10,6.106226635438361e-11,0.0,6.245004513516508e-11,3170.857000000438,0.0,5073.371200000389,-1.6098233857064775e-10
CASE_G,10554,E2-P1-V-012,A-V-0554,SOL2_1_beam_0178,beam,P1,277,664,310.5306893897763,-7486.732992138972,16858.764325049648,11953.227227285925,-34627.119744613934,-4051.9037882032035,-310.5306893897763,7486.732992138972,-16858.764325049648,-11953.227227285925,-15995.872925951178,-18429.033846377148
CASE_G,10555,E2-P1-V-013,A-V-0555,SOL2_1_beam_0179,beam,P1,658,668,0.0,9.367506770274761e-11,3170.857000000073,1.5409985008815012e-12,-5073.371200000078,-1.6653345369377348e-11,0.0,-9.367506770274761e-11,-3170.857000000073,-1.5409985008815012e-12,-3.9108272176235914e-11,1.6653345369377353e-10
CASE_G,10556,E2-P1-V-007,A-V-0556,SOL2_1_beam_0180,beam,P1,658,276,69075.4893614253,-28412.229435166417,-52642.17060733292,752.4460248374736,64060.507454649276,-73697.31380056306,-69075.4893614253,28412.229435166417,52642.17060733292,-752.4460248374736,97802.21737708284,-13663.84212942758
CASE_G,10557,E2-P2-V-030,A-V-0557,SOL2_2_beam_0181,beam,P2,669,670,0.0,-6.195774945193108e-11,-12885.319000000703,1.1194379914449528e-11,-5073.371200000671,4.0835789411500014e-10,0.0,6.195774945193108e-11,12885.319000000703,-1.1194379914449528e-11,61124.50885000372,-6.778741042309003e-10
CASE_G,10558,E2-P2-V-029,A-V-0558,SOL2_2_beam_0182,beam,P2,671,672,-2700.4616710727246,14394.10742723557,-27920.50862368562,17278.94474364687,-4515.991362281653,1092.7315865357414,2700.4616710727246,-14394.10742723557,27920.50862368562,-17278.94474364687,92465.59352689136,44248.706809256306
CASE_G,10559,E2-P2-V-056,A-V-0559,SOL2_2_beam_0183,beam,P2,30,673,58748.98206360233,-7401.498088486174,-107411.33914090783,-234.3974681635115,527122.4345423006,-20432.6039110222,-58748.98206360233,7401.498088486174,107411.33914090783,234.3974681635115,-21261.77950710582,-14425.23047806047
CASE_G,10560,E2-P2-V-055,A-V-0560,SOL2_2_beam_0184,beam,P2,30,674,120972.00089592212,1878.5542953798818,-125596.2061521734,9647.67338741188,564722.0176379962,11962.921381653334,-120972.00089592212,-1878.5542953798818,125596.2061521734,-9647.67338741188,26781.445797333785,-3115.748317984424
CASE_G,10561,E2-P2-V-078,A-V-0561,SOL2_2_beam_0185,beam,P2,31,675,-42565.553990078966,1431.4480074954479,39516.356874908815,-15208.742644777081,-194226.3417610144,19739.903936516617,42565.553990078966,-1431.4480074954479,-39516.356874908815,15208.742644777081,-15545.597595859625,-12141.085412546949
CASE_G,10562,E2-P2-V-077,A-V-0562,SOL2_2_beam_0186,beam,P2,31,676,260988.90857696524,22422.007002706094,35233.116710618066,-1271.1346291081925,-193900.71825354855,62862.71968088405,-260988.90857696524,-22422.007002706094,-35233.116710618066,1271.1346291081925,27968.074263480376,42735.17380327658
CASE_G,10563,E2-P2-V-072,A-V-0563,SOL2_2_beam_0187,beam,P2,31,27,282.58993628575365,6894.543975754966,-40112.789663178875,16572.42883300637,150568.65773995128,23786.915116083328,-282.58993628575365,-6894.543975754966,40112.789663178875,-16572.42883300637,140249.06731809562,26198.52870814018
CASE_G,10564,E2-P2-V-070,A-V-0564,SOL2_2_beam_0188,beam,P2,31,27,282.58993628575365,6894.543975754966,-40112.789663178875,16572.42883300637,150568.65773995128,23786.915116083328,-282.58993628575365,-6894.543975754966,40112.789663178875,-16572.42883300637,140249.06731809562,26198.52870814018
CASE_G,10565,E2-P2-V-076,A-V-0565,SOL2_2_beam_0189,beam,P2,27,677,-117545.10303917098,23439.663071072588,40551.27719581543,-6945.789487917438,-189415.9992530787,68103.22509519683,117545.10303917098,-23439.663071072588,-40551.27719581543,6945.789487917438,-1562.865817009937,42287.38552164085
CASE_G,10566,E2-P2-V-075,A-V-0566,SOL2_2_beam_0190,beam,P2,27,678,-239315.44118909648,41673.533592361804,18973.008039588396,68307.330733484,-117255.30650461646,112518.98844899173,239315.44118909648,-41673.533592361804,-18973.008039588396,-68307.330733484,27900.696910712722,83745.21577071535
CASE_G,10567,E2-P2-V-061,A-V-0567,SOL2_2_beam_0192,beam,P2,680,681,26218.952846095402,11038.822783646145,19178.432502573072,6977.113249620764,-155952.21703077856,44793.19700013199,-26218.952846095402,-11038.822783646145,-19178.432502573072,-6977.113249620764,-3228.7727405779588,46829.03210413102
CASE_G,10568,E2-P2-V-057,A-V-0568,SOL2_2_beam_0193,beam,P2,682,679,-87181.92273322986,7282.559787125149,-13326.706654253368,-10890.997905282838,83448.61783131919,29397.129729652504,87181.92273322986,-7282.559787125149,13326.706654253368,10890.997905282838,35159.07139153579,35417.65237576133
CASE_G,10569,E2-P2-V-083,A-V-0569,SOL2_2_beam_0195,beam,P2,678,684,-309.3051265132295,-2607.3330365559177,-21866.717723606136,3691.5415442987924,67079.7580249699,-13564.093890669998,309.3051265132295,2607.3330365559177,21866.717723606136,-3691.5415442987924,114887.59913632991,-8133.241205453589
CASE_G,10570,E2-P2-V-080,A-V-0570,SOL2_2_beam_0196,beam,P2,678,683,-94670.90321113591,-8638.949300043534,-27324.073677661112,-71305.38700062493,67170.69267591846,-40322.342617570466,94670.90321113591,8638.949300043534,27324.073677661112,71305.38700062493,176013.56305526546,-36564.306152817
CASE_G,10571,E2-P2-V-081,A-V-0571,SOL2_2_beam_0197,beam,P2,677,676,7402.289649088468,-8063.696407907558,2113.2326037426283,14641.68913844429,-4857.336499542662,-27511.428816028205,-7402.289649088468,8063.696407907558,-2113.2326037426283,-14641.68913844429,-9195.660315345818,-26112.152296557055
CASE_G,10572,E2-P2-V-084,A-V-0572,SOL2_2_beam_0198,beam,P2,677,676,7402.289649088468,-8063.696407907558,2113.2326037426283,14641.68913844429,-4857.336499542662,-27511.428816028205,-7402.289649088468,8063.696407907558,-2113.2326037426283,-14641.68913844429,-9195.660315345818,-26112.152296557055
CASE_G,10573,E2-P2-V-088,A-V-0573,SOL2_2_beam_0199,beam,P2,677,128,-134917.11409590492,-1960.958682774385,36324.81198833918,-16102.716745297195,-28538.731098454213,12735.472110415489,134917.11409590492,1960.958682774385,-36324.81198833918,16102.716745297195,-163632.6426912237,-23109.65172446338
CASE_G,10574,E2-P2-V-087,A-V-0574,SOL2_2_beam_0200,beam,P2,678,128,-227423.21702530986,-17474.42435184058,68163.79944084649,-77131.63110416298,-98085.2627047743,-29858.77926247326,227423.21702530986,17474.42435184058,-68163.79944084649,77131.63110416298,-263914.7074402697,-62943.28203045228
CASE_G,10575,E2-P2-V-090,A-V-0575,SOL2_2_beam_0201,beam,P2,675,132,-42539.94777779086,-2056.276474710981,39516.35687490638,-16429.761200305617,14249.014153557247,12141.085412546458,42539.94777779086,2056.276474710981,-39516.35687490638,16429.761200305617,-199600.87256096423,-21786.0703283786
CASE_G,10576,E2-P2-V-089,A-V-0576,SOL2_2_beam_0202,beam,P2,676,132,278733.6853582002,-4708.161118984305,39459.58191810936,-21221.717863890637,3389.0495530679473,9489.130789837047,-278733.6853582002,4708.161118984305,-39459.58191810936,21221.717863890637,-212952.05732256017,-34493.359349717415
CASE_G,10577,E2-P2-V-071,A-V-0577,SOL2_2_beam_0203,beam,P2,27,26,33684.02058171747,-268.186686649475,-27431.840577767016,-22425.306269751065,118193.30839192924,-1626.5509823220486,-33684.02058171747,268.186686649475,27431.840577767016,22425.306269751065,125950.0727501972,-760.3105288582788
CASE_G,10578,E2-P2-V-069,A-V-0578,SOL2_2_beam_0204,beam,P2,27,26,33684.02058171747,-268.186686649475,-27431.840577767016,-22425.306269751065,118193.30839192924,-1626.5509823220486,-33684.02058171747,268.186686649475,27431.840577767016,22425.306269751065,125950.0727501972,-760.3105288582788
CASE_G,10579,E2-P2-V-074,A-V-0579,SOL2_2_beam_0205,beam,P2,26,683,1086246.2974336122,48752.935300105266,-63241.49193729213,32316.22715417277,362120.48304405005,126457.02229544823,-1086246.2974336122,-48752.935300105266,63241.49193729213,-32316.22715417277,-64280.582781437784,103148.08255709051
CASE_G,10580,E2-P2-V-073,A-V-0580,SOL2_2_beam_0206,beam,P2,26,683,1086246.2974336122,48752.935300105266,-63241.49193729213,32316.22715417277,362120.48304405005,126457.02229544823,-1086246.2974336122,-48752.935300105266,63241.49193729213,-32316.22715417277,-64280.582781437784,103148.08255709051
CASE_G,10581,E2-P2-V-086,A-V-0581,SOL2_2_beam_0208,beam,P2,684,130,-2625.0727794718573,53.367849000324,-21866.71772359269,-113978.88530639179,-14886.289618118142,8133.2412054564575,2625.0727794718573,-53.367849000324,21866.71772359269,113978.88530639179,117452.90006211615,-7882.9174281140295
CASE_G,10582,E2-P2-V-085,A-V-0582,SOL2_2_beam_0209,beam,P2,683,32,2165197.1838131105,-69601.97047082838,-153807.05755224745,-92043.45177369336,201045.6284141268,-169731.8589613632,-2165197.1838131105,69601.97047082838,153807.05755224745,92043.45177369336,610676.2872048724,-197594.8794898027
CASE_G,10583,E2-P2-V-063,A-V-0583,SOL2_2_beam_0210,beam,P2,26,679,981185.0097465166,-22144.89554783691,119497.30670494323,-19344.858662516006,-496968.9869288163,-65189.493435881115,-981185.0097465166,22144.89554783691,-119497.30670494323,19344.858662516006,-137380.52698944922,-52366.325300910554
CASE_G,10584,E2-P2-V-064,A-V-0584,SOL2_2_beam_0211,beam,P2,26,681,12686.55518921276,-25462.529611674978,-19178.432502571555,3666.6585607372467,83564.79941139866,-73088.39943740898,-12686.55518921276,25462.529611674978,19178.432502571555,-3666.6585607372467,6757.26998922605,-46829.032104130994
CASE_G,10585,E2-P2-V-051,A-V-0585,SOL2_2_beam_0212,beam,P2,679,25,487519.14022812684,4142.751648646218,53085.30002534591,45.55531962387029,62718.64413763845,8474.33646257447,-487519.14022812684,-4142.751648646218,-53085.30002534591,-45.55531962387029,-312727.3011224764,11036.220610763185
CASE_G,10586,E2-P2-V-052,A-V-0586,SOL2_2_beam_0213,beam,P2,679,25,487519.14022812684,4142.751648646218,53085.30002534591,45.55531962387029,62718.64413763845,8474.33646257447,-487519.14022812684,-4142.751648646218,-53085.30002534591,-45.55531962387029,-312727.3011224764,11036.220610763185
CASE_G,10587,E2-P2-V-054,A-V-0587,SOL2_2_beam_0214,beam,P2,28,682,2611.2995618125356,-5526.023195635613,-28349.92927484595,-11817.929181288488,147980.4491932118,-7075.946206494244,-2611.2995618125356,5526.023195635613,28349.92927484595,11817.929181288488,-14464.62202005279,-18949.217764478715
CASE_G,10588,E2-P2-V-053,A-V-0588,SOL2_2_beam_0215,beam,P2,28,682,2611.2995618125356,-5526.023195635613,-28349.92927484595,-11817.929181288488,147980.4491932118,-7075.946206494244,-2611.2995618125356,5526.023195635613,28349.92927484595,11817.929181288488,-14464.62202005279,-18949.217764478715
CASE_G,10589,E2-P2-V-066,A-V-0589,SOL2_2_beam_0216,beam,P2,680,27,4554.264984280368,-28715.159718609586,-42549.30923027885,-38413.35630945796,-27836.978003749682,-55463.71828671992,-4554.264984280368,28715.159718609586,42549.30923027885,38413.35630945796,228225.70428419925,-79772.18530480207
CASE_G,10590,E2-P2-V-065,A-V-0590,SOL2_2_beam_0217,beam,P2,680,27,4554.264984280368,-28715.159718609586,-42549.30923027885,-38413.35630945796,-27836.978003749682,-55463.71828671992,-4554.264984280368,28715.159718609586,42549.30923027885,38413.35630945796,228225.70428419925,-79772.18530480207
CASE_G,10591,E2-P2-V-058,A-V-0591,SOL2_2_beam_0219,beam,P2,682,674,-98544.2037037271,2774.584389160364,-43373.15189543908,19485.101060303365,105193.6764171407,8501.305799305215,98544.2037037271,-2774.584389160364,43373.15189543908,-19485.101060303365,209261.67482479257,11614.431022107423
CASE_G,10592,E2-P2-V-062,A-V-0592,SOL2_2_beam_0220,beam,P2,680,674,84631.68882099325,16864.492503149857,65920.18595799015,48308.67104256577,-233857.55284922512,66134.2395733077,-84631.68882099325,-16864.492503149857,-65920.18595799015,-48308.67104256577,-245697.6416706144,56551.32123473381
CASE_G,10593,E2-P2-V-040,A-V-0593,SOL2_2_beam_0221,beam,P2,672,686,38831.28634335651,6747.6377562280395,-15874.508141254462,25720.861504307937,116774.87612234947,9022.113677840276,-38831.28634335651,-6747.6377562280395,15874.508141254462,-25720.861504307937,-50760.53790015925,19038.02129307279
CASE_G,10594,E2-P2-V-036,A-V-0594,SOL2_2_beam_0222,beam,P2,672,687,-100889.93450260548,23423.711441258838,53744.22082295453,-12317.667515100053,-125832.44319770332,60908.670746020056,100889.93450260548,-23423.711441258838,-53744.22082295453,12317.667515100053,-79201.7592418683,28452.78840238245
CASE_G,10595,E2-P2-V-044,A-V-0595,SOL2_2_beam_0223,beam,P2,688,28,15477.941105699905,-36246.830944188965,-29980.701141251844,-11900.915611497501,-19231.151837009835,-50167.07116656825,-15477.941105699905,36246.830944188965,29980.701141251844,11900.915611497501,123054.88694967958,-75356.38997240832
CASE_G,10596,E2-P2-V-043,A-V-0596,SOL2_2_beam_0224,beam,P2,689,28,-3221.103938691929,-339.9690646062638,-14613.910778600048,175.16465021522575,5342.65390283431,-13360.300422620885,3221.103938691929,339.9690646062638,14613.910778600048,-175.16465021522575,45265.595533663254,12182.981121651761
CASE_G,10597,E2-P2-V-038,A-V-0597,SOL2_2_beam_0225,beam,P2,689,690,-617.7339793739782,3179.543092873702,6142.36677860226,5337.743113134403,288.32592381102586,13360.30042262091,617.7339793739782,-3179.543092873702,-6142.36677860226,-5337.743113134403,-27836.840925842167,899.9503489176459
CASE_G,10598,E2-P2-V-034,A-V-0598,SOL2_2_beam_0226,beam,P2,691,692,-51889.2832386636,3049.7879431647966,-2558.6510905347177,-9091.569696472758,61014.951956696124,2324.6722319217643,51889.2832386636,-3049.7879431647966,2558.6510905347177,9091.569696472758,-50306.99714280833,10438.690310222912
CASE_G,10599,E2-P2-V-042,A-V-0599,SOL2_2_beam_0227,beam,P2,693,25,3114.075823389148,890.8542613075725,-16227.7392213968,-7069.647603457789,-5972.637577066904,-13029.907248229147,-3114.075823389148,-890.8542613075725,16227.7392213968,7069.647603457789,62169.60543521863,16114.952404919184
CASE_G,10600,E2-P2-V-041,A-V-0600,SOL2_2_beam_0228,beam,P2,694,25,182234.19935100782,-16855.44118425411,-115261.69358521997,-21515.45873856893,15996.470809778839,-26813.50271049408,-182234.19935100782,16855.44118425411,115261.69358521997,21515.45873856893,452092.32172763685,-41638.060564424246
CASE_G,10601,E2-P2-V-023,A-V-0601,SOL2_2_beam_0229,beam,P2,694,695,137621.1701510048,7206.004213650574,49691.18243690842,18855.394365163163,-19324.10490660563,4310.836580306648,-137621.1701510048,-7206.004213650574,-49691.18243690842,-18855.394365163163,-167017.82923180095,22711.679220883005
CASE_G,10602,E2-P2-V-024,A-V-0602,SOL2_2_beam_0230,beam,P2,694,696,26089.40847311517,-24041.553184710872,11716.233072777688,28241.48380110848,4850.74516993816,-36650.27602640966,-26089.40847311517,24041.553184710872,-11716.233072777688,-28241.48380110848,-42420.41355184457,-40442.179793216215
CASE_G,10603,E2-P2-V-015,A-V-0603,SOL2_2_beam_0231,beam,P2,695,697,-67020.4269662514,19489.869535456783,11248.774474958003,-9093.35968965905,1464.9918880711484,59813.34916640425,67020.4269662514,-19489.869535456783,-11248.774474958003,9093.35968965905,-51128.33119501073,26234.424832637455
CASE_G,10604,E2-P2-V-019,A-V-0604,SOL2_2_beam_0232,beam,P2,696,697,31435.40925015737,16445.92834976084,-7351.201927221904,-30401.643092529655,40900.03655832393,40442.17979321638,-31435.40925015737,-16445.92834976084,7351.201927221904,30401.643092529655,-12510.474197142092,23070.251656140823
CASE_G,10605,E2-P2-V-032,A-V-0605,SOL2_2_beam_0233,beam,P2,29,691,-9994.84371844826,-18237.684361177973,17288.381731414036,-13184.053239475077,-23077.751717626077,-19873.67102320153,9994.84371844826,18237.684361177973,-17288.381731414036,13184.053239475077,-36792.24121390352,-43283.774870485744
CASE_G,10606,E2-P2-V-031,A-V-0606,SOL2_2_beam_0234,beam,P2,29,691,-9994.84371844826,-18237.684361177973,17288.381731414036,-13184.053239475077,-23077.751717626077,-19873.67102320153,9994.84371844826,18237.684361177973,-17288.381731414036,13184.053239475077,-36792.24121390352,-43283.774870485744
CASE_G,10607,E2-P2-V-017,A-V-0607,SOL2_2_beam_0235,beam,P2,29,698,1477.9989688987753,-3901.5134003648027,34881.31575591705,19817.188912952646,-93485.5837605423,-3368.4177127503626,-1477.9989688987753,3901.5134003648027,-34881.31575591705,-19817.188912952646,-5955.0767148895975,-7754.1291573519065
CASE_G,10608,E2-P2-V-021,A-V-0608,SOL2_2_beam_0236,beam,P2,29,698,1477.9989688987753,-3901.5134003648027,34881.31575591705,19817.188912952646,-93485.5837605423,-3368.4177127503626,-1477.9989688987753,3901.5134003648027,-34881.31575591705,-19817.188912952646,-5955.0767148895975,-7754.1291573519065
CASE_G,10609,E2-P2-V-046,A-V-0609,SOL2_2_beam_0237,beam,P2,670,30,9.617819470269182e-09,8.08747829320439e-10,-19428.92400000087,5295.192752165257,-60894.71664990006,6.822239944244274e-10,-9.617819470269182e-09,-8.08747829320439e-10,19428.92400000087,-5295.192752165257,128177.4479441574,2.118485035317959e-09
CASE_G,10610,E2-P2-V-045,A-V-0610,SOL2_2_beam_0238,beam,P2,672,30,-41921.9419681285,-46073.454272039744,-85056.37430538586,16677.170650970937,-97678.93720925023,-114179.49123311858,41921.9419681285,46073.454272039744,85056.37430538586,-16677.170650970937,443101.03112271224,-72929.22552611872
CASE_G,10611,E2-P2-V-047,A-V-0611,SOL2_2_beam_0239,beam,P2,25,28,22901.20908297145,9515.882235322222,-3041.1186467103994,6473.023706694492,14252.461324331325,42892.30908002127,-22901.20908297145,-9515.882235322222,3041.1186467103994,-6473.023706694492,12813.49463139123,41799.04281434651
CASE_G,10612,E2-P2-V-049,A-V-0612,SOL2_2_beam_0240,beam,P2,25,28,22901.20908297145,9515.882235322222,-3041.1186467103994,6473.023706694492,14252.461324331325,42892.30908002127,-22901.20908297145,-9515.882235322222,3041.1186467103994,-6473.023706694492,12813.49463139123,41799.04281434651
CASE_G,10613,E2-P2-V-048,A-V-0613,SOL2_2_beam_0241,beam,P2,28,30,10656.942780915611,10155.724605672347,-4217.091371690708,-18069.379496699738,15079.700375639162,34216.83356334087,-10656.942780915611,-10155.724605672347,4217.091371690708,18069.379496699738,15494.21206911847,39412.16982778363
CASE_G,10614,E2-P2-V-050,A-V-0614,SOL2_2_beam_0242,beam,P2,28,30,10656.942780915611,10155.724605672347,-4217.091371690708,-18069.379496699738,15079.700375639162,34216.83356334087,-10656.942780915611,-10155.724605672347,4217.091371690708,18069.379496699738,15494.21206911847,39412.16982778363
CASE_G,10615,E2-P2-V-068,A-V-0615,SOL2_2_beam_0243,beam,P2,673,31,59212.634391676445,-298.32172222481654,-107411.33914091952,-2784.051185573215,21080.020611421554,14425.230478060352,-59212.634391676445,298.32172222481654,107411.33914091952,2784.051185573215,549111.3305760247,-16008.866500517617
CASE_G,10616,E2-P2-V-067,A-V-0616,SOL2_2_beam_0244,beam,P2,674,31,92922.85811196078,-26717.054860545508,-103049.17208961963,-30478.93494817909,21780.524009167275,-65050.003938857,-92922.85811196078,26717.054860545508,103049.17208961963,30478.93494817909,525254.3341582746,-76777.04833071177
CASE_G,10617,E2-P2-V-006,A-V-0617,SOL2_2_beam_0245,beam,P2,301,699,3201.265301122719,-2743.4458750744434,-251.52073735482418,-21579.532303677886,973.6299674841762,1226.6246656372296,-3201.265301122719,2743.4458750744434,251.52073735482418,21579.532303677886,-374.2662358302349,-7764.145088677182
CASE_G,10618,E2-P2-V-003,A-V-0618,SOL2_2_beam_0246,beam,P2,301,699,3201.265301122719,-2743.4458750744434,-251.52073735482418,-21579.532303677886,973.6299674841762,1226.6246656372296,-3201.265301122719,2743.4458750744434,251.52073735482418,21579.532303677886,-374.2662358302349,-7764.145088677182
CASE_G,10619,E2-P2-V-005,A-V-0619,SOL2_2_beam_0247,beam,P2,699,700,8236.921431656965,3617.6637512030197,4150.3809239103275,671.6696059211185,-20941.43628595389,9378.381647418355,-8236.921431656965,-3617.6637512030197,-4150.3809239103275,-671.6696059211185,-10684.466354242802,18188.21613674865
CASE_G,10620,E2-P2-V-002,A-V-0620,SOL2_2_beam_0248,beam,P2,699,700,8236.921431656965,3617.6637512030197,4150.3809239103275,671.6696059211185,-20941.43628595389,9378.381647418355,-8236.921431656965,-3617.6637512030197,-4150.3809239103275,-671.6696059211185,-10684.466354242802,18188.21613674865
CASE_G,10621,E2-P2-V-004,A-V-0621,SOL2_2_beam_0249,beam,P2,700,302,-1563.9121205151648,-9163.252878370105,-4111.8557003041,24094.28106516861,21568.638811749275,-22035.391276291244,1563.9121205151648,9163.252878370105,4111.8557003041,-24094.28106516861,-10741.523872085807,-2092.78815568101
CASE_G,10622,E2-P2-V-001,A-V-0622,SOL2_2_beam_0250,beam,P2,700,302,-1563.9121205151648,-9163.252878370105,-4111.8557003041,24094.28106516861,21568.638811749275,-22035.391276291244,1563.9121205151648,9163.252878370105,4111.8557003041,-24094.28106516861,-10741.523872085807,-2092.78815568101
CASE_G,10623,E2-P2-V-011,A-V-0623,SOL2_2_beam_0251,beam,P2,699,698,-6369.368826610881,4112.005059679081,-16464.267161265067,16340.747727280199,23840.69140005017,-1614.2365587365348,6369.368826610881,-4112.005059679081,16464.267161265067,-16340.747727280199,26617.65414339709,14216.374883230776
CASE_G,10624,E2-P2-V-010,A-V-0624,SOL2_2_beam_0252,beam,P2,699,698,-6369.368826610881,4112.005059679081,-16464.267161265067,16340.747727280199,23840.69140005017,-1614.2365587365348,6369.368826610881,-4112.005059679081,16464.267161265067,-16340.747727280199,26617.65414339709,14216.374883230776
CASE_G,10625,E2-P2-V-018,A-V-0625,SOL2_2_beam_0253,beam,P2,698,701,13192.204185229408,4423.890232260516,6117.746189303539,-18017.79838594032,-11298.576631927648,-12924.491451758662,-13192.204185229408,-4423.890232260516,-6117.746189303539,18017.79838594032,-13875.948937056413,31128.79975751069
CASE_G,10626,E2-P2-V-022,A-V-0626,SOL2_2_beam_0254,beam,P2,702,671,14394.107427238496,2700.461671063689,-8952.514623682342,-4515.991362281648,16874.89854570102,11394.99286164383,-14394.107427238496,-2700.461671063689,8952.514623682342,4515.991362281648,17278.944743647127,-1092.7315865358505
CASE_G,10627,E2-P2-V-028,A-V-0627,SOL2_2_beam_0255,beam,P2,702,687,1350.2308355310754,-7197.053713619736,-13227.650188158912,8437.44927285041,2257.995681140783,-5697.496430821996,-1350.2308355310754,7197.053713619736,13227.650188158912,-8437.44927285041,39409.10241155979,-16973.222767080173
CASE_G,10628,E2-P2-V-027,A-V-0628,SOL2_2_beam_0256,beam,P2,702,687,1350.2308355310754,-7197.053713619736,-13227.650188158912,8437.44927285041,2257.995681140783,-5697.496430821996,-1350.2308355310754,7197.053713619736,13227.650188158912,-8437.44927285041,39409.10241155979,-16973.222767080173
CASE_G,10629,E2-P2-V-039,A-V-0629,SOL2_2_beam_0257,beam,P2,686,688,37451.412280172175,12279.704092109632,-26612.480141250788,18127.882263970852,53940.47468331101,-19038.0212930728,-37451.412280172175,-12279.704092109632,26612.480141250788,-18127.882263970852,13522.162474759738,50167.07116657072
CASE_G,10630,E2-P2-V-035,A-V-0630,SOL2_2_beam_0258,beam,P2,687,691,-86495.8270753683,26124.173112322642,-4415.523553363458,66500.5373080195,96076.65778756887,5493.657131777873,86495.8270753683,-26124.173112322642,4415.523553363458,-66500.5373080195,-80909.3343817654,84242.87750905038
CASE_G,10631,E2-P2-V-009,A-V-0631,SOL2_2_beam_0259,beam,P2,700,697,13543.415385725912,-9554.785688457792,-3626.9973757853704,-10478.189317011645,24816.576123771352,3847.175139542407,-13543.415385725912,9554.785688457792,3626.9973757853704,10478.189317011645,-13700.849861558992,-33129.90440647586
CASE_G,10632,E2-P2-V-008,A-V-0632,SOL2_2_beam_0260,beam,P2,700,697,13543.415385725912,-9554.785688457792,-3626.9973757853704,-10478.189317011645,24816.576123771352,3847.175139542407,-13543.415385725912,9554.785688457792,3626.9973757853704,10478.189317011645,-13700.849861558992,-33129.90440647586
CASE_G,10633,E2-P2-V-026,A-V-0633,SOL2_2_beam_0261,beam,P2,703,692,10590.153051630368,-16972.069432440774,1975.4850075016552,23145.49424020865,6334.805246284415,-20696.697920924984,-10590.153051630368,16972.069432440774,-1975.4850075016552,-23145.49424020865,-12557.58301991463,-32765.320791263457
CASE_G,10634,E2-P2-V-025,A-V-0634,SOL2_2_beam_0262,beam,P2,703,692,10590.153051630368,-16972.069432440774,1975.4850075016552,23145.49424020865,6334.805246284415,-20696.697920924984,-10590.153051630368,16972.069432440774,-1975.4850075016552,-23145.49424020865,-12557.58301991463,-32765.320791263457
CASE_G,10635,E2-P2-V-016,A-V-0635,SOL2_2_beam_0263,beam,P2,697,29,-61045.16887061048,11737.111885088623,-49363.155203834205,-16539.20098114895,76051.11869039202,16955.132324174498,61045.16887061048,-11737.111885088623,49363.155203834205,16539.20098114895,160615.35395740846,39317.220150991845
CASE_G,10636,E2-P2-V-020,A-V-0636,SOL2_2_beam_0264,beam,P2,703,29,35282.03998318479,18867.633251966097,-33900.01901500308,-9551.87853514852,47033.352644451246,41393.39584184948,-35282.03998318479,-18867.633251966097,33900.01901500308,9551.87853514852,105347.98699784576,43417.03537182402
CASE_G,10637,E2-P2-V-037,A-V-0637,SOL2_2_beam_0265,beam,P2,690,693,-617.733979373032,3179.543092873254,-9278.458221398367,5337.7431131344,27836.840925842145,-899.950348917655,617.733979373032,-3179.543092873254,9278.458221398367,-5337.7431131344,7560.477188792616,13029.907248229116
CASE_G,10638,E2-P2-V-033,A-V-0638,SOL2_2_beam_0266,beam,P2,692,694,-17945.14437378252,24230.09404642648,-35364.17207553126,-34206.73573630185,96597.98562322446,55091.951272303544,17945.14437378252,-24230.09404642648,35364.17207553126,34206.73573630185,70144.08571290545,59152.94215659731
CASE_G,10639,E2-P2-V-014,A-V-0639,SOL2_2_beam_0267,beam,P2,704,669,0.0,-2.289834988289386e-10,-3170.8569999989013,-0.0,-9.36779542826116e-10,4.440892098500626e-11,0.0,2.289834988289386e-10,3170.8569999989013,0.0,5073.371199999179,-4.10782519111308e-10
CASE_G,10640,E2-P2-V-012,A-V-0640,SOL2_2_beam_0268,beam,P2,297,701,4124.008288364903,-13289.003412208944,13897.47081069561,14280.417155321093,-24031.962789388974,-8775.021742371568,-4124.008288364903,13289.003412208944,-13897.47081069561,-14280.417155321093,-17698.946393788345,-31128.79975751093
CASE_G,10641,E2-P2-V-013,A-V-0641,SOL2_2_beam_0269,beam,P2,695,705,1.6263032587282567e-10,-5.204170427930421e-12,3170.8569999997258,-0.0,-5073.371199999778,-1.332267629550188e-10,-1.6263032587282567e-10,5.204170427930421e-12,-3170.8569999997258,0.0,2.1691448637284338e-10,1.2490009027033014e-10
CASE_G,10642,E2-P2-V-007,A-V-0642,SOL2_2_beam_0270,beam,P2,695,296,128271.82872044395,-32849.76881288771,5918.355961950735,-18273.731381743146,162901.17533739214,-82525.02838728731,-128271.82872044395,32849.76881288771,-5918.355961950735,18273.731381743146,-181098.77645211577,-18480.553806654236
CASE_G,10643,E2-P3-V-030,A-V-0643,SOL2_3_beam_0271,beam,P3,706,707,0.0,1.1265045354896574e-11,-12885.31900000013,5.5263394514371085e-12,-5073.371200000278,6.370383148194004e-10,0.0,-1.1265045354896574e-11,12885.31900000013,-5.5263394514371085e-12,61124.50885000084,-5.880353675256003e-10
CASE_G,10644,E2-P3-V-029,A-V-0644,SOL2_3_beam_0272,beam,P3,708,709,-4813.968650818623,16936.08827500141,-25876.845210841257,11667.404516694014,-2631.0071496017845,-1432.815005313525,4813.968650818623,-16936.08827500141,25876.845210841257,-11667.404516694014,84143.06956375173,54781.49307156797
CASE_G,10645,E2-P3-V-056,A-V-0645,SOL2_3_beam_0273,beam,P3,38,710,-434938.88276587764,25374.654617274522,-89582.37965403101,-504.99093573845664,416773.06896116305,57514.27745932351,434938.88276587764,-25374.654617274522,89582.37965403101,504.99093573845664,5120.947199937655,61989.30110743592
CASE_G,10646,E2-P3-V-055,A-V-0646,SOL2_3_beam_0274,beam,P3,38,711,-339300.8797743922,-39948.24465102984,-111024.24355185177,15817.253092511937,464774.7844139445,-90881.05028683408,339300.8797743922,39948.24465102984,111024.24355185177,-15817.253092511937,58101.07782858313,-97257.79397583671
CASE_G,10647,E2-P3-V-078,A-V-0647,SOL2_3_beam_0275,beam,P3,39,712,-702799.9827531246,29331.600048559252,23276.16567516618,-10923.490049415437,-148804.06825663865,99987.4759966611,702799.9827531246,-29331.600048559252,-23276.16567516618,10923.490049415437,25242.92040265193,55718.84698508398
CASE_G,10648,E2-P3-V-077,A-V-0648,SOL2_3_beam_0276,beam,P3,39,713,-339042.15863613173,21484.1225819278,21540.550048496127,-8276.179945764914,-154516.2396945968,56774.296665574286,339042.15863613173,-21484.1225819278,-21540.550048496127,8276.179945764914,53069.624798044446,44406.56942430146
CASE_G,10649,E2-P3-V-072,A-V-0649,SOL2_3_beam_0277,beam,P3,39,35,-14151.754334955596,-10903.369166256447,-28271.690650827706,24357.117499843316,102482.35311342876,-37513.45830162702,14151.754334955596,10903.369166256447,28271.690650827706,-24357.117499843316,102487.4041050721,-41535.96815373221
CASE_G,10650,E2-P3-V-070,A-V-0650,SOL2_3_beam_0278,beam,P3,39,35,-14151.754334955596,-10903.369166256447,-28271.690650827706,24357.117499843316,102482.35311342876,-37513.45830162702,14151.754334955596,10903.369166256447,28271.690650827706,-24357.117499843316,102487.4041050721,-41535.96815373221
CASE_G,10651,E2-P3-V-076,A-V-0651,SOL2_3_beam_0279,beam,P3,35,714,-402121.1681959267,18573.904381746917,17673.830611499583,-11442.630117203431,-87662.94483676646,46217.337185586206,402121.1681959267,-18573.904381746917,-17673.830611499583,11442.630117203431,4426.89544364185,41257.66789544778
CASE_G,10652,E2-P3-V-075,A-V-0652,SOL2_3_beam_0280,beam,P3,35,715,634005.7180327654,-6486.590502171761,1490.3949921520875,68409.14004855113,-28539.06964155722,-10096.989642143286,-634005.7180327654,6486.590502171761,-1490.3949921520875,-68409.14004855113,21519.95794421415,-20452.02824198426
CASE_G,10653,E2-P3-V-061,A-V-0653,SOL2_3_beam_0282,beam,P3,717,718,2622.3088362841722,1841.1918785835517,22450.533711675514,4662.600626013679,-175486.50955385098,9652.291828313473,-2622.3088362841722,-1841.1918785835517,-22450.533711675514,-4662.600626013679,-10852.920253055796,5629.600763930008
CASE_G,10654,E2-P3-V-057,A-V-0654,SOL2_3_beam_0283,beam,P3,719,716,50924.67638014877,680.3529330766972,-6753.841532922846,-7218.200293771456,46445.2428631992,1268.1907793622674,-50924.67638014877,-680.3529330766972,6753.841532922846,7218.200293771456,13663.946779814134,4786.950325020338
CASE_G,10655,E2-P3-V-083,A-V-0655,SOL2_3_beam_0285,beam,P3,715,721,-52689.02448603347,-24206.136432115076,-11818.611301112549,10579.827005140147,31664.17254315623,-87046.98712829222,52689.02448603347,24206.136432115076,11818.611301112549,-10579.827005140147,66686.27451358002,-114388.21358693577
CASE_G,10656,E2-P3-V-080,A-V-0656,SOL2_3_beam_0286,beam,P3,715,720,196610.79087986876,-4481.7610854937375,-32405.859034686346,-79798.8360632743,99598.6704656386,-19350.539209763767,-196610.79087986876,4481.7610854937375,32405.859034686346,79798.8360632743,188813.4749430699,-20537.1344511305
CASE_G,10657,E2-P3-V-081,A-V-0657,SOL2_3_beam_0287,beam,P3,714,713,-21778.35132724577,-20924.24454716686,-922.134404755484,14553.142295483707,2737.4632065705555,-69142.6219870652,21778.35132724577,20924.24454716686,922.134404755484,-14553.142295483707,3394.730585053413,-70003.60425159443
CASE_G,10658,E2-P3-V-084,A-V-0658,SOL2_3_beam_0288,beam,P3,714,713,-21778.35132724577,-20924.24454716686,-922.134404755484,14553.142295483707,2737.4632065705555,-69142.6219870652,21778.35132724577,20924.24454716686,922.134404755484,-14553.142295483707,3394.730585053413,-70003.60425159443
CASE_G,10659,E2-P3-V-088,A-V-0659,SOL2_3_beam_0289,beam,P3,714,164,-445049.2362813444,26389.548548240953,19518.099420965726,-4884.059272470709,-34372.71428185877,97027.57607868224,445049.2362813444,-26389.548548240953,-19518.099420965726,4884.059272470709,-68885.08043692935,42582.66608397051
CASE_G,10660,E2-P3-V-087,A-V-0660,SOL2_3_beam_0290,beam,P3,715,164,670950.9553235957,38459.393497698555,45714.865327948755,-73577.64589936659,-91086.13251176657,126849.55458003406,-670950.9553235957,-38459.393497698555,-45714.865327948755,73577.64589936659,-151693.46633180176,77398.14599078502
CASE_G,10661,E2-P3-V-090,A-V-0661,SOL2_3_beam_0291,beam,P3,712,166,-702843.3518219345,-28273.332293125237,23276.16567516335,-8821.359727054407,-26052.087783515304,-55718.84698508856,702843.3518219345,28273.332293125237,-23276.16567516335,8821.359727054407,-83124.99496597955,-76897.49466022999
CASE_G,10662,E2-P3-V-089,A-V-0662,SOL2_3_beam_0292,beam,P3,713,166,-293970.6064741948,26213.38901434873,19696.281238970772,-6943.36218775388,-22793.18529923785,95600.63907888599,293970.6064741948,-26213.38901434873,-19696.281238970772,6943.36218775388,-81810.35426381647,43614.13154587813
CASE_G,10663,E2-P3-V-071,A-V-0663,SOL2_3_beam_0293,beam,P3,35,34,-45209.61980187697,415.86585321564127,-20638.690004361495,-27271.82264057114,90812.2683618135,2333.5503540180275,45209.61980187697,-415.86585321564127,20638.690004361495,27271.82264057114,92872.0726770038,1367.6557396011797
CASE_G,10664,E2-P3-V-069,A-V-0664,SOL2_3_beam_0294,beam,P3,35,34,-45209.61980187697,415.86585321564127,-20638.690004361495,-27271.82264057114,90812.2683618135,2333.5503540180275,45209.61980187697,-415.86585321564127,20638.690004361495,27271.82264057114,92872.0726770038,1367.6557396011797
CASE_G,10665,E2-P3-V-074,A-V-0665,SOL2_3_beam_0295,beam,P3,34,720,-984165.4738797522,-11668.675383095266,-105270.79695388452,36128.19452393659,531253.1678812411,-22091.134899560417,984165.4738797522,11668.675383095266,105270.79695388452,-36128.19452393659,-35473.53484538611,-32863.24719730671
CASE_G,10666,E2-P3-V-073,A-V-0666,SOL2_3_beam_0296,beam,P3,34,720,-984165.4738797522,-11668.675383095266,-105270.79695388452,36128.19452393659,531253.1678812411,-22091.134899560417,984165.4738797522,11668.675383095266,105270.79695388452,-36128.19452393659,-35473.53484538611,-32863.24719730671
CASE_G,10667,E2-P3-V-086,A-V-0667,SOL2_3_beam_0298,beam,P3,721,165,-29232.729710719752,50075.12212602286,-11818.611301105413,-65335.40289383313,-17037.519674529976,114388.21358693269,29232.729710719752,-50075.12212602286,11818.611301105413,65335.40289383313,72473.13267472142,120490.91225891761
CASE_G,10668,E2-P3-V-085,A-V-0668,SOL2_3_beam_0299,beam,P3,720,40,-1972488.7042958792,17636.354839000178,-242947.45294245274,-103703.8157336009,152140.09680027713,86263.62884574462,1972488.7042958792,-17636.354839000178,242947.45294245274,103703.8157336009,1130023.2514596984,6812.826567145799
CASE_G,10669,E2-P3-V-063,A-V-0669,SOL2_3_beam_0300,beam,P3,34,716,-811245.9366980576,16961.292560714017,122894.49454633577,-11041.70167518513,-510724.3846088719,26111.416223489665,811245.9366980576,-16961.292560714017,-122894.49454633577,11041.70167518513,-141659.04584943267,63927.33015496194
CASE_G,10670,E2-P3-V-064,A-V-0670,SOL2_3_beam_0301,beam,P3,34,718,2004.4940477662747,-2499.698937708549,-22450.533711675474,11127.887250307102,101770.44329016175,-6142.893203035387,-2004.4940477662747,2499.698937708549,22450.533711675474,-11127.887250307102,3961.798576587309,-5629.6007639301515
CASE_G,10671,E2-P3-V-051,A-V-0671,SOL2_3_beam_0302,beam,P3,716,33,-405671.1369768149,-14865.170203563144,58070.32650670746,-6932.282644292137,66488.6702137014,-34357.14023999114,405671.1369768149,14865.170203563144,-58070.32650670746,6932.282644292137,-339974.63212182326,-35651.341141284356
CASE_G,10672,E2-P3-V-052,A-V-0672,SOL2_3_beam_0303,beam,P3,716,33,-405671.1369768149,-14865.170203563144,58070.32650670746,-6932.282644292137,66488.6702137014,-34357.14023999114,405671.1369768149,14865.170203563144,-58070.32650670746,6932.282644292137,-339974.63212182326,-35651.341141284356
CASE_G,10673,E2-P3-V-054,A-V-0673,SOL2_3_beam_0304,beam,P3,36,719,-11645.49242613715,-21987.268534817762,-22156.374165134413,-13581.914672923613,112920.71564424508,-51716.431333534914,11645.49242613715,21987.268534817762,22156.374165134413,13581.914672923613,-8573.837204563111,-51834.03319299492
CASE_G,10674,E2-P3-V-053,A-V-0674,SOL2_3_beam_0305,beam,P3,36,719,-11645.49242613715,-21987.268534817762,-22156.374165134413,-13581.914672923613,112920.71564424508,-51716.431333534914,11645.49242613715,21987.268534817762,22156.374165134413,13581.914672923613,-8573.837204563111,-51834.03319299492
CASE_G,10675,E2-P3-V-066,A-V-0675,SOL2_3_beam_0306,beam,P3,717,35,-4265.748564538393,2763.08452005431,-44636.416038136325,-35919.45618522037,-30549.22890107447,9395.185899015843,4265.748564538393,-2763.08452005431,44636.416038136325,35919.45618522037,240767.31980350462,3617.739518464119
CASE_G,10676,E2-P3-V-065,A-V-0676,SOL2_3_beam_0307,beam,P3,717,35,-4265.748564538393,2763.08452005431,-44636.416038136325,-35919.45618522037,-30549.22890107447,9395.185899015843,4265.748564538393,-2763.08452005431,44636.416038136325,35919.45618522037,240767.31980350462,3617.739518464119
CASE_G,10677,E2-P3-V-058,A-V-0677,SOL2_3_beam_0309,beam,P3,719,711,8523.087278552137,26725.2205183704,-37558.90679734653,11624.98872822959,72461.59521806962,102399.87560662736,-8523.087278552137,-26725.2205183704,37558.90679734653,-11624.98872822959,199840.4790626927,91357.97315155802
CASE_G,10678,E2-P3-V-062,A-V-0678,SOL2_3_beam_0310,beam,P3,717,711,-2920.5739111345047,-6807.3096494806205,66822.29836459749,49908.3616516294,-248249.60424562107,-28442.663626345362,2920.5739111345047,6807.3096494806205,-66822.29836459749,-49908.3616516294,-237868.264276762,-21079.052001002216
CASE_G,10679,E2-P3-V-040,A-V-0679,SOL2_3_beam_0311,beam,P3,709,723,35445.038631131094,10560.98419271152,-11132.98522200114,23512.64691674727,88735.18261093841,17712.314595955373,-35445.038631131094,-10560.98419271152,11132.98522200114,-23512.64691674727,-42438.52602616619,26205.66864190319
CASE_G,10680,E2-P3-V-036,A-V-0680,SOL2_3_beam_0312,beam,P3,709,724,-115513.40999497156,35030.28967484915,46120.220533926135,-8436.150542720645,-97762.84268093847,86300.0595335789,115513.40999497156,-35030.28967484915,-46120.220533926135,8436.150542720645,-78185.7986559898,47340.49557597065
CASE_G,10681,E2-P3-V-044,A-V-0681,SOL2_3_beam_0313,beam,P3,725,36,18412.51840866566,-32075.91489778782,-25239.178221995982,-8533.004648629827,-17950.18582206953,-65661.86364955157,-18412.51840866566,32075.91489778782,25239.178221995982,8533.004648629827,105353.93738331663,-45417.63633126195
CASE_G,10682,E2-P3-V-043,A-V-0682,SOL2_3_beam_0314,beam,P3,726,36,-399.65794178250957,-1727.4917381488096,-12999.377064520519,-5732.3309024159225,13899.149994244133,-1598.8124610110972,399.65794178250957,1727.4917381488096,12999.377064520519,5732.3309024159225,31117.938652807377,-4383.524102295791
CASE_G,10683,E2-P3-V-038,A-V-0683,SOL2_3_beam_0315,beam,P3,726,727,-1755.6195994919055,248.50351644887965,4527.833064519104,13350.307738733072,6914.858741753949,1598.8124610111042,1755.6195994919055,-248.50351644887965,-4527.833064519104,-13350.307738733072,-27222.190036122134,-484.2741897378787
CASE_G,10684,E2-P3-V-034,A-V-0684,SOL2_3_beam_0316,beam,P3,728,729,-35657.46794599156,-3477.688744638839,547.8836519457461,-13760.192200740627,44352.991065968585,-17706.777289655343,35657.46794599156,3477.688744638839,-547.8836519457461,13760.192200740627,-46645.88414936153,3152.6498933418006
CASE_G,10685,E2-P3-V-042,A-V-0685,SOL2_3_beam_0317,beam,P3,730,33,95.48063700746516,1770.5472667391757,-17842.27293547833,-13124.152592527336,-14541.917097731945,-463.7667255137794,-95.48063700746516,-1770.5472667391757,17842.27293547833,13124.152592527336,76330.04574533665,6595.205398689319
CASE_G,10686,E2-P3-V-041,A-V-0686,SOL2_3_beam_0318,beam,P3,731,33,-101161.4524599943,25227.499523543735,-123080.96655940617,-21315.89208850292,8552.926498797431,56941.87436555353,101161.4524599943,-25227.499523543735,123080.96655940617,21315.89208850292,491290.6835426758,45509.42079941748
CASE_G,10687,E2-P3-V-023,A-V-0687,SOL2_3_beam_0319,beam,P3,731,732,-98710.33536636543,-1341.0629784314776,56556.17542937942,19043.484615589645,-26075.13047440967,-20638.751695526422,98710.33536636543,1341.0629784314776,-56556.17542937942,-19043.484615589645,-186010.52738576315,15609.76552640838
CASE_G,10688,E2-P3-V-024,A-V-0688,SOL2_3_beam_0320,beam,P3,731,733,-3538.3141203754744,-8966.61850007741,12986.975313267794,27772.214442538578,4791.33098792005,-31038.316689290692,3538.3141203754744,8966.61850007741,-12986.975313267794,-27772.214442538578,-46435.80432441717,2285.655192850405
CASE_G,10689,E2-P3-V-015,A-V-0689,SOL2_3_beam_0321,beam,P3,732,734,12370.419997221603,682.9285198162713,11987.097462819089,-11508.337851705672,-246.94160353162442,13537.520722051935,-12370.419997221603,-682.9285198162713,-11987.097462819089,11508.337851705672,-52676.093694814655,-10522.391307063097
CASE_G,10690,E2-P3-V-019,A-V-0690,SOL2_3_beam_0322,beam,P3,733,734,7246.594085729532,-6356.6334090860455,-6080.4596867317305,-34339.84987808377,41813.329557074794,-2285.6551928502795,-7246.594085729532,6356.6334090860455,6080.4596867317305,34339.84987808377,-18331.238986021992,-22262.98900996496
CASE_G,10691,E2-P3-V-032,A-V-0691,SOL2_3_beam_0323,beam,P3,37,728,-18854.17961845223,-33218.13789392774,23675.480953589584,-4078.2787353404033,-35936.42360512678,-49993.76833758825,18854.17961845223,33218.13789392774,-23675.480953589584,4078.2787353404033,-46052.21473957023,-65041.27148307437
CASE_G,10692,E2-P3-V-031,A-V-0692,SOL2_3_beam_0324,beam,P3,37,728,-18854.17961845223,-33218.13789392774,23675.480953589584,-4078.2787353404033,-35936.42360512678,-49993.76833758825,18854.17961845223,33218.13789392774,-23675.480953589584,4078.2787353404033,-46052.21473957023,-65041.27148307437
CASE_G,10693,E2-P3-V-017,A-V-0693,SOL2_3_beam_0325,beam,P3,37,735,10909.992360322874,5716.947610883279,38753.616783126556,22302.256319489614,-113887.64071051942,14582.665450037528,-10909.992360322874,-5716.947610883279,-38753.616783126556,-22302.256319489614,3407.7128404770774,1715.3736006608224
CASE_G,10694,E2-P3-V-021,A-V-0694,SOL2_3_beam_0326,beam,P3,37,735,10909.992360322874,5716.947610883279,38753.616783126556,22302.256319489614,-113887.64071051942,14582.665450037528,-10909.992360322874,-5716.947610883279,-38753.616783126556,-22302.256319489614,3407.7128404770774,1715.3736006608224
CASE_G,10695,E2-P3-V-046,A-V-0695,SOL2_3_beam_0327,beam,P3,707,38,3.847127788107673e-08,1.4219742053985739e-09,-19428.924000000174,5295.192752164983,-60894.71664989705,5.642454089224587e-10,-3.847127788107673e-08,-1.4219742053985739e-09,19428.924000000174,-5295.192752164983,128177.44794415198,4.360078159855362e-09
CASE_G,10696,E2-P3-V-045,A-V-0696,SOL2_3_beam_0328,beam,P3,709,38,-60061.090237326636,-60756.11063202,-80130.23352276634,12115.256189772403,-83237.91930646944,-158793.86720109932,60061.090237326636,60756.11063202,80130.23352276634,-12115.256189772403,408654.48302961874,-87942.52526727108
CASE_G,10697,E2-P3-V-047,A-V-0697,SOL2_3_beam_0329,beam,P3,33,36,12703.806759709198,743.7327089197653,-5811.753172322914,16323.568821438239,26332.121804840142,4695.452322137444,-12703.806759709198,-743.7327089197653,5811.753172322914,-16323.568821438239,25392.481428833795,1923.768787248468
CASE_G,10698,E2-P3-V-049,A-V-0698,SOL2_3_beam_0330,beam,P3,33,36,12703.806759709198,743.7327089197653,-5811.753172322914,16323.568821438239,26332.121804840142,4695.452322137444,-12703.806759709198,-743.7327089197653,5811.753172322914,-16323.568821438239,25392.481428833795,1923.768787248468
CASE_G,10699,E2-P3-V-048,A-V-0699,SOL2_3_beam_0331,beam,P3,36,38,36021.52483858635,28051.97200471757,-6298.995932766564,-16354.743121513458,25386.08731014161,105176.39570075135,-36021.52483858635,-28051.97200471757,6298.995932766564,16354.743121513458,20281.63320241598,98200.40133345104
CASE_G,10700,E2-P3-V-050,A-V-0700,SOL2_3_beam_0332,beam,P3,36,38,36021.52483858635,28051.97200471757,-6298.995932766564,-16354.743121513458,25386.08731014161,105176.39570075135,-36021.52483858635,-28051.97200471757,6298.995932766564,16354.743121513458,20281.63320241598,98200.40133345104
CASE_G,10701,E2-P3-V-068,A-V-0701,SOL2_3_beam_0333,beam,P3,710,39,-434841.01043115015,-27000.008996710472,-89582.3796540254,113.15573003315151,-5144.541947584832,-61989.30110743588,434841.01043115015,27000.008996710472,89582.3796540254,-113.15573003315151,480691.1509559851,-81339.80860331525
CASE_G,10702,E2-P3-V-067,A-V-0702,SOL2_3_beam_0334,beam,P3,711,39,-360962.67975810973,8332.82693567449,-81760.85198460102,-30177.438390412917,-15565.357636253291,26978.872825280887,360962.67975810973,-8332.82693567449,81760.85198460102,30177.438390412917,449591.5139080199,17255.80377091958
CASE_G,10703,E2-P3-V-006,A-V-0703,SOL2_3_beam_0335,beam,P3,321,736,1192.9345487814476,656.4081462893624,-2708.698343480697,-19928.482204384793,9432.87619708473,403.6762262768649,-1192.9345487814476,-656.4081462893624,2708.698343480697,19928.482204384793,-2978.157734713376,1160.5178047426314
CASE_G,10704,E2-P3-V-003,A-V-0704,SOL2_3_beam_0336,beam,P3,321,736,1192.9345487814476,656.4081462893624,-2708.698343480697,-19928.482204384793,9432.87619708473,403.6762262768649,-1192.9345487814476,-656.4081462893624,2708.698343480697,19928.482204384793,-2978.157734713376,1160.5178047426314
CASE_G,10705,E2-P3-V-005,A-V-0705,SOL2_3_beam_0337,beam,P3,736,737,-13.644539204748977,-596.0641318922354,3375.547701832924,3206.912452645917,-17577.490032302117,-757.0812123719713,13.644539204748977,596.0641318922354,-3375.547701832924,-3206.912452645917,-8144.183455664756,-3784.927472646861
CASE_G,10706,E2-P3-V-002,A-V-0706,SOL2_3_beam_0338,beam,P3,736,737,-13.644539204748977,-596.0641318922354,3375.547701832924,3206.912452645917,-17577.490032302117,-757.0812123719713,13.644539204748977,596.0641318922354,-3375.547701832924,-3206.912452645917,-8144.183455664756,-3784.927472646861
CASE_G,10707,E2-P3-V-004,A-V-0707,SOL2_3_beam_0339,beam,P3,737,322,-1124.7826704274555,5713.644038196539,-5333.030424204328,29910.070719940843,18893.968652486088,12540.43446093387,1124.7826704274555,-5713.644038196539,5333.030424204328,-29910.070719940843,-4851.322803967592,2504.422468578933
CASE_G,10708,E2-P3-V-001,A-V-0708,SOL2_3_beam_0340,beam,P3,737,322,-1124.7826704274555,5713.644038196539,-5333.030424204328,29910.070719940843,18893.968652486088,12540.43446093387,1124.7826704274555,-5713.644038196539,5333.030424204328,-29910.070719940843,-4851.322803967592,2504.422468578933
CASE_G,10709,E2-P3-V-011,A-V-0709,SOL2_3_beam_0341,beam,P3,736,735,1499.8131442405518,-972.3054672702817,-18146.61154531371,15650.657111593628,25003.868843502503,-403.43659236565054,-1499.8131442405518,972.3054672702817,18146.61154531371,-15650.657111593628,30610.388798669585,-2576.4060426427773
CASE_G,10710,E2-P3-V-010,A-V-0710,SOL2_3_beam_0342,beam,P3,736,735,1499.8131442405518,-972.3054672702817,-18146.61154531371,15650.657111593628,25003.868843502503,-403.43659236565054,-1499.8131442405518,972.3054672702817,18146.61154531371,-15650.657111593628,30610.388798669585,-2576.4060426427773
CASE_G,10711,E2-P3-V-018,A-V-0711,SOL2_3_beam_0343,beam,P3,735,738,18266.714321140724,10871.71713991188,10497.65947562487,-18916.73385321848,-27241.928047317368,1722.0648839627975,-18266.714321140724,-10871.71713991188,-10497.65947562487,18916.73385321848,-15955.94069487897,43015.05114677459
CASE_G,10712,E2-P3-V-022,A-V-0712,SOL2_3_beam_0344,beam,P3,739,708,16936.08827500578,4813.968650801689,-6908.851210841522,-2631.0071496017895,14689.862852666367,16932.475397495058,-16936.08827500578,-4813.968650801689,6908.851210841522,2631.0071496017895,11667.40451669405,1432.8150053133922
CASE_G,10713,E2-P3-V-028,A-V-0713,SOL2_3_beam_0345,beam,P3,739,724,2406.984325398738,-8468.044137503834,-14249.481894579301,7344.931426333095,1315.5035748008522,-8466.237698747607,-2406.984325398738,8468.044137503834,14249.481894579301,-7344.931426333095,43570.36439312395,-18208.10133438947
CASE_G,10714,E2-P3-V-027,A-V-0714,SOL2_3_beam_0346,beam,P3,739,724,2406.984325398738,-8468.044137503834,-14249.481894579301,7344.931426333095,1315.5035748008522,-8466.237698747607,-2406.984325398738,8468.044137503834,14249.481894579301,-7344.931426333095,43570.36439312395,-18208.10133438947
CASE_G,10715,E2-P3-V-039,A-V-0715,SOL2_3_beam_0347,beam,P3,723,725,33550.397730739736,15564.573967509798,-21870.957221999983,17143.492762449725,45386.933276098905,-26205.668641903198,-33550.397730739736,-15564.573967509798,21870.957221999983,-17143.492762449725,10055.943281671054,65661.86364954054
CASE_G,10716,E2-P3-V-035,A-V-0716,SOL2_3_beam_0348,beam,P3,724,728,-98577.32171996558,39844.25832565143,-14083.187255232759,78704.5782435274,92875.66150865584,-10924.292907191702,98577.32171996558,-39844.25832565143,14083.187255232759,-78704.5782435274,-44499.91328693133,147789.32025580434
CASE_G,10717,E2-P3-V-009,A-V-0717,SOL2_3_beam_0349,beam,P3,737,734,-6325.584838968913,-1077.2202765540655,-3180.6558739626903,-9989.947034457355,27816.724288920643,-8755.506988287692,6325.584838968913,1077.2202765540655,3180.6558739626903,9989.947034457355,-18068.909122219167,5454.129987515288
CASE_G,10718,E2-P3-V-008,A-V-0718,SOL2_3_beam_0350,beam,P3,737,734,-6325.584838968913,-1077.2202765540655,-3180.6558739626903,-9989.947034457355,27816.724288920643,-8755.506988287692,6325.584838968913,1077.2202765540655,3180.6558739626903,9989.947034457355,-18068.909122219167,5454.129987515288
CASE_G,10719,E2-P3-V-026,A-V-0719,SOL2_3_beam_0351,beam,P3,740,729,2296.478488119012,-4242.303209985001,580.448765650042,24746.43936227479,8051.418173955137,-6525.28231837973,-2296.478488119012,4242.303209985001,-580.448765650042,-24746.43936227479,-9879.831785752769,-6837.972793073024
CASE_G,10720,E2-P3-V-025,A-V-0720,SOL2_3_beam_0352,beam,P3,740,729,2296.478488119012,-4242.303209985001,580.448765650042,24746.43936227479,8051.418173955137,-6525.28231837973,-2296.478488119012,4242.303209985001,-580.448765650042,-24746.43936227479,-9879.831785752769,-6837.972793073024
CASE_G,10721,E2-P3-V-016,A-V-0721,SOL2_3_beam_0353,beam,P3,734,37,19051.217118265817,9541.439564442417,-46461.406971838,-15457.093748232677,80987.53548026443,21877.12034199712,-19051.217118265817,-9541.439564442417,46461.406971838,15457.093748232677,141766.80947345396,23868.311374720914
CASE_G,10722,E2-P3-V-020,A-V-0722,SOL2_3_beam_0354,beam,P3,740,37,8772.225079363812,4016.449557045748,-31109.946531300197,-12763.7538263044,50457.23903615876,13050.564636759653,-8772.225079363812,-4016.449557045748,31109.946531300197,12763.7538263044,89382.66272146931,5003.465475656373
CASE_G,10723,E2-P3-V-037,A-V-0723,SOL2_3_beam_0355,beam,P3,727,730,-1755.6195994907991,248.50351644865097,-10892.991935480337,13350.30773873308,27222.19003612231,484.2741897378115,1755.6195994907991,-248.50351644865097,10892.991935480337,-13350.30773873308,14334.574197735164,463.7667255137917
CASE_G,10724,E2-P3-V-033,A-V-0724,SOL2_3_beam_0356,beam,P3,729,731,-27172.861526006374,1115.2682316150447,-35047.709816756585,-33519.855772246025,96138.76287391056,10523.295692803073,27172.861526006374,-1115.2682316150447,35047.709816756585,33519.855772246025,69111.18891209677,-5264.805980738136
CASE_G,10725,E2-P3-V-014,A-V-0725,SOL2_3_beam_0357,beam,P3,741,706,0.0,2.4980018054066017e-10,-3170.8569999994875,-0.0,-4.2928149923682213e-10,5.551115123125783e-10,0.0,-2.4980018054066017e-10,3170.8569999994875,0.0,5073.371199999609,-1.5543122344752197e-10
CASE_G,10726,E2-P3-V-012,A-V-0726,SOL2_3_beam_0358,beam,P3,317,738,10455.265541718903,-18508.228119196145,9517.557524376494,16380.232577211467,-10028.488382253398,-12560.902010779986,-10455.265541718903,18508.228119196145,-9517.557524376494,-16380.232577211467,-18550.54834360547,-43015.05114677472
CASE_G,10727,E2-P3-V-013,A-V-0727,SOL2_3_beam_0359,beam,P3,732,742,-1.0408340855860843e-08,-1.0408340855860845e-10,3170.8569999999445,-0.0,-5073.3711999999505,-2.109423746787798e-10,1.0408340855860843e-08,1.0408340855860845e-10,-3170.8569999999445,0.0,3.9108272176235914e-11,4.440892098500626e-11
CASE_G,10728,E2-P3-V-007,A-V-0728,SOL2_3_beam_0360,beam,P3,732,316,-99426.23427116526,-10728.073492439968,12045.02596655991,-20004.042049062125,179497.46755418566,-29147.286248461794,99426.23427116526,10728.073492439968,-12045.02596655991,20004.042049062125,-216533.18817746814,-3839.1044654409343
CASE_G,10729,E2-P4-V-057,A-V-0729,SOL2_4_beam_0361,beam,P4,743,744,0.0,2.3135586897618814e-09,-11601.323000000008,-1.462354439457204e-10,-4385.757419998532,1.704894207930133e-10,0.0,-2.3135586897618814e-09,11601.323000000008,1.462354439457204e-10,54851.51246999856,9.893490879671169e-09
CASE_G,10730,E2-P4-V-056,A-V-0730,SOL2_4_beam_0362,beam,P4,745,746,-43331.6952008978,2501.0668710449913,24614.412328239483,-16554.370884045104,47602.524392652675,-688.5177161591464,43331.6952008978,-2501.0668710449913,-24614.412328239483,16554.370884045104,-125137.92322660705,8566.87835995087
CASE_G,10731,E2-P4-V-093,A-V-0731,SOL2_4_beam_0363,beam,P4,46,747,1.506781602728086e-08,4.267204601309926e-09,1.226991738395825e-09,1.1154266674752194e-10,-2.4861896445013417e-09,9.522859729241505e-09,-1.506781602728086e-08,-4.267204601309926e-09,-1.226991738395825e-09,-1.1154266674752194e-10,-2.26017240409213e-10,-9.040689616368536e-11
CASE_G,10732,E2-P4-V-101,A-V-0732,SOL2_4_beam_0364,beam,P4,748,749,0.0,6.13191150498541e-09,1.0111661887292715e-08,-0.0,2.1627721258931415e-10,6.1518851580961e-11,0.0,-6.13191150498541e-09,-1.0111661887292715e-08,0.0,-2.3574216172235474e-08,1.4103196724935329e-08
CASE_G,10733,E2-P4-V-092,A-V-0733,SOL2_4_beam_0365,beam,P4,46,750,0.0,-1.0742994331732342e-09,0.0,-4.461706669900879e-12,-2.2601724040921294e-10,-2.985436615538582e-09,0.0,1.0742994331732342e-09,0.0,4.461706669900879e-12,2.2601724040921294e-10,6.107488096391177e-10
CASE_G,10734,E2-P4-V-100,A-V-0734,SOL2_4_beam_0366,beam,P4,751,752,0.0,-2.1869582510313975e-10,0.0,-0.0,-1.4608197692436276e-10,-4.155220676959653e-11,0.0,2.1869582510313975e-10,0.0,0.0,1.4608197692436276e-10,-3.324176541567722e-10
CASE_G,10735,E2-P4-V-132,A-V-0735,SOL2_4_beam_0367,beam,P4,753,754,-190727.19288573664,1509.9690147235547,2241.695047879362,-11475.330201246565,-11544.935386022511,11709.761597460925,190727.19288573664,-1509.9690147235547,-2241.695047879362,11475.330201246565,9751.57934771902,-10501.78638568208
CASE_G,10736,E2-P4-V-126,A-V-0736,SOL2_4_beam_0368,beam,P4,47,753,-188757.53837335182,27381.267675123174,2241.695047892592,-12936.018531037702,-14835.856668917926,72234.75160526355,188757.53837335182,-27381.267675123174,-2241.695047892592,12936.018531037702,9880.696375244614,-11709.761597473778
CASE_G,10737,E2-P4-V-136,A-V-0737,SOL2_4_beam_0369,beam,P4,754,755,-190727.19288492625,1509.9690147677911,2241.6950478908675,-11475.330201246541,-9751.57934770875,10501.786385682975,190727.19288492625,-1509.9690147677911,-2241.6950478908675,11475.330201246541,4573.2637870808485,-7013.757961569379
CASE_G,10738,E2-P4-V-131,A-V-0738,SOL2_4_beam_0370,beam,P4,756,757,222360.3426349528,36134.714127054875,1950.590623135684,-14837.722471086587,-25367.903403972396,-10545.840246024069,-222360.3426349528,-36134.714127054875,-1950.590623135684,14837.722471086587,23807.430905463847,39453.61154766799
CASE_G,10739,E2-P4-V-125,A-V-0739,SOL2_4_beam_0371,beam,P4,47,756,215398.76950291428,65978.85751029098,1950.590623152537,-11257.53294368737,-31458.63023640514,135297.28648271796,-215398.76950291428,-65978.85751029098,-1950.590623152537,11257.53294368737,27146.942429384548,10545.840245992993
CASE_G,10740,E2-P4-V-133,A-V-0740,SOL2_4_beam_0372,beam,P4,757,758,222360.34263500452,36134.71412704738,1950.5906231613544,-14837.722471086594,-23807.430905458914,-39453.61154766432,-222360.34263500452,-36134.71412704738,-1950.5906231613544,14837.722471086594,20471.920939852997,101243.97270491536
CASE_G,10741,E2-P4-V-124,A-V-0741,SOL2_4_beam_0373,beam,P4,47,43,23525.7964413532,-28899.863894898557,-8980.374052106517,11762.828612353202,23345.25014425182,-98821.75875101538,-23525.7964413532,28899.863894898557,8980.374052106517,-11762.828612353202,41762.46173352044,-110702.25448699917
CASE_G,10742,E2-P4-V-122,A-V-0742,SOL2_4_beam_0374,beam,P4,47,43,23525.7964413532,-28899.863894898557,-8980.374052106517,11762.828612353202,23345.25014425182,-98821.75875101538,-23525.7964413532,28899.863894898557,8980.374052106517,-11762.828612353202,41762.46173352044,-110702.25448699917
CASE_G,10743,E2-P4-V-130,A-V-0743,SOL2_4_beam_0375,beam,P4,43,759,-197853.6917434542,42286.43484376048,8798.809406043285,-9640.464799794478,-53846.72644892371,86838.5557242552,197853.6917434542,-42286.43484376048,-8798.809406043285,9640.464799794478,12408.163953842304,112312.14661552184
CASE_G,10744,E2-P4-V-129,A-V-0744,SOL2_4_beam_0376,beam,P4,43,760,-214601.07856078979,54029.90482732438,-29790.226367262254,109060.18001524181,52437.53199656435,114366.51129045166,214601.07856078979,-54029.90482732438,29790.226367262254,-109060.18001524181,87861.46757200817,140090.82315898236
CASE_G,10745,E2-P4-V-105,A-V-0745,SOL2_4_beam_0378,beam,P4,762,763,57442.338842987716,20222.8018422791,28348.668689767528,-30601.71416547909,-177550.24797015224,91126.90962588025,-57442.338842987716,-20222.8018422791,-28348.668689767528,30601.71416547909,-57743.70215491829,76722.34566503631
CASE_G,10746,E2-P4-V-102,A-V-0746,SOL2_4_beam_0379,beam,P4,764,761,-37971.48806069471,-13337.803784845282,-14573.188749939063,7209.5079389897255,106199.62076989663,-65725.1262477123,37971.48806069471,13337.803784845282,14573.188749939063,-7209.5079389897255,23501.75910456103,-52981.32743741071
CASE_G,10747,E2-P4-V-140,A-V-0747,SOL2_4_beam_0381,beam,P4,760,766,-45559.531706200905,-28485.316616835138,3713.709011623891,31233.88811670803,-95569.39879530478,-115381.92069747706,45559.531706200905,28485.316616835138,-3713.709011623891,-31233.88811670803,64665.18067473275,-121663.15612594713
CASE_G,10748,E2-P4-V-137,A-V-0748,SOL2_4_beam_0382,beam,P4,760,765,-24323.490289328736,-23455.44578367108,-52970.218629276,13887.862527513984,297902.84729821334,-95592.00313356987,24323.490289328736,23455.44578367108,52970.218629276,-13887.862527513984,173532.09850234308,-113161.46434110272
CASE_G,10749,E2-P4-V-138,A-V-0749,SOL2_4_beam_0383,beam,P4,759,758,766.1408104572768,-31427.630745600418,-844.2277949772408,15381.623330473894,3480.8456636550154,-102316.37299717955,-766.1408104572768,31427.630745600418,844.2277949772408,-15381.623330473894,2133.269172943636,-106677.37146106323
CASE_G,10750,E2-P4-V-141,A-V-0750,SOL2_4_beam_0384,beam,P4,759,758,766.1408104572768,-31427.630745600418,-844.2277949772408,15381.623330473894,3480.8456636550154,-102316.37299717955,-766.1408104572768,31427.630745600418,844.2277949772408,-15381.623330473894,2133.269172943636,-106677.37146106323
CASE_G,10751,E2-P4-V-149,A-V-0751,SOL2_4_beam_0385,beam,P4,759,184,-263569.70538545866,22092.157557522034,10487.264995993786,-875.7070445779843,-43791.440175899625,92320.59937882602,263569.70538545866,-22092.157557522034,-10487.264995993786,875.7070445779843,-11689.979032092027,24554.892479738555
CASE_G,10752,E2-P4-V-148,A-V-0752,SOL2_4_beam_0386,beam,P4,760,184,-154946.14803345234,13941.220270966614,19466.283250389864,-105035.73889914132,-33342.09564686304,70883.10067208177,154946.14803345234,-13941.220270966614,-19466.283250389864,105035.73889914132,-70038.20318157024,3155.045136603876
CASE_G,10753,E2-P4-V-151,A-V-0753,SOL2_4_beam_0387,beam,P4,767,768,-190727.19288507052,1509.9690147625226,2241.695047891074,-11475.33020124648,1232.7263869869862,3102.9382133444174,190727.19288507052,-1509.9690147625226,-2241.695047891074,11475.33020124648,-3026.082425299847,-1894.9630015343982
CASE_G,10754,E2-P4-V-145,A-V-0754,SOL2_4_beam_0388,beam,P4,755,767,-190727.19288494563,1509.9690147583262,2241.695047902182,-11475.330201246492,-4573.263787071586,7013.757961569873,190727.19288494563,-1509.9690147583262,-2241.695047902182,11475.330201246492,-1232.7263869950646,-3102.9382133458084
CASE_G,10755,E2-P4-V-155,A-V-0755,SOL2_4_beam_0389,beam,P4,768,187,-190057.44540114308,-16040.871543146914,2241.6950479065517,-11705.03760010253,1957.6702614407327,1894.9630015308012,190057.44540114308,16040.871543146914,-2241.6950479065517,11705.03760010253,-4882.030832319369,-22820.776397565685
CASE_G,10756,E2-P4-V-150,A-V-0756,SOL2_4_beam_0390,beam,P4,769,770,285215.6041262541,37666.99574761605,262.1350331573169,-10571.184125194426,11127.536477037584,-8046.94621866932,-285215.6041262541,-37666.99574761605,-262.1350331573169,10571.184125194426,-11337.244503563437,38180.54281676219
CASE_G,10757,E2-P4-V-144,A-V-0757,SOL2_4_beam_0391,beam,P4,758,769,285215.604126229,37666.99574790872,262.1350332092712,-10571.184125198346,10291.325721097794,112110.7702171453,-285215.604126229,-37666.99574790872,-262.1350332092712,10571.184125198346,-11127.536477035368,8046.9462186834135
CASE_G,10758,E2-P4-V-154,A-V-0758,SOL2_4_beam_0392,beam,P4,770,187,280590.74348184234,-63526.19993338713,262.13503314032306,-5986.286772592791,14298.511021049551,-38180.54281676731,-280590.74348184234,63526.19993338713,-262.13503314032306,5986.286772592791,-14661.527915090937,-49793.51968759663
CASE_G,10759,E2-P4-V-123,A-V-0759,SOL2_4_beam_0393,beam,P4,43,42,10136.396364279888,14988.769830996971,-15883.388959642458,-43259.87559583871,65454.83006208722,67396.04724591383,-10136.396364279888,-14988.769830996971,15883.388959642458,43259.87559583871,75907.33167873065,66004.00424995922
CASE_G,10760,E2-P4-V-121,A-V-0760,SOL2_4_beam_0394,beam,P4,43,42,10136.396364279888,14988.769830996971,-15883.388959642458,-43259.87559583871,65454.83006208722,67396.04724591383,-10136.396364279888,-14988.769830996971,15883.388959642458,43259.87559583871,75907.33167873065,66004.00424995922
CASE_G,10761,E2-P4-V-128,A-V-0761,SOL2_4_beam_0395,beam,P4,42,771,0.0,1.1186755170924728e-09,-3.651926213722636e-09,4.2275828394385555e-09,8.995763137266666e-09,2.8614480019902963e-09,0.0,-1.1186755170924728e-09,3.651926213722636e-09,-4.2275828394385555e-09,4.352788614806455e-10,2.7513923096060653e-11
CASE_G,10762,E2-P4-V-135,A-V-0762,SOL2_4_beam_0396,beam,P4,772,765,0.0,5.97032022485117e-10,3.848057957423603e-09,2.156252554365226e-10,-4.2667796486328536e-09,6.505227069631176e-09,0.0,-5.97032022485117e-10,-3.848057957423603e-09,-2.156252554365226e-10,-1.3653694875625132e-09,-5.631390597591167e-09
CASE_G,10763,E2-P4-V-127,A-V-0763,SOL2_4_beam_0397,beam,P4,42,773,0.0,7.351296255179104e-10,-1.6855044063335246e-09,3.7502135034585926e-09,4.788067476287097e-09,1.9259746167242374e-09,0.0,-7.351296255179104e-10,1.6855044063335246e-09,-3.7502135034585926e-09,-4.3527886148064467e-10,-2.7513923096060653e-11
CASE_G,10764,E2-P4-V-134,A-V-0764,SOL2_4_beam_0398,beam,P4,774,765,0.0,-9.568391004638799e-10,8.409718656420818e-10,-0.0,-7.484649604214532e-10,-4.790175746697303e-10,0.0,9.568391004638799e-10,-8.409718656420818e-10,0.0,-3.742324802107266e-10,-7.983626244495503e-10
CASE_G,10765,E2-P4-V-147,A-V-0765,SOL2_4_beam_0399,beam,P4,775,776,-31696.067233022404,43387.13535147069,3713.7090116445156,-62244.88393067023,-28517.583543283235,36407.43516029745,31696.067233022404,-43387.13535147069,-3713.7090116445156,62244.88393067023,25546.61633396762,-1697.7268791208626
CASE_G,10766,E2-P4-V-143,A-V-0766,SOL2_4_beam_0400,beam,P4,766,775,-31696.06723311184,43387.135351475394,3713.709011666485,-62244.883930670134,-35815.02175122449,121663.1561259522,31696.06723311184,-43387.135351475394,-3713.709011666485,62244.883930670134,28517.58354329985,-36407.43516030305
CASE_G,10767,E2-P4-V-153,A-V-0767,SOL2_4_beam_0401,beam,P4,776,185,-34335.407600208666,41329.94044249533,3713.709011684927,-60533.91494496126,-29371.760639996082,1697.7268791172246,34335.407600208666,-41329.94044249533,-3713.709011684927,60533.91494496126,22212.70053489097,77975.593469155
CASE_G,10768,E2-P4-V-146,A-V-0768,SOL2_4_beam_0402,beam,P4,777,778,-23455.445783721032,24323.490289342306,-52970.218629290386,-173532.09850234492,-149756.47331162088,50771.71174896634,23455.445783721032,-24323.490289342306,52970.218629290386,173532.09850234492,192132.64821505322,-31312.919517492483
CASE_G,10769,E2-P4-V-142,A-V-0769,SOL2_4_beam_0403,beam,P4,765,777,-23455.44578368845,24323.49028933395,-52970.21862928739,-173532.09850234486,-13887.862527499092,113161.46434110728,23455.44578368845,-24323.49028933395,52970.21862928739,173532.09850234486,149756.4733116211,-50771.711748965754
CASE_G,10770,E2-P4-V-152,A-V-0770,SOL2_4_beam_0404,beam,P4,778,49,-19451.96662204811,27629.895245984117,-52970.21862928153,-200919.6900288838,-163277.74459322327,31312.919517493196,19451.96662204811,-27629.895245984117,52970.21862928153,200919.6900288838,266999.66825075174,22789.667927469065
CASE_G,10771,E2-P4-V-113,A-V-0771,SOL2_4_beam_0405,beam,P4,779,780,-78254.42762458828,-10617.966596314849,21891.328185822204,22738.184108444406,-64883.00273770955,-15094.426891592406,78254.42762458828,10617.966596314849,-21891.328185822204,-22738.184108444406,47369.94018905177,6600.0536145405185
CASE_G,10772,E2-P4-V-117,A-V-0772,SOL2_4_beam_0406,beam,P4,42,779,-78957.3098499996,1496.6224428759153,21891.328185821523,12529.116709965878,-110466.46546612163,-12163.863968101998,78957.3098499996,-1496.6224428759153,-21891.328185821523,-12529.116709965878,67600.66786119151,15094.426891591766
CASE_G,10773,E2-P4-V-107,A-V-0773,SOL2_4_beam_0407,beam,P4,780,761,-176731.657091401,36206.40565036189,72131.32506141267,-29276.535151889857,-181046.72851897657,10818.061826980622,176731.657091401,-36206.40565036189,-72131.32506141267,29276.535151889857,-3970.12026354688,82051.36866619761
CASE_G,10774,E2-P4-V-114,A-V-0774,SOL2_4_beam_0408,beam,P4,779,780,-78254.42762458828,-10617.966596314849,21891.328185822204,22738.184108444406,-64883.00273770955,-15094.426891592406,78254.42762458828,10617.966596314849,-21891.328185822204,-22738.184108444406,47369.94018905177,6600.0536145405185
CASE_G,10775,E2-P4-V-118,A-V-0775,SOL2_4_beam_0409,beam,P4,42,779,-78957.3098499996,1496.6224428759153,21891.328185821523,12529.116709965878,-110466.46546612163,-12163.863968101998,78957.3098499996,-1496.6224428759153,-21891.328185821523,-12529.116709965878,67600.66786119151,15094.426891591766
CASE_G,10776,E2-P4-V-108,A-V-0776,SOL2_4_beam_0410,beam,P4,780,763,36116.31531681139,-49032.599095294965,-28348.66868976732,46289.840057662426,104374.89787065439,-24018.16905606108,-36116.31531681139,49032.599095294965,28348.66868976732,-46289.840057662426,-46130.800511779904,-76722.34566503642
CASE_G,10777,E2-P4-V-094,A-V-0777,SOL2_4_beam_0411,beam,P4,781,782,-81696.92665301036,-882.5412051667323,28779.06815573598,-2887.388023664045,58399.404167044326,-12915.557502912592,81696.92665301036,882.5412051667323,-28779.06815573598,2887.388023664045,-81422.65869163313,12209.524538779206
CASE_G,10778,E2-P4-V-098,A-V-0778,SOL2_4_beam_0412,beam,P4,761,781,-81696.92665340059,-882.5412051664863,28779.06815573649,-2887.388023663948,5589.814101266536,-14535.020614392966,81696.92665340059,882.5412051664863,-28779.06815573649,2887.388023663948,-58399.40416704297,12915.557502912465
CASE_G,10779,E2-P4-V-090,A-V-0779,SOL2_4_beam_0413,beam,P4,782,41,-80721.31523959544,-12618.873546125473,28779.06815573954,-14563.461224235645,80161.661379887,-12209.524538778925,80721.31523959544,12618.873546125473,-28779.06815573954,14563.461224235645,-140214.30923905957,-14122.001045859244
CASE_G,10780,E2-P4-V-095,A-V-0780,SOL2_4_beam_0414,beam,P4,781,782,-81696.92665301036,-882.5412051667323,28779.06815573598,-2887.388023664045,58399.404167044326,-12915.557502912592,81696.92665301036,882.5412051667323,-28779.06815573598,2887.388023664045,-81422.65869163313,12209.524538779206
CASE_G,10781,E2-P4-V-099,A-V-0781,SOL2_4_beam_0415,beam,P4,761,781,-81696.92665340059,-882.5412051664863,28779.06815573649,-2887.388023663948,5589.814101266536,-14535.020614392966,81696.92665340059,882.5412051664863,-28779.06815573649,2887.388023663948,-58399.40416704297,12915.557502912465
CASE_G,10782,E2-P4-V-091,A-V-0782,SOL2_4_beam_0416,beam,P4,782,41,-80721.31523959544,-12618.873546125473,28779.06815573954,-14563.461224235645,80161.661379887,-12209.524538778925,80721.31523959544,12618.873546125473,-28779.06815573954,14563.461224235645,-140214.30923905957,-14122.001045859244
CASE_G,10783,E2-P4-V-086,A-V-0783,SOL2_4_beam_0417,beam,P4,41,44,-4197.184216049041,-2943.51474999367,-5607.80522001549,10674.315535827067,26549.99423574139,-14539.85154419918,4197.184216049041,2943.51474999367,5607.80522001549,-10674.315535827067,23359.472222396475,-11657.429730744483
CASE_G,10784,E2-P4-V-088,A-V-0784,SOL2_4_beam_0418,beam,P4,41,44,-4197.184216049041,-2943.51474999367,-5607.80522001549,10674.315535827067,26549.99423574139,-14539.85154419918,4197.184216049041,2943.51474999367,5607.80522001549,-10674.315535827067,23359.472222396475,-11657.429730744483
CASE_G,10785,E2-P4-V-097,A-V-0785,SOL2_4_beam_0419,beam,P4,44,764,-30549.281654326573,-17885.310945951234,-34288.377248394536,-30556.318687534083,129540.67200911566,-20292.924091192628,30549.281654326573,17885.310945951234,34288.377248394536,30556.318687534083,31942.66032521511,-63939.1056273651
CASE_G,10786,E2-P4-V-096,A-V-0786,SOL2_4_beam_0420,beam,P4,44,764,-30549.281654326573,-17885.310945951234,-34288.377248394536,-30556.318687534083,129540.67200911566,-20292.924091192628,30549.281654326573,17885.310945951234,34288.377248394536,30556.318687534083,31942.66032521511,-63939.1056273651
CASE_G,10787,E2-P4-V-112,A-V-0787,SOL2_4_beam_0421,beam,P4,762,43,-23988.259431585484,797.5505009050138,-40198.25144185867,519.2422956019783,-24629.207681365195,9268.892306051795,23988.259431585484,-797.5505009050138,40198.25144185867,-519.2422956019783,213945.4751098156,-5512.77659202842
CASE_G,10788,E2-P4-V-111,A-V-0788,SOL2_4_beam_0422,beam,P4,762,43,-23988.259431585484,797.5505009050138,-40198.25144185867,519.2422956019783,-24629.207681365195,9268.892306051795,23988.259431585484,-797.5505009050138,40198.25144185867,-519.2422956019783,213945.4751098156,-5512.77659202842
CASE_G,10789,E2-P4-V-089,A-V-0789,SOL2_4_beam_0423,beam,P4,46,44,-4544.093739623826,-5102.815255794571,2807.109093898674,23283.20728532839,-6028.366228061782,-15985.038875630216,4544.093739623826,5102.815255794571,-2807.109093898674,-23283.20728532839,-14323.174702703605,-21010.371728880426
CASE_G,10790,E2-P4-V-087,A-V-0790,SOL2_4_beam_0424,beam,P4,46,44,-4544.093739623826,-5102.815255794571,2807.109093898674,23283.20728532839,-6028.366228061782,-15985.038875630216,4544.093739623826,5102.815255794571,-2807.109093898674,-23283.20728532839,-14323.174702703605,-21010.371728880426
CASE_G,10791,E2-P4-V-103,A-V-0791,SOL2_4_beam_0425,beam,P4,764,752,-69777.47487792087,49915.26753581729,-54003.565746858556,-52653.18249305981,171257.64822063656,193603.33750244154,69777.47487792087,-49915.26753581729,54003.565746858556,52653.18249305981,220268.203444088,168282.35213223382
CASE_G,10792,E2-P4-V-106,A-V-0792,SOL2_4_beam_0426,beam,P4,762,752,56416.51603164343,-32521.73645364062,52047.83419395587,4128.0303025822595,-174310.44629493117,-109664.69423798408,-56416.51603164343,32521.73645364062,-52047.83419395587,-4128.0303025822595,-204326.3686425348,-126923.95345011003
CASE_G,10793,E2-P4-V-077,A-V-0793,SOL2_4_beam_0427,beam,P4,783,44,-10023.998953675396,13938.938672779004,-17898.36911829183,-13175.927651103646,3732.883402844207,26406.284256502993,10023.998953675396,-13938.938672779004,17898.36911829183,13175.927651103646,58249.50738685722,21864.52401098932
CASE_G,10794,E2-P4-V-076,A-V-0794,SOL2_4_beam_0428,beam,P4,784,44,1155.7480862944055,1748.2049631757882,-13773.110350455512,-2049.859749040874,8592.92360973959,4750.256407876759,-1155.7480862944055,-1748.2049631757882,13773.110350455512,2049.859749040874,39103.61804103897,1303.8104454723161
CASE_G,10795,E2-P4-V-081,A-V-0795,SOL2_4_beam_0429,beam,P4,785,786,-999.9568279239759,-1841.75475413094,-16888.933649546372,-11670.09796336417,-37347.561916600134,6707.994667932794,999.9568279239759,1841.75475413094,16888.933649546372,11670.09796336417,50858.70883623723,-8181.398471237546
CASE_G,10796,E2-P4-V-075,A-V-0796,SOL2_4_beam_0430,beam,P4,787,785,-999.956828011126,-1841.7547541310225,-16888.933649547304,-11670.097963364167,-8383.040707626456,3549.3852645977277,999.956828011126,1841.7547541310225,16888.933649547304,11670.097963364167,37347.5619166001,-6707.994667932433
CASE_G,10797,E2-P4-V-085,A-V-0797,SOL2_4_beam_0431,beam,P4,786,41,-389.46317733055304,-2059.197092450599,-16888.933649546798,4425.9614681935045,-51992.40633059441,8181.398471238026,389.46317733055304,2059.197092450599,16888.933649546798,-4425.9614681935045,68576.48782651321,-10203.426214728875
CASE_G,10798,E2-P4-V-080,A-V-0798,SOL2_4_beam_0432,beam,P4,788,789,-68162.78217150475,13322.363244629158,-72474.25821589165,-6739.671824335504,-101513.23953792418,4215.734626722179,68162.78217150475,-13322.363244629158,72474.25821589165,6739.671824335504,159492.6461106375,6442.155968981146
CASE_G,10799,E2-P4-V-072,A-V-0799,SOL2_4_beam_0433,beam,P4,790,788,-68162.78217163331,13322.363244631228,-71998.33221589493,-6739.671824335466,65162.899541872626,35057.00553804138,68162.78217163331,-13322.363244631228,71998.33221589493,6739.671824335466,101513.23953792416,-4215.734626720085
CASE_G,10800,E2-P4-V-084,A-V-0800,SOL2_4_beam_0434,beam,P4,789,41,-60833.56302802255,33510.11556426053,-72474.25821589418,-55144.77266919983,-149807.8148393305,-6442.155968979056,60833.56302802255,-33510.11556426053,72474.25821589418,55144.77266919983,220973.88307957756,39347.400254207605
CASE_G,10801,E2-P4-V-060,A-V-0801,SOL2_4_beam_0435,beam,P4,791,792,-28538.50812634117,3993.4802023279153,15962.575371910065,15259.564178336135,36758.91019332479,-6117.572248429302,28538.50812634117,-3993.4802023279153,-15962.575371910065,-15259.564178336135,-49528.970490852844,9312.356410291635
CASE_G,10802,E2-P4-V-062,A-V-0802,SOL2_4_beam_0436,beam,P4,790,791,-28538.508126429628,3993.48020232633,18635.968371915995,15259.564178335997,20266.07818417373,-2583.3422693699986,28538.508126429628,-3993.48020232633,-18635.968371915995,-15259.564178335997,-36758.91019331938,6117.5722484288
CASE_G,10803,E2-P4-V-048,A-V-0803,SOL2_4_beam_0437,beam,P4,792,793,-50839.81268698416,11376.37002504637,4777.179680009251,12173.825578268898,100847.24035902902,-1313.5790638526742,50839.81268698416,-11376.37002504637,-4777.179680009251,-12173.825578268898,-110712.11639824812,24805.783165573426
CASE_G,10804,E2-P4-V-061,A-V-0804,SOL2_4_beam_0438,beam,P4,791,792,-28538.50812634117,3993.4802023279153,15962.575371910065,15259.564178336135,36758.91019332479,-6117.572248429302,28538.50812634117,-3993.4802023279153,-15962.575371910065,-15259.564178336135,-49528.970490852844,9312.356410291635
CASE_G,10805,E2-P4-V-063,A-V-0805,SOL2_4_beam_0439,beam,P4,790,791,-28538.508126429628,3993.48020232633,18635.968371915995,15259.564178335997,20266.07818417373,-2583.3422693699986,28538.508126429628,-3993.48020232633,-18635.968371915995,-15259.564178335997,-36758.91019331938,6117.5722484288
CASE_G,10806,E2-P4-V-049,A-V-0806,SOL2_4_beam_0440,beam,P4,792,794,-4487.290740571174,-5500.457045274644,18887.11406382715,17654.816548417533,5297.091554305825,-17311.13375672338,4487.290740571174,5500.457045274644,-18887.11406382715,-17654.816548417533,-35197.39749435394,8603.326523283138
CASE_G,10807,E2-P4-V-059,A-V-0807,SOL2_4_beam_0441,beam,P4,45,795,10035.817940904673,10027.973661269423,13940.156215465044,59.44587700441796,-34478.71442819752,20992.26788818836,-10035.817940904673,-10027.973661269423,-13940.156215465044,-59.44587700441796,-13796.310212645374,13734.79457173224
CASE_G,10808,E2-P4-V-058,A-V-0808,SOL2_4_beam_0442,beam,P4,45,796,2931.364861350497,-3884.6863623804793,26764.902709901027,2579.1141746883736,-72911.45931832134,-9150.349017579567,-2931.364861350497,3884.6863623804793,-26764.902709901027,-2579.1141746883736,-19775.90500237549,-4302.393331018846
CASE_G,10809,E2-P4-V-079,A-V-0809,SOL2_4_beam_0443,beam,P4,797,798,0.0,1.7069679003611767e-09,-17073.00599999859,-1.44853859082861e-10,-81143.94170999543,-1.3733458814613176e-08,0.0,-1.7069679003611767e-09,17073.00599999859,1.44853859082861e-10,94802.34650999431,1.509903313490212e-08
CASE_G,10810,E2-P4-V-074,A-V-0810,SOL2_4_beam_0444,beam,P4,744,797,-2.162772125893162e-08,2.376240543513785e-09,-17073.005999996643,-1.4569440371970558e-10,-54851.51246999875,-9.888194159583538e-09,2.162772125893162e-08,-2.376240543513785e-09,17073.005999996643,1.4569440371970558e-10,81143.94170999358,1.3547604596594767e-08
CASE_G,10811,E2-P4-V-083,A-V-0811,SOL2_4_beam_0445,beam,P4,798,46,-8.690016211380372e-08,-1.5951740848483087e-08,-17073.005999994395,24734.78780917029,-91518.71489392992,-1.539098426771146e-08,8.690016211380372e-08,1.5951740848483087e-08,17073.005999994395,-24734.78780917029,111149.70235093916,-2.9507432824420463e-09
CASE_G,10812,E2-P4-V-078,A-V-0812,SOL2_4_beam_0446,beam,P4,799,800,-31843.58779811933,9885.023210645868,-11460.17246404758,-8688.812925776556,124718.64399015058,-2356.335557447207,31843.58779811933,-9885.023210645868,11460.17246404758,8688.812925776556,-115550.5060189125,10264.354125963908
CASE_G,10813,E2-P4-V-073,A-V-0813,SOL2_4_beam_0447,beam,P4,746,799,-31843.587798005745,9885.023210648182,-11460.172464027642,-8688.812925776392,149243.41306316925,18797.614113340926,31843.587798005745,-9885.023210648182,11460.172464027642,8688.812925776392,-124718.6439901501,2356.3355574461802
CASE_G,10814,E2-P4-V-082,A-V-0814,SOL2_4_beam_0448,beam,P4,800,46,-28161.542193469064,17850.91899621668,-11460.172464035475,21760.307952733918,113815.21826666585,-10264.354125965103,28161.542193469064,-17850.91899621668,11460.172464035475,-21760.307952733918,-100638.01315722485,30789.806229181864
CASE_G,10815,E2-P4-V-116,A-V-0815,SOL2_4_beam_0449,beam,P4,801,802,-8.326672684688686e-08,6.994405055138521e-09,9.367506770274772e-09,-0.0,4.121702978920899e-08,-2.8421709430404047e-08,8.326672684688686e-08,-6.994405055138521e-09,-9.367506770274772e-09,0.0,-4.8711035205428796e-08,3.4017233474514856e-08
CASE_G,10816,E2-P4-V-110,A-V-0816,SOL2_4_beam_0450,beam,P4,749,801,-2.6752362039160398e-08,5.947834387501687e-09,8.2190991807059e-09,-0.0,2.367584040465695e-08,-1.3882692407521633e-08,2.6752362039160398e-08,-5.947834387501687e-09,-8.2190991807059e-09,0.0,-4.4141397364614645e-08,2.8692800032400837e-08
CASE_G,10817,E2-P4-V-120,A-V-0817,SOL2_4_beam_0451,beam,P4,802,47,0.0,2.5592668192889413e-08,1.1539780247294825e-08,-1.254724275142461e-08,4.817306983420422e-08,-3.302416042351203e-08,0.0,-2.5592668192889413e-08,-1.1539780247294825e-08,1.254724275142461e-08,-6.480837452515245e-08,6.991756949365943e-08
CASE_G,10818,E2-P4-V-115,A-V-0818,SOL2_4_beam_0452,beam,P4,803,804,-22157.37866925752,-10870.885867992929,-1955.7315528984718,16297.50933752453,-71434.58369915513,-7767.361350062674,22157.37866925752,10870.885867992929,1955.7315528984718,-16297.50933752453,72999.16894147391,-929.3473443316561
CASE_G,10819,E2-P4-V-109,A-V-0819,SOL2_4_beam_0453,beam,P4,752,803,-22157.378669338064,-10870.885867977768,-1955.7315529059356,16297.509337524549,-65391.37320067138,-41358.39868211223,22157.378669338064,10870.885867977768,1955.7315529059356,-16297.509337524549,71434.58369915072,7767.361350060935
CASE_G,10820,E2-P4-V-119,A-V-0820,SOL2_4_beam_0454,beam,P4,804,47,-23934.577898506133,-6021.758038388481,-1955.7315529007587,749.0054144156489,-74792.55623149958,929.3473443327357,23934.577898506133,6021.758038388481,1955.7315529007587,-749.0054144156489,77611.86384213039,-9610.08281737105
CASE_G,10821,E2-P4-V-015,A-V-0821,SOL2_4_beam_0455,beam,P4,344,805,-7960.913893716066,-10877.298061217676,-657.1424465136854,-10584.570291662623,17795.190206743773,-7600.935849990081,7960.913893716066,10877.298061217676,657.1424465136854,10584.570291662623,-16525.958399948122,-13407.922647186044
CASE_G,10822,E2-P4-V-008,A-V-0822,SOL2_4_beam_0457,beam,P4,344,806,1232.774523924811,1347.4288380656478,-113.91387234537417,-10982.526321548414,-6693.413156317092,4672.957830986346,-1232.774523924811,-1347.4288380656478,113.91387234537417,10982.526321548414,6825.8163630122135,-3106.8281289560937
CASE_G,10823,E2-P4-V-007,A-V-0823,SOL2_4_beam_0458,beam,P4,806,807,1344.1303030099286,1236.3701828434414,-7225.481872345347,-11529.066923169208,-5855.618610032081,3106.828128954335,-1344.1303030099286,-1236.3701828434414,7225.481872345347,11529.066923169208,16737.194309784176,-1244.854633592112
CASE_G,10824,E2-P4-V-012,A-V-0824,SOL2_4_beam_0459,beam,P4,808,809,-29402.906449744158,-2764.654865593821,2488.175999147744,1969.8685030260576,-13160.846472529496,-358.065599091869,29402.906449744158,2764.654865593821,-2488.175999147744,-1969.8685030260576,9304.173673850491,-3927.149442578556
CASE_G,10825,E2-P4-V-013,A-V-0825,SOL2_4_beam_0460,beam,P4,807,808,746.2401801571465,-1963.4478433118647,1405.4789059593484,725.0930177198939,-15168.252582705949,-2199.3962585431755,-746.2401801571465,1963.4478433118647,-1405.4789059593484,-725.0930177198939,10377.605004895804,-4493.117314471345
CASE_G,10826,E2-P4-V-011,A-V-0826,SOL2_4_beam_0461,beam,P4,809,810,-29402.90644972643,-2764.654865601052,2488.175999147743,1969.8685030260754,-9304.17367385059,3927.1494425840283,29402.90644972643,2764.654865601052,-2488.175999147743,-1969.8685030260754,3369.873915883223,-10520.851297042536
CASE_G,10827,E2-P4-V-005,A-V-0827,SOL2_4_beam_0462,beam,P4,808,811,28465.936087743426,13159.69775644503,322.7818127710474,4960.8027518274075,-5659.748249218279,9344.300228039367,-28465.936087743426,-13159.69775644503,-322.7818127710474,-4960.8027518274075,5371.04341911561,2426.0912706656654
CASE_G,10828,E2-P4-V-006,A-V-0828,SOL2_4_beam_0463,beam,P4,807,808,746.2401801571465,-1963.4478433118647,1405.4789059593484,725.0930177198939,-15168.252582705949,-2199.3962585431755,-746.2401801571465,1963.4478433118647,-1405.4789059593484,-725.0930177198939,10377.605004895804,-4493.117314471345
CASE_G,10829,E2-P4-V-004,A-V-0829,SOL2_4_beam_0464,beam,P4,811,810,30972.328358269824,-4919.556734044565,-123.97918722907433,1129.8946285692277,-7223.642397080248,-2426.091270665749,-30972.328358269824,4919.556734044565,123.97918722907433,-1129.8946285692277,7615.4681198603785,-13121.751203194466
CASE_G,10830,E2-P4-V-009,A-V-0830,SOL2_4_beam_0465,beam,P4,812,345,-30425.388836647096,8379.839300947458,23127.826773599667,19524.918276174736,-11312.577980909726,12138.323255639454,30425.388836647096,-8379.839300947458,-23127.826773599667,-19524.918276174736,-27860.860924493612,2055.276778907625
CASE_G,10831,E2-P4-V-010,A-V-0831,SOL2_4_beam_0466,beam,P4,810,812,-169.62036937469594,8334.9552712577,4169.687043090388,23560.439153285388,986.4564564183229,21479.900372388158,169.62036937469594,-8334.9552712577,-4169.687043090388,-23560.439153285388,-4943.489460311102,-13570.027819964598
CASE_G,10832,E2-P4-V-002,A-V-0832,SOL2_4_beam_0467,beam,P4,812,813,23795.388794336097,15289.42468885964,-25653.362687419078,15803.5124686223,35270.02891355562,15001.73238428494,-23795.388794336097,-15289.42468885964,25653.362687419078,-15803.5124686223,-12324.963785345313,-1326.455207823441
CASE_G,10833,E2-P4-V-003,A-V-0833,SOL2_4_beam_0468,beam,P4,810,812,-169.62036937469594,8334.9552712577,4169.687043090388,23560.439153285388,986.4564564183229,21479.900372388158,169.62036937469594,-8334.9552712577,-4169.687043090388,-23560.439153285388,-4943.489460311102,-13570.027819964598
CASE_G,10834,E2-P4-V-001,A-V-0834,SOL2_4_beam_0469,beam,P4,813,345,28283.274055749862,-208.43194920786252,-30541.097687419107,19970.89477417508,1679.0177410624747,1326.455207823521,-28283.274055749862,208.43194920786252,30541.097687419107,-19970.89477417508,24975.662932325336,-1508.3637660923987
CASE_G,10835,E2-P4-V-022,A-V-0835,SOL2_4_beam_0470,beam,P4,805,814,-12763.134620466259,4335.222923354782,-10709.80544651374,12594.32336859827,15050.695936837667,13407.922647186067,12763.134620466259,-4335.222923354782,10709.80544651374,-12594.32336859827,17977.26750580205,-38.53093009706754
CASE_G,10836,E2-P4-V-021,A-V-0836,SOL2_4_beam_0471,beam,P4,807,814,4994.216336579236,166.8464499757877,-19451.988684264124,14601.743020439028,15321.937132428997,5643.647150680918,-4994.216336579236,-166.8464499757877,19451.988684264124,-14601.743020439028,52040.667599681685,-5065.854738650217
CASE_G,10837,E2-P4-V-020,A-V-0837,SOL2_4_beam_0472,beam,P4,810,815,-10197.263768260009,-1141.1186462473242,-10085.625137130708,-6377.003646996073,21533.172448640318,-9658.599122273652,10197.263768260009,1141.1186462473242,10085.625137130708,6377.003646996073,9227.984219608343,6178.187251219313
CASE_G,10838,E2-P4-V-019,A-V-0838,SOL2_4_beam_0473,beam,P4,810,815,-10197.263768260009,-1141.1186462473242,-10085.625137130708,-6377.003646996073,21533.172448640318,-9658.599122273652,10197.263768260009,1141.1186462473242,10085.625137130708,6377.003646996073,9227.984219608343,6178.187251219313
CASE_G,10839,E2-P4-V-055,A-V-0839,SOL2_4_beam_0474,beam,P4,814,816,-14969.745436133053,3734.605379326536,14801.591651893039,-15874.656175137297,-38650.729693366084,6724.776161582723,14969.745436133053,-3734.605379326536,-14801.591651893039,15874.656175137297,-16855.23900123281,7279.994010891787
CASE_G,10840,E2-P4-V-054,A-V-0840,SOL2_4_beam_0475,beam,P4,817,816,9226.476802715233,6700.015679844663,-4825.423777919034,-18545.075989257854,17725.414187882823,10242.298608974386,-9226.476802715233,-6700.015679844663,4825.423777919034,18545.075989257854,-2456.5502714671566,10958.249231306072
CASE_G,10841,E2-P4-V-053,A-V-0841,SOL2_4_beam_0476,beam,P4,815,818,-20690.800902727347,2054.6311950088652,5884.509045788405,18627.66396199343,-9832.731244631625,2363.92276781686,20690.800902727347,-2054.6311950088652,-5884.509045788405,-18627.66396199343,-12234.177677074895,5340.944213466384
CASE_G,10842,E2-P4-V-052,A-V-0842,SOL2_4_beam_0477,beam,P4,819,818,7691.634018839745,6705.766351094541,-1925.2552277426662,20920.808835725984,-3014.071968857669,10691.498970128061,-7691.634018839745,-6705.766351094541,1925.2552277426662,-20920.808835725984,9106.067497061382,10527.245451589293
CASE_G,10843,E2-P4-V-028,A-V-0843,SOL2_4_beam_0478,beam,P4,793,815,-8690.117595871961,-2535.1796559122986,10454.5016306025,-6297.367688811696,8799.80782652097,-703.1976914056277,8690.117595871961,2535.1796559122986,-10454.5016306025,6297.367688811696,-58092.783014811765,-11250.17438622086
CASE_G,10844,E2-P4-V-038,A-V-0844,SOL2_4_beam_0479,beam,P4,794,819,3389.40962040676,-6237.203565908002,2657.154063827226,-25880.322726186107,29677.5712166996,-8603.326523282774,-3389.40962040676,6237.203565908002,-2657.154063827226,25880.322726186107,-39814.613970200466,-15191.605080656247
CASE_G,10845,E2-P4-V-033,A-V-0845,SOL2_4_beam_0480,beam,P4,820,821,6292.96863058001,1232.9225664632322,59175.0529698709,12888.597229438223,-65845.29905144351,3891.728499445698,-6292.96863058001,-1232.9225664632322,-59175.0529698709,-12888.597229438223,18505.25667554675,-2905.3904462751116
CASE_G,10846,E2-P4-V-032,A-V-0846,SOL2_4_beam_0481,beam,P4,45,820,6411.857599895532,-98.15476665013225,61779.68196987108,-1038.6237532940615,-156508.6301412406,3749.6562643414672,-6411.857599895532,98.15476665013225,-61779.68196987108,1038.6237532940615,67086.81395338284,-3891.7284994434654
CASE_G,10847,E2-P4-V-034,A-V-0847,SOL2_4_beam_0482,beam,P4,821,814,25099.085022483603,11391.84334386398,87942.46357938337,23072.311429539663,-36670.810606953644,8616.095049183425,-25099.085022483603,-11391.84334386398,-87942.46357938337,-23072.311429539663,-44148.31342249955,1853.0089838275576
CASE_G,10848,E2-P4-V-043,A-V-0848,SOL2_4_beam_0483,beam,P4,820,821,6292.96863058001,1232.9225664632322,59175.0529698709,12888.597229438223,-65845.29905144351,3891.728499445698,-6292.96863058001,-1232.9225664632322,-59175.0529698709,-12888.597229438223,18505.25667554675,-2905.3904462751116
CASE_G,10849,E2-P4-V-042,A-V-0849,SOL2_4_beam_0484,beam,P4,45,820,6411.857599895532,-98.15476665013225,61779.68196987108,-1038.6237532940615,-156508.6301412406,3749.6562643414672,-6411.857599895532,98.15476665013225,-61779.68196987108,1038.6237532940615,67086.81395338284,-3891.7284994434654
CASE_G,10850,E2-P4-V-044,A-V-0850,SOL2_4_beam_0485,beam,P4,821,817,-2772.4494102292815,-15118.393936740318,26448.318360359346,2178.6501072361134,1638.680526217333,-2805.31415663056,2772.4494102292815,15118.393936740318,-26448.318360359346,-2178.6501072361134,-24438.925808673244,-10227.767392747392
CASE_G,10851,E2-P4-V-036,A-V-0851,SOL2_4_beam_0486,beam,P4,822,823,4040.1974769482786,1533.3082123147492,4078.9049674926137,-6769.778596701522,25524.998636161017,-10588.99346305532,-4040.1974769482786,-1533.3082123147492,-4078.9049674926137,6769.778596701522,-28788.12261015511,11815.64003290712
CASE_G,10852,E2-P4-V-035,A-V-0852,SOL2_4_beam_0487,beam,P4,814,822,28138.13188465939,3442.9211576760235,14700.262796712272,-8498.951209357163,-579.1322959740355,-3473.399476664038,-28138.13188465939,-3442.9211576760235,-14700.262796712272,8498.951209357163,-27072.062024641753,9949.53417425264
CASE_G,10853,E2-P4-V-037,A-V-0853,SOL2_4_beam_0488,beam,P4,823,824,5579.328082835266,-40265.078776422444,-38622.921393246805,-41476.395589111606,78190.02087048983,-73581.54483020827,-5579.328082835266,40265.078776422444,38622.921393246805,41476.395589111606,-34391.62801054794,27920.945497745197
CASE_G,10854,E2-P4-V-046,A-V-0854,SOL2_4_beam_0489,beam,P4,822,823,4040.1974769482786,1533.3082123147492,4078.9049674926137,-6769.778596701522,25524.998636161017,-10588.99346305532,-4040.1974769482786,-1533.3082123147492,-4078.9049674926137,6769.778596701522,-28788.12261015511,11815.64003290712
CASE_G,10855,E2-P4-V-045,A-V-0855,SOL2_4_beam_0490,beam,P4,817,822,-19439.082384528443,4957.468313872895,12878.587138276096,1500.0710445106654,-4675.637098878695,-14.531216229253914,19439.082384528443,-4957.468313872895,-12878.587138276096,-1500.0710445106654,-24456.06007290657,11228.452751864243
CASE_G,10856,E2-P4-V-047,A-V-0856,SOL2_4_beam_0491,beam,P4,823,745,-18054.35938805662,39470.6378409604,32776.14332823872,34333.92030424232,-5155.250008075396,49950.26476440388,18054.35938805662,-39470.6378409604,-32776.14332823872,-34333.92030424232,-36894.843006326155,688.5177161501342
CASE_G,10857,E2-P4-V-030,A-V-0857,SOL2_4_beam_0492,beam,P4,825,826,-8521.186673937644,-1023.7186842812567,-46999.36619893968,-12290.403344106897,-33608.112627479735,1855.4653836523553,8521.186673937644,1023.7186842812567,46999.36619893968,12290.403344106897,71207.60558663147,-2674.4403310773605
CASE_G,10858,E2-P4-V-029,A-V-0858,SOL2_4_beam_0493,beam,P4,815,825,-13026.986083358875,-2831.453022127468,-55405.84168944759,-14920.604883396782,89474.45427079717,-3470.1228840339677,13026.986083358875,2831.453022127468,55405.84168944759,14920.604883396782,54636.139963455986,-3894.4864265195765
CASE_G,10859,E2-P4-V-031,A-V-0859,SOL2_4_beam_0494,beam,P4,826,45,-7939.430016580344,-3259.459048516482,-49987.33519893949,7147.815339794069,-71906.09044865651,2674.440331070844,7939.430016580344,3259.459048516482,49987.33519893949,-7147.815339794069,128129.19988467383,-6340.5073870087845
CASE_G,10860,E2-P4-V-040,A-V-0860,SOL2_4_beam_0495,beam,P4,825,826,-8521.186673937644,-1023.7186842812567,-46999.36619893968,-12290.403344106897,-33608.112627479735,1855.4653836523553,8521.186673937644,1023.7186842812567,46999.36619893968,12290.403344106897,71207.60558663147,-2674.4403310773605
CASE_G,10861,E2-P4-V-039,A-V-0861,SOL2_4_beam_0496,beam,P4,819,825,-3773.37199191373,1581.037393583696,-25338.51470843002,-12007.940342862668,64699.971546966335,4500.106110527152,3773.37199191373,-1581.037393583696,25338.51470843002,12007.940342862668,10362.789854741724,183.5556592082312
CASE_G,10862,E2-P4-V-041,A-V-0862,SOL2_4_beam_0497,beam,P4,826,45,-7939.430016580344,-3259.459048516482,-49987.33519893949,7147.815339794069,-71906.09044865651,2674.440331070844,7939.430016580344,3259.459048516482,49987.33519893949,-7147.815339794069,128129.19988467383,-6340.5073870087845
CASE_G,10863,E2-P4-V-071,A-V-0863,SOL2_4_beam_0498,beam,P4,746,827,-15867.149024821898,-6558.059787013116,-3877.184118290209,-1342.183784201803,40604.033889058606,-23119.720286674914,15867.149024821898,6558.059787013116,3877.184118290209,1342.183784201803,-24480.7158336566,-4152.05235717452
CASE_G,10864,E2-P4-V-067,A-V-0864,SOL2_4_beam_0499,beam,P4,746,816,22138.867985589324,-2709.3176990801526,21793.06891056236,31292.07582211434,-47851.08042886571,-4244.772186616059,-22138.867985589324,2709.3176990801526,-21793.06891056236,-31292.07582211434,-35289.47746492973,-6091.2748353747265
CASE_G,10865,E2-P4-V-069,A-V-0865,SOL2_4_beam_0500,beam,P4,784,828,1841.7547541315557,-999.9568280085887,5304.9633504551475,8383.040707626436,2786.5551578672676,-4750.256407876672,-1841.7547541315557,999.9568280085887,-5304.9633504551475,-8383.040707626436,-26579.31578465861,265.45003425815
CASE_G,10866,E2-P4-V-065,A-V-0866,SOL2_4_beam_0501,beam,P4,796,818,4124.025239974201,2583.8157644056655,8131.752709898773,-19478.13156015409,4282.597286038679,4302.39333101882,-4124.025239974201,-2583.8157644056655,-8131.752709898773,19478.13156015409,-38313.982376965054,6510.875643018891
CASE_G,10867,E2-P4-V-070,A-V-0867,SOL2_4_beam_0502,beam,P4,827,783,-14754.911645999115,-8778.789703877585,-14530.148118291389,-4860.275514581645,24030.909823832422,4152.052357173514,14754.911645999115,8778.789703877585,14530.148118291389,4860.275514581645,12803.015656036256,-26406.284256503193
CASE_G,10868,E2-P4-V-066,A-V-0868,SOL2_4_beam_0503,beam,P4,816,795,10859.673436844547,-9129.36965734119,146.58478453497924,13749.593974695135,720.3788013426317,-12146.968406828702,-10859.673436844547,9129.36965734119,-146.58478453497924,-13749.593974695135,-1135.9466654992978,-13734.794571733568
CASE_G,10869,E2-P4-V-068,A-V-0869,SOL2_4_beam_0504,beam,P4,828,787,1841.7547541309227,-999.9568280094007,-10026.058649547243,8383.040707626438,26579.31578465858,-265.4500342581164,-1841.7547541309227,999.9568280094007,10026.058649547243,-8383.040707626438,11670.09796336415,-3549.3852645977468
CASE_G,10870,E2-P4-V-064,A-V-0870,SOL2_4_beam_0505,beam,P4,818,790,-5335.40283997974,-11085.76591884944,-24579.07847205604,-24630.743173528677,78631.55481473487,-22379.0653080751,5335.40283997974,11085.76591884944,24579.07847205604,24630.743173528677,37258.80018100938,-29890.320999300013
CASE_G,10871,E2-P4-V-025,A-V-0871,SOL2_4_beam_0506,beam,P4,829,743,0.0,-5.855375049115444e-11,-3064.8199999998014,-1.7229892392805045e-12,6.980371836107224e-10,6.206697552062372e-11,0.0,5.855375049115444e-11,3064.8199999998014,1.7229892392805045e-12,4385.757419999018,-1.4585739247346572e-10
CASE_G,10872,E2-P4-V-017,A-V-0872,SOL2_4_beam_0507,beam,P4,340,338,-9600.669351251088,160.3095976001232,-335298.7503067143,-78232.28510665007,89959.2602511179,5812.766464943963,9600.669351251088,-160.3095976001232,335298.7503067143,78232.28510665007,176643.94292150915,-5685.300877373439
CASE_G,10873,E2-P4-V-024,A-V-0873,SOL2_4_beam_0508,beam,P4,338,824,-38990.751547690896,-11494.640684770595,46977.17639325672,27853.653860079514,-64323.47524802765,896.4952121551723,38990.751547690896,11494.640684770595,-46977.17639325672,-27853.653860079514,-46122.1143804478,-27920.94549774502
CASE_G,10874,E2-P4-V-027,A-V-0874,SOL2_4_beam_0510,beam,P4,793,830,0.0,-2.894658171521166e-10,2099.468999999471,-0.0,-2206.541918999771,-1.4788889005473067e-10,0.0,2.894658171521166e-10,-2099.468999999471,0.0,3.269633452873677e-10,-1.5633968377214384e-10
CASE_G,10875,E2-P4-V-018,A-V-0875,SOL2_4_beam_0511,beam,P4,831,347,-45382.176450506005,16763.4001619474,-34155.50295059076,5613.176956160711,67759.23192922842,1264.4985748111685,45382.176450506005,-16763.4001619474,34155.50295059076,-5613.176956160711,-32776.226059971945,15905.037095690732
CASE_G,10876,E2-P4-V-026,A-V-0876,SOL2_4_beam_0512,beam,P4,793,831,-45213.37356223582,-17213.493994599692,-29869.649950592524,-40328.68436137322,98757.68744124846,-24102.58547416718,45213.37356223582,17213.493994599692,29869.649950592524,40328.68436137322,-54739.55137613749,-1264.498574811747
CASE_G,10877,E2-P4-V-016,A-V-0877,SOL2_4_beam_0513,beam,P4,347,339,-15708.623808134551,-5664.487475997818,275129.6759549118,47722.757023416336,-105589.91024285727,-18001.557595790026,15708.623808134551,5664.487475997818,-275129.6759549118,-47722.757023416336,-106150.03852072121,13642.164942936877
CASE_G,10880,E1-S1-V-020,A-V-0880,SOL_1S_beam_0001,beam,S1,402,404,3526.135853209034,-2431.1387553224913,-1978.4330718746753,295.13842124060244,11908.134100421275,-17679.862463227862,-3526.135853209034,2431.1387553224913,1978.4330718746753,-295.13842124060244,7381.5883503568075,-6023.740401166428
CASE_G,10881,E1-S1-V-019,A-V-0881,SOL_1S_beam_0002,beam,S1,408,400,-22301.74537139419,2138.912367520346,4298.9419599902,2117.301225811448,-5734.5598567754005,14569.271134840783,22301.74537139419,-2138.912367520346,-4298.9419599902,-2117.301225811448,-35352.995054898485,5873.591357759823
CASE_G,10882,E1-S1-V-018,A-V-0882,SOL_1S_beam_0003,beam,S1,406,386,-5915.635391902469,-505.46410954370657,2483.2556307620953,930.1540500120011,-11732.979327743818,-4163.876556729944,5915.635391902469,505.46410954370657,-2483.2556307620953,-930.1540500120011,-11362.633083427654,-537.21140906949
CASE_G,10883,E1-S1-V-011,A-V-0883,SOL_1S_beam_0004,beam,S1,406,458,13851.315250136307,3889.239062698581,-2110.4424520762027,-9479.253879856657,-4980.226640760704,5488.373643113009,-13851.315250136307,-3889.239062698581,2110.4424520762027,9479.253879856657,14199.382341410503,11501.191952856554
CASE_G,10884,E1-S1-V-021,A-V-0884,SOL_1S_beam_0005,beam,S1,410,390,0.0,0.0,0.0,-0.0,0.0,0.0,0.0,0.0,0.0,0.0,0.0,0.0
CASE_G,10885,E1-S1-V-038,A-V-0885,SOL_1S_beam_0006,beam,S1,382,400,-1377.020218253706,-954.5513773568587,-298.75196549553027,1486.2087158841796,2614.4150349744937,-1501.895408176823,1377.020218253706,954.5513773568587,298.75196549553027,-1486.2087158841796,-194.52411446069846,-6229.970748413732
CASE_G,10886,E1-S1-V-039,A-V-0886,SOL_1S_beam_0007,beam,S1,404,394,-1223.8360104430924,738.2836273133917,760.396040756599,820.7627668694324,-2634.100047347564,4951.650453946986,1223.8360104430924,-738.2836273133917,-760.396040756599,-820.7627668694324,-2384.51382164599,-78.9785136786004
CASE_G,10887,E1-S1-V-003,A-V-0887,SOL_1S_beam_0008,beam,S1,380,398,22.76693440412235,-781.2490929535752,-20.136201825859416,4565.806002942136,-84.67133568813892,-1951.1742712510445,-22.76693440412235,781.2490929535752,20.136201825859416,-4565.806002942136,247.78699975822707,-4377.425615825104
CASE_G,10888,E1-S1-V-004,A-V-0888,SOL_1S_beam_0009,beam,S1,402,392,8145.557842607456,8575.332727764313,3075.766161555953,-4598.93114067352,-10777.826410001479,20888.373951196212,-8145.557842607456,-8575.332727764313,-3075.766161555953,4598.93114067352,-9522.230256267816,35708.82205204826
CASE_G,10889,E1-S1-V-001,A-V-0889,SOL_1S_beam_0010,beam,S1,450,836,766.3808484127857,1029.9752142004381,9871.939467941787,10481.499487832365,-9261.420110482097,-1197.9343404081578,-766.3808484127857,-1029.9752142004381,-9871.939467941787,-10481.499487832365,-9852.821712072444,3192.1924473786203
CASE_G,10890,E1-S1-V-002,A-V-0890,SOL_1S_beam_0011,beam,S1,836,450,766.3808484127857,1029.9752142004381,-9871.939467941787,10481.499487832365,9852.821712072444,3192.1924473786203,-766.3808484127857,-1029.9752142004381,9871.939467941787,-10481.499487832365,9261.420110482097,-1197.9343404081578
CASE_G,10891,E1-S1-V-048,A-V-0891,SOL_1S_beam_0012,beam,S1,837,838,17847.814410085204,1236.2262450242163,1418.1377562534362,-1264.344643960034,8908.51661266728,4488.810591857535,-17847.814410085204,-1236.2262450242163,-1418.1377562534362,1264.344643960034,-11035.723247047434,-2634.4712243212102
CASE_G,10892,E1-S1-V-027,A-V-0892,SOL_1S_beam_0013,beam,S1,836,837,16206.852769928737,-789.5983642010051,456.265530040001,5971.530098350946,-10157.101252264794,-3004.3572191276016,-16206.852769928737,789.5983642010051,-456.265530040001,-5971.530098350946,4685.716523237852,-6464.244170890355
CASE_G,10893,E1-S1-V-063,A-V-0893,SOL_1S_beam_0014,beam,S1,838,839,-4383.177871556788,563.0255419576307,-1029.3164371260364,-1167.496261932715,8949.029266105765,2715.698722503949,4383.177871556788,-563.0255419576307,1029.3164371260364,1167.496261932715,-498.341317301004,1906.740976968199
CASE_G,10894,E1-S1-V-005,A-V-0894,SOL_1S_beam_0015,beam,S1,840,836,-14518.157032384406,-887.7499963361265,-3741.7084058421624,8822.399303356255,-1751.4172240731677,350.1369381328295,14518.157032384406,887.7499963361265,3741.7084058421624,-8822.399303356255,14521.86801321247,-3380.0276756280296
CASE_G,10895,E1-S1-V-014,A-V-0895,SOL_1S_beam_0016,beam,S1,841,840,-14518.15703238471,-887.7499963361207,2286.9485941577545,8822.399303356267,-9556.772775933678,-2679.7537993623814,14518.15703238471,887.7499963361207,-2286.9485941577545,-8822.399303356267,1751.4172240732596,-350.1369381327993
CASE_G,10896,E1-S1-V-037,A-V-0896,SOL_1S_beam_0017,beam,S1,842,841,-14518.157032384905,-887.7499963371288,8463.398594156039,8822.399303356562,-38535.44956232389,-5719.409786821017,14518.157032384905,887.7499963371288,-8463.398594156039,-8822.399303356562,9556.772775933623,2679.7537993626893
CASE_G,10897,E1-S1-V-055,A-V-0897,SOL_1S_beam_0018,beam,S1,838,843,-16469.68105665497,-4598.500817798812,3062.600359016476,-3667.2704776499486,5273.293671213503,-4514.964342847353,16469.68105665497,4598.500817798812,-3062.600359016476,3667.2704776499486,-7210.252210681799,1606.6170615691062
CASE_G,10898,E1-S1-V-047,A-V-0898,SOL_1S_beam_0019,beam,S1,843,837,-16488.544146911267,4530.399076749758,3062.6003589907673,564.9856666889079,8069.535358019941,-1606.6170615782376,16488.544146911267,-4530.399076749758,-3062.6003589907673,-564.9856666889079,-10893.11337448359,5783.4386313155355
CASE_G,10899,E1-S1-V-046,A-V-0899,SOL_1S_beam_0020,beam,S1,837,842,-15680.169416425964,1360.033288847526,-7385.480867231447,-11701.64699204416,23265.418575802654,-3808.005052282875,15680.169416425964,-1360.033288847526,7385.480867231447,11701.64699204416,-10330.069834110145,6190.044246184216
CASE_G,10900,E1-S1-V-059,A-V-0900,SOL_1S_beam_0021,beam,S1,844,838,5232.189917945261,1215.4691177459938,615.1461656875101,-1423.5308064179765,6239.018895888933,-269.73052215702455,-5232.189917945261,-1215.4691177459938,-615.1461656875101,1423.5308064179765,-8346.413058185195,4433.7368446649425
CASE_G,10901,E1-S1-V-070,A-V-0901,SOL_1S_beam_0022,beam,S1,845,844,5152.307298327999,1518.8502287060132,615.146165675033,-1785.3355232692763,4090.6842830665983,4803.229241720968,-5152.307298327999,-1518.8502287060132,-615.146165675033,1785.3355232692763,-6145.272476421206,269.7305221571105
CASE_G,10902,E1-S1-V-077,A-V-0902,SOL_1S_beam_0023,beam,S1,839,845,4418.998957369998,41.16101738953019,-1029.3164371231287,1224.6385258686832,-334.14378809997083,-1906.740976969695,-4418.998957369998,-41.16101738953019,1029.3164371231287,-1224.6385258686832,1840.7831982328335,1966.9895154400974
CASE_G,10905,E1-S1-V-041,A-V-0905,SOL_1S_beam_0026,beam,S1,848,849,-90.74660331458728,-1261.4295513932573,4110.042675786329,21261.985306041286,-13432.49513902671,-6521.86691227521,90.74660331458728,1261.4295513932573,-4110.042675786329,-21261.985306041286,-3418.679831697237,1350.005751562856
CASE_G,10906,E1-S1-V-044,A-V-0906,SOL_1S_beam_0027,beam,S1,848,849,-90.74660331458728,-1261.4295513932573,4110.042675786329,21261.985306041286,-13432.49513902671,-6521.86691227521,90.74660331458728,1261.4295513932573,-4110.042675786329,-21261.985306041286,-3418.679831697237,1350.005751562856
CASE_G,10907,E1-S1-V-050,A-V-0907,SOL_1S_beam_0028,beam,S1,850,851,0.0,4.063163048002402e-10,-3.673171951877174e-10,-0.0,2.5557114180727616e-09,3.179708055345581e-09,0.0,-4.063163048002402e-10,3.673171951877174e-10,0.0,-1.442740316653978e-09,-1.948569651800853e-09
CASE_G,10908,E1-S1-V-053,A-V-0908,SOL_1S_beam_0029,beam,S1,850,851,0.0,4.063163048002402e-10,-3.673171951877174e-10,-0.0,2.5557114180727616e-09,3.179708055345581e-09,0.0,-4.063163048002402e-10,3.673171951877174e-10,0.0,-1.442740316653978e-09,-1.948569651800853e-09
CASE_G,10909,E1-S1-V-072,A-V-0909,SOL_1S_beam_0030,beam,S1,852,853,1040.937885338863,-384.5647133869312,-822.2313013985402,3040.767217101459,-328.5345450055419,-2589.0604218704707,-1040.937885338863,384.5647133869312,822.2313013985402,-3040.767217101459,1064.431559757235,2244.8750033891674
CASE_G,10910,E1-S1-V-075,A-V-0910,SOL_1S_beam_0031,beam,S1,852,853,1040.937885338863,-384.5647133869312,-822.2313013985402,3040.767217101459,-328.5345450055419,-2589.0604218704707,-1040.937885338863,384.5647133869312,822.2313013985402,-3040.767217101459,1064.431559757235,2244.8750033891674
CASE_G,10911,E1-S1-V-071,A-V-0911,SOL_1S_beam_0032,beam,S1,845,852,1040.9378853326598,-384.5647133865032,-822.231301398398,3040.767217101467,1373.4842488897025,-3385.109378580536,-1040.9378853326598,384.5647133865032,822.231301398398,-3040.767217101467,328.5345450049817,2589.0604218704743
CASE_G,10912,E1-S1-V-074,A-V-0912,SOL_1S_beam_0033,beam,S1,845,852,1040.9378853326598,-384.5647133865032,-822.231301398398,3040.767217101467,1373.4842488897025,-3385.109378580536,-1040.9378853326598,384.5647133865032,822.231301398398,-3040.767217101467,328.5345450049817,2589.0604218704743
CASE_G,10913,E1-S1-V-078,A-V-0913,SOL_1S_beam_0034,beam,S1,839,854,0.0,-1.0980994688136328e-09,-7.851876498402564e-10,-1.1183391387830376e-09,-2.410716916194527e-10,-1.028572550909665e-09,0.0,1.0980994688136328e-09,7.851876498402564e-10,1.1183391387830376e-09,1.8683056100507585e-09,-1.247144217977969e-09
CASE_G,10914,E1-S1-V-079,A-V-0914,SOL_1S_beam_0035,beam,S1,839,854,0.0,-1.0980994688136328e-09,-7.851876498402564e-10,-1.1183391387830376e-09,-2.410716916194527e-10,-1.028572550909665e-09,0.0,1.0980994688136328e-09,7.851876498402564e-10,1.1183391387830376e-09,1.8683056100507585e-09,-1.247144217977969e-09
CASE_G,10917,E1-S1-V-049,A-V-0917,SOL_1S_beam_0038,beam,S1,843,850,0.0,5.540153460087905e-10,-2.089164014278956e-09,2.281718541337785e-10,7.163880908409737e-09,4.32267637558423e-09,0.0,-5.540153460087905e-10,2.089164014278956e-09,-2.281718541337785e-10,-2.8294319554223323e-09,-3.1732447273105317e-09
CASE_G,10918,E1-S1-V-052,A-V-0918,SOL_1S_beam_0039,beam,S1,843,850,0.0,5.540153460087905e-10,-2.089164014278956e-09,2.281718541337785e-10,7.163880908409737e-09,4.32267637558423e-09,0.0,-5.540153460087905e-10,2.089164014278956e-09,-2.281718541337785e-10,-2.8294319554223323e-09,-3.1732447273105317e-09
CASE_G,10919,E1-S1-V-040,A-V-0919,SOL_1S_beam_0040,beam,S1,842,848,-2014.708099229474,-452.07147828081037,-11028.183730693589,-25067.083909955174,-9633.95323300712,-235.31722968160037,2014.708099229474,452.07147828081037,11028.183730693589,25067.083909955174,32462.293555542852,-700.4707303596773
CASE_G,10920,E1-S1-V-043,A-V-0920,SOL_1S_beam_0041,beam,S1,842,848,-2014.708099229474,-452.07147828081037,-11028.183730693589,-25067.083909955174,-9633.95323300712,-235.31722968160037,2014.708099229474,452.07147828081037,11028.183730693589,25067.083909955174,32462.293555542852,-700.4707303596773
CASE_G,10921,E1-S1-V-009,A-V-0921,SOL_1S_beam_0042,beam,S1,856,857,2.6412918904642903e-09,-9.863294785835446e-10,-17967.235541708,835.5364349664791,-8672.096979262089,-3.6443828818229197e-09,-2.6412918904642903e-09,9.863294785835446e-10,17967.235541708,-835.5364349664791,121955.51706973102,-2.5744244806463287e-09
CASE_G,10922,E1-S1-V-013,A-V-0922,SOL_1S_beam_0043,beam,S1,856,468,2.1026460148363007e-09,8.185824414160167e-11,-19708.85745828928,-912.8587334090719,-4462.227690479223,-9.04653002969891e-10,-2.1026460148363007e-09,-8.185824414160167e-11,19708.85745828928,912.8587334090719,160560.02435848996,1.5529854381025988e-09
CASE_G,10923,E1-S1-V-008,A-V-0923,SOL_1S_beam_0044,beam,S1,858,856,0.0,1.0988167586780802e-09,-3176.1950000000365,-0.0,-9.658833732828498e-10,-2.4871297164936615e-15,0.0,-1.0988167586780802e-09,3176.1950000000365,0.0,6574.723650001042,2.2745531775933427e-09
CASE_G,10924,E1-S1-V-012,A-V-0924,SOL_1S_beam_0045,beam,S1,858,856,0.0,1.0988167586780802e-09,-3176.1950000000365,-0.0,-9.658833732828498e-10,-2.4871297164936615e-15,0.0,-1.0988167586780802e-09,3176.1950000000365,0.0,6574.723650001042,2.2745531775933427e-09
CASE_G,10925,E1-S1-V-010,A-V-0925,SOL_1S_beam_0046,beam,S1,857,468,1.028108670206422e-08,1.878134111669845e-08,-31854.869541708733,-9482.227496586258,-121589.20028761658,1.128499563354628e-08,-1.028108670206422e-08,-1.878134111669845e-08,31854.869541708733,9482.227496586258,173187.84540632993,1.9137095841829437e-08
CASE_G,10928,E1-S1-V-042,A-V-0928,SOL_1S_beam_0049,beam,S1,849,51,-61.1812243336382,-1263.2087384632694,-9401.193324213657,21176.09475693837,3915.6610924771267,-1350.0057515629455,61.1812243336382,1263.2087384632694,9401.193324213657,-21176.09475693837,36229.04270031201,-4044.111663665554
CASE_G,10929,E1-S1-V-045,A-V-0929,SOL_1S_beam_0050,beam,S1,849,51,-61.1812243336382,-1263.2087384632694,-9401.193324213657,21176.09475693837,3915.6610924771267,-1350.0057515629455,61.1812243336382,1263.2087384632694,9401.193324213657,-21176.09475693837,36229.04270031201,-4044.111663665554
CASE_G,10930,E1-S1-V-051,A-V-0930,SOL_1S_beam_0051,beam,S1,851,860,0.0,4.092907159331695e-10,-3.623013311640179e-10,-0.0,1.6758083390568394e-09,1.9513857103684092e-09,0.0,-4.092907159331695e-10,3.623013311640179e-10,0.0,5.236901059552623e-11,9.310046328093e-13
CASE_G,10931,E1-S1-V-054,A-V-0931,SOL_1S_beam_0052,beam,S1,851,860,0.0,4.092907159331695e-10,-3.623013311640179e-10,-0.0,1.6758083390568394e-09,1.9513857103684092e-09,0.0,-4.092907159331695e-10,3.623013311640179e-10,0.0,5.236901059552623e-11,9.310046328093e-13
CASE_G,10932,E1-S1-V-073,A-V-0932,SOL_1S_beam_0053,beam,S1,853,376,1046.0911283306762,-370.31750042728083,-822.2313014040536,3055.015938200817,-1022.8183765181257,-2244.875003389364,-1046.0911283306762,370.31750042728083,822.2313014040536,-3055.015938200817,7045.401728509287,-467.5831689228361
CASE_G,10933,E1-S1-V-076,A-V-0933,SOL_1S_beam_0054,beam,S1,853,376,1046.0911283306762,-370.31750042728083,-822.2313014040536,3055.015938200817,-1022.8183765181257,-2244.875003389364,-1046.0911283306762,370.31750042728083,822.2313014040536,-3055.015938200817,7045.401728509287,-467.5831689228361
CASE_G,10934,E1-S1-V-029,A-V-0934,SOL_1S_beam_0055,beam,S1,848,444,2585.130054868515,2228.9363575498533,-32293.53407724896,-24674.34851585217,41864.45571565309,7366.215985801695,-2585.130054868515,-2228.9363575498533,32293.53407724896,24674.34851585217,136527.83552796725,4946.622333732292
CASE_G,10935,E1-S1-V-028,A-V-0935,SOL_1S_beam_0056,beam,S1,452,848,-900.8077522965965,1634.8915861969242,35661.80873571172,-11475.673736611887,-145765.39605372454,1957.5285202795285,900.8077522965965,-1634.8915861969242,-35661.80873571172,11475.673736611887,-51336.156175589334,7078.45929946805
CASE_G,10936,E1-S1-V-016,A-V-0936,SOL_1S_beam_0057,beam,S1,444,861,12934.411387111106,-3934.5119963583497,51139.9657928978,-3012.490606489648,-62455.80514628145,-15076.267823042755,-12934.411387111106,3934.5119963583497,-51139.9657928978,3012.490606489648,-206396.17807876496,-5608.168250447618
CASE_G,10937,E1-S1-V-023,A-V-0937,SOL_1S_beam_0058,beam,S1,862,861,1.8001126574291433e-09,-7.605929672395093e-10,-30927.295999999784,-1774.913652267338,-13090.90371864861,5.564081553274319e-10,-1.8001126574291433e-09,7.605929672395093e-10,30927.295999999784,1774.913652267338,174031.75009881088,-4.514415861475636e-09
CASE_G,10938,E1-S1-V-015,A-V-0938,SOL_1S_beam_0059,beam,S1,863,862,1.0009755438190027e-09,-3.01884963111097e-10,-3176.195000000761,-9.484712055796657e-12,1.0804797057062387e-09,-1.537498435305988e-10,-1.0009755438190027e-09,3.01884963111097e-10,3176.195000000761,9.484712055796657e-12,6605.340238095005,-4.740620175526797e-10
CASE_G,10939,E1-S1-V-022,A-V-0939,SOL_1S_beam_0060,beam,S1,863,862,1.0009755438190027e-09,-3.01884963111097e-10,-3176.195000000761,-9.484712055796657e-12,1.0804797057062387e-09,-1.537498435305988e-10,-1.0009755438190027e-09,3.01884963111097e-10,3176.195000000761,9.484712055796657e-12,6605.340238095005,-4.740620175526797e-10
CASE_G,10940,E1-S1-V-017,A-V-0940,SOL_1S_beam_0061,beam,S1,861,458,5996.907705414886,-3119.606324180756,-17578.175103550857,12542.975125176354,14842.470294015591,2804.0841252260816,-5996.907705414886,3119.606324180756,17578.175103550857,-12542.975125176354,37199.022606809696,-12039.910336812027
CASE_G,10941,E1-S1-V-024,A-V-0941,SOL_1S_beam_0062,beam,S1,861,458,5996.907705414886,-3119.606324180756,-17578.175103550857,12542.975125176354,14842.470294015591,2804.0841252260816,-5996.907705414886,3119.606324180756,17578.175103550857,-12542.975125176354,37199.022606809696,-12039.910336812027
CASE_G,10942,E1-S1-V-057,A-V-0942,SOL_1S_beam_0063,beam,S1,448,864,0.0,0.0,0.0,-0.0,0.0,0.0,0.0,0.0,0.0,0.0,0.0,0.0
CASE_G,10943,E1-S1-V-061,A-V-0943,SOL_1S_beam_0064,beam,S1,448,864,0.0,0.0,0.0,-0.0,0.0,0.0,0.0,0.0,0.0,0.0,0.0,0.0
CASE_G,10944,E1-S1-V-056,A-V-0944,SOL_1S_beam_0065,beam,S1,865,448,0.0,0.0,0.0,-0.0,0.0,0.0,0.0,0.0,0.0,0.0,0.0,0.0
CASE_G,10945,E1-S1-V-060,A-V-0945,SOL_1S_beam_0066,beam,S1,865,448,0.0,0.0,0.0,-0.0,0.0,0.0,0.0,0.0,0.0,0.0,0.0,0.0
CASE_G,10946,E1-S1-V-058,A-V-0946,SOL_1S_beam_0067,beam,S1,864,866,0.0,0.0,0.0,-0.0,0.0,0.0,0.0,0.0,0.0,0.0,0.0,0.0
CASE_G,10947,E1-S1-V-062,A-V-0947,SOL_1S_beam_0068,beam,S1,864,866,0.0,0.0,0.0,-0.0,0.0,0.0,0.0,0.0,0.0,0.0,0.0,0.0
CASE_G,10954,E1-S1-V-006,A-V-0954,SOL_1S_beam_0075,beam,S1,452,442,-16876.329210830118,-1032.2740878419158,29335.214767622554,-5934.589721236208,-94688.78862581126,-1158.049243648837,16876.329210830118,1032.2740878419158,-29335.214767622554,5934.589721236208,-28626.981354434298,-3181.297680559758
CASE_G,10955,E1-S1-V-007,A-V-0955,SOL_1S_beam_0076,beam,S1,444,442,-8657.373727393708,3500.6963473082187,28314.758673875684,11580.363857407952,-92670.15774950772,10143.291242237307,8657.373727393708,-3500.6963473082187,-28314.758673875684,-11580.363857407952,-26280.143439444037,4563.134112804522
CASE_G,10956,E1-S1-V-030,A-V-0956,SOL_1S_beam_0077,beam,S1,458,51,33761.940684372865,5519.142747328788,36388.93591242098,1903.398482352656,-62350.51970106502,12132.707256367412,-33761.940684372865,-5519.142747328788,-36388.93591242098,-1903.398482352656,-132493.32661400427,17419.434741947884
CASE_G,10957,E1-S1-V-026,A-V-0957,SOL_1S_beam_0078,beam,S1,458,366,-3578.8795440210815,-14.971820837335041,-14591.1869844768,10445.342348619493,33377.634346725405,108.074203328317,3578.8795440210815,14.971820837335041,14591.1869844768,-10445.342348619493,-7103.366959797746,-135.03387592848424
CASE_G,10958,E1-S1-V-025,A-V-0958,SOL_1S_beam_0079,beam,S1,458,366,-3578.8795440210815,-14.971820837335041,-14591.1869844768,10445.342348619493,33377.634346725405,108.074203328317,3578.8795440210815,14.971820837335041,14591.1869844768,-10445.342348619493,-7103.366959797746,-135.03387592848424
CASE_G,10959,E1-P1-V-009,A-V-0959,SOL_1_beam_0080,beam,P1,127,125,446051.00933046784,2839.424307483282,106205.86472247686,-88982.14019586067,-524594.0814250342,14509.43402112367,-446051.00933046784,-2839.424307483282,-106205.86472247686,88982.14019586067,-537464.5657997344,13884.80905370915
CASE_G,10960,E1-P1-V-008,A-V-0960,SOL_1_beam_0081,beam,P1,91,90,-67924.60856909977,28964.787748936214,5173.416524832711,-123303.31107093884,-38352.642183374526,151887.91379603557,67924.60856909977,-28964.787748936214,-5173.416524832711,123303.31107093884,-13252.187651831777,137035.84399960324
CASE_G,10961,E1-P1-V-031,A-V-0961,SOL_1_beam_0082,beam,P1,871,872,26069.362392428928,77356.80187555563,-12690.206277004296,-65160.6297595263,70593.7580373987,73225.94768485603,-26069.362392428928,-77356.80187555563,12690.206277004296,65160.6297595263,-46609.268173860575,72978.40785994416
CASE_G,10962,E1-P1-V-021,A-V-0962,SOL_1_beam_0083,beam,P1,125,871,60691.3292409856,18288.013142569533,46793.499074424624,-117652.91489097422,-85813.07752219877,50718.83724452054,-60691.3292409856,-18288.013142569533,-46793.499074424624,117652.91489097422,-162254.97316158982,46232.06108306971
CASE_G,10963,E1-P1-V-036,A-V-0963,SOL_1_beam_0084,beam,P1,873,94,-10526.526105412335,-10059.4529075782,-115126.97866812281,77412.11598745485,312997.1829275431,-53014.81695992504,10526.526105412335,10059.4529075782,115126.97866812281,-77412.11598745485,229200.77593860234,5639.172285691835
CASE_G,10964,E1-P1-V-020,A-V-0964,SOL_1_beam_0085,beam,P1,90,873,9389.397943557435,2668.7477057280144,17770.764375221446,-238680.9373263663,-131976.12767289928,24867.901024317594,-9389.397943557435,-2668.7477057280144,-17770.764375221446,238680.9373263663,37640.31330000993,-10700.897126237094
CASE_G,10965,E1-P1-V-058,A-V-0965,SOL_1_beam_0086,beam,P1,874,147,-159595.56257789533,-10981.059770728338,54259.90554886681,-20359.627616737416,22988.549560091895,-19723.86430855208,159595.56257789533,10981.059770728338,-54259.90554886681,20359.627616737416,-278091.8345140771,-31903.656813208487
CASE_G,10966,E1-P1-V-048,A-V-0966,SOL_1_beam_0087,beam,P1,133,874,-160064.81259940087,2347.8986301593363,122539.2079961979,-105662.65898468558,-425119.5537800947,2701.610986901906,160064.81259940087,-2347.8986301593363,-122539.2079961979,105662.65898468558,-224501.93341846467,9745.388017391422
CASE_G,10967,E1-P1-V-057,A-V-0967,SOL_1_beam_0088,beam,P1,875,101,9952.043783260136,-16598.989667074336,-138664.76602943087,189064.97466638393,343827.6943245545,-70260.7286194532,-9952.043783260136,16598.989667074336,138664.76602943087,-189064.97466638393,309222.99785543996,-7913.287765291127
CASE_G,10968,E1-P1-V-047,A-V-0968,SOL_1_beam_0089,beam,P1,94,875,33889.60458518087,2705.4238452190525,86072.10910055475,-291814.5858456983,-314631.8348037738,27997.267561886805,-33889.60458518087,-2705.4238452190525,-86072.10910055475,291814.5858456983,-142280.55992217516,-13635.568972352008
CASE_G,10969,E1-P1-V-087,A-V-0969,SOL_1_beam_0090,beam,P1,876,141,-177410.29772205514,-35149.16472062007,-102779.0002939561,-61253.620085949326,178339.6333174407,-102551.78769849968,177410.29772205514,35149.16472062007,102779.0002939561,61253.620085949326,304873.88820835284,-62701.34392142115
CASE_G,10970,E1-P1-V-066,A-V-0970,SOL_1_beam_0091,beam,P1,147,876,-165444.56178447377,28806.919823061096,-50996.96391164377,28091.32794853043,211454.28825229395,60690.98994854328,165444.56178447377,-28806.919823061096,50996.96391164377,-28091.32794853043,58897.74095227863,92024.16467892294
CASE_G,10971,E1-P1-V-086,A-V-0971,SOL_1_beam_0092,beam,P1,877,98,-19794.475209703327,-18973.971435797295,-86776.47015507646,265585.75275358884,188669.48921789724,-61071.24825644666,19794.475209703327,18973.971435797295,86776.47015507646,-265585.75275358884,212475.9823930155,-26640.57853649448
CASE_G,10972,E1-P1-V-065,A-V-0972,SOL_1_beam_0093,beam,P1,101,877,19101.92890173504,-26923.7221132855,77282.81087569644,-296029.3816119887,-294538.0566089251,-55702.859463734494,-19101.92890173504,26923.7221132855,-77282.81087569644,296029.3816119887,-115716.49108798362,-87221.28256403393
CASE_G,10973,E1-P1-V-102,A-V-0973,SOL_1_beam_0094,beam,P1,141,157,-55330.60421017033,-12956.429535489582,-27921.60260650424,-91893.17506108907,74771.64729901655,-33587.27404101638,55330.60421017033,12956.429535489582,27921.60260650424,91893.17506108907,64836.365733504615,-31194.873636431526
CASE_G,10974,E1-P1-V-101,A-V-0974,SOL_1_beam_0095,beam,P1,98,105,-22375.790067831305,-13106.973969409299,36081.471077846385,-34845.26017284292,-103721.35541919777,-30984.91987692754,22375.790067831305,13106.973969409299,-36081.471077846385,34845.26017284292,-79825.08795380691,-35690.25670545761
CASE_G,10975,E1-P1-V-007,A-V-0975,SOL_1_beam_0096,beam,P1,129,121,272620.73340798443,15854.369359176546,180429.02221165685,-37705.547631802205,-950724.8282898536,106758.89891419344,-272620.73340798443,-15854.369359176546,-180429.02221165685,37705.547631802205,-853565.3938267147,51784.79467757201
CASE_G,10976,E1-P1-V-006,A-V-0976,SOL_1_beam_0097,beam,P1,24,88,-207917.96592655848,-12239.644385602334,23533.27443610941,17765.881256436987,-124285.0544041094,-76648.43806766042,207917.96592655848,12239.644385602334,-23533.27443610941,-17765.881256436987,-111518.35662002198,-45992.799286835674
CASE_G,10977,E1-P1-V-035,A-V-0977,SOL_1_beam_0098,beam,P1,878,149,-382014.6564318353,-32818.632444085604,227011.9176408195,-38242.16126086626,-78228.66538229061,-60533.420674904424,382014.6564318353,32818.632444085604,-227011.9176408195,38242.16126086626,-989063.5619969089,-93762.75762621703
CASE_G,10978,E1-P1-V-019,A-V-0978,SOL_1_beam_0099,beam,P1,121,878,-402815.79400890047,-27028.464714214126,236047.20659746838,-228804.8826061439,-982021.6306476833,-106602.66313846545,402815.79400890047,27028.464714214126,-236047.20659746838,228804.8826061439,-269343.87029199,-36684.30379612054
CASE_G,10979,E1-P1-V-028,A-V-0979,SOL_1_beam_0100,beam,P1,88,102,-105578.60812066111,-674.1292164492382,18525.51653735335,5683.688637337087,-96138.14308856959,-77.85772551287027,105578.60812066111,674.1292164492382,-18525.51653735335,-5683.688637337087,-89117.02228496392,-6663.4344389795115
CASE_G,10980,E1-P1-V-056,A-V-0980,SOL_1_beam_0101,beam,P1,879,145,-679059.6475304001,-33099.41523893949,45271.39740051814,71541.11734639446,33398.32649175747,-77505.18990459146,679059.6475304001,33099.41523893949,-45271.39740051814,-71541.11734639446,-246240.94317154263,-78111.08338380513
CASE_G,10981,E1-P1-V-046,A-V-0981,SOL_1_beam_0102,beam,P1,149,879,-703230.7889454595,-17114.128276327392,93949.56226741747,-203068.7623141254,-265257.8382656074,-61235.93345207636,703230.7889454595,17114.128276327392,-93949.56226741747,203068.7623141254,-232798.23718894157,-29491.424487828313
CASE_G,10982,E1-P1-V-052,A-V-0982,SOL_1_beam_0103,beam,P1,102,100,-45031.39676027977,89.94048355933892,18997.283627991816,491.9590460161721,-90658.08301790325,968.4621470875359,45031.39676027977,-89.94048355933892,-18997.283627991816,-491.9590460161721,-99316.1248609414,-69.05081781467572
CASE_G,10983,E1-P1-V-085,A-V-0983,SOL_1_beam_0104,beam,P1,513,143,-477594.9231149021,-22011.28454998415,-16181.117888332628,113636.06406771243,-107742.97482281143,-48716.38517600154,477594.9231149021,22011.28454998415,16181.117888332628,-113636.06406771243,188702.1448572073,-61412.923618081055
CASE_G,10984,E1-P1-V-064,A-V-0984,SOL_1_beam_0105,beam,P1,145,513,-511059.7009690973,-50251.54541533433,-55677.05491945788,-215874.48937924652,270953.3997073626,-135897.74496362952,511059.7009690973,50251.54541533433,55677.05491945788,215874.48937924652,7616.23851824872,-115526.38023260786
CASE_G,10985,E1-P1-V-100,A-V-0985,SOL_1_beam_0106,beam,P1,143,151,-180210.0516518923,-47789.83577815285,-58975.03332708646,-38697.357148495124,149640.00907983005,-120802.46576460445,180210.0516518923,47789.83577815285,58975.03332708646,38697.357148495124,145235.15755560226,-118146.71312615977
CASE_G,10986,E1-P1-V-011,A-V-0986,SOL_1_beam_0107,beam,P1,131,123,-291969.66238010215,-18122.42771561526,-202682.03712234792,-171803.05104645368,1019473.9993935481,-70891.4404628164,291969.66238010215,18122.42771561526,202682.03712234792,171803.05104645368,1007280.0633168275,-110326.90784412631
CASE_G,10987,E1-P1-V-010,A-V-0987,SOL_1_beam_0108,beam,P1,93,89,95237.97675904694,15837.95181915007,-61648.43939883559,-82968.30106712322,301164.0599777348,84386.95937940339,-95237.97675904694,-15837.95181915007,61648.43939883559,82968.30106712322,313779.12302565033,73596.6100166186
CASE_G,10988,E1-P1-V-024,A-V-0988,SOL_1_beam_0109,beam,P1,123,120,643150.4956999037,7945.397031034258,-123033.74677996883,11641.493940421482,543722.5073112107,16970.88074275991,-643150.4956999037,-7945.397031034258,123033.74677996883,-11641.493940421482,378033.7852695278,42555.224103138535
CASE_G,10989,E1-P1-V-032,A-V-0989,SOL_1_beam_0110,beam,P1,880,120,-3435.214690980348,-15955.92802441582,-90712.00015815972,16219.865904502003,155674.69767253296,17429.615903464262,3435.214690980348,15955.92802441582,90712.00015815972,-16219.865904502003,47739.23128392245,-53209.42457193052
CASE_G,10990,E1-P1-V-022,A-V-0990,SOL_1_beam_0111,beam,P1,89,880,-36405.94003572141,39395.22868794822,3289.5484905002245,-113304.06746969692,42773.53415201396,118612.09106717976,36405.94003572141,-39395.22868794822,-3289.5484905002245,113304.06746969692,-60236.04894418258,90516.84127439812
CASE_G,10991,E1-P1-V-053,A-V-0991,SOL_1_beam_0112,beam,P1,135,137,-124183.82199417408,3392.131963960063,101038.35775796429,-6098.021079628757,-474157.81088403985,5204.006838891486,124183.82199417408,-3392.131963960063,-101038.35775796429,6098.021079628757,-536394.7745773187,28722.98685411272
CASE_G,10992,E1-P1-V-059,A-V-0992,SOL_1_beam_0113,beam,P1,881,96,122937.38567971897,4102.05483487628,-154753.444785833,41713.137911965074,127706.31267509854,-9526.888536879782,-122937.38567971897,-4102.05483487628,154753.444785833,-41713.137911965074,601115.0536204819,28845.78133123012
CASE_G,10993,E1-P1-V-049,A-V-0993,SOL_1_beam_0114,beam,P1,95,881,122132.93443749532,13155.698797580364,-17880.251233169143,-166396.33046054118,16915.812997337787,52025.94040330485,-122132.93443749532,-13155.698797580364,17880.251233169143,166396.33046054118,78001.21058465156,17810.873225524767
CASE_G,10994,E1-P1-V-078,A-V-0994,SOL_1_beam_0115,beam,P1,137,139,-166050.6725098998,-14216.820466811549,-111877.98975046157,-34407.95948935322,535196.2724100678,-71998.234728376,166050.6725098998,14216.820466811549,111877.98975046157,34407.95948935322,583583.6250945476,-70169.96993973947
CASE_G,10995,E1-P1-V-088,A-V-0995,SOL_1_beam_0116,beam,P1,882,139,149401.45084688347,45400.555498387344,202356.83747047043,72531.23915747658,-49160.728935583495,92546.6539338792,-149401.45084688347,-45400.555498387344,-202356.83747047043,-72531.23915747658,-906904.6397934807,121955.11124321389
CASE_G,10996,E1-P1-V-067,A-V-0996,SOL_1_beam_0117,beam,P1,96,882,131330.65437828825,12075.301055175441,245121.95608811796,-16974.344245053973,-1105303.6678442308,65076.40699541802,-131330.65437828825,-12075.301055175441,-245121.95608811796,16974.344245053973,-195922.2591896524,-974.8672537663515
CASE_G,10997,E1-P1-V-104,A-V-0997,SOL_1_beam_0118,beam,P1,97,153,82774.33731875285,88424.2787329811,1192716.0850220143,222737.91879423003,-3112144.0547575653,243063.31475540536,-82774.33731875285,-88424.2787329811,-1192716.0850220143,-222737.91879423003,-2637989.6709490926,183233.80129666493
CASE_G,10998,E1-P1-V-103,A-V-0998,SOL_1_beam_0119,beam,P1,97,104,43461.88836498364,-8173.31451139727,-776781.5021365042,124137.8789059295,2781727.582976738,-66989.99168016095,-43461.88836498364,8173.31451139727,776781.5021365042,-124137.8789059295,966421.8605652032,27551.868921666784
CASE_G,10999,E1-P1-V-012,A-V-0999,SOL_1_beam_0120,beam,P1,121,90,44593.111161023,1479.446278180389,-232602.6724800168,99021.69241128805,962696.0739156852,-17661.131822286457,-44593.111161023,-1479.446278180389,232602.6724800168,-99021.69241128805,1065366.6274375818,30560.423921741272
CASE_G,11000,E1-P1-V-016,A-V-1000,SOL_1_beam_0121,beam,P1,121,90,44593.111161023,1479.446278180389,-232602.6724800168,99021.69241128805,962696.0739156852,-17661.131822286457,-44593.111161023,-1479.446278180389,232602.6724800168,-99021.69241128805,1065366.6274375818,30560.423921741272
CASE_G,11001,E1-P1-V-013,A-V-1001,SOL_1_beam_0122,beam,P1,125,89,42174.05415418483,-3348.630075117969,-292530.42570563103,31917.852143643035,1038636.2679683501,-23409.73072048177,-42174.05415418483,3348.630075117969,292530.42570563103,-31917.852143643035,1029261.3113447553,-261.7352805271512
CASE_G,11002,E1-P1-V-017,A-V-1002,SOL_1_beam_0123,beam,P1,125,89,42174.05415418483,-3348.630075117969,-292530.42570563103,31917.852143643035,1038636.2679683501,-23409.73072048177,-42174.05415418483,3348.630075117969,292530.42570563103,-31917.852143643035,1029261.3113447553,-261.7352805271512
CASE_G,11003,E1-P1-V-014,A-V-1003,SOL_1_beam_0124,beam,P1,123,119,-15916.053981833822,16160.531654222703,-27403.61677084446,40056.92300756544,79021.48516086406,33227.8434251766,15916.053981833822,-16160.531654222703,27403.61677084446,-40056.92300756544,30702.599811627195,31478.927336379493
CASE_G,11004,E1-P1-V-018,A-V-1004,SOL_1_beam_0126,beam,P1,123,119,-15916.053981833822,16160.531654222703,-27403.61677084446,40056.92300756544,79021.48516086406,33227.8434251766,15916.053981833822,-16160.531654222703,27403.61677084446,-40056.92300756544,30702.599811627195,31478.927336379493
CASE_G,11005,E1-P1-V-023,A-V-1005,SOL_1_beam_0127,beam,P1,117,119,13154.658403619354,-8135.558612416389,20528.674202382623,15388.581792921,-58911.32098314577,-36843.24126026117,-13154.658403619354,8135.558612416389,-20528.674202382623,-15388.581792921,-94848.44879270012,-24092.092746737602
CASE_G,11006,E1-P1-V-025,A-V-1006,SOL_1_beam_0128,beam,P1,117,119,13154.658403619354,-8135.558612416389,20528.674202382623,15388.581792921,-58911.32098314577,-36843.24126026117,-13154.658403619354,8135.558612416389,-20528.674202382623,-15388.581792921,-94848.44879270012,-24092.092746737602
CASE_G,11007,E1-P1-V-042,A-V-1007,SOL_1_beam_0129,beam,P1,149,94,194292.81894653902,12425.790570065386,-427323.8620125037,94240.6769250719,1648353.7265794433,37335.131784300866,-194292.81894653902,-12425.790570065386,427323.8620125037,-94240.6769250719,2077055.7024455639,70992.91040552917
CASE_G,11008,E1-P1-V-044,A-V-1008,SOL_1_beam_0130,beam,P1,149,94,194292.81894653902,12425.790570065386,-427323.8620125037,94240.6769250719,1648353.7265794433,37335.131784300866,-194292.81894653902,-12425.790570065386,427323.8620125037,-94240.6769250719,2077055.7024455639,70992.91040552917
CASE_G,11009,E1-P1-V-043,A-V-1009,SOL_1_beam_0131,beam,P1,133,95,-83891.1627135449,9207.418427346292,-163324.50628173506,68041.7937636619,403512.36278129765,21350.462034702898,83891.1627135449,-9207.418427346292,163324.50628173506,-68041.7937636619,751028.5721242874,43736.77882820803
CASE_G,11010,E1-P1-V-045,A-V-1010,SOL_1_beam_0132,beam,P1,133,95,-83891.1627135449,9207.418427346292,-163324.50628173506,68041.7937636619,403512.36278129765,21350.462034702898,83891.1627135449,-9207.418427346292,163324.50628173506,-68041.7937636619,751028.5721242874,43736.77882820803
CASE_G,11011,E1-P1-V-060,A-V-1011,SOL_1_beam_0133,beam,P1,145,101,242355.52696553702,20285.401215859063,-568794.6168500565,80212.5573327477,2240914.8732876433,76918.46681382004,-242355.52696553702,-20285.401215859063,568794.6168500565,-80212.5573327477,2717836.596411149,99929.66098603926
CASE_G,11012,E1-P1-V-062,A-V-1012,SOL_1_beam_0134,beam,P1,145,101,242355.52696553702,20285.401215859063,-568794.6168500565,80212.5573327477,2240914.8732876433,76918.46681382004,-242355.52696553702,-20285.401215859063,568794.6168500565,-80212.5573327477,2717836.596411149,99929.66098603926
CASE_G,11013,E1-P1-V-061,A-V-1013,SOL_1_beam_0135,beam,P1,147,96,-98023.05716990973,6819.0495067465035,-316512.24886085687,13509.55938247109,953930.0150748393,11564.141499512963,98023.05716990973,-6819.0495067465035,316512.24886085687,-13509.55938247109,1283495.0721225578,36639.719463678055
CASE_G,11014,E1-P1-V-063,A-V-1014,SOL_1_beam_0136,beam,P1,147,96,-98023.05716990973,6819.0495067465035,-316512.24886085687,13509.55938247109,953930.0150748393,11564.141499512963,98023.05716990973,-6819.0495067465035,316512.24886085687,-13509.55938247109,1283495.0721225578,36639.719463678055
CASE_G,11015,E1-P1-V-094,A-V-1015,SOL_1_beam_0137,beam,P1,143,98,263054.97651653393,20716.758940608266,-646008.1361986094,75576.73131203494,2522963.4226368903,81473.47735048563,-263054.97651653393,-20716.758940608266,646008.1361986094,-75576.73131203494,3109215.9350933726,99144.22005339876
CASE_G,11016,E1-P1-V-096,A-V-1016,SOL_1_beam_0138,beam,P1,143,98,263054.97651653393,20716.758940608266,-646008.1361986094,75576.73131203494,2522963.4226368903,81473.47735048563,-263054.97651653393,-20716.758940608266,646008.1361986094,-75576.73131203494,3109215.9350933726,99144.22005339876
CASE_G,11017,E1-P1-V-095,A-V-1017,SOL_1_beam_0139,beam,P1,141,883,0.0,1.8497921459744972e-08,18427.61900000738,2.111893848338048e-10,-123920.1189364773,1.2696046092785648e-07,0.0,-1.8497921459744972e-08,-18427.61900000738,-2.111893848338048e-10,-1.1932570487260818e-09,-2.567579385845168e-09
CASE_G,11018,E1-P1-V-097,A-V-1018,SOL_1_beam_0140,beam,P1,141,97,-618776.7565852687,-41183.77289845579,-70816.58768214185,-91218.65426452558,527406.7814079515,-134592.161392282,618776.7565852687,41183.77289845579,70816.58768214185,91218.65426452558,-12414.157975210634,-164904.608249196
CASE_G,11019,E1-P1-V-001,A-V-1019,SOL_1_beam_0141,beam,P1,129,884,109700.80958801192,18458.235727624393,101934.2032288774,44296.946905413475,-805397.8292404845,103200.9550915786,-109700.80958801192,-18458.235727624393,-101934.2032288774,-44296.946905413475,435232.62974060536,-36171.47632878936
CASE_G,11020,E1-P1-V-003,A-V-1020,SOL_1_beam_0142,beam,P1,129,266,-605705.1220724587,-35499.775096304205,-2035661.2969117255,480573.4130015208,2292671.9643337955,-103650.60021241524,605705.1220724587,35499.775096304205,2035661.2969117255,-480573.4130015208,4012024.785295114,-6296.627748234998
CASE_G,11021,E1-P1-V-002,A-V-1021,SOL_1_beam_0143,beam,P1,884,91,105836.50263761081,34257.9742524479,101934.20322888203,107290.94444068025,-424120.637009201,36171.476328788754,-105836.50263761081,-34257.9742524479,-101934.20322888203,-107290.94444068025,-96798.2986274386,138898.58768674263
CASE_G,11022,E1-P1-V-004,A-V-1022,SOL_1_beam_0144,beam,P1,885,91,-4.2416276525143967e-10,-2.124050215625594e-10,-34136.984000000855,2.0095704225955747e-12,-1.4551915228366852e-11,-1.013466233774106e-10,4.2416276525143967e-10,2.124050215625594e-10,34136.984000000855,-2.0095704225955747e-12,167534.44402525658,-9.410757885045274e-10
CASE_G,11023,E1-P1-V-005,A-V-1023,SOL_1_beam_0145,beam,P1,127,93,-6612.006344959402,2470.443015192475,-207575.49197291743,37567.55599904108,766652.125398388,-10013.320000321655,6612.006344959402,-2470.443015192475,207575.49197291743,-37567.55599904108,700708.2036403002,27476.990885500723
CASE_G,11024,E1-P1-V-105,A-V-1024,SOL_1_beam_0146,beam,P1,151,105,278470.8710613019,20180.036040838386,-724718.0735855869,73899.65599288033,2862413.916827539,81263.33216301979,-278470.8710613019,-20180.036040838386,724718.0735855869,-73899.65599288033,3455678.2486916073,94666.22204100926
CASE_G,11025,E1-P1-V-107,A-V-1025,SOL_1_beam_0147,beam,P1,151,105,278470.8710613019,20180.036040838386,-724718.0735855869,73899.65599288033,2862413.916827539,81263.33216301979,-278470.8710613019,-20180.036040838386,724718.0735855869,-73899.65599288033,3455678.2486916073,94666.22204100926
CASE_G,11026,E1-P1-V-106,A-V-1026,SOL_1_beam_0148,beam,P1,157,104,-100723.32000037821,-16325.976556295078,-397025.9457586933,99217.5132447058,1188192.1061822851,-73526.9255970524,100723.32000037821,16325.976556295078,397025.9457586933,-99217.5132447058,1617987.2784401588,-41865.076702841194
CASE_G,11027,E1-P1-V-108,A-V-1027,SOL_1_beam_0149,beam,P1,157,104,-100723.32000037821,-16325.976556295078,-397025.9457586933,99217.5132447058,1188192.1061822851,-73526.9255970524,100723.32000037821,16325.976556295078,397025.9457586933,-99217.5132447058,1617987.2784401588,-41865.076702841194
CASE_G,11028,E1-P1-V-026,A-V-1028,SOL_1_beam_0150,beam,P1,878,873,-6421.710494079329,9694.785455254654,-29659.23502167425,170692.09165007417,97299.8523257923,48608.862235523906,6421.710494079329,-9694.785455254654,29659.23502167425,-170692.09165007417,148871.79835410393,31857.85704308971
CASE_G,11029,E1-P1-V-029,A-V-1029,SOL_1_beam_0151,beam,P1,878,873,-6421.710494079329,9694.785455254654,-29659.23502167425,170692.09165007417,97299.8523257923,48608.862235523906,6421.710494079329,-9694.785455254654,29659.23502167425,-170692.09165007417,148871.79835410393,31857.85704308971
CASE_G,11030,E1-P1-V-027,A-V-1030,SOL_1_beam_0152,beam,P1,871,880,-28855.524001263155,-17098.080146299926,-11143.05332427639,44489.67825455857,28052.402797907696,-59729.0043839624,28855.524001263155,17098.080146299926,11143.05332427639,-44489.67825455857,46048.90180853031,-53973.22858893211
CASE_G,11031,E1-P1-V-030,A-V-1031,SOL_1_beam_0153,beam,P1,871,880,-28855.524001263155,-17098.080146299926,-11143.05332427639,44489.67825455857,28052.402797907696,-59729.0043839624,28855.524001263155,17098.080146299926,11143.05332427639,-44489.67825455857,46048.90180853031,-53973.22858893211
CASE_G,11032,E1-P1-V-050,A-V-1032,SOL_1_beam_0154,beam,P1,879,875,-8358.609066420602,11499.573011102131,-44014.67756498326,98314.14721603991,140278.52496101806,53498.30719624894,8358.609066420602,-11499.573011102131,44014.67756498326,-98314.14721603991,225043.29882834296,41948.14879589873
CASE_G,11033,E1-P1-V-054,A-V-1033,SOL_1_beam_0155,beam,P1,879,875,-8358.609066420602,11499.573011102131,-44014.67756498326,98314.14721603991,140278.52496101806,53498.30719624894,8358.609066420602,-11499.573011102131,44014.67756498326,-98314.14721603991,225043.29882834296,41948.14879589873
CASE_G,11034,E1-P1-V-051,A-V-1034,SOL_1_beam_0156,beam,P1,874,881,2846.1584999182433,127.40538365041236,-22175.65777633586,99288.5149644635,45452.11402292521,4989.2381455891755,-2846.1584999182433,-127.40538365041236,22175.65777633586,-99288.5149644635,102016.01018970826,-4141.992344313933
CASE_G,11035,E1-P1-V-055,A-V-1035,SOL_1_beam_0157,beam,P1,874,881,2846.1584999182433,127.40538365041236,-22175.65777633586,99288.5149644635,45452.11402292521,4989.2381455891755,-2846.1584999182433,-127.40538365041236,22175.65777633586,-99288.5149644635,102016.01018970826,-4141.992344313933
CASE_G,11036,E1-P1-V-076,A-V-1036,SOL_1_beam_0158,beam,P1,513,877,3239.699860573961,18159.611137571344,-50888.80451538482,46045.07131203433,168452.03217701515,82121.38270430407,-3239.699860573961,-18159.611137571344,50888.80451538482,-46045.07131203433,269457.88432593865,74146.26541024001
CASE_G,11037,E1-P1-V-079,A-V-1037,SOL_1_beam_0159,beam,P1,513,877,3239.699860573961,18159.611137571344,-50888.80451538482,46045.07131203433,168452.03217701515,82121.38270430407,-3239.699860573961,-18159.611137571344,50888.80451538482,-46045.07131203433,269457.88432593865,74146.26541024001
CASE_G,11038,E1-P1-V-077,A-V-1038,SOL_1_beam_0160,beam,P1,876,882,27885.63155096007,-6093.54613988993,234.70019117612728,-119036.57772120977,-43082.304545968465,5263.811509788276,-27885.63155096007,6093.54613988993,-234.70019117612728,119036.57772120977,41521.54827464722,-45785.89334005631
CASE_G,11039,E1-P1-V-080,A-V-1039,SOL_1_beam_0161,beam,P1,876,882,27885.63155096007,-6093.54613988993,234.70019117612728,-119036.57772120977,-43082.304545968465,5263.811509788276,-27885.63155096007,6093.54613988993,-234.70019117612728,119036.57772120977,41521.54827464722,-45785.89334005631
CASE_G,11040,E1-P1-V-070,A-V-1040,SOL_1_beam_0162,beam,P1,107,109,1.1307172752388606e-07,-1.3477439773778528e-07,-9.986443153366764e-08,6.09547204854346e-07,8.387095389084247e-07,-1.1614727851253576e-06,-1.1307172752388606e-07,1.3477439773778528e-07,9.986443153366764e-08,-6.09547204854346e-07,-3.68048473090249e-07,5.262810485871754e-07
CASE_G,11041,E1-P1-V-073,A-V-1041,SOL_1_beam_0163,beam,P1,107,109,1.1307172752388606e-07,-1.3477439773778528e-07,-9.986443153366764e-08,6.09547204854346e-07,8.387095389084247e-07,-1.1614727851253576e-06,-1.1307172752388606e-07,1.3477439773778528e-07,9.986443153366764e-08,-6.09547204854346e-07,-3.68048473090249e-07,5.262810485871754e-07
CASE_G,11042,E1-P1-V-071,A-V-1042,SOL_1_beam_0164,beam,P1,109,111,1.1309572407047435e-07,-1.314137751338415e-07,-8.613588280091569e-08,6.233733996801893e-07,1.789739833415256e-07,-5.260459112264663e-07,-1.1309572407047435e-07,1.314137751338415e-07,8.613588280091569e-08,-6.233733996801893e-07,2.2689829641638913e-07,-9.31757972041948e-08
CASE_G,11043,E1-P1-V-074,A-V-1043,SOL_1_beam_0165,beam,P1,109,111,1.1309572407047435e-07,-1.314137751338415e-07,-8.613588280091569e-08,6.233733996801893e-07,1.789739833415256e-07,-5.260459112264663e-07,-1.1309572407047435e-07,1.314137751338415e-07,8.613588280091569e-08,-6.233733996801893e-07,2.2689829641638913e-07,-9.31757972041948e-08
CASE_G,11044,E1-P1-V-084,A-V-1044,SOL_1_beam_0166,beam,P1,111,886,0.0,1.563111422872189e-08,-1.0919449796921431e-07,1.3714503883038235e-09,6.544893560376736e-07,9.333232353559724e-08,0.0,-1.563111422872189e-08,1.0919449796921431e-07,-1.3714503883038235e-09,-1.1690292146628465e-09,1.9001363743091012e-10
CASE_G,11045,E1-P1-V-083,A-V-1045,SOL_1_beam_0167,beam,P1,886,111,0.0,1.563111422872189e-08,1.0919449796921431e-07,1.3714503883038235e-09,1.1690292146628465e-09,1.9001363743091012e-10,0.0,-1.563111422872189e-08,-1.0919449796921431e-07,-1.3714503883038235e-09,-6.544893560376736e-07,9.333232353559724e-08
CASE_G,11046,E1-P1-V-091,A-V-1046,SOL_1_beam_0168,beam,P1,139,887,-8.132831808440739e-08,-4.048362404342204e-07,-2.8124966913941535e-07,1.1596605346344574e-06,5.579122620590345e-07,-2.4124075607145852e-06,8.132831808440739e-08,4.048362404342204e-07,2.8124966913941535e-07,-1.1596605346344574e-06,1.3317512086321706e-07,1.4176429490090925e-06
CASE_G,11047,E1-P1-V-092,A-V-1047,SOL_1_beam_0169,beam,P1,139,887,-8.132831808440739e-08,-4.048362404342204e-07,-2.8124966913941535e-07,1.1596605346344574e-06,5.579122620590345e-07,-2.4124075607145852e-06,8.132831808440739e-08,4.048362404342204e-07,2.8124966913941535e-07,-1.1596605346344574e-06,1.3317512086321706e-07,1.4176429490090925e-06
CASE_G,11048,E1-P1-V-081,A-V-1048,SOL_1_beam_0170,beam,P1,888,107,1.872829580878586e-06,-5.901604648488271e-07,-1.1194501462613423e-07,1.2448826350175596e-06,-1.7163995956549114e-07,-2.4344273011174426e-06,-1.872829580878586e-06,5.901604648488271e-07,1.1194501462613423e-07,-1.2448826350175596e-06,5.160565671704172e-07,6.18704949169786e-07
CASE_G,11049,E1-P1-V-093,A-V-1049,SOL_1_beam_0171,beam,P1,889,888,2.1343471208099925e-06,8.146530791338605e-08,1.4132801551288296e-07,-4.816388927568187e-07,-1.3499405674931988e-07,4.451767752619398e-08,-2.1343471208099925e-06,-8.146530791338605e-08,-1.4132801551288296e-07,4.816388927568187e-07,-2.1125958125724376e-07,1.550723268616021e-07
CASE_G,11050,E1-P1-V-082,A-V-1050,SOL_1_beam_0172,beam,P1,889,107,-2.1400537501950507e-06,2.996468947946197e-07,-1.409144670900422e-07,4.780469813384823e-07,1.4892965605230626e-07,-4.6811917525393414e-08,2.1400537501950507e-06,-2.996468947946197e-07,1.409144670900422e-07,-4.780469813384823e-07,6.296279265890762e-07,1.7023719666453001e-06
CASE_G,11051,E1-P1-V-090,A-V-1051,SOL_1_beam_0173,beam,P1,888,887,4.753854164318242e-07,-1.2480457453691868e-07,1.2761935660789664e-07,2.2124834426500898e-07,8.574764448889026e-07,1.13686837721616e-06,-4.753854164318242e-07,1.2480457453691868e-07,-1.2761935660789664e-07,-2.2124834426500898e-07,-1.143599042403807e-06,-1.4166802333279319e-06
CASE_G,11052,E1-P1-V-089,A-V-1052,SOL_1_beam_0174,beam,P1,888,887,4.753854164318242e-07,-1.2480457453691868e-07,1.2761935660789664e-07,2.2124834426500898e-07,8.574764448889026e-07,1.13686837721616e-06,-4.753854164318242e-07,1.2480457453691868e-07,-1.2761935660789664e-07,-2.2124834426500898e-07,-1.143599042403807e-06,-1.4166802333279319e-06
CASE_G,11053,E1-P1-V-038,A-V-1053,SOL_1_beam_0175,beam,P1,117,120,24754.19665850239,38491.46204425546,-22027.53624599624,2000.6230273894137,49599.16261819807,43590.463294756555,-24754.19665850239,-38491.46204425546,22027.53624599624,-2000.6230273894137,41154.28671530647,114994.36032757598
CASE_G,11054,E1-P1-V-034,A-V-1054,SOL_1_beam_0176,beam,P1,117,120,24754.19665850239,38491.46204425546,-22027.53624599624,2000.6230273894137,49599.16261819807,43590.463294756555,-24754.19665850239,-38491.46204425546,22027.53624599624,-2000.6230273894137,41154.28671530647,114994.36032757598
CASE_G,11055,E1-P1-V-037,A-V-1055,SOL_1_beam_0177,beam,P1,120,890,-6353.379926700766,-8995.664781077114,10941.576628620322,55354.1329666867,-135972.78993571794,-48720.09279785936,6353.379926700766,8995.664781077114,-10941.576628620322,-55354.1329666867,57868.45906263433,-15493.722297743232
CASE_G,11056,E1-P1-V-033,A-V-1056,SOL_1_beam_0178,beam,P1,120,872,78384.06714806156,-22795.27295936524,38218.42027703548,43829.59718103808,-205752.91293313613,-89741.24416017339,-78384.06714806156,22795.27295936524,-38218.42027703548,-43829.59718103808,-67061.89649351448,-72978.40785994135
CASE_G,11057,E1-P1-V-041,A-V-1057,SOL_1_beam_0179,beam,P1,120,135,271823.61524841166,33152.77049293965,933009.7537846081,-28389.412853863567,-1694380.5270146015,64030.31796310618,-271823.61524841166,-33152.77049293965,-933009.7537846081,28389.412853863567,-649041.5186511949,19238.836440598803
CASE_G,11058,E1-P1-V-040,A-V-1058,SOL_1_beam_0180,beam,P1,120,95,484711.5077391401,-34211.16235870653,-1217568.2560982015,26000.13462262943,1575394.7624968647,-113303.30150434136,-484711.5077391401,34211.16235870653,1217568.2560982015,-26000.13462262943,1488725.0380296502,27207.840771595904
CASE_G,11062,E1-P1-V-039,A-V-1062,SOL_1_beam_0184,beam,P1,890,133,-9562.32233467542,5463.461623794899,-14620.004371403595,-52306.27316493279,-60637.38432992315,15493.7222977346,9562.32233467542,-5463.461623794899,14620.004371403595,52306.27316493279,92994.40033238291,-3401.9806881536424
CASE_G,11066,E1-P2-V-010,A-V-1066,SOL_2_beam_0188,beam,P2,128,126,-71615.6533589235,30961.243479530927,87757.61100870703,-48236.43053822312,-444247.152263302,152005.98475703172,71615.6533589235,-30961.243479530927,-87757.61100870703,48236.43053822312,-433328.95782376814,157606.45003827754
CASE_G,11067,E1-P2-V-009,A-V-1067,SOL_2_beam_0189,beam,P2,128,126,-71615.6533589235,30961.243479530927,87757.61100870703,-48236.43053822312,-444247.152263302,152005.98475703172,71615.6533589235,-30961.243479530927,-87757.61100870703,48236.43053822312,-433328.95782376814,157606.45003827754
CASE_G,11068,E1-P2-V-034,A-V-1068,SOL_2_beam_0190,beam,P2,896,897,-84572.00645601176,4970.321781837167,16561.084694630663,-79333.7257600453,-2640.046120444813,7393.094822974214,84572.00645601176,-4970.321781837167,-16561.084694630663,79333.7257600453,-28660.403952407152,2000.8133446980332
CASE_G,11069,E1-P2-V-024,A-V-1069,SOL_2_beam_0191,beam,P2,126,898,5351.22313794425,12524.835298351316,42778.69755886759,7569.4472093212535,-211489.01588271017,22440.9457903347,-5351.22313794425,-12524.835298351316,-42778.69755886759,-7569.4472093212535,10019.970419151621,36545.576851565034
CASE_G,11070,E1-P2-V-040,A-V-1070,SOL_2_beam_0192,beam,P2,896,134,77114.31089853657,22434.89901653163,12485.559343686004,-98.36708272037211,-11230.576568651355,53220.3758045524,-77114.31089853657,-22434.89901653163,-12485.559343686004,98.36708272037211,-47570.97342219462,52438.23345329348
CASE_G,11071,E1-P2-V-023,A-V-1071,SOL_2_beam_0193,beam,P2,126,898,5351.22313794425,12524.835298351316,42778.69755886759,7569.4472093212535,-211489.01588271017,22440.9457903347,-5351.22313794425,-12524.835298351316,-42778.69755886759,-7569.4472093212535,10019.970419151621,36545.576851565034
CASE_G,11072,E1-P2-V-073,A-V-1072,SOL_2_beam_0194,beam,P2,899,148,1733.3657398794028,4248.085814675537,-42613.05560258099,-45385.8174902147,-8372.332552219334,13375.182117101673,-1733.3657398794028,-4248.085814675537,42613.05560258099,45385.8174902147,209061.27649969372,6631.453030034852
CASE_G,11073,E1-P2-V-058,A-V-1073,SOL_2_beam_0195,beam,P2,134,900,4468.072497052074,9722.554731556243,55666.42779474664,25434.10044246556,-286551.79365033016,21551.829870147187,-4468.072497052074,-9722.554731556243,-55666.42779474664,-25434.10044246556,24387.14834431754,24237.17103476238
CASE_G,11074,E1-P2-V-072,A-V-1074,SOL_2_beam_0196,beam,P2,899,148,1733.3657398794028,4248.085814675537,-42613.05560258099,-45385.8174902147,-8372.332552219334,13375.182117101673,-1733.3657398794028,-4248.085814675537,42613.05560258099,45385.8174902147,209061.27649969372,6631.453030034852
CASE_G,11075,E1-P2-V-057,A-V-1075,SOL_2_beam_0197,beam,P2,134,900,4468.072497052074,9722.554731556243,55666.42779474664,25434.10044246556,-286551.79365033016,21551.829870147187,-4468.072497052074,-9722.554731556243,-55666.42779474664,-25434.10044246556,24387.14834431754,24237.17103476238
CASE_G,11076,E1-P2-V-095,A-V-1076,SOL_2_beam_0198,beam,P2,901,142,-6092.163845325498,32285.851349566532,-53534.94551001144,-75356.32573041176,-15349.988365083816,56930.160158070954,6092.163845325498,-32285.851349566532,53534.94551001144,75356.32573041176,267472.87534445047,95120.09362087709
CASE_G,11077,E1-P2-V-085,A-V-1077,SOL_2_beam_0199,beam,P2,148,902,2334.9374567174646,22983.46842423946,30135.179342856554,-7697.428936490091,-125171.22757536225,59818.35252426673,-2334.9374567174646,-22983.46842423946,-30135.179342856554,7697.428936490091,-16752.350362553174,48423.77987121839
CASE_G,11078,E1-P2-V-094,A-V-1078,SOL_2_beam_0200,beam,P2,901,142,-6092.163845325498,32285.851349566532,-53534.94551001144,-75356.32573041176,-15349.988365083816,56930.160158070954,6092.163845325498,-32285.851349566532,53534.94551001144,75356.32573041176,267472.87534445047,95120.09362087709
CASE_G,11079,E1-P2-V-084,A-V-1079,SOL_2_beam_0201,beam,P2,148,902,2334.9374567174646,22983.46842423946,30135.179342856554,-7697.428936490091,-125171.22757536225,59818.35252426673,-2334.9374567174646,-22983.46842423946,-30135.179342856554,7697.428936490091,-16752.350362553174,48423.77987121839
CASE_G,11080,E1-P2-V-105,A-V-1080,SOL_2_beam_0202,beam,P2,142,158,24346.897941329717,18324.52840326327,-51670.306215985474,-17194.009454326293,116256.50560880722,39761.97510815004,-24346.897941329717,-18324.52840326327,51670.306215985474,17194.009454326293,142095.0254711201,51860.6669081663
CASE_G,11081,E1-P2-V-104,A-V-1081,SOL_2_beam_0203,beam,P2,142,158,24346.897941329717,18324.52840326327,-51670.306215985474,-17194.009454326293,116256.50560880722,39761.97510815004,-24346.897941329717,-18324.52840326327,51670.306215985474,17194.009454326293,142095.0254711201,51860.6669081663
CASE_G,11082,E1-P2-V-008,A-V-1082,SOL_2_beam_0204,beam,P2,130,122,-806838.9615162764,23386.79797259113,209331.4488910723,-37225.67482208647,-1076187.886699298,142128.46872375737,806838.9615162764,-23386.79797259113,-209331.4488910723,37225.67482208647,-1017126.6022114252,91739.51100215389
CASE_G,11083,E1-P2-V-007,A-V-1083,SOL_2_beam_0205,beam,P2,32,122,2653535.4866222953,29001.129201113115,406313.0667155406,-35887.99960217687,-2185240.122128629,166284.71531722418,-2653535.4866222953,-29001.129201113115,-406313.0667155406,35887.99960217687,-1886673.6667132555,124353.48354895279
CASE_G,11084,E1-P2-V-039,A-V-1084,SOL_2_beam_0206,beam,P2,903,150,-3519.640377884162,-7013.742176635842,-71658.26359183503,-78794.54036014451,4000.110656024044,15652.355385343733,3519.640377884162,7013.742176635842,71658.26359183503,78794.54036014451,333474.5635140146,-48683.5821710642
CASE_G,11085,E1-P2-V-022,A-V-1085,SOL_2_beam_0207,beam,P2,122,904,2020.4657977524992,-24208.25607515598,49689.87630946176,24025.265287174225,-206261.196920234,-122293.96335516959,-2020.4657977524992,24208.25607515598,-49689.87630946176,-24025.265287174225,-27756.49226942619,8283.614230174542
CASE_G,11086,E1-P2-V-031,A-V-1086,SOL_2_beam_0208,beam,P2,122,150,922939.0240726053,31223.916277060736,233509.20595566515,-110662.72331892539,-1139528.7447347895,144945.53870784014,-922939.0240726053,-31223.916277060736,-233509.20595566515,110662.72331892539,-1195563.3264973226,167293.62562396305
CASE_G,11087,E1-P2-V-071,A-V-1087,SOL_2_beam_0209,beam,P2,905,146,-4602.682407042423,1165.0047035253228,-97597.94683997876,-84090.07776090867,-10854.84372080263,17825.68893987308,4602.682407042423,-1165.0047035253228,97597.94683997876,84090.07776090867,470492.4857531936,-12339.097958989072
CASE_G,11088,E1-P2-V-056,A-V-1088,SOL_2_beam_0210,beam,P2,150,906,367.83742724388617,-15829.801702196568,81446.77161808785,40051.006906702525,-364774.7895823005,-75823.64534436166,-367.83742724388617,15829.801702196568,-81446.77161808785,-40051.006906702525,-18798.874309097708,1273.1761611562179
CASE_G,11089,E1-P2-V-063,A-V-1089,SOL_2_beam_0211,beam,P2,150,146,565650.4299652379,10143.39215181121,75443.50499075228,-33574.553464032106,-368248.4072387905,41515.704810287396,-565650.4299652379,-10143.39215181121,-75443.50499075228,33574.553464032106,-386186.6426687323,59918.216707824686
CASE_G,11090,E1-P2-V-093,A-V-1090,SOL_2_beam_0212,beam,P2,907,144,-15612.770305367578,27512.80240340219,-99136.35098469499,-108127.06527693047,-16683.819415051665,59237.75228164248,15612.770305367578,-27512.80240340219,99136.35098469499,108127.06527693047,483566.57752277976,70333.82203781618
CASE_G,11091,E1-P2-V-083,A-V-1091,SOL_2_beam_0213,beam,P2,146,908,12232.057388825193,17642.843011195695,91293.13466569858,41754.22630920935,-388125.5596329756,35861.684321028675,-12232.057388825193,-17642.843011195695,-91293.13466569858,-41754.22630920935,-41819.56226889783,47227.304976150306
CASE_G,11092,E1-P2-V-089,A-V-1092,SOL_2_beam_0214,beam,P2,146,144,228933.55782040826,4556.943822267973,-46494.49376904038,-37065.48924027029,243571.12216613843,18978.90960990711,-228933.55782040826,-4556.943822267973,46494.49376904038,37065.48924027029,221373.81552426537,26590.528612772614
CASE_G,11093,E1-P2-V-103,A-V-1093,SOL_2_beam_0215,beam,P2,144,152,65216.960183953066,-1226.1843539454444,-46914.12698658301,-16617.12275744271,102288.23209576143,-10262.287084547821,-65216.960183953066,1226.1843539454444,46914.12698658301,16617.12275744271,132282.4028371536,4131.365314820599
CASE_G,11094,E1-P2-V-102,A-V-1094,SOL_2_beam_0216,beam,P2,144,152,65216.960183953066,-1226.1843539454444,-46914.12698658301,-16617.12275744271,102288.23209576143,-10262.287084547821,-65216.960183953066,1226.1843539454444,46914.12698658301,16617.12275744271,132282.4028371536,4131.365314820599
CASE_G,11095,E1-P2-V-012,A-V-1095,SOL_2_beam_0217,beam,P2,132,124,149534.94140106213,52126.35832129702,-210413.9600645283,-178362.52435993205,1105906.7151941545,274930.7949535927,-149534.94140106213,-52126.35832129702,210413.9600645283,178362.52435993205,998164.0473980571,246315.7348422969
CASE_G,11096,E1-P2-V-011,A-V-1096,SOL_2_beam_0218,beam,P2,132,161,6249.604236002737,23660.005631003914,22843.625377216908,-36609.17405934959,-146935.67248479836,124260.45518965033,-6249.604236002737,-23660.005631003914,-22843.625377216908,36609.17405934959,-81500.58128737069,112339.6011203888
CASE_G,11097,E1-P2-V-027,A-V-1097,SOL_2_beam_0219,beam,P2,124,159,-845540.6845813617,12348.00657472347,-277811.3494945439,6209.420018264644,870405.4679075272,22751.772650581792,845540.6845813617,-12348.00657472347,277811.3494945439,-6209.420018264644,1210928.8509188434,69758.23422935803
CASE_G,11098,E1-P2-V-035,A-V-1098,SOL_2_beam_0220,beam,P2,909,159,7914.714570829331,-16906.477874510714,-76708.03644614642,33658.6274612259,266.3729261968256,26410.068008960567,-7914.714570829331,16906.477874510714,76708.03644614642,-33658.6274612259,169303.52134079908,-63783.331599415935
CASE_G,11099,E1-P2-V-025,A-V-1099,SOL_2_beam_0221,beam,P2,161,910,-12512.161644203888,-2454.848471928728,42029.12857272491,-3646.54363263808,-208391.6472953956,-45935.80817336246,12512.161644203888,2454.848471928728,-42029.12857272491,3646.54363263808,10450.063790059765,34374.38374462554
CASE_G,11100,E1-P2-V-064,A-V-1100,SOL_2_beam_0222,beam,P2,136,138,-938478.5632448264,5017.332159104861,118478.47082507782,-4549.197463958481,-609471.5006329652,16452.951443254904,938478.5632448264,-5017.332159104861,-118478.47082507782,4549.197463958481,-575511.3877528367,33728.762689981544
CASE_G,11101,E1-P2-V-074,A-V-1101,SOL_2_beam_0223,beam,P2,911,138,-103.29712449730937,-9726.240678985007,-63310.828956853504,-10262.470447521404,17113.546510782675,-904.8566672723755,103.29712449730937,9726.240678985007,63310.828956853504,10262.470447521404,281056.9405377563,-44902.12403709784
CASE_G,11102,E1-P2-V-059,A-V-1102,SOL_2_beam_0224,beam,P2,168,912,-8764.492842664702,-4770.24479692742,53355.25979127972,15831.464500283308,-226088.93742610663,-45122.46090530972,8764.492842664702,4770.24479692742,-53355.25979127972,-15831.464500283308,-25194.516932218117,22656.37985920716
CASE_G,11103,E1-P2-V-086,A-V-1103,SOL_2_beam_0225,beam,P2,138,913,-317970.6522843428,9064.090797624682,-37613.7860055957,-49060.7715054614,328026.644283543,8210.926789467947,317970.6522843428,-9064.090797624682,37613.7860055957,49060.7715054614,-150879.68415336905,34477.57393482032
CASE_G,11104,E1-P2-V-013,A-V-1104,SOL_2_beam_0226,beam,P2,122,126,101589.47978383368,-29352.76055292941,116946.53674938083,33371.7094346585,-544167.5793549564,-153885.05483444306,-101589.47978383368,29352.76055292941,-116946.53674938083,-33371.7094346585,-496656.597714533,-107354.51408662868
CASE_G,11105,E1-P2-V-019,A-V-1105,SOL_2_beam_0227,beam,P2,122,126,101589.47978383368,-29352.76055292941,116946.53674938083,33371.7094346585,-544167.5793549564,-153885.05483444306,-101589.47978383368,29352.76055292941,-116946.53674938083,-33371.7094346585,-496656.597714533,-107354.51408662868
CASE_G,11106,E1-P2-V-014,A-V-1106,SOL_2_beam_0228,beam,P2,126,161,55133.16806857371,-33919.83335558919,36313.1719491426,9239.34315178777,-160318.0144090216,-108505.40391427677,-55133.16806857371,33919.83335558919,-36313.1719491426,-9239.34315178777,-102988.79539421141,-137447.3077471005
CASE_G,11107,E1-P2-V-020,A-V-1107,SOL_2_beam_0229,beam,P2,126,161,55133.16806857371,-33919.83335558919,36313.1719491426,9239.34315178777,-160318.0144090216,-108505.40391427677,-55133.16806857371,33919.83335558919,-36313.1719491426,-9239.34315178777,-102988.79539421141,-137447.3077471005
CASE_G,11108,E1-P2-V-015,A-V-1108,SOL_2_beam_0231,beam,P2,124,156,20385.7944969733,-45775.4768179491,-27185.506185329108,35538.995567802216,79896.02904166488,-121083.58362095522,-20385.7944969733,45775.4768179491,27185.506185329108,-35538.995567802216,28954.74111918632,-62201.43127433131
CASE_G,11109,E1-P2-V-021,A-V-1109,SOL_2_beam_0232,beam,P2,124,156,20385.7944969733,-45775.4768179491,-27185.506185329108,35538.995567802216,79896.02904166488,-121083.58362095522,-20385.7944969733,45775.4768179491,27185.506185329108,-35538.995567802216,28954.74111918632,-62201.43127433131
CASE_G,11110,E1-P2-V-026,A-V-1110,SOL_2_beam_0234,beam,P2,155,156,16461.402155246305,12597.902648134803,34060.448753805955,13492.860622020251,-158276.30139117374,39543.69414984232,-16461.402155246305,-12597.902648134803,-34060.448753805955,-13492.860622020251,-96836.45977483295,54814.59668468739
CASE_G,11111,E1-P2-V-028,A-V-1111,SOL_2_beam_0235,beam,P2,155,156,16461.402155246305,12597.902648134803,34060.448753805955,13492.860622020251,-158276.30139117374,39543.69414984232,-16461.402155246305,-12597.902648134803,-34060.448753805955,-13492.860622020251,-96836.45977483295,54814.59668468739
CASE_G,11112,E1-P2-V-048,A-V-1112,SOL_2_beam_0236,beam,P2,150,134,-178653.2155571073,-15617.647576774365,143553.45266327454,18872.034614483608,-645249.599436142,-84347.36976461089,178653.2155571073,15617.647576774365,-143553.45266327454,-18872.034614483608,-632232.5758143382,-54634.07602110419
CASE_G,11113,E1-P2-V-051,A-V-1113,SOL_2_beam_0237,beam,P2,150,134,-178653.2155571073,-15617.647576774365,143553.45266327454,18872.034614483608,-645249.599436142,-84347.36976461089,178653.2155571073,15617.647576774365,-143553.45266327454,-18872.034614483608,-632232.5758143382,-54634.07602110419
CASE_G,11114,E1-P2-V-049,A-V-1114,SOL_2_beam_0238,beam,P2,134,168,-25184.98413607117,-25063.184100634047,-22313.746157964888,-31686.241249529383,68619.81182972457,-76550.02815534855,25184.98413607117,25063.184100634047,22313.746157964888,31686.241249529383,93177.16156167888,-105183.11975834896
CASE_G,11115,E1-P2-V-052,A-V-1115,SOL_2_beam_0239,beam,P2,134,168,-25184.98413607117,-25063.184100634047,-22313.746157964888,-31686.241249529383,68619.81182972457,-76550.02815534855,25184.98413607117,25063.184100634047,22313.746157964888,31686.241249529383,93177.16156167888,-105183.11975834896
CASE_G,11116,E1-P2-V-036,A-V-1116,SOL_2_beam_0240,beam,P2,897,159,-51973.682164432226,-21711.96484480681,-18629.057332465705,-3470.8814274121924,67557.70599830827,-68926.30046835291,51973.682164432226,21711.96484480681,18629.057332465705,3470.8814274121924,62053.41785252423,-82134.06261512396
CASE_G,11117,E1-P2-V-042,A-V-1117,SOL_2_beam_0241,beam,P2,897,159,-51973.682164432226,-21711.96484480681,-18629.057332465705,-3470.8814274121924,67557.70599830827,-68926.30046835291,51973.682164432226,21711.96484480681,18629.057332465705,3470.8814274121924,62053.41785252423,-82134.06261512396
CASE_G,11118,E1-P2-V-076,A-V-1118,SOL_2_beam_0242,beam,P2,146,148,-96559.73720471952,-11102.701258456424,155794.15360662635,26211.89239591604,-717799.9962265532,-53312.81386780835,96559.73720471952,11102.701258456424,-155794.15360662635,-26211.89239591604,-668612.1767188146,-45490.12463119536
CASE_G,11119,E1-P2-V-080,A-V-1119,SOL_2_beam_0243,beam,P2,146,148,-96559.73720471952,-11102.701258456424,155794.15360662635,26211.89239591604,-717799.9962265532,-53312.81386780835,96559.73720471952,11102.701258456424,-155794.15360662635,-26211.89239591604,-668612.1767188146,-45490.12463119536
CASE_G,11120,E1-P2-V-077,A-V-1120,SOL_2_beam_0244,beam,P2,148,138,32956.8980391545,-13563.827508658916,36775.050032755506,7996.73642296481,-172566.67022113875,-39488.3514819168,-32956.8980391545,13563.827508658916,-36775.050032755506,-7996.73642296481,-94089.21756637147,-58862.96178336904
CASE_G,11121,E1-P2-V-081,A-V-1121,SOL_2_beam_0245,beam,P2,148,138,32956.8980391545,-13563.827508658916,36775.050032755506,7996.73642296481,-172566.67022113875,-39488.3514819168,-32956.8980391545,13563.827508658916,-36775.050032755506,-7996.73642296481,-94089.21756637147,-58862.96178336904
CASE_G,11122,E1-P2-V-097,A-V-1122,SOL_2_beam_0247,beam,P2,144,142,-175900.5406196942,-5037.890536715701,211645.92259923718,26817.457103247983,-973238.8563629971,-27261.20631227308,175900.5406196942,5037.890536715701,-211645.92259923718,-26817.457103247983,-910409.8547702138,-17576.01946449667
CASE_G,11123,E1-P2-V-100,A-V-1123,SOL_2_beam_0248,beam,P2,144,142,-175900.5406196942,-5037.890536715701,211645.92259923718,26817.457103247983,-973238.8563629971,-27261.20631227308,175900.5406196942,5037.890536715701,-211645.92259923718,-26817.457103247983,-910409.8547702138,-17576.01946449667
CASE_G,11124,E1-P2-V-098,A-V-1124,SOL_2_beam_0249,beam,P2,142,140,71504.50609356476,-246.63305542556944,73890.49553060842,14295.562753731956,-304733.06548767746,7881.728991035561,-71504.50609356476,246.63305542556944,-73890.49553060842,-14295.562753731956,-230973.02710923358,-9669.81864287094
CASE_G,11125,E1-P2-V-101,A-V-1125,SOL_2_beam_0250,beam,P2,142,140,71504.50609356476,-246.63305542556944,73890.49553060842,14295.562753731956,-304733.06548767746,7881.728991035561,-71504.50609356476,246.63305542556944,-73890.49553060842,-14295.562753731956,-230973.02710923358,-9669.81864287094
CASE_G,11126,E1-P2-V-001,A-V-1126,SOL_2_beam_0251,beam,P2,130,914,202202.94765813358,-25849.5671300647,181052.72896676834,-14476.321280381086,-929943.4543606453,-76034.94367051701,-202202.94765813358,25849.5671300647,-181052.72896676834,14476.321280381086,239621.87795534555,-22524.81862887473
CASE_G,11127,E1-P2-V-004,A-V-1127,SOL_2_beam_0252,beam,P2,130,914,202202.94765813358,-25849.5671300647,181052.72896676834,-14476.321280381086,-929943.4543606453,-76034.94367051701,-202202.94765813358,25849.5671300647,-181052.72896676834,14476.321280381086,239621.87795534555,-22524.81862887473
CASE_G,11128,E1-P2-V-002,A-V-1128,SOL_2_beam_0253,beam,P2,914,128,407675.13816046884,4232.06518097677,318871.9559335406,37023.85736722871,-478687.85975444084,45049.63725773993,-407675.13816046884,-4232.06518097677,-318871.9559335406,-37023.85736722871,-1150051.940306537,-23433.02009073589
CASE_G,11129,E1-P2-V-005,A-V-1129,SOL_2_beam_0254,beam,P2,915,128,0.0,-1.318430688414617e-09,-17179.20400000617,-6.430014565804766e-11,-8.658389560878277e-10,-1.4911015329538003e-09,0.0,1.318430688414617e-09,17179.20400000617,6.430014565804766e-11,84318.5731402858,-4.9799895857874495e-09
CASE_G,11130,E1-P2-V-003,A-V-1130,SOL_2_beam_0255,beam,P2,128,132,9569.64150073355,-30104.32582416296,9697.706113448174,21112.94973942941,-13054.490017504955,-106754.28339364297,-9569.64150073355,30104.32582416296,-9697.706113448174,-21112.94973942941,-57263.57701110777,-111532.18315736268
CASE_G,11131,E1-P2-V-006,A-V-1131,SOL_2_beam_0256,beam,P2,128,132,9569.64150073355,-30104.32582416296,9697.706113448174,21112.94973942941,-13054.490017504955,-106754.28339364297,-9569.64150073355,30104.32582416296,-9697.706113448174,-21112.94973942941,-57263.57701110777,-111532.18315736268
CASE_G,11132,E1-P2-V-108,A-V-1132,SOL_2_beam_0258,beam,P2,152,158,-142964.87167855402,8.648279155747506,186589.43357544884,27186.153154360945,-860711.3768876609,-4159.456727894522,142964.87167855402,-8.648279155747506,-186589.43357544884,-27186.153154360945,-799934.5819338339,4236.426412380675
CASE_G,11133,E1-P2-V-111,A-V-1133,SOL_2_beam_0259,beam,P2,152,158,-142964.87167855402,8.648279155747506,186589.43357544884,27186.153154360945,-860711.3768876609,-4159.456727894522,142964.87167855402,-8.648279155747506,-186589.43357544884,-27186.153154360945,-799934.5819338339,4236.426412380675
CASE_G,11134,E1-P2-V-109,A-V-1134,SOL_2_beam_0260,beam,P2,158,154,18581.863354830046,3201.196152548549,75185.62180306097,-13639.237652572383,-309957.6646721309,24536.8641265593,-18581.863354830046,-3201.196152548549,-75185.62180306097,13639.237652572383,-235138.09340006125,-1328.192020582319
CASE_G,11135,E1-P2-V-112,A-V-1135,SOL_2_beam_0261,beam,P2,158,154,18581.863354830046,3201.196152548549,75185.62180306097,-13639.237652572383,-309957.6646721309,24536.8641265593,-18581.863354830046,-3201.196152548549,-75185.62180306097,13639.237652572383,-235138.09340006125,-1328.192020582319
CASE_G,11136,E1-P2-V-029,A-V-1136,SOL_2_beam_0262,beam,P2,904,898,-24030.387130132047,-3558.4320446627976,5672.298309486647,29230.53423770219,-22208.37912581835,-8283.61423017674,24030.387130132047,3558.4320446627976,-5672.298309486647,-29230.53423770219,-28275.07582861281,-23386.430967322158
CASE_G,11137,E1-P2-V-032,A-V-1137,SOL_2_beam_0263,beam,P2,903,896,6776.135051149886,-3957.8329270164118,47100.756592628546,-8994.60184422621,-78381.61527739263,-15652.355385342284,-6776.135051149886,3957.8329270164118,-47100.756592628546,8994.60184422621,-340815.11839700147,-19572.357665103784
CASE_G,11138,E1-P2-V-030,A-V-1138,SOL_2_beam_0264,beam,P2,898,910,1650.157139653912,-12643.47465871194,-2435.6915727147716,10195.6427679068,11890.379927987296,-49704.72273580896,-1650.157139653912,12643.47465871194,2435.6915727147716,-10195.6427679068,4306.969030565933,-34374.38374462544
CASE_G,11139,E1-P2-V-033,A-V-1139,SOL_2_beam_0265,beam,P2,896,909,-15671.328829151773,-10143.034732538792,-44207.02444653042,4846.946476132972,260667.83587016084,-41041.11296241942,15671.328829151773,10143.034732538792,44207.02444653042,-4846.946476132972,33308.876699266446,-26410.06800896353
CASE_G,11140,E1-P2-V-060,A-V-1140,SOL_2_beam_0266,beam,P2,906,900,-15774.51249749349,-1372.108514889491,12871.687619149629,21303.734155186543,-38776.6906861782,-1273.1761611528736,15774.51249749349,1372.108514889491,-12871.687619149629,-21303.734155186543,-75781.3291242535,-10938.589621363597
CASE_G,11141,E1-P2-V-067,A-V-1141,SOL_2_beam_0267,beam,P2,905,899,-1454.872594921397,-4519.4321581226395,29022.862838606048,5494.17686947087,-84609.59065360145,-17825.688939870422,1454.872594921397,4519.4321581226395,-29022.862838606048,-5494.17686947087,-173693.8886099924,-22397.257267421064
CASE_G,11142,E1-P2-V-061,A-V-1142,SOL_2_beam_0268,beam,P2,900,912,4200.339373920514,-9051.448467273614,-676.7197913222805,-24131.1937369611,21909.50711887453,-37535.752448163184,-4200.339373920514,9051.448467273614,676.7197913222805,24131.1937369611,-17409.320506581367,-22656.37985920634
CASE_G,11143,E1-P2-V-068,A-V-1143,SOL_2_beam_0269,beam,P2,899,911,-9712.957873746973,-518.5338796251939,-10632.288956814346,16422.66779906939,82039.96554891227,-4353.106966779886,9712.957873746973,518.5338796251939,10632.288956814346,-16422.66779906939,-11335.24398609688,904.8566672723464
CASE_G,11144,E1-P2-V-087,A-V-1144,SOL_2_beam_0270,beam,P2,908,902,18383.84676276549,-11087.259159846051,22718.05066490073,44386.114379868966,-39014.92090602036,-47227.30497615514,-18383.84676276549,11087.259159846051,-22718.05066490073,-44386.114379868966,-163175.73001159614,-51449.30154647472
CASE_G,11145,E1-P2-V-091,A-V-1145,SOL_2_beam_0271,beam,P2,907,901,-28448.531085702773,-13834.521016498436,30561.26698445077,9785.316395553855,-108968.1589212228,-59237.75228163869,28448.531085702773,13834.521016498436,-30561.26698445077,-9785.316395553855,-163027.11724038905,-63889.484765197405
CASE_G,11146,E1-P2-V-088,A-V-1146,SOL_2_beam_0272,beam,P2,902,913,64554.90032363591,-12819.548977749324,-41892.8536498423,76842.11501330674,180673.57680739532,-45398.25819597425,-64554.90032363591,12819.548977749324,41892.8536498423,-76842.11501330674,97913.89996405592,-39851.742506058734
CASE_G,11147,E1-P2-V-092,A-V-1147,SOL_2_beam_0273,beam,P2,901,913,-95252.07113131194,-13389.46160824416,14047.233004876036,31688.743021304468,7853.624034923254,-49970.83555094649,95252.07113131194,13389.46160824416,-14047.233004876036,-31688.743021304468,-101647.17868526204,-39430.771061226624
CASE_G,11148,E1-P2-V-038,A-V-1148,SOL_2_beam_0274,beam,P2,916,155,-2.3170912123588959e-07,6.439787835833872e-08,-3.0602089410740573e-08,1.5437478079785168e-10,3.4756368185383426e-09,7.414691879548467e-08,2.3170912123588959e-07,-6.439787835833872e-08,3.0602089410740573e-08,-1.5437478079785168e-10,6.69060087568631e-08,7.396155149849596e-08
CASE_G,11149,E1-P2-V-041,A-V-1149,SOL_2_beam_0275,beam,P2,155,916,-2.3170912123588959e-07,6.439787835833872e-08,3.0602089410740573e-08,1.5437478079785168e-10,-6.69060087568631e-08,7.396155149849596e-08,2.3170912123588959e-07,-6.439787835833872e-08,-3.0602089410740573e-08,-1.5437478079785168e-10,-3.4756368185383426e-09,7.414691879548467e-08
CASE_G,11150,E1-P2-V-016,A-V-1150,SOL_2_beam_0276,beam,P2,917,124,1.548730445930165e-07,-3.283862998914589e-08,2.0254089220279136e-09,4.50566709958818e-09,4.297726987456206e-08,-2.734025480548718e-08,-1.548730445930165e-07,3.283862998914589e-08,-2.0254089220279136e-09,-4.50566709958818e-09,-4.646191337790493e-08,-2.915743186204524e-08
CASE_G,11151,E1-P2-V-018,A-V-1151,SOL_2_beam_0277,beam,P2,124,917,1.548730445930165e-07,-3.283862998914589e-08,-2.0254089220279136e-09,4.50566709958818e-09,4.646191337790493e-08,-2.915743186204524e-08,-1.548730445930165e-07,3.283862998914589e-08,2.0254089220279136e-09,-4.50566709958818e-09,-4.297726987456206e-08,-2.734025480548718e-08
CASE_G,11152,E1-P2-V-062,A-V-1152,SOL_2_beam_0278,beam,P2,918,919,0.0,3.16570610719582e-10,-4662.831999999221,-0.0,9.940777090378106e-10,4.949053880916127e-10,0.0,-3.16570610719582e-10,4662.831999999221,0.0,9372.292319997432,1.4140153945474648e-10
CASE_G,11153,E1-P2-V-069,A-V-1153,SOL_2_beam_0279,beam,P2,919,918,0.0,3.16570610719582e-10,4662.831999999221,-0.0,-9372.292319997432,1.4140153945474648e-10,0.0,-3.16570610719582e-10,-4662.831999999221,0.0,-9.940777090378106e-10,4.949053880916127e-10
CASE_G,11154,E1-P2-V-090,A-V-1154,SOL_2_beam_0282,beam,P2,138,140,-280762.452933182,1155.5879139891492,-92241.97168893405,-35688.76721956943,488478.9732829912,481.09854958303094,280762.452933182,-1155.5879139891492,92241.97168893405,35688.76721956943,433940.7436063492,11074.780590308459
CASE_G,11155,E1-P2-V-096,A-V-1155,SOL_2_beam_0283,beam,P2,913,140,-281558.62789867294,16249.771682654231,-157963.02465056098,-31069.96562252752,255147.54183243687,44804.93963246621,281558.62789867294,-16249.771682654231,157963.02465056098,31069.96562252752,583405.5535765127,41457.62956258375
CASE_G,11156,E1-P2-V-106,A-V-1156,SOL_2_beam_0284,beam,P2,140,154,37309.40365962221,-19762.235046002505,-232211.98862530265,-16951.386503745347,439367.57087357127,-49427.63984291893,-37309.40365962221,19762.235046002505,232211.98862530265,16951.386503745347,721692.3722529418,-49383.535387093594
CASE_G,11157,E1-P2-V-070,A-V-1157,SOL_2_beam_0285,beam,P2,920,919,12465.010729387772,3108.9268962227216,-15290.891707964953,-2073.0123717621,90813.18480405514,13267.946353307083,-12465.010729387772,-3108.9268962227216,15290.891707964953,2073.0123717621,-14358.72626423039,2276.688127806523
CASE_G,11158,E1-P2-V-075,A-V-1158,SOL_2_beam_0287,beam,P2,921,919,16325.8029571601,137.7592737396499,-3156.79076614331,-3648.6358297552974,71234.51214773493,4821.91648086462,-16325.8029571601,-137.7592737396499,3156.79076614331,3648.6358297552974,-53531.1349628309,-4049.3583468610213
CASE_G,11159,E1-P2-V-054,A-V-1159,SOL_2_beam_0288,beam,P2,919,922,14380.03395108023,2059.9165985279574,-32309.454737052336,-13662.320813579043,33809.014482631945,886.3351095280905,-14380.03395108023,-2059.9165985279574,32309.454737052336,13662.320813579043,127738.25920262972,9413.247883111695
CASE_G,11160,E1-P2-V-055,A-V-1160,SOL_2_beam_0289,beam,P2,919,922,14380.03395108023,2059.9165985279574,-32309.454737052336,-13662.320813579043,33809.014482631945,886.3351095280905,-14380.03395108023,-2059.9165985279574,32309.454737052336,13662.320813579043,127738.25920262972,9413.247883111695
CASE_G,11161,E1-P2-V-078,A-V-1161,SOL_2_beam_0290,beam,P2,138,920,-1476.979067744063,12761.679033787254,-5974.729707977001,-90323.34625774188,23556.55353518479,42982.33419617181,1476.979067744063,-12761.679033787254,5974.729707977001,90323.34625774188,-9644.948696272295,-13267.946353312378
CASE_G,11162,E1-P2-V-082,A-V-1162,SOL_2_beam_0291,beam,P2,921,138,-2865.7362286890716,16072.90812769685,-6578.456233818959,-69621.45850241146,-15508.732389883437,-4821.916480872162,2865.7362286890716,-16072.90812769685,6578.456233818959,69621.45850241146,32785.017238956985,47032.44875432014
CASE_G,11163,E1-P2-V-107,A-V-1163,SOL_2_beam_0292,beam,P2,140,154,37309.40365962221,-19762.235046002505,-232211.98862530265,-16951.386503745347,439367.57087357127,-49427.63984291893,-37309.40365962221,19762.235046002505,232211.98862530265,16951.386503745347,721692.3722529418,-49383.535387093594
CASE_G,11164,E1-P2-V-047,A-V-1164,SOL_2_beam_0293,beam,P2,159,136,-1303306.026451756,39416.43497856514,-567638.6457274068,8278.050096059658,1024399.0602124978,94421.10739321448,1303306.026451756,-39416.43497856514,567638.6457274068,-8278.050096059658,401327.638756795,4580.368545959987
CASE_G,11165,E1-P2-V-043,A-V-1165,SOL_2_beam_0294,beam,P2,159,155,-29216.540694338462,-8875.401485380622,32561.586710205705,114853.25692995159,-89061.6507854631,9724.262064544113,29216.540694338462,8875.401485380622,-32561.586710205705,-114853.25692995159,-45092.08646058443,-46290.916184312286
CASE_G,11166,E1-P2-V-037,A-V-1166,SOL_2_beam_0295,beam,P2,159,155,-29216.540694338462,-8875.401485380622,32561.586710205705,114853.25692995159,-89061.6507854631,9724.262064544113,29216.540694338462,8875.401485380622,-32561.586710205705,-114853.25692995159,-45092.08646058443,-46290.916184312286
CASE_G,11167,E1-P2-V-046,A-V-1167,SOL_2_beam_0296,beam,P2,159,168,474151.3402194428,10733.04335832797,1966141.268589635,74264.74352676857,-2702950.8114217976,35226.556022829755,-474151.3402194428,-10733.04335832797,-1966141.268589635,-74264.74352676857,-2232063.772738182,-8286.617193426573
CASE_G,11168,E1-P2-V-045,A-V-1168,SOL_2_beam_0297,beam,P2,897,134,-134526.7347183995,96960.18140142644,2739.68535956328,52478.85801247356,35541.55537514088,135851.78759201465,134526.7347183995,-96960.18140142644,-2739.68535956328,-52478.85801247356,-43283.8208885845,138154.66574800154
CASE_G,11169,E1-P2-V-050,A-V-1169,SOL_2_beam_0298,beam,P2,136,922,98.390634334724,-14526.491390125731,41206.53173704201,-124721.58752071846,-60408.3529308308,-22738.081634363843,-98.390634334724,14526.491390125731,-41206.53173704201,124721.58752071846,-30793.627269993944,-9413.247883105545
CASE_G,11170,E1-P2-V-053,A-V-1170,SOL_2_beam_0299,beam,P2,922,136,98.390634334724,-14526.491390125731,-41206.53173704201,-124721.58752071846,30793.627269993944,-9413.247883105545,-98.390634334724,14526.491390125731,41206.53173704201,124721.58752071846,60408.3529308308,-22738.081634363843
CASE_G,11171,E1-P3-V-010,A-V-1171,SOL_3_beam_0300,beam,P3,164,163,84794.81303373948,45585.77728508302,74307.98938953366,-41423.04668006848,-362087.949865554,224443.16278010135,-84794.81303373948,-45585.77728508302,-74307.98938953366,41423.04668006848,-380991.94402978255,231414.6100707288
CASE_G,11172,E1-P3-V-009,A-V-1172,SOL_3_beam_0301,beam,P3,164,163,84794.81303373948,45585.77728508302,74307.98938953366,-41423.04668006848,-362087.949865554,224443.16278010135,-84794.81303373948,-45585.77728508302,-74307.98938953366,41423.04668006848,-380991.94402978255,231414.6100707288
CASE_G,11173,E1-P3-V-044,A-V-1173,SOL_3_beam_0302,beam,P3,923,167,-3073.294253615846,18336.605666296706,-26617.295187174663,-22791.128931213247,-14062.111266776294,43128.99556890762,3073.294253615846,-18336.605666296706,26617.295187174663,22791.128931213247,139417.98604072077,43228.435850008806
CASE_G,11174,E1-P3-V-034,A-V-1174,SOL_3_beam_0303,beam,P3,924,925,-24831.817655143466,36675.046459517434,-57541.19389730665,-40063.52127883596,-117107.18119011555,64080.907394084476,24831.817655143466,-36675.046459517434,57541.19389730665,40063.52127883596,243697.80776419034,16604.19481685397
CASE_G,11175,E1-P3-V-023,A-V-1175,SOL_3_beam_0304,beam,P3,163,926,106635.51639664295,275202.89262807334,17621.46163937729,-9806.980300896912,-2635.347299977064,310220.61893916206,-106635.51639664295,-275202.89262807334,-17621.46163937729,9806.980300896912,-31260.21093616601,219142.71451922692
CASE_G,11176,E1-P3-V-043,A-V-1176,SOL_3_beam_0305,beam,P3,923,167,-3073.294253615846,18336.605666296706,-26617.295187174663,-22791.128931213247,-14062.111266776294,43128.99556890762,3073.294253615846,-18336.605666296706,26617.295187174663,22791.128931213247,139417.98604072077,43228.435850008806
CASE_G,11177,E1-P3-V-033,A-V-1177,SOL_3_beam_0306,beam,P3,163,925,19350.56530249717,42276.016764855085,41418.194738803926,-57282.220772495704,113389.4980899124,96347.94496240982,-19350.56530249717,-42276.016764855085,-41418.194738803926,57282.220772495704,-308451.16744924244,102753.69276034035
CASE_G,11178,E1-P3-V-067,A-V-1178,SOL_3_beam_0307,beam,P3,927,175,-24285.23272517045,96627.61790778632,-28147.676707838495,3339.774735342691,18345.07176683796,191078.74417050515,24285.23272517045,-96627.61790778632,28147.676707838495,-3339.774735342691,114218.23384903261,263995.27762527426
CASE_G,11179,E1-P3-V-055,A-V-1179,SOL_3_beam_0308,beam,P3,167,928,21951.37100176705,107850.82267147071,49960.55152052851,-18018.504534750762,-241149.05408184818,296625.5598807503,-21951.37100176705,-107850.82267147071,-49960.55152052851,18018.504534750762,5856.602463312651,211304.8712919164
CASE_G,11180,E1-P3-V-066,A-V-1180,SOL_3_beam_0309,beam,P3,927,175,-24285.23272517045,96627.61790778632,-28147.676707838495,3339.774735342691,18345.07176683796,191078.74417050515,24285.23272517045,-96627.61790778632,28147.676707838495,-3339.774735342691,114218.23384903261,263995.27762527426
CASE_G,11181,E1-P3-V-054,A-V-1181,SOL_3_beam_0310,beam,P3,167,928,21951.37100176705,107850.82267147071,49960.55152052851,-18018.504534750762,-241149.05408184818,296625.5598807503,-21951.37100176705,-107850.82267147071,-49960.55152052851,18018.504534750762,5856.602463312651,211304.8712919164
CASE_G,11182,E1-P3-V-088,A-V-1182,SOL_3_beam_0311,beam,P3,929,172,8550.935276140719,5513.812865620699,-39429.117624492654,-26829.466772346066,-7031.352463093979,13557.109523134905,-8550.935276140719,-5513.812865620699,39429.117624492654,26829.466772346066,192722.8269164877,12410.198460475447
CASE_G,11183,E1-P3-V-078,A-V-1183,SOL_3_beam_0312,beam,P3,175,930,-3709.993727803347,7562.706413053581,47564.20457202084,-14320.681564781145,-229663.66125477792,9935.801437863323,3709.993727803347,-7562.706413053581,-47564.20457202084,14320.681564781145,5656.960719500261,25681.253991707603
CASE_G,11184,E1-P3-V-087,A-V-1184,SOL_3_beam_0313,beam,P3,929,172,8550.935276140719,5513.812865620699,-39429.117624492654,-26829.466772346066,-7031.352463093979,13557.109523134905,-8550.935276140719,-5513.812865620699,39429.117624492654,26829.466772346066,192722.8269164877,12410.198460475447
CASE_G,11185,E1-P3-V-077,A-V-1185,SOL_3_beam_0314,beam,P3,175,930,-3709.993727803347,7562.706413053581,47564.20457202084,-14320.681564781145,-229663.66125477792,9935.801437863323,3709.993727803347,-7562.706413053581,-47564.20457202084,14320.681564781145,5656.960719500261,25681.253991707603
CASE_G,11186,E1-P3-V-100,A-V-1186,SOL_3_beam_0315,beam,P3,172,179,48859.83805124727,33455.028809474665,-78863.42814404427,-11260.867140697741,185903.68476313452,80951.60116521997,-48859.83805124727,-33455.028809474665,78863.42814404427,11260.867140697741,208413.4559570868,86323.54288215336
CASE_G,11187,E1-P3-V-099,A-V-1187,SOL_3_beam_0316,beam,P3,172,179,48859.83805124727,33455.028809474665,-78863.42814404427,-11260.867140697741,185903.68476313452,80951.60116521997,-48859.83805124727,-33455.028809474665,78863.42814404427,11260.867140697741,208413.4559570868,86323.54288215336
CASE_G,11188,E1-P3-V-008,A-V-1188,SOL_3_beam_0317,beam,P3,165,160,516185.8595698643,31613.719771609376,214619.04674753582,-44572.90636107169,-1090995.7757806184,183331.10869574745,-516185.8595698643,-31613.719771609376,-214619.04674753582,44572.90636107169,-1055194.6916947395,132806.0890203463
CASE_G,11189,E1-P3-V-007,A-V-1189,SOL_3_beam_0318,beam,P3,40,160,-1838684.2253445517,25790.276534275512,340788.3417554431,-16875.397346539776,-1729260.8945233745,142914.7828576023,1838684.2253445517,-25790.276534275512,-340788.3417554431,16875.397346539776,-1685989.2205856466,115545.48150668213
CASE_G,11190,E1-P3-V-042,A-V-1190,SOL_3_beam_0319,beam,P3,931,176,-5466.135818596597,-17508.22697161049,-57807.34974932348,-49212.090596505564,-16179.969487340684,20572.142228516823,5466.135818596597,17508.22697161049,57807.34974932348,49212.090596505564,288423.749107885,-103027.15713363065
CASE_G,11191,E1-P3-V-032,A-V-1191,SOL_3_beam_0320,beam,P3,160,932,15644.13136598205,-5654.145062099778,41355.051273262994,-11262.798949521004,-127091.52197063198,-88393.36250100104,-15644.13136598205,5654.145062099778,-41355.051273262994,11262.798949521004,-67672.76915009493,61764.80030585296
CASE_G,11192,E1-P3-V-038,A-V-1192,SOL_3_beam_0321,beam,P3,160,176,-807447.5324441706,70933.4696763981,236538.7244193546,-113076.65256935012,-1171267.421621677,343749.43509756005,807447.5324441706,-70933.4696763981,-236538.7244193546,113076.65256935012,-1194119.8343988054,365585.26521309454
CASE_G,11193,E1-P3-V-065,A-V-1193,SOL_3_beam_0322,beam,P3,933,174,-48057.48918148392,85674.00230003537,-82706.87916481921,-31586.14523237186,1817.6737525301287,186177.82260242364,48057.48918148392,-85674.00230003537,82706.87916481921,31586.14523237186,387690.4680683728,217303.9890101871
CASE_G,11194,E1-P3-V-053,A-V-1194,SOL_3_beam_0323,beam,P3,176,934,42557.3259369172,63567.198801512866,73360.33831083006,8941.903137892221,-318464.6135080852,134736.82411792653,-42557.3259369172,-63567.198801512866,-73360.33831083006,-8941.903137892221,-27025.983493655454,164632.9711876769
CASE_G,11195,E1-P3-V-059,A-V-1195,SOL_3_beam_0324,beam,P3,176,174,-485780.6883997595,14659.002002677218,70217.958912172,-24175.855339117457,-338882.5929866838,59467.48175284786,485780.6883997595,-14659.002002677218,-70217.958912172,24175.855339117457,-363296.9961350362,87122.53827392429
CASE_G,11196,E1-P3-V-086,A-V-1196,SOL_3_beam_0325,beam,P3,935,173,-10859.103743021478,7567.934602538889,-85836.56896457907,-57184.59108889497,-12227.817793590191,40243.12421880806,10859.103743021478,-7567.934602538889,85836.56896457907,57184.59108889497,416475.2372984084,-4601.927570791846
CASE_G,11197,E1-P3-V-076,A-V-1197,SOL_3_beam_0326,beam,P3,174,936,9091.123219952653,284.7586188176593,67937.93414047145,3318.1489466318985,-298107.761341813,-33207.21684133876,-9091.123219952653,-284.7586188176593,-67937.93414047145,-3318.1489466318985,-21846.01703097971,34548.28788165838
CASE_G,11198,E1-P3-V-082,A-V-1198,SOL_3_beam_0327,beam,P3,174,173,-265950.82720692665,18854.168168379543,-51892.40762561816,-33997.40284126483,266999.55372713803,87376.64340950531,265950.82720692665,-18854.168168379543,51892.40762561816,33997.40284126483,251924.5225290435,101165.0382742901
CASE_G,11199,E1-P3-V-098,A-V-1199,SOL_3_beam_0328,beam,P3,173,177,-32346.635411091283,19148.45542668191,-72283.90335573784,-10210.860815913084,169309.22397491755,36827.831468302065,32346.635411091283,-19148.45542668191,72283.90335573784,10210.860815913084,192110.29280377162,58914.44566510749
CASE_G,11200,E1-P3-V-097,A-V-1200,SOL_3_beam_0329,beam,P3,173,177,-32346.635411091283,19148.45542668191,-72283.90335573784,-10210.860815913084,169309.22397491755,36827.831468302065,32346.635411091283,-19148.45542668191,72283.90335573784,10210.860815913084,192110.29280377162,58914.44566510749
CASE_G,11201,E1-P3-V-012,A-V-1201,SOL_3_beam_0330,beam,P3,166,162,-519854.5492352169,35046.30688688252,13050.046299388676,-42814.70654516015,-51090.48299665223,189679.57038505035,519854.5492352169,-35046.30688688252,-13050.046299388676,42814.70654516015,-79409.97999723454,160783.4984837749
CASE_G,11202,E1-P3-V-011,A-V-1202,SOL_3_beam_0331,beam,P3,166,162,-519854.5492352169,35046.30688688252,13050.046299388676,-42814.70654516015,-51090.48299665223,189679.57038505035,519854.5492352169,-35046.30688688252,-13050.046299388676,42814.70654516015,-79409.97999723454,160783.4984837749
CASE_G,11203,E1-P3-V-041,A-V-1203,SOL_3_beam_0332,beam,P3,937,169,-373897.2747879079,183323.13825709245,-340422.6259125915,-126787.0505489616,819924.2129302617,693735.777937865,373897.2747879079,-183323.13825709245,340422.6259125915,126787.0505489616,1735273.6174243425,682279.9433220822
CASE_G,11204,E1-P3-V-025,A-V-1204,SOL_3_beam_0333,beam,P3,162,938,-140526.70588475384,-35269.37998769075,-119371.31920556258,-72316.60127801922,301186.4368451409,-53272.04528875112,140526.70588475384,35269.37998769075,119371.31920556258,72316.60127801922,-71589.70693975914,-14564.46992156887
CASE_G,11205,E1-P3-V-045,A-V-1205,SOL_3_beam_0334,beam,P3,939,169,9073.942314122305,-20486.215457729108,-56589.92387500791,-4174.784247784451,38532.01804522969,20538.584718217404,-9073.942314122305,20486.215457729108,56589.92387500791,4174.784247784451,227985.50260436014,-117021.04974762455
CASE_G,11206,E1-P3-V-035,A-V-1206,SOL_3_beam_0335,beam,P3,937,940,12367.066440098928,-74834.60482443796,96511.61688637047,-98133.20231679847,-378789.1157196978,-183279.25359243876,-12367.066440098928,74834.60482443796,-96511.61688637047,98133.20231679847,158708.7680988523,12630.098856779397
CASE_G,11207,E1-P3-V-024,A-V-1207,SOL_3_beam_0336,beam,P3,162,938,-140526.70588475384,-35269.37998769075,-119371.31920556258,-72316.60127801922,301186.4368451409,-53272.04528875112,140526.70588475384,35269.37998769075,119371.31920556258,72316.60127801922,-71589.70693975914,-14564.46992156887
CASE_G,11208,E1-P3-V-060,A-V-1208,SOL_3_beam_0337,beam,P3,169,170,463303.01376413583,11174.783942849293,64156.02569954194,-25142.590377042645,-355862.580682841,44282.19559731551,-463303.01376413583,-11174.783942849293,-64156.02569954194,25142.590377042645,-285697.6763125784,67465.64383117741
CASE_G,11209,E1-P3-V-056,A-V-1209,SOL_3_beam_0338,beam,P3,169,941,120398.6966473579,79714.82687145492,148944.37015029122,-56284.01723875543,-576197.6593439608,156674.27685804074,-120398.6966473579,-79714.82687145492,-148944.37015029122,56284.01723875543,-125274.9974288053,218752.94696570747
CASE_G,11210,E1-P3-V-083,A-V-1210,SOL_3_beam_0339,beam,P3,170,171,328414.5543890671,14764.825869676384,-104383.18999427147,-35274.56896007739,535210.0768497913,65779.90655737252,-328414.5543890671,-14764.825869676384,104383.18999427147,35274.56896007739,508621.82309292327,81868.3521393913
CASE_G,11211,E1-P3-V-089,A-V-1211,SOL_3_beam_0340,beam,P3,942,171,-8556.37275478688,-17650.93444664378,-63863.86178692254,-10843.44332866917,19933.950099460984,-24464.23978704798,8556.37275478688,17650.93444664378,63863.86178692254,10843.44332866917,280841.11615002155,-58665.10486905105
CASE_G,11212,E1-P3-V-079,A-V-1212,SOL_3_beam_0341,beam,P3,170,943,304.6785189721703,-15495.614866818614,65804.21871757503,-20905.00286132616,-320167.66925036156,-72218.51185841503,-304.6785189721703,15495.614866818614,-65804.21871757503,20905.00286132616,10254.24261935649,-760.0781882365118
CASE_G,11213,E1-P3-V-013,A-V-1213,SOL_3_beam_0342,beam,P3,160,163,-142366.84157732394,-43907.67055866673,44707.429118932814,28232.88041944612,-193741.58594837022,-224110.52165509842,142366.84157732394,43907.67055866673,-44707.429118932814,-28232.88041944612,-204154.5332101318,-166667.74631703552
CASE_G,11214,E1-P3-V-018,A-V-1214,SOL_3_beam_0343,beam,P3,160,163,-142366.84157732394,-43907.67055866673,44707.429118932814,28232.88041944612,-193741.58594837022,-224110.52165509842,142366.84157732394,43907.67055866673,-44707.429118932814,-28232.88041944612,-204154.5332101318,-166667.74631703552
CASE_G,11215,E1-P3-V-014,A-V-1215,SOL_3_beam_0344,beam,P3,163,162,-256914.0140137835,-56931.09479145287,-9730.769218835445,17678.92411196853,48052.81488511884,-182099.5310357438,256914.0140137835,56931.09479145287,9730.769218835445,-17678.92411196853,22504.992720656996,-230707.83729708113
CASE_G,11216,E1-P3-V-019,A-V-1216,SOL_3_beam_0345,beam,P3,163,162,-256914.0140137835,-56931.09479145287,-9730.769218835445,17678.92411196853,48052.81488511884,-182099.5310357438,256914.0140137835,56931.09479145287,9730.769218835445,-17678.92411196853,22504.992720656996,-230707.83729708113
CASE_G,11217,E1-P3-V-061,A-V-1217,SOL_3_beam_0348,beam,P3,214,216,15309.911950800448,4065.0813446718876,-4880.598538140335,-23101.453161822024,17818.707004719086,14443.757006249116,-15309.911950800448,-4065.0813446718876,4880.598538140335,23101.453161822024,30987.278376684262,26207.056440469758
CASE_G,11218,E1-P3-V-062,A-V-1218,SOL_3_beam_0349,beam,P3,214,216,15309.911950800448,4065.0813446718876,-4880.598538140335,-23101.453161822024,17818.707004719086,14443.757006249116,-15309.911950800448,-4065.0813446718876,4880.598538140335,23101.453161822024,30987.278376684262,26207.056440469758
CASE_G,11219,E1-P3-V-046,A-V-1219,SOL_3_beam_0350,beam,P3,176,167,-131873.33472369643,-28592.844072262647,73934.1145529217,24744.08788965819,-319031.95808799175,-151305.02507681362,131873.33472369643,28592.844072262647,-73934.1145529217,-24744.08788965819,-338907.7273184584,-103142.69432225169
CASE_G,11220,E1-P3-V-050,A-V-1220,SOL_3_beam_0351,beam,P3,176,167,-131873.33472369643,-28592.844072262647,73934.1145529217,24744.08788965819,-319031.95808799175,-151305.02507681362,131873.33472369643,28592.844072262647,-73934.1145529217,-24744.08788965819,-338907.7273184584,-103142.69432225169
CASE_G,11221,E1-P3-V-047,A-V-1221,SOL_3_beam_0352,beam,P3,167,169,-190594.83463577888,-43456.608287083865,-88420.25453930079,30222.687455321535,331553.4845437704,-125616.10381404552,190594.83463577888,43456.608287083865,88420.25453930079,-30222.687455321535,309581.7811206998,-189487.76287559964
CASE_G,11222,E1-P3-V-051,A-V-1222,SOL_3_beam_0353,beam,P3,167,169,-190594.83463577888,-43456.608287083865,-88420.25453930079,30222.687455321535,331553.4845437704,-125616.10381404552,190594.83463577888,43456.608287083865,88420.25453930079,-30222.687455321535,309581.7811206998,-189487.76287559964
CASE_G,11223,E1-P3-V-048,A-V-1223,SOL_3_beam_0354,beam,P3,169,216,-3974.219216985603,-18709.012444022337,7405.1303218469875,-24282.530937715648,-22871.583945998467,-45359.76186052063,3974.219216985603,18709.012444022337,-7405.1303218469875,24282.530937715648,-7630.147849689269,-31702.660396407366
CASE_G,11224,E1-P3-V-052,A-V-1224,SOL_3_beam_0355,beam,P3,169,216,-3974.219216985603,-18709.012444022337,7405.1303218469875,-24282.530937715648,-22871.583945998467,-45359.76186052063,3974.219216985603,18709.012444022337,-7405.1303218469875,24282.530937715648,-7630.147849689269,-31702.660396407366
CASE_G,11225,E1-P3-V-069,A-V-1225,SOL_3_beam_0356,beam,P3,174,175,-205970.89148160428,-23981.794001447313,53446.18381490519,19194.53936492334,-227929.3653663133,-114723.4471508725,205970.89148160428,23981.794001447313,-53446.18381490519,-19194.53936492334,-247688.22440252797,-98690.53766800713
CASE_G,11226,E1-P3-V-072,A-V-1226,SOL_3_beam_0357,beam,P3,174,175,-205970.89148160428,-23981.794001447313,53446.18381490519,19194.53936492334,-227929.3653663133,-114723.4471508725,205970.89148160428,23981.794001447313,-53446.18381490519,-19194.53936492334,-247688.22440252797,-98690.53766800713
CASE_G,11227,E1-P3-V-070,A-V-1227,SOL_3_beam_0358,beam,P3,175,170,-194641.29118263838,-23125.841278360298,-37396.239349135336,16434.45966356611,150858.80176612554,-68539.34748224689,194641.29118263838,23125.841278360298,37396.239349135336,-16434.45966356611,120301.32975445487,-99146.1276271437
CASE_G,11228,E1-P3-V-073,A-V-1228,SOL_3_beam_0359,beam,P3,175,170,-194641.29118263838,-23125.841278360298,-37396.239349135336,16434.45966356611,150858.80176612554,-68539.34748224689,194641.29118263838,23125.841278360298,37396.239349135336,-16434.45966356611,120301.32975445487,-99146.1276271437
CASE_G,11229,E1-P3-V-090,A-V-1229,SOL_3_beam_0361,beam,P3,173,172,-208889.66671737842,-18557.000552703492,97782.03099462314,26646.729910886665,-426670.9003811147,-88295.97962495522,208889.66671737842,18557.000552703492,-97782.03099462314,-26646.729910886665,-443589.17547103134,-76861.32529410586
CASE_G,11230,E1-P3-V-093,A-V-1230,SOL_3_beam_0362,beam,P3,173,172,-208889.66671737842,-18557.000552703492,97782.03099462314,26646.729910886665,-426670.9003811147,-88295.97962495522,208889.66671737842,18557.000552703492,-97782.03099462314,-26646.729910886665,-443589.17547103134,-76861.32529410586
CASE_G,11231,E1-P3-V-091,A-V-1231,SOL_3_beam_0363,beam,P3,172,171,-223631.3479791608,-3579.851263561177,-6571.019215764759,9793.761732495695,46420.33260963866,-2078.973401799103,223631.3479791608,3579.851263561177,6571.019215764759,-9793.761732495695,1219.5567046558426,-23874.94825901943
CASE_G,11232,E1-P3-V-094,A-V-1232,SOL_3_beam_0364,beam,P3,172,171,-223631.3479791608,-3579.851263561177,-6571.019215764759,9793.761732495695,46420.33260963866,-2078.973401799103,223631.3479791608,3579.851263561177,6571.019215764759,-9793.761732495695,1219.5567046558426,-23874.94825901943
CASE_G,11233,E1-P3-V-001,A-V-1233,SOL_3_beam_0365,beam,P3,165,944,-199644.84054526465,-1906.396181787781,121613.27275075522,-3601.1445022284797,-574601.8877386345,-58425.3073073246,199644.84054526465,1906.396181787781,-121613.27275075522,3601.1445022284797,110912.29500944563,51156.560655589026
CASE_G,11234,E1-P3-V-004,A-V-1234,SOL_3_beam_0366,beam,P3,165,944,-199644.84054526465,-1906.396181787781,121613.27275075522,-3601.1445022284797,-574601.8877386345,-58425.3073073246,199644.84054526465,1906.396181787781,-121613.27275075522,3601.1445022284797,110912.29500944563,51156.560655589026
CASE_G,11235,E1-P3-V-002,A-V-1235,SOL_3_beam_0367,beam,P3,944,164,-394996.68764663406,-58518.40359177568,199644.9065015074,23277.312825023502,-220717.4402071585,-102313.12131119808,394996.68764663406,58518.40359177568,-199644.9065015074,-23277.312825023502,-799032.3341073621,-196588.21257035885
CASE_G,11236,E1-P3-V-005,A-V-1236,SOL_3_beam_0368,beam,P3,326,164,19183.26172375359,2149.709915237121,-118.03394233878527,-774.3670997779814,13409.690770858304,3086.823194535177,-19183.26172375359,-2149.709915237121,118.03394233878527,774.3670997779814,-12877.524155265019,6605.336767516299
CASE_G,11237,E1-P3-V-003,A-V-1237,SOL_3_beam_0369,beam,P3,164,166,-51936.314663692996,-46045.17518018548,-33063.79239770465,15628.257563574052,126570.15871643272,-167365.43819554956,51936.314663692996,46045.17518018548,33063.79239770465,-15628.257563574052,113175.39995932378,-166508.12703597543
CASE_G,11238,E1-P3-V-006,A-V-1238,SOL_3_beam_0370,beam,P3,164,166,-51936.314663692996,-46045.17518018548,-33063.79239770465,15628.257563574052,126570.15871643272,-167365.43819554956,51936.314663692996,46045.17518018548,33063.79239770465,-15628.257563574052,113175.39995932378,-166508.12703597543
CASE_G,11239,E1-P3-V-103,A-V-1239,SOL_3_beam_0372,beam,P3,177,179,-221102.8398841683,-13416.151096810518,58426.40501582787,26672.574307062372,-249670.72771406503,-60724.066827166316,221102.8398841683,13416.151096810518,-58426.40501582787,-26672.574307062372,-270324.276926803,-58679.677934447296
CASE_G,11240,E1-P3-V-106,A-V-1240,SOL_3_beam_0373,beam,P3,177,179,-221102.8398841683,-13416.151096810518,58426.40501582787,26672.574307062372,-249670.72771406503,-60724.066827166316,221102.8398841683,13416.151096810518,-58426.40501582787,-26672.574307062372,-270324.276926803,-58679.677934447296
CASE_G,11241,E1-P3-V-104,A-V-1241,SOL_3_beam_0374,beam,P3,179,178,-187229.20819837833,3336.3963829393524,-32774.26502080522,15648.428835247314,134036.54475495618,18744.60128815622,187229.20819837833,-3336.3963829393524,32774.26502080522,-15648.428835247314,103576.87664588168,5444.272488154084
CASE_G,11242,E1-P3-V-107,A-V-1242,SOL_3_beam_0375,beam,P3,179,178,-187229.20819837833,3336.3963829393524,-32774.26502080522,15648.428835247314,134036.54475495618,18744.60128815622,187229.20819837833,-3336.3963829393524,32774.26502080522,-15648.428835247314,103576.87664588168,5444.272488154084
CASE_G,11243,E1-P3-V-036,A-V-1243,SOL_3_beam_0376,beam,P3,932,925,-4646.128381290777,-15972.5293439849,16788.759273469645,66817.88933355364,15550.690969257863,-61764.800305855926,4646.128381290777,15972.5293439849,-16788.759273469645,-66817.88933355364,-164970.6485031377,-80390.7108556097
CASE_G,11244,E1-P3-V-039,A-V-1244,SOL_3_beam_0377,beam,P3,931,923,17125.867419180035,-6566.682390295494,23995.90674885675,13022.91679336533,-50140.05296797321,-20572.14222852922,-17125.867419180035,6566.682390295494,-23995.90674885675,-13022.91679336533,-163423.51709685187,-37871.33104510068
CASE_G,11245,E1-P3-V-037,A-V-1245,SOL_3_beam_0378,beam,P3,925,940,75451.7097503917,-7758.988808770292,-62899.675886357225,127295.92395932444,281848.44204819377,-38967.17672155722,-75451.7097503917,7758.988808770292,62899.675886357225,-127295.92395932444,136434.4025960817,-12630.098856765217
CASE_G,11246,E1-P3-V-040,A-V-1246,SOL_3_beam_0379,beam,P3,923,939,-19864.402295898115,-10364.698467809114,-16468.18387501366,38186.424505637195,116142.31571025611,-48386.6600927127,19864.402295898115,10364.698467809114,16468.18387501366,-38186.424505637195,-6628.892941415295,-20538.584718217902
CASE_G,11247,E1-P3-V-057,A-V-1247,SOL_3_beam_0380,beam,P3,934,928,66140.86406941693,-38435.67164130039,14147.02730974675,27539.169769214186,-7208.019418833501,-164632.97118767432,-66140.86406941693,38435.67164130039,-14147.02730974675,-27539.169769214186,-118700.52363791259,-177444.50641989917
CASE_G,11248,E1-P3-V-063,A-V-1248,SOL_3_beam_0381,beam,P3,933,927,-88552.26648467407,-42521.20690851058,23493.568165996057,-3819.3692964017464,-31407.02034352091,-186177.8226024211,88552.26648467407,42521.20690851058,-23493.568165996057,3819.3692964017464,-177685.73633384402,-192260.9188833231
CASE_G,11249,E1-P3-V-058,A-V-1249,SOL_3_beam_0382,beam,P3,928,941,284201.0486811713,-68509.0227387675,-12191.614649703984,13554.190355644529,153918.21156807675,-245165.23616393295,-284201.0486811713,68509.0227387675,12191.614649703984,-13554.190355644529,-72843.97414754526,-210419.76504887085
CASE_G,11250,E1-P3-V-064,A-V-1250,SOL_3_beam_0383,beam,P3,927,941,-290428.4065156767,-52798.189555024044,-46470.82342110391,-23071.680742661065,189528.88784412923,-189896.5694576903,290428.4065156767,52798.189555024044,46470.82342110391,23071.680742661065,120757.39520396903,-162637.61828940018
CASE_G,11251,E1-P3-V-080,A-V-1251,SOL_3_beam_0384,beam,P3,936,930,861.3675268185325,-9054.703465891207,9431.211140370218,22012.608866289585,-1924.4800449608956,-34548.287881680604,-861.3675268185325,9054.703465891207,-9431.211140370218,-22012.608866289585,-82013.29910433404,-46038.572964751154
CASE_G,11252,E1-P3-V-084,A-V-1252,SOL_3_beam_0385,beam,P3,935,929,-8242.096877477079,-10356.717979752411,27169.29596372502,8572.574819035044,-57845.552525098785,-40243.12421876953,8242.096877477079,10356.717979752411,-27169.29596372502,-8572.574819035044,-183961.1815520539,-51931.66580102693
CASE_G,11253,E1-P3-V-081,A-V-1253,SOL_3_beam_0386,beam,P3,930,943,15483.40754768851,-686.2942602157215,-19758.409718078856,8897.205815585212,109875.79545740537,-5323.935018670441,-15483.40754768851,686.2942602157215,19758.409718078856,-8897.205815585212,21517.629167819003,760.0781882358942
CASE_G,11254,E1-P3-V-085,A-V-1254,SOL_3_beam_0387,beam,P3,929,942,-18161.699875656428,7410.779931099217,-17657.50278703918,19200.17432935763,129517.67920683866,24817.446754760385,18161.699875656428,-7410.779931099217,17657.50278703918,-19200.17432935763,-12095.285673028135,24464.239787049402
CASE_G,11255,E1-P3-V-121,A-V-1255,SOL_3_beam_0390,beam,P3,208,210,5615.305213181359,13579.588325460245,-36679.18966442512,10851.862081425037,149818.61171464677,47623.949440182914,-5615.305213181359,-13579.588325460245,36679.18966442512,-10851.862081425037,116105.51335243537,50828.06591940387
CASE_G,11256,E1-P3-V-120,A-V-1256,SOL_3_beam_0391,beam,P3,212,208,-17977.441859357325,-7018.172330405436,19829.205417326968,26390.164829703794,-62192.16917536154,-26137.953760520195,17977.441859357325,7018.172330405436,-19829.205417326968,-26390.164829703794,-114287.75903884848,-36323.779980088184
CASE_G,11257,E1-P3-V-124,A-V-1257,SOL_3_beam_0392,beam,P3,212,210,-7386.270572923552,669.2921711761061,-844.4475800136433,19414.76576313903,28740.608106785607,7491.964897720839,7386.270572923552,-669.2921711761061,844.4475800136433,-19414.76576313903,-15102.779689565268,3317.1036667732733
CASE_G,11258,E1-P3-V-113,A-V-1258,SOL_3_beam_0393,beam,P3,177,212,10668.340814992549,-2019.472058877604,28216.452955519366,-4091.1886517817225,-100167.00454910757,-19123.592126340824,-10668.340814992549,2019.472058877604,-28216.452955519366,4091.1886517817225,-38093.617812167315,9228.178831771978
CASE_G,11259,E1-P3-V-112,A-V-1259,SOL_3_beam_0394,beam,P3,177,212,10668.340814992549,-2019.472058877604,28216.452955519366,-4091.1886517817225,-100167.00454910757,-19123.592126340824,-10668.340814992549,2019.472058877604,-28216.452955519366,4091.1886517817225,-38093.617812167315,9228.178831771978
CASE_G,11260,E1-P3-V-115,A-V-1260,SOL_3_beam_0395,beam,P3,178,210,28915.10354254359,-17428.51081046433,33975.75140382068,-13868.754610695378,-138377.1109884824,-57978.626991652105,-28915.10354254359,17428.51081046433,-33975.75140382068,13868.754610695378,-28104.074357152473,-27421.077758042644
CASE_G,11261,E1-P3-V-114,A-V-1261,SOL_3_beam_0396,beam,P3,178,210,28915.10354254359,-17428.51081046433,33975.75140382068,-13868.754610695378,-138377.1109884824,-57978.626991652105,-28915.10354254359,17428.51081046433,-33975.75140382068,13868.754610695378,-28104.074357152473,-27421.077758042644
CASE_G,11262,E1-P3-V-109,A-V-1262,SOL_3_beam_0397,beam,P3,179,222,24116.76204979432,-29647.0168265243,118611.53006329342,-24967.25026297927,-235674.99069745396,-49721.79960049455,-24116.76204979432,29647.0168265243,-118611.53006329342,24967.25026297927,-66784.43422110574,-25878.09912028266
CASE_G,11263,E1-P3-V-108,A-V-1263,SOL_3_beam_0398,beam,P3,179,222,24116.76204979432,-29647.0168265243,118611.53006329342,-24967.25026297927,-235674.99069745396,-49721.79960049455,-24116.76204979432,29647.0168265243,-118611.53006329342,24967.25026297927,-66784.43422110574,-25878.09912028266
CASE_G,11264,E1-P3-V-119,A-V-1264,SOL_3_beam_0399,beam,P3,222,208,3974.8459962753527,2903.8818853069083,-2581.173420858235,-236.65082226025055,26535.783070754795,9949.651600626901,-3974.8459962753527,-2903.8818853069083,2581.173420858235,236.65082226025055,-20470.02553173792,-3125.5291701556416
CASE_G,11265,E1-P3-V-118,A-V-1265,SOL_3_beam_0400,beam,P3,222,208,3974.8459962753527,2903.8818853069083,-2581.173420858235,-236.65082226025055,26535.783070754795,9949.651600626901,-3974.8459962753527,-2903.8818853069083,2581.173420858235,236.65082226025055,-20470.02553173792,-3125.5291701556416
CASE_G,11266,E1-P3-V-111,A-V-1266,SOL_3_beam_0401,beam,P3,222,220,19158.151652133343,-13.052696409091807,23680.076739657165,132.3348431348485,-133627.1415622179,1483.725739556371,-19158.151652133343,13.052696409091807,-23680.076739657165,-132.3348431348485,-38053.414800296545,-1578.3577885222867
CASE_G,11267,E1-P3-V-110,A-V-1267,SOL_3_beam_0402,beam,P3,218,222,42788.46271312958,1540.8529467110382,-29310.201079954273,-3149.304805412002,84627.468947443,2351.969261632248,-42788.46271312958,-1540.8529467110382,29310.201079954273,3149.304805412002,176233.32066415003,11361.621964095992
CASE_G,11268,E1-P3-V-117,A-V-1268,SOL_3_beam_0403,beam,P3,222,220,19158.151652133343,-13.052696409091807,23680.076739657165,132.3348431348485,-133627.1415622179,1483.725739556371,-19158.151652133343,13.052696409091807,-23680.076739657165,-132.3348431348485,-38053.414800296545,-1578.3577885222867
CASE_G,11269,E1-P3-V-116,A-V-1269,SOL_3_beam_0404,beam,P3,218,222,42788.46271312958,1540.8529467110382,-29310.201079954273,-3149.304805412002,84627.468947443,2351.969261632248,-42788.46271312958,-1540.8529467110382,29310.201079954273,3149.304805412002,176233.32066415003,11361.621964095992
CASE_G,11270,E1-P3-V-028,A-V-1270,SOL_3_beam_0405,beam,P3,945,946,-204261.74053078622,175093.92204317267,231721.27777207637,170722.7391536062,9270.16656777238,253169.07307143655,204261.74053078622,-175093.92204317267,-231721.27777207637,-170722.7391536062,-148302.9332310185,-148112.7198455327
CASE_G,11271,E1-P3-V-027,A-V-1271,SOL_3_beam_0406,beam,P3,938,946,175093.92204321406,204261.7405310352,-231226.84777174465,148302.93323094762,294043.2248675937,262453.37862185366,-175093.92204321406,-204261.7405310352,231226.84777174465,-148302.93323094762,170722.73915361255,148112.71984552668
CASE_G,11272,E1-P3-V-030,A-V-1272,SOL_3_beam_0407,beam,P3,937,945,-159295.17263413643,-398888.62645139237,184795.24292353896,-367595.3176734505,-270984.9460332962,-394506.75373915746,159295.17263413643,398888.62645139237,-184795.24292353896,367595.3176734505,-100453.49224301669,-407259.38542814035
CASE_G,11273,E1-P3-V-026,A-V-1273,SOL_3_beam_0408,beam,P3,926,938,288466.3748502178,-62409.262523889876,15772.130639362465,29348.156765274063,14562.394887845294,-219142.7145192342,-288466.3748502178,62409.262523889876,-15772.130639362465,-29348.156765274063,-128910.34202322317,-233324.43877896745
CASE_G,11274,E1-P3-V-029,A-V-1274,SOL_3_beam_0409,beam,P3,924,937,-36675.04645955517,-24831.817655219947,7923.401897311006,117107.18119009353,-40063.52127883675,-64080.90739407513,36675.04645955517,24831.817655219947,-7923.401897311006,-117107.18119009353,-17381.142476668047,-115949.7706062695
CASE_G,11275,E1-P3-V-017,A-V-1275,SOL_3_beam_0410,beam,P3,947,948,76280.78049448723,82385.715683605,-47948.44308037684,-20287.408579569168,-87238.86944768969,-40569.06105593413,-76280.78049448723,-82385.715683605,47948.44308037684,20287.408579569168,116007.93529591552,90000.49046609666
CASE_G,11276,E1-P3-V-015,A-V-1276,SOL_3_beam_0411,beam,P3,162,948,81280.07887028212,108780.391275487,109962.4119291895,97222.67714793878,-177659.94222174448,144958.74730863518,-81280.07887028212,-108780.391275487,-109962.4119291895,-97222.67714793878,-78377.35095491452,108326.3202361617
CASE_G,11277,E1-P3-V-020,A-V-1277,SOL_3_beam_0412,beam,P3,162,947,-91527.30405380751,65030.117899248005,-45166.547080535434,89125.6283236706,96287.96561893937,110847.54639951639,91527.30405380751,-65030.117899248005,45166.547080535434,-89125.6283236706,8878.156638212356,40569.06105544147
CASE_G,11278,E1-P3-V-016,A-V-1278,SOL_3_beam_0413,beam,P3,949,948,-4800.137341165456,-243906.36051148348,6451.409236496423,92786.57547754054,30823.776092624903,6104.75063656157,4800.137341165456,243906.36051148348,-6451.409236496423,-92786.57547754054,-34694.621634522766,-152448.566943452
CASE_G,11279,E1-P3-V-031,A-V-1279,SOL_3_beam_0414,beam,P3,945,950,4800.1373413875,243906.36051138758,6961.543236826105,-74227.37121436701,-35000.7020346065,139008.18238782848,-4800.1373413875,-243906.36051138758,-6961.543236826105,74227.37121436701,30823.776092510823,7335.633919004409
CASE_G,11280,E1-P3-V-022,A-V-1280,SOL_3_beam_0415,beam,P3,949,950,243906.36051142262,-4800.1373413106485,-6628.287236849835,-30823.77609248265,92786.57547754474,-6104.75063651706,-243906.36051142262,4800.1373413106485,6628.287236849835,30823.77609248265,-74227.37121436522,-7335.633919152743
CASE_G,11281,E1-P3-V-021,A-V-1281,SOL_3_beam_0416,beam,P3,948,945,-438533.2464320685,-10998.612067845359,62343.75208526595,-35268.544875976004,109535.27405249022,-45878.24375889836,438533.2464320685,10998.612067845359,-62343.75208526595,35268.544875976004,-284097.7798912347,15082.129968931382
CASE_G,11282,E1-P3-V-102,A-V-1282,SOL_3_beam_0417,beam,P3,951,178,-50680.49520883388,1457.6182275510128,-115847.93858806218,-16009.108910238701,194267.25620058487,-7972.686128849566,50680.49520883388,-1457.6182275510128,115847.93858806218,16009.108910238701,287747.89566089807,14037.481755532106
CASE_G,11283,E1-P3-V-101,A-V-1283,SOL_3_beam_0418,beam,P3,951,178,-50680.49520883388,1457.6182275510128,-115847.93858806218,-16009.108910238701,194267.25620058487,-7972.686128849566,50680.49520883388,-1457.6182275510128,115847.93858806218,16009.108910238701,287747.89566089807,14037.481755532106
CASE_G,11284,E1-P3-V-096,A-V-1284,SOL_3_beam_0419,beam,P3,171,951,-45895.45528567416,21546.332162469145,-106117.90358781687,62785.82336901057,280155.37566212506,11441.75480249252,45895.45528567416,-21546.332162469145,106117.90358781687,-62785.82336901057,-184537.25581497373,7972.686128981317
CASE_G,11285,E1-P3-V-095,A-V-1285,SOL_3_beam_0420,beam,P3,171,951,-45895.45528567416,21546.332162469145,-106117.90358781687,62785.82336901057,280155.37566212506,11441.75480249252,45895.45528567416,-21546.332162469145,106117.90358781687,-62785.82336901057,-184537.25581497373,7972.686128981317
CASE_G,11286,E1-P3-V-074,A-V-1286,SOL_3_beam_0421,beam,P3,170,214,-6094.617811897645,8048.8000368919875,-1535.7124309729168,-2429.8584544095993,-20147.124820635232,52169.350938681506,6094.617811897645,-8048.8000368919875,1535.7124309729168,2429.8584544095993,26472.724323812676,-19016.343586723415
CASE_G,11287,E1-P3-V-068,A-V-1287,SOL_3_beam_0422,beam,P3,941,170,276057.52679300494,55986.374078873356,-2901.0599198509485,8707.13879916164,129758.30894431811,154304.43637256502,-276057.52679300494,-55986.374078873356,2901.0599198509485,-8707.13879916164,-114357.91520572422,142901.4913337319
CASE_G,11288,E1-P3-V-071,A-V-1288,SOL_3_beam_0423,beam,P3,170,214,-6094.617811897645,8048.8000368919875,-1535.7124309729168,-2429.8584544095993,-20147.124820635232,52169.350938681506,6094.617811897645,-8048.8000368919875,1535.7124309729168,2429.8584544095993,26472.724323812676,-19016.343586723415
CASE_G,11289,E1-P4-V-119,A-V-1289,SOL_4_beam_0425,beam,P4,209,211,17131.727020726878,5120.156480325546,-37846.75046226825,11049.805364339054,151820.36835432722,22805.035784556097,-17131.727020726878,-5120.156480325546,37846.75046226825,-11049.805364339054,122568.57249711762,14316.098697804116
CASE_G,11290,E1-P4-V-118,A-V-1290,SOL_4_beam_0426,beam,P4,213,209,31058.442473923453,-19993.698703429953,19203.825810576745,25901.207267176298,-57866.51718380985,-88221.14814562805,-31058.442473923453,19993.698703429953,-19203.825810576745,-25901.207267176298,-113047.53253032317,-89722.77031489855
CASE_G,11291,E1-P4-V-122,A-V-1291,SOL_4_beam_0428,beam,P4,213,211,24806.51138812314,-3204.040762139071,-1401.5475604819032,19234.169261258652,33087.97817778729,-23553.45791014113,-24806.51138812314,3204.040762139071,1401.5475604819032,-19234.169261258652,-10452.985076004556,-28191.80039840486
CASE_G,11292,E1-P4-V-105,A-V-1292,SOL_4_beam_0429,beam,P4,205,213,4105.381356785428,17272.269942840696,25181.68458863705,-9015.955273296438,-86340.33890973833,28652.0040924854,-4105.381356785428,-17272.269942840696,-25181.68458863705,9015.955273296438,-37049.91557458335,55982.11862743411
CASE_G,11293,E1-P4-V-104,A-V-1293,SOL_4_beam_0430,beam,P4,205,213,4105.381356785428,17272.269942840696,25181.68458863705,-9015.955273296438,-86340.33890973833,28652.0040924854,-4105.381356785428,-17272.269942840696,-25181.68458863705,9015.955273296438,-37049.91557458335,55982.11862743411
CASE_G,11294,E1-P4-V-107,A-V-1294,SOL_4_beam_0431,beam,P4,207,211,-20829.04799412791,-2649.225035778739,33756.52022977061,-20149.360836960444,-137512.2153121463,-20267.546490569963,20829.04799412791,2649.225035778739,-33756.52022977061,20149.360836960444,-27894.73381372991,7286.343815254128
CASE_G,11295,E1-P4-V-106,A-V-1295,SOL_4_beam_0432,beam,P4,207,211,-20829.04799412791,-2649.225035778739,33756.52022977061,-20149.360836960444,-137512.2153121463,-20267.546490569963,20829.04799412791,2649.225035778739,-33756.52022977061,20149.360836960444,-27894.73381372991,7286.343815254128
CASE_G,11296,E1-P4-V-010,A-V-1296,SOL_4_beam_0433,beam,P4,184,183,-120764.63415589878,66199.69300727533,42717.966740615826,-43094.11962086946,-230136.15824874328,320939.25603514817,120764.63415589878,-66199.69300727533,-42717.966740615826,43094.11962086946,-197043.50915741496,341057.6740376052
CASE_G,11297,E1-P4-V-009,A-V-1297,SOL_4_beam_0434,beam,P4,184,183,-120764.63415589878,66199.69300727533,42717.966740615826,-43094.11962086946,-230136.15824874328,320939.25603514817,120764.63415589878,-66199.69300727533,-42717.966740615826,43094.11962086946,-197043.50915741496,341057.6740376052
CASE_G,11298,E1-P4-V-029,A-V-1298,SOL_4_beam_0435,beam,P4,952,188,-3856.32331865919,26901.40900281165,-39198.96611294631,-23854.789136743333,-11199.364230079955,54850.88290914077,3856.32331865919,-26901.40900281165,39198.96611294631,23854.789136743333,195809.43271255586,71843.0442718604
CASE_G,11299,E1-P4-V-019,A-V-1299,SOL_4_beam_0436,beam,P4,183,953,4891.448759844806,27786.64913577042,52189.30839391399,-38296.3546568452,-247591.47169606198,53343.78456145087,-4891.448759844806,-27786.64913577042,-52189.30839391399,38296.3546568452,1802.5453021218127,77519.2383323829
CASE_G,11300,E1-P4-V-028,A-V-1300,SOL_4_beam_0437,beam,P4,952,188,-3856.32331865919,26901.40900281165,-39198.96611294631,-23854.789136743333,-11199.364230079955,54850.88290914077,3856.32331865919,-26901.40900281165,39198.96611294631,23854.789136743333,195809.43271255586,71843.0442718604
CASE_G,11301,E1-P4-V-018,A-V-1301,SOL_4_beam_0438,beam,P4,183,953,4891.448759844806,27786.64913577042,52189.30839391399,-38296.3546568452,-247591.47169606198,53343.78456145087,-4891.448759844806,-27786.64913577042,-52189.30839391399,38296.3546568452,1802.5453021218127,77519.2383323829
CASE_G,11302,E1-P4-V-054,A-V-1302,SOL_4_beam_0439,beam,P4,954,201,2788.483252911998,14335.478711001015,-49624.02368362403,-17957.670543905257,-7535.740288703033,33680.110771668486,-2788.483252911998,-14335.478711001015,49624.02368362403,17957.670543905257,241243.29227396287,33833.75423542203
CASE_G,11303,E1-P4-V-042,A-V-1303,SOL_4_beam_0440,beam,P4,188,955,3415.687368588062,26812.135356614363,41283.58750611933,-35150.388963473175,-204296.84799524915,71547.99330596009,-3415.687368588062,-26812.135356614363,-41283.58750611933,35150.388963473175,9869.120112144243,54725.4938590806
CASE_G,11304,E1-P4-V-053,A-V-1304,SOL_4_beam_0441,beam,P4,954,201,2788.483252911998,14335.478711001015,-49624.02368362403,-17957.670543905257,-7535.740288703033,33680.110771668486,-2788.483252911998,-14335.478711001015,49624.02368362403,17957.670543905257,241243.29227396287,33833.75423542203
CASE_G,11305,E1-P4-V-041,A-V-1305,SOL_4_beam_0442,beam,P4,188,955,3415.687368588062,26812.135356614363,41283.58750611933,-35150.388963473175,-204296.84799524915,71547.99330596009,-3415.687368588062,-26812.135356614363,-41283.58750611933,35150.388963473175,9869.120112144243,54725.4938590806
CASE_G,11306,E1-P4-V-077,A-V-1306,SOL_4_beam_0443,beam,P4,956,196,11047.886272512773,7711.190827220181,-41491.86087716769,-21512.815292344276,-8320.717382943898,25996.65542286155,-11047.886272512773,-7711.190827220181,41491.86087716769,21512.815292344276,203729.32218972908,10319.696967473428
CASE_G,11307,E1-P4-V-067,A-V-1307,SOL_4_beam_0444,beam,P4,201,957,-3097.9553145441914,14345.199712634658,45835.783035597415,-23458.24292477767,-220125.02872301498,33874.978997005266,3097.9553145441914,-14345.199712634658,-45835.783035597415,23458.24292477767,4258.441304147564,33684.667696574994
CASE_G,11308,E1-P4-V-076,A-V-1308,SOL_4_beam_0445,beam,P4,956,196,11047.886272512773,7711.190827220181,-41491.86087716769,-21512.815292344276,-8320.717382943898,25996.65542286155,-11047.886272512773,-7711.190827220181,41491.86087716769,21512.815292344276,203729.32218972908,10319.696967473428
CASE_G,11309,E1-P4-V-066,A-V-1309,SOL_4_beam_0446,beam,P4,201,957,-3097.9553145441914,14345.199712634658,45835.783035597415,-23458.24292477767,-220125.02872301498,33874.978997005266,3097.9553145441914,-14345.199712634658,-45835.783035597415,23458.24292477767,4258.441304147564,33684.667696574994
CASE_G,11310,E1-P4-V-087,A-V-1310,SOL_4_beam_0447,beam,P4,196,225,-92121.44773481868,53602.54736660991,-53739.698199531995,-16110.147983952247,98905.58967636937,137945.1614569375,92121.44773481868,-53602.54736660991,53739.698199531995,16110.147983952247,169792.90132129058,130067.57537611204
CASE_G,11311,E1-P4-V-086,A-V-1311,SOL_4_beam_0448,beam,P4,196,225,-92121.44773481868,53602.54736660991,-53739.698199531995,-16110.147983952247,98905.58967636937,137945.1614569375,92121.44773481868,-53602.54736660991,53739.698199531995,16110.147983952247,169792.90132129058,130067.57537611204
CASE_G,11312,E1-P4-V-008,A-V-1312,SOL_4_beam_0449,beam,P4,185,180,-34519.61195387376,48319.8423615458,128657.40283216337,-49643.799056226424,-698224.0453273066,272991.7896155641,34519.61195387376,-48319.8423615458,-128657.40283216337,49643.799056226424,-588349.982994327,210206.63399989385
CASE_G,11313,E1-P4-V-007,A-V-1313,SOL_4_beam_0450,beam,P4,49,180,9347.180666920322,26839.562735598698,232724.8458499093,-20096.40316570626,-1179864.901084408,144829.89105708842,-9347.180666920322,-26839.562735598698,-232724.8458499093,20096.40316570626,-1145200.982898799,123314.02554824659
CASE_G,11314,E1-P4-V-027,A-V-1314,SOL_4_beam_0451,beam,P4,958,203,-6284.9345562846165,-28330.82881506696,-85216.50593105734,-48630.504025757575,-23282.748305519694,21557.88913154314,6284.9345562846165,28330.82881506696,85216.50593105734,48630.504025757575,424615.3995402683,-154983.76145289093
CASE_G,11315,E1-P4-V-017,A-V-1315,SOL_4_beam_0452,beam,P4,180,959,10920.567556457796,-31688.130041596105,58326.66271319951,-24945.113664293778,-232245.19720327246,-191480.83341883437,-10920.567556457796,31688.130041596105,-58326.66271319951,24945.113664293778,-42447.996663434475,42243.53363381309
CASE_G,11316,E1-P4-V-023,A-V-1316,SOL_4_beam_0453,beam,P4,180,203,762829.0475779109,116324.8940638647,159876.32941863145,-110250.42658606576,-735885.2303528081,566409.3292813642,-762829.0475779109,-116324.8940638647,-159876.32941863145,110250.42658606576,-862878.0638335062,596839.6113572828
CASE_G,11317,E1-P4-V-052,A-V-1317,SOL_4_beam_0454,beam,P4,960,200,-9300.827885329838,-5528.559391831692,-76075.30795387476,-34297.33562601532,-15404.873842579254,34287.44425690028,9300.827885329838,5528.559391831692,76075.30795387476,34297.33562601532,373686.4614416929,-60324.55260804119
CASE_G,11318,E1-P4-V-040,A-V-1318,SOL_4_beam_0455,beam,P4,203,961,6739.610102222951,-26948.567437334004,69203.29393890538,-13027.529110427828,-284023.69381823164,-150693.8520990269,-6739.610102222951,26948.567437334004,-69203.29393890538,13027.529110427828,-41893.69891256292,23777.82921780717
CASE_G,11319,E1-P4-V-046,A-V-1319,SOL_4_beam_0456,beam,P4,203,200,914879.4836127361,27077.067324104137,40356.15203245415,-27729.781193145154,-163493.17201245422,118092.47001701049,-914879.4836127361,-27077.067324104137,-40356.15203245415,27729.781193145154,-240068.3483120873,152678.20322403085
CASE_G,11320,E1-P4-V-075,A-V-1320,SOL_4_beam_0457,beam,P4,962,198,-16064.720873084,8104.198423755014,-82679.29094019311,-47607.00312061897,-14303.663814484375,59975.77334417274,16064.720873084,-8104.198423755014,82679.29094019311,47607.00312061897,403687.13680130173,-21808.526236324622
CASE_G,11321,E1-P4-V-065,A-V-1321,SOL_4_beam_0458,beam,P4,200,963,9620.403662180535,-4607.959728962658,67319.25274496082,-3655.1729830342992,-289886.16477859823,-57490.20169797559,-9620.403662180535,4607.959728962658,-67319.25274496082,3655.1729830342992,-27158.213984538714,35788.717054804525
CASE_G,11322,E1-P4-V-071,A-V-1322,SOL_4_beam_0459,beam,P4,200,198,695332.6026924045,34611.59013662209,-53896.1919994692,-30165.970282165712,297337.1363385506,169329.3093415266,-695332.6026924045,-34611.59013662209,53896.1919994692,30165.970282165712,241624.78365614137,176786.5920246943
CASE_G,11323,E1-P4-V-085,A-V-1323,SOL_4_beam_0460,beam,P4,198,205,95115.99340458421,36477.14539766986,-56153.5766741633,-15623.27404159827,108371.13691150842,79562.59504720413,-95115.99340458421,-36477.14539766986,56153.5766741633,15623.27404159827,172396.74645930802,102823.13194114517
CASE_G,11324,E1-P4-V-084,A-V-1324,SOL_4_beam_0461,beam,P4,198,205,95115.99340458421,36477.14539766986,-56153.5766741633,-15623.27404159827,108371.13691150842,79562.59504720413,-95115.99340458421,-36477.14539766986,56153.5766741633,15623.27404159827,172396.74645930802,102823.13194114517
CASE_G,11325,E1-P4-V-012,A-V-1325,SOL_4_beam_0462,beam,P4,187,182,147417.96796980512,47368.53728018905,18783.904846795485,-41179.0014837997,-63604.449677752884,259956.47754007755,-147417.96796980512,-47368.53728018905,-18783.904846795485,41179.0014837997,-124234.59879020197,213728.89526181296
CASE_G,11326,E1-P4-V-011,A-V-1326,SOL_4_beam_0463,beam,P4,187,182,147417.96796980512,47368.53728018905,18783.904846795485,-41179.0014837997,-63604.449677752884,259956.47754007755,-147417.96796980512,-47368.53728018905,-18783.904846795485,41179.0014837997,-124234.59879020197,213728.89526181296
CASE_G,11327,E1-P4-V-024,A-V-1327,SOL_4_beam_0464,beam,P4,182,190,88393.50596896667,118737.12201659303,-302780.78250884946,-116456.43711070156,1540293.7503005534,581745.3333997624,-88393.50596896667,-118737.12201659303,302780.78250884946,116456.43711070156,1487514.0747879408,605625.8867661679
CASE_G,11328,E1-P4-V-030,A-V-1328,SOL_4_beam_0465,beam,P4,964,190,10645.436282259645,-27044.94775303328,-65681.90784430406,-4404.807580743661,39813.26774108852,22729.078168195003,-10645.436282259645,27044.94775303328,65681.90784430406,4404.807580743661,269519.9292176935,-150099.01038545024
CASE_G,11329,E1-P4-V-020,A-V-1329,SOL_4_beam_0466,beam,P4,182,965,-17498.650011947626,-26323.60110794514,67358.25449723091,-38815.87677482268,-352067.43761843676,-168931.8773504101,17498.650011947626,26323.60110794514,-67358.25449723091,38815.87677482268,34839.377578177024,44959.1738550967
CASE_G,11330,E1-P4-V-047,A-V-1330,SOL_4_beam_0467,beam,P4,190,192,-162151.5092686132,24009.719476298087,84418.8583652933,-23886.882548038266,-440821.04692162597,108269.33200542966,162151.5092686132,-24009.719476298087,-84418.8583652933,23886.882548038266,-403367.53673130705,131827.8627575512
CASE_G,11331,E1-P4-V-055,A-V-1331,SOL_4_beam_0468,beam,P4,966,192,751.2798872900382,-23428.04534521949,-56458.86268091301,-10196.545864476324,26645.537557166943,-993.9718911492528,-751.2798872900382,23428.04534521949,56458.86268091301,10196.545864476324,239251.13114409434,-109341.92429370133
CASE_G,11332,E1-P4-V-043,A-V-1332,SOL_4_beam_0469,beam,P4,190,967,-10069.25983895193,-28184.65506395472,80011.74904787527,-48162.138993330314,-396731.3214237341,-153411.11558878666,10069.25983895193,28184.65506395472,-80011.74904787527,48162.138993330314,19910.80966405029,20673.658010965955
CASE_G,11333,E1-P4-V-072,A-V-1333,SOL_4_beam_0470,beam,P4,192,194,163140.00846641586,29483.200588959422,-70669.0115939091,-30838.15873750036,372000.38619235,141781.80408676545,-163140.00846641586,-29483.200588959422,70669.0115939091,30838.15873750036,334689.729746741,153050.2018028288
CASE_G,11334,E1-P4-V-078,A-V-1334,SOL_4_beam_0471,beam,P4,968,194,-8973.31346276391,-22568.854644189334,-63103.18330539208,-6237.223610477267,25558.15751051731,-23869.006933105095,8973.31346276391,22568.854644189334,63103.18330539208,6237.223610477267,271630.3692966519,-82420.47502490963
CASE_G,11335,E1-P4-V-068,A-V-1335,SOL_4_beam_0472,beam,P4,192,969,-334.82266855511364,-24322.39601769046,70305.52718452626,-31344.280383592646,-348522.48345568625,-111975.10756866945,334.82266855511364,24322.39601769046,-70305.52718452626,31344.280383592646,17414.05190076999,-2572.7910046238394
CASE_G,11336,E1-P4-V-089,A-V-1336,SOL_4_beam_0473,beam,P4,194,207,-23590.249285878606,18965.48537155675,-49261.87059747187,-12621.86542806048,77739.04750028987,36683.18773249442,23590.249285878606,-18965.48537155675,49261.87059747187,12621.86542806048,168570.30548706948,58144.239125289336
CASE_G,11337,E1-P4-V-088,A-V-1337,SOL_4_beam_0474,beam,P4,194,207,-23590.249285878606,18965.48537155675,-49261.87059747187,-12621.86542806048,77739.04750028987,36683.18773249442,23590.249285878606,-18965.48537155675,49261.87059747187,12621.86542806048,168570.30548706948,58144.239125289336
CASE_G,11338,E1-P4-V-013,A-V-1338,SOL_4_beam_0475,beam,P4,180,183,42569.82282126035,-58916.60778614342,32865.27076921768,46193.096715680185,-141990.07871538168,-302385.0416767403,-42569.82282126035,58916.60778614342,-32865.27076921768,-46193.096715680185,-150510.83113065566,-221972.7676199362
CASE_G,11339,E1-P4-V-015,A-V-1339,SOL_4_beam_0476,beam,P4,180,183,42569.82282126035,-58916.60778614342,32865.27076921768,46193.096715680185,-141990.07871538168,-302385.0416767403,-42569.82282126035,58916.60778614342,-32865.27076921768,-46193.096715680185,-150510.83113065566,-221972.7676199362
CASE_G,11340,E1-P4-V-014,A-V-1340,SOL_4_beam_0477,beam,P4,183,182,88916.14361807854,-76116.9575906426,-29178.620565341793,40510.788269740086,118513.0131125253,-231439.87590418907,-88916.14361807854,76116.9575906426,29178.620565341793,-40510.788269740086,93031.98598620272,-320408.0666279699
CASE_G,11341,E1-P4-V-016,A-V-1341,SOL_4_beam_0478,beam,P4,183,182,88916.14361807854,-76116.9575906426,-29178.620565341793,40510.788269740086,118513.0131125253,-231439.87590418907,-88916.14361807854,76116.9575906426,29178.620565341793,-40510.788269740086,93031.98598620272,-320408.0666279699
CASE_G,11342,E1-P4-V-048,A-V-1342,SOL_4_beam_0481,beam,P4,215,217,9641.272515068522,6066.3596763633,-7043.252544971508,-23332.705549155115,32416.13151131449,25811.915852451522,-9641.272515068522,-6066.3596763633,7043.252544971508,23332.705549155115,38016.393938400586,34851.68091118148
CASE_G,11343,E1-P4-V-049,A-V-1343,SOL_4_beam_0482,beam,P4,215,217,9641.272515068522,6066.3596763633,-7043.252544971508,-23332.705549155115,32416.13151131449,25811.915852451522,-9641.272515068522,-6066.3596763633,7043.252544971508,23332.705549155115,38016.393938400586,34851.68091118148
CASE_G,11344,E1-P4-V-031,A-V-1344,SOL_4_beam_0483,beam,P4,203,188,166473.79762702028,-36548.805723953614,57488.76584129882,39392.32228226029,-233127.61846998084,-199463.71747295267,-166473.79762702028,36548.805723953614,-57488.76584129882,-39392.32228226029,-278522.3975175786,-125820.6534702345
CASE_G,11345,E1-P4-V-037,A-V-1345,SOL_4_beam_0484,beam,P4,203,188,166473.79762702028,-36548.805723953614,57488.76584129882,39392.32228226029,-233127.61846998084,-199463.71747295267,-166473.79762702028,36548.805723953614,-57488.76584129882,-39392.32228226029,-278522.3975175786,-125820.6534702345
CASE_G,11346,E1-P4-V-032,A-V-1346,SOL_4_beam_0485,beam,P4,188,190,122905.9841548974,-49703.80396629946,-93750.43141681392,32693.70614097168,357054.41299136827,-135330.03418051294,-122905.9841548974,49703.80396629946,93750.43141681392,-32693.70614097168,322636.21478053275,-225022.54457515816
CASE_G,11347,E1-P4-V-038,A-V-1347,SOL_4_beam_0486,beam,P4,188,190,122905.9841548974,-49703.80396629946,-93750.43141681392,32693.70614097168,357054.41299136827,-135330.03418051294,-122905.9841548974,49703.80396629946,93750.43141681392,-32693.70614097168,322636.21478053275,-225022.54457515816
CASE_G,11348,E1-P4-V-033,A-V-1348,SOL_4_beam_0487,beam,P4,190,217,14105.660239331883,-6242.172021837625,4518.720761300867,-31260.703424166713,-11648.748900394306,3638.3282252701247,-14105.660239331883,6242.172021837625,-4518.720761300867,31260.703424166713,-6968.3806361652705,-29356.076955241144
CASE_G,11349,E1-P4-V-039,A-V-1349,SOL_4_beam_0488,beam,P4,190,217,14105.660239331883,-6242.172021837625,4518.720761300867,-31260.703424166713,-11648.748900394306,3638.3282252701247,-14105.660239331883,6242.172021837625,-4518.720761300867,31260.703424166713,-6968.3806361652705,-29356.076955241144
CASE_G,11350,E1-P4-V-056,A-V-1350,SOL_4_beam_0489,beam,P4,200,201,99806.09971028438,-26498.769288092994,45772.30199910314,24339.876881028023,-193511.75520946863,-134408.49359665526,-99806.09971028438,26498.769288092994,-45772.30199910314,-24339.876881028023,-213861.73258254933,-101430.55306737238
CASE_G,11351,E1-P4-V-061,A-V-1351,SOL_4_beam_0490,beam,P4,200,201,99806.09971028438,-26498.769288092994,45772.30199910314,24339.876881028023,-193511.75520946863,-134408.49359665526,-99806.09971028438,26498.769288092994,-45772.30199910314,-24339.876881028023,-213861.73258254933,-101430.55306737238
CASE_G,11352,E1-P4-V-057,A-V-1352,SOL_4_beam_0491,beam,P4,201,192,112691.82205380396,-29765.45149104825,-48272.380114720894,26333.370000218383,190786.88944150615,-80408.51158631942,-112691.82205380396,29765.45149104825,48272.380114720894,-26333.370000218383,159187.86639022036,-135391.0117237804
CASE_G,11353,E1-P4-V-062,A-V-1353,SOL_4_beam_0492,beam,P4,201,192,112691.82205380396,-29765.45149104825,-48272.380114720894,26333.370000218383,190786.88944150615,-80408.51158631942,-112691.82205380396,29765.45149104825,48272.380114720894,-26333.370000218383,159187.86639022036,-135391.0117237804
CASE_G,11354,E1-P4-V-079,A-V-1354,SOL_4_beam_0494,beam,P4,198,196,123677.92330518567,-32929.57111566259,72921.39019988108,27537.574260396294,-313671.64792108245,-154957.63691547752,-123677.92330518567,32929.57111566259,-72921.39019988108,-27537.574260396294,-335328.7248578592,-138115.5460139196
CASE_G,11355,E1-P4-V-082,A-V-1355,SOL_4_beam_0495,beam,P4,198,196,123677.92330518567,-32929.57111566259,72921.39019988108,27537.574260396294,-313671.64792108245,-154957.63691547752,-123677.92330518567,32929.57111566259,-72921.39019988108,-27537.574260396294,-335328.7248578592,-138115.5460139196
CASE_G,11356,E1-P4-V-080,A-V-1356,SOL_4_beam_0496,beam,P4,196,194,131128.56030225582,-13559.72844937933,-44717.25497589774,18399.53713108699,180032.7148568015,-34195.19397514606,-131128.56030225582,13559.72844937933,44717.25497589774,-18399.53713108699,144167.38371845713,-64112.837282854096
CASE_G,11357,E1-P4-V-083,A-V-1357,SOL_4_beam_0497,beam,P4,196,194,131128.56030225582,-13559.72844937933,-44717.25497589774,18399.53713108699,180032.7148568015,-34195.19397514606,-131128.56030225582,13559.72844937933,44717.25497589774,-18399.53713108699,144167.38371845713,-64112.837282854096
CASE_G,11358,E1-P4-V-001,A-V-1358,SOL_4_beam_0498,beam,P4,185,970,179278.38038757158,-46700.984995611965,101650.21654917464,9424.233104575598,-465292.5159117952,-190124.3503680337,-179278.38038757158,46700.984995611965,-101650.21654917464,-9424.233104575598,77819.81029125833,12108.428457626374
CASE_G,11359,E1-P4-V-004,A-V-1359,SOL_4_beam_0499,beam,P4,185,970,179278.38038757158,-46700.984995611965,101650.21654917464,9424.233104575598,-465292.5159117952,-190124.3503680337,-179278.38038757158,46700.984995611965,-101650.21654917464,-9424.233104575598,77819.81029125833,12108.428457626374
CASE_G,11360,E1-P4-V-002,A-V-1360,SOL_4_beam_0500,beam,P4,970,184,367976.68202622636,-43359.430123848884,159611.46709834953,40009.67835794334,-151585.55937555572,-24216.856915253986,-367976.68202622636,43359.430123848884,-159611.46709834953,-40009.67835794334,-663840.0431194875,-197298.48954036925
CASE_G,11361,E1-P4-V-005,A-V-1361,SOL_4_beam_0501,beam,P4,327,184,-19183.261723783136,-2149.7099152115447,-34559.69105754848,-7738.484164537445,62556.025655123536,-3086.823194524303,19183.261723783136,2149.7099152115447,34559.69105754848,7738.484164537445,93259.4411642183,-6605.336767411859
CASE_G,11362,E1-P4-V-003,A-V-1362,SOL_4_beam_0502,beam,P4,184,187,134434.52516183408,-60494.538396245465,-51906.07800303087,20095.4456178272,209263.35513951827,-220564.468587066,-134434.52516183408,60494.538396245465,51906.07800303087,-20095.4456178272,167055.7103824555,-218020.93478571362
CASE_G,11363,E1-P4-V-006,A-V-1363,SOL_4_beam_0503,beam,P4,184,187,134434.52516183408,-60494.538396245465,-51906.07800303087,20095.4456178272,209263.35513951827,-220564.468587066,-134434.52516183408,60494.538396245465,51906.07800303087,-20095.4456178272,167055.7103824555,-218020.93478571362
CASE_G,11364,E1-P4-V-090,A-V-1364,SOL_4_beam_0504,beam,P4,205,225,100850.71836864548,-29880.515762286337,46089.924768692974,26928.79297901907,-193405.62833160785,-132642.67683599627,-100850.71836864548,29880.515762286337,-46089.924768692974,-26928.79297901907,-216794.70210975962,-133293.91344835213
CASE_G,11365,E1-P4-V-092,A-V-1365,SOL_4_beam_0505,beam,P4,205,225,100850.71836864548,-29880.515762286337,46089.924768692974,26928.79297901907,-193405.62833160785,-132642.67683599627,-100850.71836864548,29880.515762286337,-46089.924768692974,-26928.79297901907,-216794.70210975962,-133293.91344835213
CASE_G,11366,E1-P4-V-091,A-V-1366,SOL_4_beam_0506,beam,P4,225,207,100224.54565156503,-9775.428631406772,-53900.71984879525,16227.3735476058,205706.12107018472,-30593.87867762324,-100224.54565156503,9775.428631406772,53900.71984879525,-16227.3735476058,185074.09783358086,-40277.97890007586
CASE_G,11367,E1-P4-V-093,A-V-1367,SOL_4_beam_0507,beam,P4,225,207,100224.54565156503,-9775.428631406772,-53900.71984879525,16227.3735476058,205706.12107018472,-30593.87867762324,-100224.54565156503,9775.428631406772,53900.71984879525,-16227.3735476058,185074.09783358086,-40277.97890007586
CASE_G,11368,E1-P4-V-021,A-V-1368,SOL_4_beam_0508,beam,P4,959,953,-30928.13223767397,-12916.927559371326,-453.840285729888,40772.78071205347,27598.396139498393,-42243.533633817424,30928.13223767397,12916.927559371326,453.840285729888,-40772.78071205347,-23559.21759650239,-72717.12164458739
CASE_G,11369,E1-P4-V-025,A-V-1369,SOL_4_beam_0509,beam,P4,958,952,27872.93994849289,-8076.848539773746,26560.9939306104,20137.69236650315,-50014.854159171286,-21557.88913160687,-27872.93994849289,8076.848539773746,-26560.9939306104,-20137.69236650315,-186377.99182326128,-50326.06287237948
CASE_G,11370,E1-P4-V-022,A-V-1370,SOL_4_beam_0510,beam,P4,953,965,25155.47335083365,-19139.92915417635,-21161.360497332902,32296.04435228416,99766.72863690204,-82321.35502017589,-25155.47335083365,19139.92915417635,21161.360497332902,-32296.04435228416,40956.31867036174,-44959.17385509679
CASE_G,11371,E1-P4-V-026,A-V-1371,SOL_4_beam_0511,beam,P4,952,964,-26311.905772255697,-12346.583626180398,-19610.004844455365,39451.82337115171,137338.50529249618,-59375.702945903504,26311.905772255697,12346.583626180398,19610.004844455365,-39451.82337115171,-6931.9730768680165,-22729.07816819613
CASE_G,11372,E1-P4-V-044,A-V-1372,SOL_4_beam_0512,beam,P4,961,955,-26464.522927012003,-8442.550414434203,9997.24493898075,40978.760667904644,15669.706360241733,-23777.829217810144,26464.522927012003,8442.550414434203,-9997.24493898075,-40978.760667904644,-104645.1863171704,-51360.869470654274
CASE_G,11373,E1-P4-V-050,A-V-1373,SOL_4_beam_0513,beam,P4,960,954,4924.867174865406,-9634.108760314552,16869.25895171483,13188.842251322185,-35208.9734204476,-34287.44425643573,-4924.867174865406,9634.108760314552,-16869.25895171483,-13188.842251322185,-114927.43124981438,-51456.123710363776
CASE_G,11374,E1-P4-V-045,A-V-1374,SOL_4_beam_0514,beam,P4,955,967,27486.00096020531,-11844.17688097347,-33515.56504801996,16802.436777807223,173545.86024305882,-58090.118247505925,-27486.00096020531,11844.17688097347,33515.56504801996,-16802.436777807223,49332.647326273895,-20673.658010967636
CASE_G,11375,E1-P4-V-051,A-V-1375,SOL_4_beam_0515,beam,P4,954,966,-23332.608281838406,-2242.1242017784602,-9962.678681193076,25941.901134200805,78124.975606492,-15904.097832975436,23332.608281838406,2242.1242017784602,9962.678681193076,-25941.901134200805,-11873.162376558044,993.9718911486761
CASE_G,11376,E1-P4-V-069,A-V-1376,SOL_4_beam_0516,beam,P4,963,957,-3985.780147638483,-9894.393164992802,8663.740743846045,26870.22281963212,5377.732048595295,-35788.717054807654,3985.780147638483,9894.393164992802,-8663.740743846045,-26870.22281963212,-82485.02466882509,-52271.38211362828
CASE_G,11377,E1-P4-V-073,A-V-1377,SOL_4_beam_0517,beam,P4,962,956,-9111.064665749507,-15515.856066632345,23898.78794042298,11242.040817549452,-48421.46283316131,-59975.77334417678,9111.064665749507,15515.856066632345,-23898.78794042298,-11242.040817549452,-164277.7498366032,-78115.34564885109
CASE_G,11378,E1-P4-V-070,A-V-1378,SOL_4_beam_0518,beam,P4,957,969,24251.670991123767,-1883.4830488560274,-24233.624184483087,15382.049909832424,128763.70028761061,-15097.95327951828,-24251.670991123767,1883.4830488560274,24233.624184483087,-15382.049909832424,32389.900539201903,2572.7910046257
CASE_G,11379,E1-P4-V-074,A-V-1379,SOL_4_beam_0519,beam,P4,956,968,-23094.620622063798,7517.449885147404,-16906.28930525692,25108.938904530918,120279.438781256,26122.034803125945,23094.620622063798,-7517.449885147404,16906.28930525692,-25108.938904530918,-7852.614901297493,23869.00693310428
CASE_G,11380,E1-P4-V-058,A-V-1380,SOL_4_beam_0520,beam,P4,192,215,-4036.823208782835,16902.384428971658,-10388.138652027197,-19050.976882530795,14800.73244856892,90877.15311933952,4036.823208782835,-16902.384428971658,10388.138652027197,19050.976882530795,27998.398797783135,-21239.32927197627
CASE_G,11381,E1-P4-V-063,A-V-1381,SOL_4_beam_0521,beam,P4,192,215,-4036.823208782835,16902.384428971658,-10388.138652027197,-19050.976882530795,14800.73244856892,90877.15311933952,4036.823208782835,-16902.384428971658,10388.138652027197,19050.976882530795,27998.398797783135,-21239.32927197627
CASE_G,11382,E1-P4-V-035,A-V-1382,SOL_4_beam_0522,beam,P4,971,190,0.0,3.2186531001789483e-07,-3.156367449181762e-09,1.7747028805043638e-09,5.800087019699451e-09,2.2179532763330703e-07,0.0,-3.2186531001789483e-07,3.156367449181762e-09,-1.7747028805043638e-09,-1.4500217549248622e-09,2.2179532763330703e-07
CASE_G,11383,E1-P4-V-036,A-V-1383,SOL_4_beam_0523,beam,P4,190,971,0.0,3.2186531001789483e-07,3.156367449181762e-09,1.7747028805043638e-09,1.4500217549248622e-09,2.2179532763330703e-07,0.0,-3.2186531001789483e-07,-3.156367449181762e-09,-1.7747028805043638e-09,-5.800087019699451e-09,2.2179532763330703e-07
CASE_G,11384,E1-P4-V-059,A-V-1384,SOL_4_beam_0524,beam,P4,972,192,0.0,1.7372646440296416e-07,3.1563674491817636e-09,-3.406284560968053e-09,-3.190047860834698e-08,1.197137960865967e-07,0.0,-1.7372646440296416e-07,-3.1563674491817636e-09,3.406284560968053e-09,2.7550413343572387e-08,1.197137960865967e-07
CASE_G,11385,E1-P4-V-060,A-V-1385,SOL_4_beam_0525,beam,P4,192,972,0.0,1.7372646440296416e-07,-3.1563674491817636e-09,-3.406284560968053e-09,-2.7550413343572387e-08,1.197137960865967e-07,0.0,-1.7372646440296416e-07,3.1563674491817636e-09,3.406284560968053e-09,3.190047860834698e-08,1.197137960865967e-07
CASE_G,11386,E1-P4-V-112,A-V-1386,SOL_4_beam_0526,beam,P4,219,973,-3.7787376447413816e-07,-2.338604337048075e-07,395.1489995373675,-6.40019895640805e-08,-278.63496794598757,-8.227571431816901e-08,3.7787376447413816e-07,2.338604337048075e-07,-395.1489995373675,6.40019895640805e-08,1.7287723608205852e-07,-8.262839649834487e-08
CASE_G,11387,E1-P4-V-113,A-V-1387,SOL_4_beam_0527,beam,P4,973,219,-3.7787376447413816e-07,-2.338604337048075e-07,-395.1489995373675,-6.40019895640805e-08,-1.7287723608205852e-07,-8.262839649834487e-08,3.7787376447413816e-07,2.338604337048075e-07,395.1489995373675,6.40019895640805e-08,278.63496794598757,-8.227571431816901e-08
CASE_G,11388,E1-P4-V-095,A-V-1388,SOL_4_beam_0528,beam,P4,225,223,-46960.94183481393,34489.48790930954,106931.380758973,-33280.57306281886,-213585.678406861,45618.89966316902,46960.94183481393,-34489.48790930954,-106931.380758973,33280.57306281886,-59089.342528519854,42329.294505570215
CASE_G,11389,E1-P4-V-094,A-V-1389,SOL_4_beam_0529,beam,P4,225,223,-46960.94183481393,34489.48790930954,106931.380758973,-33280.57306281886,-213585.678406861,45618.89966316902,46960.94183481393,-34489.48790930954,-106931.380758973,33280.57306281886,-59089.342528519854,42329.294505570215
CASE_G,11390,E1-P4-V-117,A-V-1390,SOL_4_beam_0530,beam,P4,223,209,-26830.653916124607,1929.1339245329025,634.8142436604882,-1700.9264896046907,19367.264914137042,-26400.84698262809,26830.653916124607,-1929.1339245329025,-634.8142436604882,1700.9264896046907,-20859.078386739195,30934.311705280426
CASE_G,11391,E1-P4-V-116,A-V-1391,SOL_4_beam_0531,beam,P4,223,209,-26830.653916124607,1929.1339245329025,634.8142436604882,-1700.9264896046907,19367.264914137042,-26400.84698262809,26830.653916124607,-1929.1339245329025,-634.8142436604882,1700.9264896046907,-20859.078386739195,30934.311705280426
CASE_G,11392,E1-P4-V-103,A-V-1392,SOL_4_beam_0532,beam,P4,223,221,-19158.151651986333,13.052696225813413,23178.04426035676,-9.221642586861368,-130093.65684507345,-1483.7257408810233,19158.151651986333,-13.052696225813413,-23178.04426035676,9.221642586861368,-37947.16404251307,1578.3577885181705
CASE_G,11393,E1-P4-V-102,A-V-1393,SOL_4_beam_0533,beam,P4,219,223,-42788.46271277031,-1540.85294693765,-29611.392920388167,-3023.538391537814,84680.8272460798,-2351.969261630843,42788.46271277031,1540.85294693765,29611.392920388167,3023.538391537814,178860.5697453749,-11361.62196611424
CASE_G,11394,E1-P4-V-109,A-V-1394,SOL_4_beam_0534,beam,P4,223,221,-19158.151651986333,13.052696225813413,23178.04426035676,-9.221642586861368,-130093.65684507345,-1483.7257408810233,19158.151651986333,-13.052696225813413,-23178.04426035676,9.221642586861368,-37947.16404251307,1578.3577885181705
CASE_G,11395,E1-P4-V-108,A-V-1395,SOL_4_beam_0535,beam,P4,219,223,-42788.46271277031,-1540.85294693765,-29611.392920388167,-3023.538391537814,84680.8272460798,-2351.969261630843,42788.46271277031,1540.85294693765,29611.392920388167,3023.538391537814,178860.5697453749,-11361.62196611424
CASE_G,11396,E1-P4-V-096,A-V-1396,SOL_4_beam_0536,beam,P4,974,221,0.0,-1.023220421870571e-08,-499.342999903026,1.4728867591287747e-08,-3.8992993722786196e-08,-6.250342817170089e-08,0.0,1.023220421870571e-08,499.342999903026,-1.4728867591287747e-08,353.08211265711753,5.526830465343325e-08
CASE_G,11397,E1-P4-V-097,A-V-1397,SOL_4_beam_0537,beam,P4,221,974,0.0,-1.023220421870571e-08,499.342999903026,1.4728867591287747e-08,-353.08211265711753,5.526830465343325e-08,0.0,1.023220421870571e-08,-499.342999903026,-1.4728867591287747e-08,3.8992993722786196e-08,-6.250342817170089e-08
CASE_G,11398,E1-P4-V-114,A-V-1398,SOL_4_beam_0538,beam,P4,221,975,-3.7682934990977214e-07,-2.734982919291542e-07,395.97900016204693,-1.5621526233183972e-08,-279.9941161256998,-1.5228930127686926e-07,3.7682934990977214e-07,2.734982919291542e-07,-395.97900016204693,1.5621526233183972e-08,-5.652438517245173e-08,-4.109952109682582e-08
CASE_G,11399,E1-P4-V-115,A-V-1399,SOL_4_beam_0539,beam,P4,975,221,-3.7682934990977214e-07,-2.734982919291542e-07,-395.97900016204693,-1.5621526233183972e-08,5.652438517245173e-08,-4.109952109682582e-08,3.7682934990977214e-07,2.734982919291542e-07,395.97900016204693,1.5621526233183972e-08,279.9941161256998,-1.5228930127686926e-07
CASE_G,11400,E1-P4-V-098,A-V-1400,SOL_4_beam_0540,beam,P4,976,219,-1.889368822370728e-07,1.7362690311723332e-07,-498.2919999709314,1.3426990817639531e-09,-8.502155424139346e-09,4.705787946918027e-08,1.889368822370728e-07,-1.7362690311723332e-07,498.2919999709314,-1.3426990817639531e-09,351.3651192826224,7.537322022044292e-08
CASE_G,11401,E1-P4-V-099,A-V-1401,SOL_4_beam_0541,beam,P4,219,976,-1.889368822370728e-07,1.7362690311723332e-07,498.2919999709314,1.3426990817639531e-09,-351.3651192826224,7.537322022044292e-08,1.889368822370728e-07,-1.7362690311723332e-07,-498.2919999709314,-1.3426990817639531e-09,8.502155424139346e-09,4.705787946918027e-08
CASE_G,11402,E1-P4-V-100,A-V-1402,SOL_4_beam_0542,beam,P4,977,223,-9.420733747744297e-08,5.414541399065092e-08,-1001.4460005015873,4.4632932094811325e-10,1.734151169330289e-07,8.501270133964456e-08,9.420733747744297e-08,-5.414541399065092e-08,1001.4460005015873,-4.4632932094811325e-10,708.1158031896857,-4.672683938881171e-08
CASE_G,11403,E1-P4-V-101,A-V-1403,SOL_4_beam_0543,beam,P4,223,977,-9.420733747744297e-08,5.414541399065092e-08,1001.4460005015873,4.4632932094811325e-10,-708.1158031896857,-4.672683938881171e-08,9.420733747744297e-08,-5.414541399065092e-08,-1001.4460005015873,-4.4632932094811325e-10,-1.734151169330289e-07,8.501270133964456e-08
CASE_G,11404,E1-P4-V-110,A-V-1404,SOL_4_beam_0544,beam,P4,223,978,0.0,8.271031743453757e-08,824.7680001664168,2.9011405861627362e-08,-583.1879648683737,5.094732810780116e-08,0.0,-8.271031743453757e-08,-824.7680001664168,-2.9011405861627362e-08,-6.782926220694208e-08,7.536586998195437e-09
CASE_G,11405,E1-P4-V-111,A-V-1405,SOL_4_beam_0545,beam,P4,978,223,0.0,8.271031743453757e-08,-824.7680001664168,2.9011405861627362e-08,6.782926220694208e-08,7.536586998195437e-09,0.0,-8.271031743453757e-08,824.7680001664168,-2.9011405861627362e-08,583.1879648683737,5.094732810780116e-08
