case_name,opensees_element_tag,element_id,analysis_id,geometry_elementTag,type,floor,node_i,node_j,N_end1,Vy_end1,Vz_end1,T_end1,My_end1,Mz_end1,N_end2,Vy_end2,Vz_end2,T_end2,My_end2,Mz_end2
CASE_Q,10001,E2-S1-C-002,A-C-0001,SOL2_1S_column_0001,column,S1,1,2,80682.333735771,-362.20999573481794,48185.061379767976,21861.46414158814,-168116.1013722441,-717.6327797402298,-80682.333735771,362.20999573481794,-48185.061379767976,-21861.46414158814,-22696.741691637086,-716.7188033696492
CASE_Q,10002,E2-S1-C-005,A-C-0002,SOL2_1S_column_0002,column,S1,3,4,70670.1106555553,-39016.57141078661,46416.426676925206,2883.689291854644,-163743.32298591812,-135852.0972088777,-70670.1106555553,39016.57141078661,-46416.426676925206,-2883.689291854644,-20065.726654705664,-18653.525577837252
CASE_Q,10003,E2-S1-C-006,A-C-0003,SOL2_1S_column_0003,column,S1,5,6,208049.9410959531,-52400.10042535651,84935.01440060647,19904.611124109437,-255600.69245049165,-153935.0248109162,-208049.9410959531,52400.10042535651,-84935.01440060647,-19904.611124109437,-80741.96457590995,-53569.37287349559
CASE_Q,10004,E2-S1-C-003,A-C-0004,SOL2_1S_column_0004,column,S1,7,8,-9016.543084227542,-653.3019069862338,-46596.91670923701,21674.449092385283,201461.23733122734,-1021.029139949994,9016.543084227542,653.3019069862338,46596.91670923701,-21674.449092385283,-16937.44716264878,-1566.0464117154918
CASE_Q,10005,E2-S1-C-001,A-C-0005,SOL2_1S_column_0005,column,S1,9,10,492013.2739862112,28060.808654365446,10928.04271168162,14172.094407613946,41971.92597627976,85271.26028668364,-492013.2739862112,-28060.808654365446,-10928.04271168162,-14172.094407613946,-85246.97511453897,25849.541984603522
CASE_Q,10006,E2-S1-C-004,A-C-0006,SOL2_1S_column_0006,column,S1,11,12,-99083.47872020148,2054.5519275251813,-107690.74501078279,9895.827084381688,361767.39059268794,2626.437894015069,99083.47872020148,-2054.5519275251813,107690.74501078279,-9895.827084381688,64687.95965001194,5509.587738984648
CASE_Q,10007,E2-S1-C-007,A-C-0007,SOL2_1S_column_0007,column,S1,13,14,134759.5992781379,-38720.40109405398,-119019.66774618681,43801.958000491715,374994.32303588506,-135586.00134488224,-134759.5992781379,38720.40109405398,119019.66774618681,-43801.958000491715,96323.56123901469,-17746.78698757151
CASE_Q,10008,E2-S1-C-008,A-C-0008,SOL2_1S_column_0008,column,S1,15,16,290086.94484805374,-11003.408824740143,34995.56171252801,48473.71161705605,-133989.37923855605,-169606.08438636738,-290086.94484805374,11003.408824740143,-34995.56171252801,-48473.71161705605,-4593.045143054856,126032.58544039642
CASE_Q,10009,E2-P1-C-002,A-C-0009,SOL2_1_column_0001,column,P1,2,17,49763.01831800451,-677.4189862564202,70535.09350677593,28002.86308811943,-69928.08884300999,1029.1271211671633,-49763.01831800451,677.4189862564202,-70535.09350677593,-28002.86308811943,-209390.8814438227,-3711.706306742587
CASE_Q,10010,E2-P1-C-005,A-C-0010,SOL2_1_column_0002,column,P1,4,18,46605.771893963705,-33714.35344757931,85877.10248730566,20184.453192224464,-112489.10506838618,-83709.0492649479,-46605.771893963705,33714.35344757931,-85877.10248730566,-20184.453192224464,-227584.22078134422,-49799.79038746618
CASE_Q,10011,E2-P1-C-006,A-C-0011,SOL2_1_column_0003,column,P1,6,19,186053.48881096122,-64115.489851392565,163027.16607193393,30304.647027571787,-51271.87884902558,-141674.0321685127,-186053.48881096122,64115.489851392565,-163027.16607193393,-30304.647027571787,-594315.6987958327,-112223.30764300184
CASE_Q,10012,E2-P1-C-003,A-C-0012,SOL2_1_column_0004,column,P1,8,20,-18993.479776976885,-875.3402764392997,-50777.97767052576,28969.258553383526,143891.11510384717,-262.0392614379898,18993.479776976885,875.3402764392997,50777.97767052576,-28969.258553383526,57189.676471434825,-3204.308233261637
CASE_Q,10013,E2-P1-C-001,A-C-0013,SOL2_1_column_0005,column,P1,10,21,396869.8436342289,18745.030650998953,6685.832984000423,15128.710644923654,28379.833008717047,39547.24924762894,-396869.8436342289,-18745.030650998953,-6685.832984000423,-15128.710644923654,-54855.73162535872,34683.0721303269
CASE_Q,10014,E2-P1-C-004,A-C-0014,SOL2_1_column_0006,column,P1,12,22,-96384.44872521842,3335.424521380662,-120732.74490198691,17414.90277681505,320123.9047160945,8387.684444706087,96384.44872521842,-3335.424521380662,120732.74490198691,-17414.90277681505,157977.76509577362,4820.596659961334
CASE_Q,10015,E2-P1-C-007,A-C-0015,SOL2_1_column_0007,column,P1,14,23,159040.81684730836,-36134.48215293671,-107272.10525020026,46715.00162289425,316054.7292154443,-87160.34223205005,-159040.81684730836,36134.48215293671,107272.10525020026,-46715.00162289425,108742.8075753487,-55932.20709357933
CASE_Q,10016,E2-P1-C-008,A-C-0016,SOL2_1_column_0008,column,P1,16,24,296680.6116902524,-10252.747676187559,4304.214772738344,50074.81440462686,-25295.928009788375,-134931.21714400727,-296680.6116902524,10252.747676187559,-4304.214772738344,-50074.81440462686,8251.237509744533,94330.33634630454
CASE_Q,10017,E2-P2-C-002,A-C-0017,SOL2_2_column_0001,column,P2,17,25,21235.02234098989,-405.39723286034734,-12018.354919194935,17459.475838170474,239397.78955713793,3945.7770466968914,-21235.02234098989,405.39723286034734,12018.354919194935,-17459.475838170474,-191805.104077126,-5551.150088823867
CASE_Q,10018,E2-P2-C-005,A-C-0018,SOL2_2_column_0002,column,P2,18,26,13948.328137371494,-40898.83823196865,59790.18636500296,78471.40760532787,139275.95985354943,-72100.73545073661,-13948.328137371494,40898.83823196865,-59790.18636500296,-78471.40760532787,-376045.0978589612,-89858.66394785927
CASE_Q,10019,E2-P2-C-006,A-C-0019,SOL2_2_column_0003,column,P2,19,27,133577.52656243806,-75316.73602400062,-155841.4481787161,54622.00325319839,586069.811750999,-138973.24464888894,-133577.52656243806,75316.73602400062,155841.4481787161,-54622.00325319839,31062.3230367169,-159281.03000615357
CASE_Q,10020,E2-P2-C-003,A-C-0020,SOL2_2_column_0004,column,P2,20,28,-20791.24448891637,2889.084608096113,-60238.15820920075,20834.504165307564,116353.82936597551,8883.75261697244,20791.24448891637,-2889.084608096113,60238.15820920075,-20834.504165307564,122189.2771424595,2557.0224310881667
CASE_Q,10021,E2-P2-C-001,A-C-0021,SOL2_2_column_0005,column,P2,21,29,303352.2337146676,15257.738528480177,-6211.248017909147,377.8998825395456,38106.0446522094,24910.350933798378,-303352.2337146676,-15257.738528480177,6211.248017909147,-377.8998825395456,-13509.502501289171,35510.29363898313
CASE_Q,10022,E2-P2-C-004,A-C-0022,SOL2_2_column_0006,column,P2,22,30,-68657.53159281159,4013.355469784129,-159454.82068925933,28085.300918139732,378979.11632071756,13030.407727443202,68657.53159281159,-4013.355469784129,159454.82068925933,-28085.300918139732,252461.9736087495,2862.4799329019515
CASE_Q,10023,E2-P2-C-007,A-C-0023,SOL2_2_column_0007,column,P2,23,31,138893.00712259408,-41776.15851150359,-74761.54365926233,21779.45981182166,235260.36500958307,-75856.44738547463,-138893.00712259408,41776.15851150359,74761.54365926233,-21779.45981182166,60795.34788109586,-89577.1403200796
CASE_Q,10024,E2-P2-C-008,A-C-0024,SOL2_2_column_0008,column,P2,24,32,592940.0514657525,-44498.228867715174,256182.04323907304,112645.70333322929,-114970.18383667269,-213225.0035615085,-592940.0514657525,44498.228867715174,-256182.04323907304,-112645.70333322929,-899510.7073900567,37012.01724535637
CASE_Q,10025,E2-P3-C-002,A-C-0025,SOL2_3_column_0001,column,P3,25,33,13474.189895068914,-2495.6680662973095,-314535.32575651683,-14955.46548706186,644913.1759938159,859.7300286959862,-13474.189895068914,2495.6680662973095,314535.32575651683,14955.46548706186,600646.7140019905,-10742.57557123333
CASE_Q,10026,E2-P3-C-005,A-C-0026,SOL2_3_column_0002,column,P3,26,34,2649.284208179098,-33353.0843759052,-405926.63379141595,33937.73421041547,804355.6716110068,-45882.23120572278,-2649.284208179098,33353.0843759052,405926.63379141595,-33937.73421041547,803113.7982029999,-86195.98292286175
CASE_Q,10027,E2-P3-C-006,A-C-0027,SOL2_3_column_0003,column,P3,27,35,66654.37628176511,-50644.15593265823,-5428.809613012473,26975.62603558454,58532.80178529216,-88873.68515198577,-66654.37628176511,50644.15593265823,5428.809613012473,-26975.62603558454,-37034.715717762774,-111677.17234134075
CASE_Q,10028,E2-P3-C-003,A-C-0028,SOL2_3_column_0004,column,P3,28,36,-15099.4354867154,3762.4439486309047,-57926.39832033671,-8577.484563443855,40969.057253332605,14018.16037770556,15099.4354867154,-3762.4439486309047,57926.39832033671,8577.484563443855,188419.4800952007,881.1176588728176
CASE_Q,10029,E2-P3-C-001,A-C-0029,SOL2_3_column_0005,column,P3,29,37,211978.89185638734,13447.168490305954,-14513.787514723419,-13893.784361500917,31008.962219162175,9183.209380570417,-211978.89185638734,-13447.168490305954,14513.787514723419,13893.784361500917,26465.636339142548,44067.577841041144
CASE_Q,10030,E2-P3-C-004,A-C-0030,SOL2_3_column_0006,column,P3,30,38,-21378.76834865851,11200.436585100397,-253416.41579852553,29098.910493372972,414447.0778681744,21836.22600452369,21378.76834865851,-11200.436585100397,253416.41579852553,-29098.910493372972,589081.9286939864,22517.50287247387
CASE_Q,10031,E2-P3-C-007,A-C-0031,SOL2_3_column_0007,column,P3,31,39,58190.48570575983,-30249.772111880964,-106144.39471909696,7058.7751869587955,196239.11954881006,-35567.449174830166,-58190.48570575983,30249.772111880964,106144.39471909696,-7058.7751869587955,224092.68353881378,-84221.64838821841
CASE_Q,10032,E2-P3-C-008,A-C-0032,SOL2_3_column_0008,column,P3,32,40,372420.3184210601,-35416.957540524556,64475.78107551484,124972.53971069079,281159.8554142421,-60849.87394274952,-372420.3184210601,35416.957540524556,-64475.78107551484,-124972.53971069079,-536483.9484732808,-79401.27791772768
CASE_Q,10033,E2-P4-C-002,A-C-0033,SOL2_4_column_0001,column,P4,33,41,8106.080042446376,8519.708433452508,-34781.13497767893,-11094.382192590658,-97289.31783724995,18039.954230612984,-8106.080042446376,-8519.708433452508,34781.13497767893,11094.382192590658,235022.61234885853,15698.09116585895
CASE_Q,10034,E2-P4-C-005,A-C-0034,SOL2_4_column_0002,column,P4,34,42,29743.8718216784,-16342.018055328148,49815.478053853585,42393.81089729844,-247649.4882449939,-28020.10092331165,-29743.8718216784,16342.018055328148,-49815.478053853585,-42393.81089729844,50380.19515173367,-36694.290575787825
CASE_Q,10035,E2-P4-C-006,A-C-0035,SOL2_4_column_0003,column,P4,35,43,17952.384515485068,-49382.12214145357,-108311.4518580701,40774.44845035686,221026.101417148,-80541.54487241484,-17952.384515485068,49382.12214145357,108311.4518580701,-40774.44845035686,207887.24794080967,-115011.65880774132
CASE_Q,10036,E2-P4-C-003,A-C-0036,SOL2_4_column_0004,column,P4,36,44,-12324.364040028497,19329.319612255662,-20140.01427527941,-32579.967047338712,-71304.25318056486,35983.81202147876,12324.364040028497,-19329.319612255662,20140.01427527941,32579.967047338712,151058.70971067133,40560.29364305367
CASE_Q,10037,E2-P4-C-001,A-C-0037,SOL2_4_column_0005,column,P4,37,45,114768.15633623446,-14316.518927300838,2834.6076337695717,2622.1324090006415,-15246.102325523523,-34976.04319975973,-114768.15633623446,14316.518927300838,-2834.6076337695717,-2622.1324090006415,4021.056095796017,-21717.3717523516
CASE_Q,10038,E2-P4-C-004,A-C-0038,SOL2_4_column_0006,column,P4,38,46,13443.856748239652,313.7148506853809,8518.88077425457,-464.67383284722695,-19702.19076648907,579.2913415429239,-13443.856748239652,-313.7148506853809,-8518.88077425457,464.67383284722695,-14032.577099559032,663.0194671711848
CASE_Q,10039,E2-P4-C-007,A-C-0039,SOL2_4_column_0007,column,P4,39,47,-4650.681451286199,-576.3685510697617,-1578.424963421581,109.62116991305632,3834.362508929922,-872.754059644775,4650.681451286199,576.3685510697617,1578.424963421581,-109.62116991305632,2416.20034621954,-1409.6654025914813
CASE_Q,10040,E2-P4-C-008,A-C-0040,SOL2_4_column_0008,column,P4,40,49,127696.41532737075,-1055.1665673505952,11724.188138082287,66479.35353170433,302155.6098504645,57824.718111060705,-127696.41532737075,1055.1665673505952,-11724.188138082287,-66479.35353170433,-348584.8174495167,-62003.30574801357
CASE_Q,10041,E1-S1-C-004,A-C-0041,SOL_1S_column_0001,column,S1,50,51,-944.9773613452057,-1901.9127980793423,26106.206391224172,-14464.348483739637,-113030.15249444118,-57816.383582037524,944.9773613452057,1901.9127980793423,-26106.206391224172,14464.348483739637,9649.575185193462,50284.80890164333
CASE_Q,10042,E1-S1-C-006,A-C-0042,SOL_1S_column_0002,column,S1,52,53,304176.5677103524,23148.17745258836,-53565.60600577258,75466.62586278659,306502.6778989914,-638028.6505523244,-304176.5677103524,-23148.17745258836,53565.60600577258,-75466.62586278659,-94382.878116132,729695.4332645743
CASE_Q,10043,E1-S1-C-005,A-C-0043,SOL_1S_column_0003,column,S1,54,55,267605.4738328357,45676.04458617553,31656.97358119718,87804.95750081536,-120970.42327304208,-525327.5502366045,-267605.4738328357,-45676.04458617553,-31656.97358119718,-87804.95750081536,-4391.192108498755,706204.6867978596
CASE_Q,10044,E1-S1-C-002,A-C-0044,SOL_1S_column_0004,column,S1,56,57,25791.05991165368,9818.9466441683,15951.973438907056,56177.581159209025,-80395.55329043037,5093.8862943565255,-25791.05991165368,-9818.9466441683,-15951.973438907056,-56177.581159209025,17225.738472358433,33789.14241654994
CASE_Q,10045,E1-S1-C-001,A-C-0045,SOL_1S_column_0005,column,S1,15,16,290086.94484805374,-11003.408824740143,34995.56171252801,48473.71161705605,-133989.37923855605,-169606.08438636738,-290086.94484805374,11003.408824740143,-34995.56171252801,-48473.71161705605,-4593.045143054856,126032.58544039642
CASE_Q,10046,E1-S1-C-003,A-C-0046,SOL_1S_column_0006,column,S1,60,61,148654.03991239856,2991.8475277679404,-58560.40371540656,45356.92118565445,308414.1874515831,-257591.9112372073,-148654.03991239856,-2991.8475277679404,58560.40371540656,-45356.92118565445,-76514.98873857313,269439.62744716834
CASE_Q,10047,E1-S1-C-009,A-C-0047,SOL_1S_column_0007,column,S1,62,63,444655.93712015485,148460.70273569901,27048.927441305947,69142.62212787646,-110953.95300006242,-617535.9241002997,-444655.93712015485,-148460.70273569901,-27048.927441305947,-69142.62212787646,3840.2003324908874,1205440.3069336677
CASE_Q,10048,E1-S1-C-010,A-C-0048,SOL_1S_column_0008,column,S1,64,65,629297.7245203881,-95744.41870211688,-133807.89999613172,65632.81059853271,517665.6949031417,-1382507.9554102947,-629297.7245203881,95744.41870211688,133807.89999613172,-65632.81059853271,12213.58908153983,1003360.0573499119
CASE_Q,10049,E1-S1-C-013,A-C-0049,SOL_1S_column_0009,column,S1,66,67,441887.93442876916,-74313.1234598272,9060.974155952466,65827.41238155932,137827.6208565174,-1661914.7634277262,-441887.93442876916,74313.1234598272,-9060.974155952466,-65827.41238155932,-173709.07851408917,1367634.7945268105
CASE_Q,10050,E1-S1-C-016,A-C-0050,SOL_1S_column_0010,column,S1,68,69,206550.7338140098,-274684.05916426197,39480.91430243358,4397.131815112012,-215025.97085063352,-1992441.7155888106,-206550.7338140098,274684.05916426197,-39480.91430243358,-4397.131815112012,58681.550212996546,904692.8412983334
CASE_Q,10051,E1-S1-C-014,A-C-0051,SOL_1S_column_0011,column,S1,70,71,583948.01949921,204156.97044236024,16861.04099534259,55379.11084961112,-85457.698783022,-954050.8122429531,-583948.01949921,-204156.97044236024,-16861.04099534259,-55379.11084961112,18687.97644146534,1762512.4151946995
CASE_Q,10052,E1-S1-C-015,A-C-0052,SOL_1S_column_0012,column,S1,72,73,0.0,0.0,0.0,-0.0,0.0,0.0,0.0,0.0,0.0,0.0,0.0,0.0
CASE_Q,10053,E1-S1-C-011,A-C-0053,SOL_1S_column_0013,column,S1,74,75,-7479.245498203598,-31.959934365122198,17728.902859046957,-27.185371737979672,-101311.62052061174,-298.2238593295268,7479.245498203598,31.959934365122198,-17728.902859046957,27.185371737979672,31105.165198785806,171.66251924364292
CASE_Q,10054,E1-S1-C-012,A-C-0054,SOL_1S_column_0014,column,S1,76,77,584319.7783354219,195566.90008905454,18555.694587036378,53639.04528053832,-91366.08982896348,-796091.7725769454,-584319.7783354219,-195566.90008905454,-18555.694587036378,-53639.04528053832,17885.539264299427,1570536.6969296013
CASE_Q,10055,E1-S1-C-008,A-C-0055,SOL_1S_column_0015,column,S1,78,79,185.73506831651946,-233.44532314112857,23837.47815801761,-2242.115287914781,-118016.22040623843,-3757.2472226886903,-185.73506831651946,233.44532314112857,-23837.47815801761,2242.115287914781,23619.806900488693,2832.803743049821
CASE_Q,10056,E1-S1-C-017,A-C-0056,SOL_1S_column_0016,column,S1,80,81,0.0,0.0,0.0,-0.0,0.0,0.0,0.0,0.0,0.0,0.0,0.0,0.0
CASE_Q,10057,E1-S1-C-019,A-C-0057,SOL_1S_column_0017,column,S1,82,83,636779.0033408083,-83241.04096263146,-29816.36935781053,-22117.43467412171,-67923.81808555694,-1966176.924360887,-636779.0033408083,83241.04096263146,29816.36935781053,22117.43467412171,185996.64074248663,1636542.4021488663
CASE_Q,10058,E1-S1-C-018,A-C-0058,SOL_1S_column_0018,column,S1,84,85,583349.7767245184,214108.17601203735,24699.15819628301,60489.05009402618,-106001.42784574392,-1011551.1282261219,-583349.7767245184,-214108.17601203735,-24699.15819628301,-60489.05009402618,8192.761388463216,1859419.5052337898
CASE_Q,10059,E1-S1-C-007,A-C-0059,SOL_1S_column_0026,column,S1,86,87,791549.5375327043,-153.53287510037023,-7967.542426833049,8820.143530957743,31800.302808828877,-65632.98062141196,-791549.5375327043,153.53287510037023,7967.542426833049,-8820.143530957743,-248.83479857000566,65024.990436014494
CASE_Q,10060,E1-P1-C-004,A-C-0060,SOL_1_column_0001,column,P1,51,88,-1971.5582229498032,-4545.182860505455,40291.566303575375,-18138.05385628407,-77800.77355657035,-22760.074354502154,1971.5582229498032,4545.182860505455,-40291.566303575375,18138.05385628407,-81753.82900558815,4761.150226900554
CASE_Q,10061,E1-P1-C-006,A-C-0061,SOL_1_column_0002,column,P1,53,89,304176.5677103524,23148.177452588538,-53565.60600577257,75466.62586278659,94382.87811613153,-729695.4332645737,-304176.5677103524,-23148.177452588538,53565.60600577257,-75466.62586278659,117736.92166672784,821362.2159768243
CASE_Q,10062,E1-P1-C-005,A-C-0062,SOL_1_column_0003,column,P1,55,90,267605.4738328356,45676.044586175354,31656.973581197184,87804.95750081536,4391.192108498741,-706204.6867978586,-267605.4738328356,-45676.044586175354,-31656.973581197184,-87804.95750081536,-129752.80749003959,887081.823359113
CASE_Q,10063,E1-P1-C-002,A-C-0063,SOL_1_column_0004,column,P1,57,91,25791.05991165368,9818.946644168283,15951.973438907065,56177.581159209025,-17225.738472358407,-33789.14241654993,-25791.05991165368,-9818.946644168283,-15951.973438907065,-56177.581159209025,-45944.07634571357,72672.17112745633
CASE_Q,10064,E1-P1-C-001,A-C-0064,SOL_1_column_0005,column,P1,16,24,296680.6116902524,-10252.747676187559,4304.214772738344,50074.81440462686,-25295.928009788375,-134931.21714400727,-296680.6116902524,10252.747676187559,-4304.214772738344,-50074.81440462686,8251.237509744533,94330.33634630454
CASE_Q,10065,E1-P1-C-003,A-C-0065,SOL_1_column_0006,column,P1,61,93,125432.76553613268,4181.139172844247,-113201.0012249715,59620.38705594399,198710.54468303628,-282686.83670803136,-125432.76553613268,-4181.139172844247,113201.0012249715,-59620.38705594399,249565.42016785083,299244.1478324946
CASE_Q,10066,E1-P1-C-011,A-C-0066,SOL_1_column_0007,column,P1,63,94,444655.93712015485,148460.70273569893,27048.927441305936,69142.62212787646,-3840.200332490931,-1205440.3069336673,-444655.93712015485,-148460.70273569893,-27048.927441305936,-69142.62212787646,-103273.55233508057,1793344.689767035
CASE_Q,10067,E1-P1-C-012,A-C-0067,SOL_1_column_0008,column,P1,65,95,629297.7245203881,-95744.41870211661,-133807.89999613166,65632.81059853273,-12213.589081539772,-1003360.0573499111,-629297.7245203881,95744.41870211661,133807.89999613166,-65632.81059853273,542092.8730662211,624212.1592895293
CASE_Q,10068,E1-P1-C-015,A-C-0068,SOL_1_column_0009,column,P1,67,96,441887.93442876916,-74313.12345982915,9060.974155952466,65827.41238155932,173709.07851408873,-1367634.794526811,-441887.93442876916,74313.12345982915,-9060.974155952466,-65827.41238155932,-209590.5361716605,1073354.8256258876
CASE_Q,10069,E1-P1-C-023,A-C-0069,SOL_1_column_0010,column,P1,69,97,206550.7338140098,-274684.0591642622,39480.91430243361,4397.131815112012,-58681.55021299649,-904692.8412983323,-206550.7338140098,274684.0591642622,-39480.91430243361,-4397.131815112012,-97662.8704246406,-183056.03299214592
CASE_Q,10070,E1-P1-C-021,A-C-0070,SOL_1_column_0011,column,P1,71,98,583948.01949921,204156.9704423594,16861.04099534259,55379.11084961112,-18687.97644146526,-1762512.415194699,-583948.01949921,-204156.9704423594,-16861.04099534259,-55379.11084961112,-48081.745900091395,2570974.0181464422
CASE_Q,10071,E1-P1-C-022,A-C-0071,SOL_1_column_0012,column,P1,73,99,0.0,0.0,0.0,-0.0,0.0,0.0,0.0,0.0,0.0,0.0,0.0,0.0
CASE_Q,10072,E1-P1-C-013,A-C-0072,SOL_1_column_0013,column,P1,75,100,-7479.245498203598,-31.959934365122212,17728.902859046975,-27.185371737979672,-31105.16519878578,-171.6625192436423,7479.245498203598,31.959934365122212,-17728.902859046975,27.185371737979672,-39101.290123040235,45.10117915775834
CASE_Q,10073,E1-P1-C-014,A-C-0073,SOL_1_column_0014,column,P1,77,101,584319.7783354219,195566.90008905434,18555.69458703638,53639.04528053832,-17885.539264299296,-1570536.6969296024,-584319.7783354219,-195566.90008905434,-18555.69458703638,-53639.04528053832,-55595.01130036477,2344981.6212822576
CASE_Q,10074,E1-P1-C-010,A-C-0074,SOL_1_column_0015,column,P1,79,102,185.73506831651946,-233.44532314112686,23837.478158017606,-2242.1152879147817,-23619.806900488744,-2832.803743049817,-185.73506831651946,233.44532314112686,-23837.478158017606,2242.1152879147817,-70776.60660526097,1908.3602634109548
CASE_Q,10075,E1-P1-C-024,A-C-0075,SOL_1_column_0016,column,P1,81,103,0.0,0.0,0.0,-0.0,0.0,0.0,0.0,0.0,0.0,0.0,0.0,0.0
CASE_Q,10076,E1-P1-C-026,A-C-0076,SOL_1_column_0017,column,P1,83,104,636779.0033408083,-83241.04096263181,-29816.36935781045,-22117.43467412171,-185996.64074248646,-1636542.4021488612,-636779.0033408083,83241.04096263181,29816.36935781045,22117.43467412171,304069.46339941584,1306907.8799368392
CASE_Q,10077,E1-P1-C-025,A-C-0077,SOL_1_column_0018,column,P1,85,105,583349.7767245184,214108.17601203843,24699.15819628302,60489.05009402618,-8192.761388463157,-1859419.505233786,-583349.7767245184,-214108.17601203843,-24699.15819628302,-60489.05009402618,-89615.90506881759,2707287.882241458
CASE_Q,10078,E1-P1-C-018,A-C-0078,SOL_1_column_0019,column,P1,106,107,0.0,0.0,0.0,-0.0,0.0,0.0,0.0,0.0,0.0,0.0,0.0,0.0
CASE_Q,10079,E1-P1-C-019,A-C-0079,SOL_1_column_0020,column,P1,108,109,0.0,6.375287981185424e-08,-1.738307615389982e-08,-0.0,7.392287539674495e-12,-8.870745047609395e-11,0.0,-6.375287981185424e-08,1.738307615389982e-08,0.0,6.882958928190362e-08,2.5255011150541884e-07
CASE_Q,10080,E1-P1-C-020,A-C-0080,SOL_1_column_0021,column,P1,110,111,0.0,6.720261399703539e-11,-5.600217833086283e-12,-0.0,1.1088431309510838e-11,0.0,0.0,-6.720261399703539e-11,5.600217833086283e-12,0.0,1.1088431309510838e-11,2.661223514282601e-10
CASE_Q,10083,E1-P1-C-009,A-C-0083,SOL_1_column_0024,column,P1,116,117,0.0,4.523541385429562e-09,2.7871314562193263e-09,-0.0,-1.484530183381305e-11,1.0956100236269882e-10,0.0,-4.523541385429562e-09,-2.7871314562193263e-09,0.0,-1.1022195264794719e-08,1.780366288393836e-08
CASE_Q,10084,E1-P1-C-007,A-C-0084,SOL_1_column_0025,column,P1,118,119,0.0,2.0376686424274443e-08,-4.367590739902639e-08,-0.0,-1.711890661917133e-11,1.0956100236270048e-10,0.0,-2.0376686424274443e-08,4.367590739902639e-08,0.0,1.7297371220676367e-07,8.05821172377641e-08
CASE_Q,10085,E1-P1-C-008,A-C-0085,SOL_1_column_0026,column,P1,87,120,791549.5375327043,-153.53287510037208,-7967.542426833043,8820.143530957743,248.83479856999475,-65024.990436014414,-791549.5375327043,153.53287510037208,7967.542426833043,-8820.143530957743,31302.63321168885,64417.00025061694
CASE_Q,10086,E1-P2-C-005,A-C-0086,SOL_2_column_0001,column,P2,121,122,80844.93107832086,14672.489317099273,266805.98557608906,35488.24067453836,-646626.8534189418,824563.075793779,-80844.93107832086,-14672.489317099273,-266805.98557608906,-35488.24067453836,-409924.8494623712,-766460.0180980659
CASE_Q,10087,E1-P2-C-004,A-C-0087,SOL_2_column_0002,column,P2,123,124,-28776.406988590465,-4854.163257190924,-355357.1627721458,10590.685067109576,642848.6829366415,-8717.50806676926,28776.406988590465,4854.163257190924,355357.1627721458,-10590.685067109576,764365.6816410562,-10504.9784317068
CASE_Q,10088,E1-P2-C-006,A-C-0088,SOL_2_column_0003,column,P2,125,126,186565.84512206115,39824.58177421702,149247.33231551823,-7001.647538161225,-221283.97276688856,828341.4939640424,-186565.84512206115,-39824.58177421702,-149247.33231551823,7001.647538161225,-369735.4632025637,-670636.150138143
CASE_Q,10089,E1-P2-C-002,A-C-0089,SOL_2_column_0004,column,P2,127,128,40937.83075070427,12261.079874216262,195396.4559043224,19577.370274270488,-353736.3438115944,328251.1178657411,-40937.83075070427,-12261.079874216262,-195396.4559043224,-19577.370274270488,-420033.6215695224,-279697.24156384467
CASE_Q,10090,E1-P2-C-001,A-C-0090,SOL_2_column_0005,column,P2,129,130,639021.0049163913,-150893.61503515576,-56331.30532050517,55065.2567094464,58970.97322710318,491495.2496083117,-639021.0049163913,150893.61503515576,56331.30532050517,-55065.2567094464,164100.99584209733,-1089033.9651475286
CASE_Q,10091,E1-P2-C-003,A-C-0091,SOL_2_column_0006,column,P2,131,132,94334.90635957108,-4097.200293943167,-76553.1436372448,56788.631856481916,254957.05433631688,66409.42721679612,-94334.90635957108,4097.200293943167,76553.1436372448,-56788.631856481916,48193.39446717253,-82634.34038081106
CASE_Q,10092,E1-P2-C-012,A-C-0092,SOL_2_column_0007,column,P2,133,134,42338.266903313204,-68896.74381936959,66628.85446761004,-16535.65137871591,-79233.54701435393,333026.4806757866,-42338.266903313204,68896.74381936959,-66628.85446761004,16535.65137871591,-184616.71667738186,-605857.5862004902
CASE_Q,10093,E1-P2-C-010,A-C-0093,SOL_2_column_0008,column,P2,135,136,318665.6087086938,-16078.410710422948,155172.65911077877,-9623.166791246329,-441375.1961631689,-18400.660169282262,-318665.6087086938,16078.410710422948,-155172.65911077877,9623.166791246329,-173108.5339155152,-45269.84624399262
CASE_Q,10094,E1-P2-C-015,A-C-0094,SOL_2_column_0009,column,P2,137,138,72728.14490787365,-7499.612410235,16501.790041982105,17037.499196247496,-485.493420163024,13595.073757166436,-72728.14490787365,7499.612410235,-16501.790041982105,-17037.499196247496,-64861.595146086125,-43293.538901697044
CASE_Q,10095,E1-P2-C-018,A-C-0095,SOL_2_column_0010,column,P2,139,140,32441.233240209534,-18184.454838713693,-8685.194594718763,-20387.850806245584,-128342.04148597477,-21565.299329349604,-32441.233240209534,18184.454838713693,8685.194594718763,20387.850806245584,162735.41208106108,-50445.14183195664
CASE_Q,10096,E1-P2-C-017,A-C-0096,SOL_2_column_0011,column,P2,141,142,-31017.217721599838,-236958.28840841068,-58601.00355760854,90897.94460928232,120209.10180060481,168780.5166236523,31017.217721599838,236958.28840841068,58601.00355760854,-90897.94460928232,111850.87228752507,-1107135.3387209587
CASE_Q,10097,E1-P2-C-016,A-C-0097,SOL_2_column_0012,column,P2,143,144,498604.89241363097,203641.78280924924,-98262.46890358816,7585.998105801323,171211.41580970975,2049726.9137552078,-498604.89241363097,-203641.78280924924,98262.46890358816,-7585.998105801323,217907.96104849945,-1243305.4538305807
CASE_Q,10098,E1-P2-C-013,A-C-0098,SOL_2_column_0013,column,P2,145,146,436181.9861394862,184696.3197633234,-49825.297194940744,23689.722273309624,76647.24877287075,1876143.314708334,-436181.9861394862,-184696.3197633234,49825.297194940744,-23689.722273309624,120660.92811909463,-1144745.8884455732
CASE_Q,10099,E1-P2-C-014,A-C-0099,SOL_2_column_0014,column,P2,147,148,248288.74658562106,-64575.67083849914,7820.958855645014,-20439.219013202182,-15538.335996244701,736696.0658786302,-248288.74658562106,64575.67083849914,-7820.958855645014,20439.219013202182,-15432.66107210956,-992415.7223990868
CASE_Q,10100,E1-P2-C-011,A-C-0100,SOL_2_column_0015,column,P2,149,150,361951.30410964024,149229.5667124234,135751.64824977,31625.36493125632,-421630.9442583344,1370242.3148332462,-361951.30410964024,-149229.5667124234,-135751.64824977,-31625.36493125632,-115945.58281075487,-779293.2306520494
CASE_Q,10101,E1-P2-C-019,A-C-0101,SOL_2_column_0016,column,P2,151,152,520514.7054752202,238083.29792328292,-55059.04656692843,-17472.421752466795,115367.90019627576,2238634.0412199036,-520514.7054752202,-238083.29792328292,55059.04656692843,17472.421752466795,102665.92420876086,-1295824.1814437031
CASE_Q,10102,E1-P2-C-021,A-C-0102,SOL_2_column_0017,column,P2,153,154,465742.5390361985,-34677.21647571622,32732.461369508223,-72139.29167066154,-1038205.8855006724,91999.86324261723,-465742.5390361985,34677.21647571622,-32732.461369508223,72139.29167066154,908585.3384774198,-229321.64048645346
CASE_Q,10103,E1-P2-C-009,A-C-0103,SOL_2_column_0018,column,P2,117,155,1180.2067431037422,-13085.541704653235,-19950.2389787087,-5312.773231786344,44811.57294836653,-26937.46513077752,-1180.2067431037422,13085.541704653235,19950.2389787087,5312.773231786344,34191.37340731994,-24881.280019649297
CASE_Q,10104,E1-P2-C-007,A-C-0104,SOL_2_column_0019,column,P2,119,156,-5413.340577138824,6123.195838040337,-23085.95623121141,-5816.405155274016,43148.972190665416,12066.158394627317,5413.340577138824,-6123.195838040337,23085.95623121141,5816.405155274016,48271.41448493178,12181.697124012417
CASE_Q,10105,E1-P2-C-020,A-C-0105,SOL_2_column_0020,column,P2,157,158,279454.7173214657,-74208.74306529175,-34638.80237323766,70176.66300939689,103650.15472002896,899405.9224483198,-279454.7173214657,74208.74306529175,34638.80237323766,-70176.66300939689,33519.502677992205,-1193272.5449868753
CASE_Q,10106,E1-P2-C-008,A-C-0106,SOL_2_column_0021,column,P2,120,159,756599.9327396788,-10802.445107314617,-6153.510651470467,-3620.8799275655006,49267.84147460936,-24747.47988472428,-756599.9327396788,10802.445107314617,6153.510651470467,3620.8799275655006,-24899.93929478631,-18030.202740241613
CASE_Q,10107,E1-P3-C-004,A-C-0107,SOL_3_column_0001,column,P3,122,160,38650.87771659147,58145.29245816812,605604.3015031285,62663.64987779455,-1235728.5245097878,324768.4882902133,-38650.87771659147,-58145.29245816812,-605604.3015031285,-62663.64987779455,-1162464.5094426004,-94513.13015586758
CASE_Q,10108,E1-P3-C-006,A-C-0108,SOL_3_column_0002,column,P3,161,162,-27355.052945452204,-53376.57359272638,34146.74965699839,82083.00059320343,-121146.3815943743,-88830.32526013971,27355.052945452204,53376.57359272638,-34146.74965699839,-82083.00059320343,-14074.747047339282,-122540.9061670567
CASE_Q,10109,E1-P3-C-005,A-C-0109,SOL_3_column_0003,column,P3,126,163,137975.59491843675,-11023.67268251218,85684.14478920012,21197.188606626318,-156279.21432197004,98795.99555179634,-137975.59491843675,11023.67268251218,-85684.14478920012,-21197.188606626318,-183029.9990432623,-142449.73937454456
CASE_Q,10110,E1-P3-C-002,A-C-0110,SOL_3_column_0004,column,P3,128,164,36041.177757984566,-101636.52431074287,94176.84953973423,27050.81558318295,-121599.29795761633,-155115.16612504405,-36041.177757984566,101636.52431074287,-94176.84953973423,-27050.81558318295,-251341.0262197311,-247365.4701454976
CASE_Q,10111,E1-P3-C-001,A-C-0111,SOL_3_column_0005,column,P3,130,165,364967.70377063047,18589.147372052976,252525.65654045765,62082.71169455732,-496468.2501974107,326782.1411474509,-364967.70377063047,-18589.147372052976,-252525.65654045765,-62082.71169455732,-503533.3497028013,-253169.11755412113
CASE_Q,10112,E1-P3-C-003,A-C-0112,SOL_3_column_0006,column,P3,132,166,162574.79855848456,11177.831702222491,-21248.03646623878,9604.595124606196,150426.05410007382,106838.850693265,-162574.79855848456,-11177.831702222491,21248.03646623878,-9604.595124606196,-66283.82969376828,-62574.637152463954
CASE_Q,10113,E1-P3-C-008,A-C-0113,SOL_3_column_0007,column,P3,134,167,73935.87815513302,9347.650493219668,38417.42232721053,-5247.600487846233,-112534.73676966144,151216.7031919181,-73935.87815513302,-9347.650493219668,-38417.42232721053,5247.600487846233,-39598.255646092235,-114200.00723876822
CASE_Q,10114,E1-P3-C-009,A-C-0114,SOL_3_column_0008,column,P3,168,169,704750.3422517347,13951.410198805068,209972.10779794882,103848.54951946034,-943043.2280372396,102074.67332043446,-704750.3422517347,-13951.410198805068,-209972.10779794882,-103848.54951946034,111553.68115736253,-46827.08893316641
CASE_Q,10115,E1-P3-C-012,A-C-0115,SOL_3_column_0009,column,P3,138,170,112263.26301163684,-25491.356797282206,-95485.31963017471,28924.300661327925,199929.85262050544,-6919.576473970716,-112263.26301163684,25491.356797282206,95485.31963017471,-28924.300661327925,178192.01311498627,-94026.19644326679
CASE_Q,10116,E1-P3-C-015,A-C-0116,SOL_3_column_0010,column,P3,140,171,126666.91941699367,-90604.93489513485,-259439.1431750945,5463.529734118097,572821.0522869779,-131315.606275986,-126666.91941699367,90604.93489513485,259439.1431750945,-5463.529734118097,454557.95468639606,-227479.93590874787
CASE_Q,10117,E1-P3-C-014,A-C-0117,SOL_3_column_0011,column,P3,142,172,-20838.21953711515,-53397.6004195168,-77172.44367161504,-7675.109361264447,176246.45051636302,91281.23887789462,20838.21953711515,53397.6004195168,77172.44367161504,7675.109361264447,129356.42642323242,-302735.7365391811
CASE_Q,10118,E1-P3-C-013,A-C-0118,SOL_3_column_0012,column,P3,144,173,257563.7113821538,51177.63927497424,-68896.58953026966,-1027.137332736609,158198.86461509834,420896.445051052,-257563.7113821538,-51177.63927497424,68896.58953026966,1027.137332736609,114631.62992476944,-218232.9935221541
CASE_Q,10119,E1-P3-C-010,A-C-0119,SOL_3_column_0013,column,P3,146,174,233153.81621276087,113130.59363498384,67853.74877731023,25345.594299208125,-124865.19545230325,510016.75863896066,-233153.81621276087,-113130.59363498384,-67853.74877731023,-25345.594299208125,-143835.64970584522,-62019.60784442478
CASE_Q,10120,E1-P3-C-011,A-C-0120,SOL_3_column_0014,column,P3,148,175,186390.7980730349,52332.29714859456,6776.217186622684,-5849.71497649549,64348.492699819326,283690.24755963625,-186390.7980730349,-52332.29714859456,-6776.217186622684,5849.71497649549,-91182.31275884515,-76454.35085120186
CASE_Q,10121,E1-P3-C-007,A-C-0121,SOL_3_column_0015,column,P3,150,176,223872.0435184484,-3320.6782046765024,262019.45611202702,64850.81229081672,-498130.57118882716,176677.63172468205,-223872.0435184484,3320.6782046765024,-262019.45611202702,-64850.81229081672,-539466.4750147995,-189827.517415201
CASE_Q,10122,E1-P3-C-016,A-C-0122,SOL_3_column_0016,column,P3,152,177,309655.57020298386,126478.03218473433,-3700.2990733379074,-17450.30235296418,22899.864957379294,605014.3393953883,-309655.57020298386,-126478.03218473433,3700.2990733379074,17450.30235296418,-8246.680626961184,-104161.33194384049
CASE_Q,10123,E1-P3-C-018,A-C-0123,SOL_3_column_0017,column,P3,154,178,319931.94155186653,-33747.78902345071,59589.31728179792,-32208.797855253284,-329584.0703595531,30825.98900391035,-319931.94155186653,33747.78902345071,-59589.31728179792,32208.797855253284,93610.3739236334,-164467.23353677514
CASE_Q,10124,E1-P3-C-017,A-C-0124,SOL_3_column_0018,column,P3,158,179,278322.4405804785,38564.64724741416,-12954.198259238066,6685.357853844438,46220.36656633571,305803.0543882577,-278322.4405804785,-38564.64724741416,12954.198259238066,-6685.357853844438,5078.258540247021,-153087.05128849763
CASE_Q,10125,E1-P4-C-004,A-C-0125,SOL_4_column_0001,column,P4,160,180,54833.90175278669,-37485.4140639892,361904.210737459,40818.5319891489,-405634.94514528563,-48442.538222058996,-54833.90175278669,37485.4140639892,-361904.210737459,-40818.5319891489,-1027505.7293750523,-99999.70147133824
CASE_Q,10126,E1-P4-C-006,A-C-0126,SOL_4_column_0002,column,P4,162,182,-14070.136549063522,70471.15905381668,-148746.56482422666,78439.94032615973,249676.78001845826,168307.45213990772,14070.136549063522,-70471.15905381668,148746.56482422666,-78439.94032615973,339359.6354666111,110758.34661107989
CASE_Q,10127,E1-P4-C-005,A-C-0127,SOL_4_column_0003,column,P4,163,183,106531.47759901804,-6447.583286634559,111083.84484980191,-46465.49973569621,-83786.56825397955,15920.306291438741,-106531.47759901804,6447.583286634559,-111083.84484980191,46465.49973569621,-356105.4573512361,-41452.7361065116
CASE_Q,10128,E1-P4-C-002,A-C-0128,SOL_4_column_0004,column,P4,164,184,19992.012400689964,-10802.132659891498,90259.28795360861,9667.593022066982,-132339.16288851242,25569.853205807376,-19992.012400689964,10802.132659891498,-90259.28795360861,-9667.593022066982,-225087.61740777775,-68346.29853897772
CASE_Q,10129,E1-P4-C-001,A-C-0129,SOL_4_column_0005,column,P4,165,185,154717.98702744758,-145562.30144031832,24436.770233152005,-11528.077964054804,134645.05262774212,-206989.50349980444,-154717.98702744758,145562.30144031832,-24436.770233152005,11528.077964054804,-231414.66275102407,-369437.21020385623
CASE_Q,10130,E1-P4-C-003,A-C-0130,SOL_4_column_0006,column,P4,166,187,99035.16544945115,83954.89156887433,31243.48199045205,4450.200994397032,-50884.53218735147,177120.401590927,-99035.16544945115,-83954.89156887433,-31243.48199045205,-4450.200994397032,-72839.66043972269,155340.9796221804
CASE_Q,10131,E1-P4-C-008,A-C-0131,SOL_4_column_0007,column,P4,167,188,42904.230538300246,34397.61733199537,13378.487197286175,-92724.13379496726,-38075.32270802379,85570.59441229248,-42904.230538300246,-34397.61733199537,-13378.487197286175,92724.13379496726,-14903.486593229474,50643.97022240918
CASE_Q,10132,E1-P4-C-009,A-C-0132,SOL_4_column_0008,column,P4,169,190,339517.0484524214,123340.30707882016,-142385.44805494946,-12828.402332176594,250786.7486399542,246099.2306254034,-339517.0484524214,-123340.30707882016,142385.44805494946,12828.402332176594,313059.64363560616,242328.40097999547
CASE_Q,10133,E1-P4-C-013,A-C-0133,SOL_4_column_0009,column,P4,170,192,71009.98669800044,90101.31078885077,89696.9461733752,-14439.909237681424,-265220.23194145743,194015.9571703876,-71009.98669800044,-90101.31078885077,-89696.9461733752,14439.909237681424,-89979.68623048029,162785.24492988942
CASE_Q,10134,E1-P4-C-017,A-C-0134,SOL_4_column_0010,column,P4,171,194,97354.84322152237,90807.98903155631,-90520.67440216284,6136.765996648287,73088.36622057352,243923.00255596108,-97354.84322152237,-90807.98903155631,90520.67440216284,-6136.765996648287,285373.5158413693,115676.64547465701
CASE_Q,10135,E1-P4-C-016,A-C-0135,SOL_4_column_0011,column,P4,172,196,-4692.709720347462,-42566.85304722685,-96856.64911989513,-18991.768277417137,153862.05309814596,-31846.179424041504,4692.709720347462,42566.85304722685,96856.64911989513,18991.768277417137,229690.28964601358,-136718.56401757943
CASE_Q,10136,E1-P4-C-015,A-C-0136,SOL_4_column_0012,column,P4,173,198,125130.99509330526,-108924.3119546727,-166821.1071125479,1558.0146203848892,301053.36572780577,-155951.32509264536,-125130.99509330526,108924.3119546727,166821.1071125479,-1558.0146203848892,359558.23950115487,-275388.9640009281
CASE_Q,10137,E1-P4-C-011,A-C-0137,SOL_4_column_0013,column,P4,174,200,117617.40920674187,-81953.24975453691,-57882.21864246367,-25461.21636196602,155534.56555737602,-144441.60237037484,-117617.40920674187,81953.24975453691,57882.21864246367,25461.21636196602,73679.027575141,-180093.27700522382
CASE_Q,10138,E1-P4-C-012,A-C-0138,SOL_4_column_0014,column,P4,175,201,99732.393747775,-10138.354587181497,-3491.9404037353556,-89866.40281324348,-2259.052107788051,-3159.9507509239884,-99732.393747775,10138.354587181497,3491.9404037353556,89866.40281324348,16087.136106580061,-36987.93341431475
CASE_Q,10139,E1-P4-C-007,A-C-0139,SOL_4_column_0015,column,P4,176,203,121231.96944985328,-96529.90123295895,95144.6628975243,4146.410421143738,-57400.67274686668,-134444.65724523677,-121231.96944985328,96529.90123295895,-95144.6628975243,-4146.410421143738,-319372.2043405445,-247813.76382539942
CASE_Q,10140,E1-P4-C-018,A-C-0140,SOL_4_column_0016,column,P4,177,205,142090.02364432125,-64323.94987118319,-48133.93308155374,-941.7888442126338,101645.89348167749,-97232.33770799416,-142090.02364432125,64323.94987118319,48133.93308155374,941.7888442126338,88964.4875987921,-157490.51190360208
CASE_Q,10141,E1-P4-C-020,A-C-0141,SOL_4_column_0017,column,P4,178,207,142098.7364510704,95900.54134221685,-5523.014671388287,-1893.725204482988,10193.884885900854,228111.35794282507,-142098.7364510704,-95900.54134221685,5523.014671388287,1893.725204482988,11677.253910147096,151654.79788100778
CASE_Q,10142,E1-P4-C-025,A-C-0142,SOL_4_column_0018,column,P4,208,209,-1660.7334269477408,7001.9619035478145,11239.154781604308,-1987.8391646333591,-22235.57275728188,13802.18539334321,1660.7334269477408,-7001.9619035478145,-11239.154781604308,1987.8391646333591,-22271.480177871184,13925.583744706139
CASE_Q,10143,E1-P4-C-026,A-C-0143,SOL_4_column_0019,column,P4,210,211,78.23261636550167,14425.113534700999,17155.20106894218,274.403980198462,-34047.415013636644,28849.092967055127,-78.23261636550167,-14425.113534700999,-17155.20106894218,-274.403980198462,-33887.18121937441,28274.35663036084
CASE_Q,10144,E1-P4-C-024,A-C-0144,SOL_4_column_0020,column,P4,212,213,625.0121604899913,-8393.864521422147,5900.384733852307,74.65803904189296,-11962.19459345315,-16385.194318662863,-625.0121604899913,8393.864521422147,-5900.384733852307,-74.65803904189296,-11403.32895260199,-16854.509186168838
CASE_Q,10145,E1-P4-C-014,A-C-0145,SOL_4_column_0021,column,P4,214,215,2633.76862765559,1598.0601772989285,5717.411001784997,3600.4618752696183,-12117.203639472116,2654.54415147479,-2633.76862765559,-1598.0601772989285,-5717.411001784997,-3600.4618752696183,-10523.743927596475,3673.7741506289676
CASE_Q,10146,E1-P4-C-010,A-C-0146,SOL_4_column_0022,column,P4,216,217,1987.8203818836405,6330.157842750592,2676.4571126247843,4327.24721064878,-5279.328788381803,12182.129999554116,-1987.8203818836405,-6330.157842750592,-2676.4571126247843,-4327.24721064878,-5319.441377612344,12885.295057738233
CASE_Q,10147,E1-P4-C-021,A-C-0147,SOL_4_column_0023,column,P4,218,219,600.9295490693572,33691.70468998466,1213.2701004117912,-1851.9444171872003,-2479.767488090861,66635.80580845503,-600.9295490693572,-33691.70468998466,-1213.2701004117912,1851.9444171872003,-2324.782109539833,66783.34476388425
CASE_Q,10148,E1-P4-C-023,A-C-0148,SOL_4_column_0024,column,P4,220,221,897.6355800557061,-15085.158255725377,10.277660384112636,1242.8013550233295,-104.20075592696082,-29963.317699603416,-897.6355800557061,15085.158255725377,-10.277660384112636,-1242.8013550233295,63.50122080587478,-29773.908993069082
CASE_Q,10149,E1-P4-C-022,A-C-0149,SOL_4_column_0025,column,P4,222,223,6642.74587291687,7031.530724322375,14627.072950578038,2427.637734296356,-29115.589118223106,14095.884819160998,-6642.74587291687,-7031.530724322375,-14627.072950578038,-2427.637734296356,-28807.619766065935,13748.976849155615
CASE_Q,10150,E1-P4-C-019,A-C-0150,SOL_4_column_0026,column,P4,179,225,121174.78927200385,15512.102978846002,19728.677219509507,9301.138259584579,-35219.09325601316,56639.07645829423,-121174.78927200385,-15512.102978846002,-19728.677219509507,-9301.138259584579,-42906.47102423907,4788.853296534784
CASE_Q,10151,E2-S1-M-019,A-M-0151,SOL2_1S_wall_0001,wall,S1,226,227,811632.9469368161,-238223.77041216244,17637.528429556573,-2478.987199109479,-160734.6233326877,-3477421.630639775,-811632.9469368161,238223.77041216244,-17637.528429556573,2478.987199109479,90890.01075164368,2534055.499807612
CASE_Q,10152,E2-S1-M-020,A-M-0152,SOL2_1S_wall_0002,wall,S1,228,229,0.0,0.0,0.0,-0.0,0.0,0.0,0.0,0.0,0.0,0.0,0.0,0.0
CASE_Q,10153,E2-S1-M-012,A-M-0153,SOL2_1S_wall_0003,wall,S1,230,231,0.0,0.0,0.0,-0.0,0.0,0.0,0.0,0.0,0.0,0.0,0.0,0.0
CASE_Q,10154,E2-S1-M-017,A-M-0154,SOL2_1S_wall_0004,wall,S1,232,233,0.0,0.0,0.0,-0.0,0.0,0.0,0.0,0.0,0.0,0.0,0.0,0.0
CASE_Q,10155,E2-S1-M-018,A-M-0155,SOL2_1S_wall_0005,wall,S1,234,235,0.0,0.0,0.0,-0.0,0.0,0.0,0.0,0.0,0.0,0.0,0.0,0.0
CASE_Q,10156,E2-S1-M-014,A-M-0156,SOL2_1S_wall_0006,wall,S1,236,237,0.0,0.0,0.0,-0.0,0.0,0.0,0.0,0.0,0.0,0.0,0.0,0.0
CASE_Q,10157,E2-S1-M-013,A-M-0157,SOL2_1S_wall_0007,wall,S1,238,239,0.0,0.0,0.0,-0.0,0.0,0.0,0.0,0.0,0.0,0.0,0.0,0.0
CASE_Q,10158,E2-S1-M-016,A-M-0158,SOL2_1S_wall_0008,wall,S1,240,241,0.0,0.0,0.0,-0.0,0.0,0.0,0.0,0.0,0.0,0.0,0.0,0.0
CASE_Q,10159,E2-S1-M-015,A-M-0159,SOL2_1S_wall_0009,wall,S1,242,243,0.0,0.0,0.0,-0.0,0.0,0.0,0.0,0.0,0.0,0.0,0.0,0.0
CASE_Q,10160,E2-S1-M-011,A-M-0160,SOL2_1S_wall_0010,wall,S1,244,245,152933.98737598353,-12601.019007657196,-268.0190442182744,-1885.3565549664854,2143.890986028866,-200805.14659164142,-152933.98737598353,12601.019007657196,268.0190442182744,1885.3565549664854,-1082.5355709244993,150905.11132131892
CASE_Q,10161,E2-S1-M-007,A-M-0161,SOL2_1S_wall_0011,wall,S1,246,247,-56594.46442943074,36844.17399228771,17103.54070042422,-8810.649372117701,-37511.89466923292,366236.7425278082,56594.46442943074,-36844.17399228771,-17103.54070042422,8810.649372117701,-30218.126504446973,-220333.81351834885
CASE_Q,10162,E2-S1-M-008,A-M-0162,SOL2_1S_wall_0012,wall,S1,248,249,-98184.07784193761,17693.17027913483,2461.7788971322134,-6910.082686827142,6661.5728510648205,215263.05964787223,98184.07784193761,-17693.17027913483,-2461.7788971322134,6910.082686827142,-16410.217283708385,-145198.1053424983
CASE_Q,10163,E2-S1-M-006,A-M-0163,SOL2_1S_wall_0013,wall,S1,250,251,0.0,0.0,0.0,-0.0,0.0,0.0,0.0,0.0,0.0,0.0,0.0,0.0
CASE_Q,10164,E2-S1-M-001,A-M-0164,SOL2_1S_wall_0014,wall,S1,252,253,0.0,0.0,0.0,-0.0,0.0,0.0,0.0,0.0,0.0,0.0,0.0,0.0
CASE_Q,10165,E2-S1-M-002,A-M-0165,SOL2_1S_wall_0015,wall,S1,254,255,0.0,0.0,0.0,-0.0,0.0,0.0,0.0,0.0,0.0,0.0,0.0,0.0
CASE_Q,10166,E2-S1-M-005,A-M-0166,SOL2_1S_wall_0016,wall,S1,256,257,31023.971283432074,-7719.417773494786,-3489.273050980785,1016.2519530144061,7241.420872508421,-34448.47139285271,-31023.971283432074,7719.417773494786,3489.273050980785,-1016.2519530144061,6576.100409375485,3879.5770098133617
CASE_Q,10167,E2-S1-M-004,A-M-0167,SOL2_1S_wall_0017,wall,S1,258,259,42805.353861234355,6725.425040434212,-2655.9942820143365,-29.43111165925173,6040.168368958004,14919.443545724485,-42805.353861234355,-6725.425040434212,2655.9942820143365,29.43111165925173,4477.568987818769,11713.239614394995
CASE_Q,10168,E2-S1-M-003,A-M-0168,SOL2_1S_wall_0018,wall,S1,260,261,0.0,0.0,0.0,-0.0,0.0,0.0,0.0,0.0,0.0,0.0,0.0,0.0
CASE_Q,10169,E2-S1-M-010,A-M-0169,SOL2_1S_wall_0019,wall,S1,262,263,123104.96704572282,-12516.632835072563,78.18916777033746,-825.401762165898,14.04203299767039,-189341.49263596407,-123104.96704572282,12516.632835072563,-78.18916777033746,825.401762165898,-323.6711373682067,139775.62660907672
CASE_Q,10170,E2-S1-M-009,A-M-0170,SOL2_1S_wall_0020,wall,S1,264,265,0.0,0.0,0.0,-0.0,0.0,0.0,0.0,0.0,0.0,0.0,0.0,0.0
CASE_Q,10171,E2-P1-M-019,A-M-0171,SOL2_1_wall_0021,wall,P1,227,266,811632.9469368161,-238223.77041216244,17637.528429556525,-2478.987199109479,-90890.01075164371,-2534055.4998076176,-811632.9469368161,238223.77041216244,-17637.528429556525,2478.987199109479,21045.398170599874,1590689.3689754545
CASE_Q,10172,E2-P1-M-020,A-M-0172,SOL2_1_wall_0022,wall,P1,229,267,0.0,0.0,0.0,-0.0,0.0,0.0,0.0,0.0,0.0,0.0,0.0,0.0
CASE_Q,10173,E2-P1-M-012,A-M-0173,SOL2_1_wall_0023,wall,P1,231,268,0.0,0.0,0.0,-0.0,0.0,0.0,0.0,0.0,0.0,0.0,0.0,0.0
CASE_Q,10174,E2-P1-M-017,A-M-0174,SOL2_1_wall_0024,wall,P1,233,269,0.0,0.0,0.0,-0.0,0.0,0.0,0.0,0.0,0.0,0.0,0.0,0.0
CASE_Q,10175,E2-P1-M-018,A-M-0175,SOL2_1_wall_0025,wall,P1,235,270,0.0,0.0,0.0,-0.0,0.0,0.0,0.0,0.0,0.0,0.0,0.0,0.0
CASE_Q,10176,E2-P1-M-014,A-M-0176,SOL2_1_wall_0026,wall,P1,237,271,0.0,0.0,0.0,-0.0,0.0,0.0,0.0,0.0,0.0,0.0,0.0,0.0
CASE_Q,10177,E2-P1-M-013,A-M-0177,SOL2_1_wall_0027,wall,P1,239,272,0.0,0.0,0.0,-0.0,0.0,0.0,0.0,0.0,0.0,0.0,0.0,0.0
CASE_Q,10178,E2-P1-M-016,A-M-0178,SOL2_1_wall_0028,wall,P1,241,273,0.0,0.0,0.0,-0.0,0.0,0.0,0.0,0.0,0.0,0.0,0.0,0.0
CASE_Q,10179,E2-P1-M-015,A-M-0179,SOL2_1_wall_0029,wall,P1,243,274,0.0,0.0,0.0,-0.0,0.0,0.0,0.0,0.0,0.0,0.0,0.0,0.0
CASE_Q,10180,E2-P1-M-011,A-M-0180,SOL2_1_wall_0030,wall,P1,245,275,152933.98737598353,-12601.019007657305,-268.0190442182734,-1885.3565549664854,1082.5355709245014,-150905.11132131907,-152933.98737598353,12601.019007657305,268.0190442182734,1885.3565549664854,-21.180155820138907,101005.07605099614
CASE_Q,10181,E2-P1-M-007,A-M-0181,SOL2_1_wall_0031,wall,P1,247,276,-86816.33698646857,35030.14496585165,25008.421100633102,-8795.801368625222,-42328.477722005475,233455.85848529128,86816.33698646857,-35030.14496585165,-25008.421100633102,8795.801368625222,-56704.8698365016,-94736.48442051874
CASE_Q,10182,E2-P1-M-008,A-M-0182,SOL2_1_wall_0032,wall,P1,249,277,-108253.67129460008,17257.975931610017,2959.492056817974,-7706.7169763323245,-1236.5755879342914,141364.24951527355,108253.67129460008,-17257.975931610017,-2959.492056817974,7706.7169763323245,-10483.012957064886,-73022.66482609788
CASE_Q,10183,E2-P1-M-006,A-M-0183,SOL2_1_wall_0033,wall,P1,251,278,0.0,0.0,0.0,-0.0,0.0,0.0,0.0,0.0,0.0,0.0,0.0,0.0
CASE_Q,10184,E2-P1-M-001,A-M-0184,SOL2_1_wall_0034,wall,P1,253,279,0.0,0.0,0.0,-0.0,0.0,0.0,0.0,0.0,0.0,0.0,0.0,0.0
CASE_Q,10185,E2-P1-M-002,A-M-0185,SOL2_1_wall_0035,wall,P1,255,280,0.0,0.0,0.0,-0.0,0.0,0.0,0.0,0.0,0.0,0.0,0.0,0.0
CASE_Q,10186,E2-P1-M-005,A-M-0186,SOL2_1_wall_0036,wall,P1,257,281,19607.412896857353,-6981.848193508115,-4099.996378296337,1112.6193145394143,8349.563526702173,-18687.7329719212,-19607.412896857353,6981.848193508115,4099.996378296337,-1112.6193145394143,7886.42213135132,-8960.385874370935
CASE_Q,10187,E2-P1-M-004,A-M-0187,SOL2_1_wall_0037,wall,P1,259,282,32019.457989240254,3728.076669690493,-3417.654300048156,-284.50987421804996,6405.541867802141,-4712.510310388834,-32019.457989240254,-3728.076669690493,3417.654300048156,284.50987421804996,7128.369160388556,19475.693922363185
CASE_Q,10188,E2-P1-M-003,A-M-0188,SOL2_1_wall_0038,wall,P1,261,283,0.0,0.0,0.0,-0.0,0.0,0.0,0.0,0.0,0.0,0.0,0.0,0.0
CASE_Q,10189,E2-P1-M-010,A-M-0189,SOL2_1_wall_0039,wall,P1,263,284,123104.96704572282,-12516.632835072609,78.1891677703374,-825.401762165898,323.67113736820636,-139775.62660907704,-123104.96704572282,12516.632835072609,-78.1891677703374,825.401762165898,-633.3002417387424,90209.76058218951
CASE_Q,10190,E2-P1-M-009,A-M-0190,SOL2_1_wall_0040,wall,P1,265,285,0.0,0.0,0.0,-0.0,0.0,0.0,0.0,0.0,0.0,0.0,0.0,0.0
CASE_Q,10191,E2-P2-M-019,A-M-0191,SOL2_2_wall_0041,wall,P2,266,286,0.0,1.854840543281609e-09,5.678943897802614e-09,1.2177928468073074e-11,-4.458269851559147e-08,3.9174232274107596e-08,0.0,-1.854840543281609e-09,-5.678943897802614e-09,-1.2177928468073074e-11,2.2094080680293114e-08,-3.182906372271242e-08
CASE_Q,10192,E2-P2-M-020,A-M-0192,SOL2_2_wall_0042,wall,P2,267,287,0.0,0.0,0.0,-0.0,0.0,0.0,0.0,0.0,0.0,0.0,0.0,0.0
CASE_Q,10193,E2-P2-M-012,A-M-0193,SOL2_2_wall_0043,wall,P2,268,288,0.0,0.0,0.0,-0.0,0.0,0.0,0.0,0.0,0.0,0.0,0.0,0.0
CASE_Q,10194,E2-P2-M-017,A-M-0194,SOL2_2_wall_0044,wall,P2,269,289,0.0,0.0,0.0,-0.0,0.0,0.0,0.0,0.0,0.0,0.0,0.0,0.0
CASE_Q,10195,E2-P2-M-018,A-M-0195,SOL2_2_wall_0045,wall,P2,270,290,0.0,0.0,0.0,-0.0,0.0,0.0,0.0,0.0,0.0,0.0,0.0,0.0
CASE_Q,10196,E2-P2-M-014,A-M-0196,SOL2_2_wall_0046,wall,P2,271,291,0.0,0.0,0.0,-0.0,0.0,0.0,0.0,0.0,0.0,0.0,0.0,0.0
CASE_Q,10197,E2-P2-M-013,A-M-0197,SOL2_2_wall_0047,wall,P2,272,292,0.0,0.0,0.0,-0.0,0.0,0.0,0.0,0.0,0.0,0.0,0.0,0.0
CASE_Q,10198,E2-P2-M-016,A-M-0198,SOL2_2_wall_0048,wall,P2,273,293,0.0,0.0,0.0,-0.0,0.0,0.0,0.0,0.0,0.0,0.0,0.0,0.0
CASE_Q,10199,E2-P2-M-015,A-M-0199,SOL2_2_wall_0049,wall,P2,274,294,0.0,0.0,0.0,-0.0,0.0,0.0,0.0,0.0,0.0,0.0,0.0,0.0
CASE_Q,10200,E2-P2-M-011,A-M-0200,SOL2_2_wall_0050,wall,P2,275,295,152933.98737598356,-12601.019007657755,-268.019044218275,-1885.3565549664852,21.180155820136292,-101005.07605099674,-152933.98737598356,12601.019007657755,268.019044218275,1885.3565549664852,1040.1752592842329,51105.04078067202
CASE_Q,10201,E2-P2-M-007,A-M-0201,SOL2_2_wall_0051,wall,P2,276,296,-109921.30066464408,18227.328126852484,876.240111433187,-3416.3359865952825,19047.315848752183,102774.92781476321,109921.30066464408,-18227.328126852484,-876.240111433187,3416.3359865952825,-22517.226690027604,-30594.70843242736
CASE_Q,10202,E2-P2-M-008,A-M-0202,SOL2_2_wall_0052,wall,P2,277,297,-117270.68050397417,14313.967731826484,2770.518119906725,-6111.479273605871,-3039.642984667936,68009.15353547025,117270.68050397417,-14313.967731826484,-2770.518119906725,6111.479273605871,-7931.6087701626975,-11325.841317437364
CASE_Q,10203,E2-P2-M-006,A-M-0203,SOL2_2_wall_0053,wall,P2,278,298,0.0,0.0,0.0,-0.0,0.0,0.0,0.0,0.0,0.0,0.0,0.0,0.0
CASE_Q,10204,E2-P2-M-001,A-M-0204,SOL2_2_wall_0054,wall,P2,279,299,0.0,0.0,0.0,-0.0,0.0,0.0,0.0,0.0,0.0,0.0,0.0,0.0
CASE_Q,10205,E2-P2-M-002,A-M-0205,SOL2_2_wall_0055,wall,P2,280,300,0.0,0.0,0.0,-0.0,0.0,0.0,0.0,0.0,0.0,0.0,0.0,0.0
CASE_Q,10206,E2-P2-M-005,A-M-0206,SOL2_2_wall_0056,wall,P2,281,301,11338.985808080497,-5425.157419171286,-1737.5241357081088,130.95423685642064,3285.0308012287996,-9296.013746609395,-11338.985808080497,5425.157419171286,1737.5241357081088,-130.95423685642064,3595.5647761753125,-12187.609633308899
CASE_Q,10207,E2-P2-M-004,A-M-0207,SOL2_2_wall_0057,wall,P2,282,302,23809.40641341527,-4105.620008659846,-2546.3223426998434,539.4415914541348,4676.029558809451,-24245.491784069665,-23809.40641341527,4105.620008659846,2546.3223426998434,-539.4415914541348,5407.40691828193,7987.236549776673
CASE_Q,10208,E2-P2-M-003,A-M-0208,SOL2_2_wall_0058,wall,P2,283,303,0.0,0.0,0.0,-0.0,0.0,0.0,0.0,0.0,0.0,0.0,0.0,0.0
CASE_Q,10209,E2-P2-M-010,A-M-0209,SOL2_2_wall_0059,wall,P2,284,304,123104.96704572286,-12516.632835072,78.18916777033881,-825.401762165898,633.3002417387412,-90209.7605821893,-123104.96704572286,12516.632835072,-78.18916777033881,825.401762165898,-942.929346109283,40643.89455530417
CASE_Q,10210,E2-P2-M-009,A-M-0210,SOL2_2_wall_0060,wall,P2,285,305,0.0,0.0,0.0,-0.0,0.0,0.0,0.0,0.0,0.0,0.0,0.0,0.0
CASE_Q,10211,E2-P3-M-019,A-M-0211,SOL2_3_wall_0061,wall,P3,286,306,-2.183462708485285e-10,1.1129043259689666e-08,5.8070403767004215e-09,-7.163487334160635e-13,-2.2714067638158496e-08,4.039842703267348e-08,2.183462708485285e-10,-1.1129043259689666e-08,-5.8070403767004215e-09,7.163487334160635e-13,-2.8181225357516826e-10,3.67258427569759e-09
CASE_Q,10212,E2-P3-M-020,A-M-0212,SOL2_3_wall_0062,wall,P3,287,307,0.0,0.0,0.0,-0.0,0.0,0.0,0.0,0.0,0.0,0.0,0.0,0.0
CASE_Q,10213,E2-P3-M-012,A-M-0213,SOL2_3_wall_0063,wall,P3,288,308,0.0,0.0,0.0,-0.0,0.0,0.0,0.0,0.0,0.0,0.0,0.0,0.0
CASE_Q,10214,E2-P3-M-017,A-M-0214,SOL2_3_wall_0064,wall,P3,289,309,0.0,0.0,0.0,-0.0,0.0,0.0,0.0,0.0,0.0,0.0,0.0,0.0
CASE_Q,10215,E2-P3-M-018,A-M-0215,SOL2_3_wall_0065,wall,P3,290,310,0.0,0.0,0.0,-0.0,0.0,0.0,0.0,0.0,0.0,0.0,0.0,0.0
CASE_Q,10216,E2-P3-M-014,A-M-0216,SOL2_3_wall_0066,wall,P3,291,311,0.0,0.0,0.0,-0.0,0.0,0.0,0.0,0.0,0.0,0.0,0.0,0.0
CASE_Q,10217,E2-P3-M-013,A-M-0217,SOL2_3_wall_0067,wall,P3,292,312,0.0,0.0,0.0,-0.0,0.0,0.0,0.0,0.0,0.0,0.0,0.0,0.0
CASE_Q,10218,E2-P3-M-016,A-M-0218,SOL2_3_wall_0068,wall,P3,293,313,0.0,0.0,0.0,-0.0,0.0,0.0,0.0,0.0,0.0,0.0,0.0,0.0
CASE_Q,10219,E2-P3-M-015,A-M-0219,SOL2_3_wall_0069,wall,P3,294,314,0.0,0.0,0.0,-0.0,0.0,0.0,0.0,0.0,0.0,0.0,0.0,0.0
CASE_Q,10220,E2-P3-M-011,A-M-0220,SOL2_3_wall_0070,wall,P3,295,315,152933.98737598356,-12601.019007656436,-268.01904421772593,-1885.3565549664866,-1040.1752592842377,-51105.04078067279,-152933.98737598356,12601.019007656436,268.01904421772593,1885.3565549664866,2101.530674386432,1205.005510353316
CASE_Q,10221,E2-P3-M-007,A-M-0221,SOL2_3_wall_0071,wall,P3,296,316,-109970.93896783142,-5321.65720098809,-45632.145935677894,3859.4726062008303,93684.45164588772,22198.60193887347,109970.93896783142,5321.65720098809,45632.145935677894,-3859.4726062008303,87018.8462593967,-43272.3644547863
CASE_Q,10222,E2-P3-M-008,A-M-0222,SOL2_3_wall_0072,wall,P3,297,317,-125121.82613347819,9120.186558165367,1028.8290721909316,-2656.7462818573063,-1400.046876539872,5490.811218031093,125121.82613347819,-9120.186558165367,-1028.8290721909316,2656.7462818573063,-2674.1162493362162,30625.127552303755
CASE_Q,10223,E2-P3-M-006,A-M-0223,SOL2_3_wall_0073,wall,P3,298,318,0.0,0.0,0.0,-0.0,0.0,0.0,0.0,0.0,0.0,0.0,0.0,0.0
CASE_Q,10224,E2-P3-M-001,A-M-0224,SOL2_3_wall_0074,wall,P3,299,319,0.0,0.0,0.0,-0.0,0.0,0.0,0.0,0.0,0.0,0.0,0.0,0.0
CASE_Q,10225,E2-P3-M-002,A-M-0225,SOL2_3_wall_0075,wall,P3,300,320,0.0,0.0,0.0,-0.0,0.0,0.0,0.0,0.0,0.0,0.0,0.0,0.0
CASE_Q,10226,E2-P3-M-005,A-M-0226,SOL2_3_wall_0076,wall,P3,301,321,6075.648095939445,-3599.489274599005,1035.05708027435,-834.8919554561367,-2216.9451184060717,-4765.471761395327,-6075.648095939445,3599.489274599005,-1035.05708027435,834.8919554561367,-1881.880919480354,-9488.50576601673
CASE_Q,10227,E2-P3-M-004,A-M-0227,SOL2_3_wall_0077,wall,P3,302,322,15246.663452963174,-11133.499286936025,-500.8750597682966,2187.3062780672453,833.906142843488,-27799.203081590702,-15246.663452963174,11133.499286936025,500.8750597682966,-2187.3062780672453,1149.559093838966,-16289.45409467594
CASE_Q,10228,E2-P3-M-003,A-M-0228,SOL2_3_wall_0078,wall,P3,303,323,0.0,0.0,0.0,-0.0,0.0,0.0,0.0,0.0,0.0,0.0,0.0,0.0
CASE_Q,10229,E2-P3-M-010,A-M-0229,SOL2_3_wall_0079,wall,P3,304,324,123104.9670457228,-12516.632835071603,78.18916776780372,-825.4017621658985,942.9293461092798,-40643.89455530373,-123104.9670457228,12516.632835071603,-78.18916776780372,825.4017621658985,-1252.5584504697824,-8921.971471579813
CASE_Q,10230,E2-P3-M-009,A-M-0230,SOL2_3_wall_0080,wall,P3,305,325,0.0,0.0,0.0,-0.0,0.0,0.0,0.0,0.0,0.0,0.0,0.0,0.0
CASE_Q,10231,E2-P4-M-019,A-M-0231,SOL2_4_wall_0081,wall,P4,326,327,-6771.458716942095,7444.548783228972,1527.9802771202883,-1215.28471376812,-782.5371020382727,5229.982025239657,6771.458716942095,-7444.548783228972,-1527.9802771202883,1215.28471376812,-5268.26479535807,24250.431156347076
CASE_Q,10232,E2-P4-M-020,A-M-0232,SOL2_4_wall_0082,wall,P4,307,328,0.0,0.0,0.0,-0.0,0.0,0.0,0.0,0.0,0.0,0.0,0.0,0.0
CASE_Q,10233,E2-P4-M-012,A-M-0233,SOL2_4_wall_0083,wall,P4,308,329,0.0,0.0,0.0,-0.0,0.0,0.0,0.0,0.0,0.0,0.0,0.0,0.0
CASE_Q,10235,E2-P4-M-018,A-M-0235,SOL2_4_wall_0085,wall,P4,310,332,0.0,0.0,0.0,-0.0,0.0,0.0,0.0,0.0,0.0,0.0,0.0,0.0
CASE_Q,10236,E2-P4-M-014,A-M-0236,SOL2_4_wall_0086,wall,P4,311,333,0.0,0.0,0.0,-0.0,0.0,0.0,0.0,0.0,0.0,0.0,0.0,0.0
CASE_Q,10237,E2-P4-M-013,A-M-0237,SOL2_4_wall_0087,wall,P4,312,334,0.0,0.0,0.0,-0.0,0.0,0.0,0.0,0.0,0.0,0.0,0.0,0.0
CASE_Q,10238,E2-P4-M-016,A-M-0238,SOL2_4_wall_0088,wall,P4,313,335,0.0,0.0,0.0,-0.0,0.0,0.0,0.0,0.0,0.0,0.0,0.0,0.0
CASE_Q,10240,E2-P4-M-011,A-M-0240,SOL2_4_wall_0090,wall,P4,315,338,152933.98737598356,-12601.01900765734,-268.0190442177039,-1885.3565549664863,-2101.530674386429,-1205.0055103537488,-152933.98737598356,12601.01900765734,268.0190442177039,1885.3565549664863,3162.8860894885365,-48695.02975996933
CASE_Q,10241,E2-P4-M-007,A-M-0241,SOL2_4_wall_0091,wall,P4,316,339,-107608.50247351195,-979.3906790238409,-6500.939429353194,5370.931173227973,-2083.911401568963,32524.1873687185,107608.50247351195,979.3906790238409,6500.939429353194,-5370.931173227973,27827.631541807616,-36402.57445765291
CASE_Q,10242,E2-P4-M-008,A-M-0242,SOL2_4_wall_0092,wall,P4,317,340,-131248.596434982,1928.566723136844,-3251.374485508542,2288.4908462430376,-1127.0530534308327,-37161.79453793719,131248.596434982,-1928.566723136844,3251.374485508542,-2288.4908462430376,14002.49601604466,44798.91876155909
CASE_Q,10243,E2-P4-M-006,A-M-0243,SOL2_4_wall_0093,wall,P4,318,341,0.0,0.0,0.0,-0.0,0.0,0.0,0.0,0.0,0.0,0.0,0.0,0.0
CASE_Q,10244,E2-P4-M-001,A-M-0244,SOL2_4_wall_0094,wall,P4,319,342,0.0,0.0,0.0,-0.0,0.0,0.0,0.0,0.0,0.0,0.0,0.0,0.0
CASE_Q,10245,E2-P4-M-002,A-M-0245,SOL2_4_wall_0095,wall,P4,320,343,0.0,0.0,0.0,-0.0,0.0,0.0,0.0,0.0,0.0,0.0,0.0,0.0
CASE_Q,10246,E2-P4-M-005,A-M-0246,SOL2_4_wall_0096,wall,P4,321,344,2747.0959389668483,-4230.488295420884,1901.8331265384256,-1152.7472538551751,-3510.994957880842,-7013.436620624426,-2747.0959389668483,4230.488295420884,-1901.8331265384256,1152.7472538551751,-4020.264223211325,-9739.297029242278
CASE_Q,10247,E2-P4-M-004,A-M-0247,SOL2_4_wall_0097,wall,P4,322,345,5722.365589910536,-6562.956901498485,-133.55945526754377,215.32006889270465,-37.73642144344507,-7543.6438993713755,-5722.365589910536,6562.956901498485,133.55945526754377,-215.32006889270465,566.6318643029184,-18445.665430562633
CASE_Q,10248,E2-P4-M-003,A-M-0248,SOL2_4_wall_0098,wall,P4,323,346,0.0,0.0,0.0,-0.0,0.0,0.0,0.0,0.0,0.0,0.0,0.0,0.0
CASE_Q,10249,E2-P4-M-010,A-M-0249,SOL2_4_wall_0099,wall,P4,324,347,123104.96704572294,-12516.632835071929,78.18916776772927,-825.4017621658978,1252.558450469787,8921.971471579178,-123104.96704572294,12516.632835071929,-78.18916776772927,825.4017621658978,-1562.187554829995,-58487.837498464025
CASE_Q,10250,E2-P4-M-009,A-M-0250,SOL2_4_wall_0100,wall,P4,325,348,0.0,0.0,0.0,-0.0,0.0,0.0,0.0,0.0,0.0,0.0,0.0,0.0
CASE_Q,10251,E1-S1-M-001,A-M-0251,SOL_1S_wall_0001,wall,S1,349,350,0.0,0.0,0.0,-0.0,0.0,0.0,0.0,0.0,0.0,0.0,0.0,0.0
CASE_Q,10252,E1-S1-M-002,A-M-0252,SOL_1S_wall_0002,wall,S1,351,352,0.0,0.0,0.0,-0.0,0.0,0.0,0.0,0.0,0.0,0.0,0.0,0.0
CASE_Q,10253,E1-S1-M-003,A-M-0253,SOL_1S_wall_0003,wall,S1,353,354,0.0,0.0,0.0,-0.0,0.0,0.0,0.0,0.0,0.0,0.0,0.0,0.0
CASE_Q,10254,E1-S1-M-004,A-M-0254,SOL_1S_wall_0004,wall,S1,355,356,0.0,0.0,0.0,-0.0,0.0,0.0,0.0,0.0,0.0,0.0,0.0,0.0
CASE_Q,10255,E1-S1-M-005,A-M-0255,SOL_1S_wall_0005,wall,S1,357,358,0.0,0.0,0.0,-0.0,0.0,0.0,0.0,0.0,0.0,0.0,0.0,0.0
CASE_Q,10256,E1-S1-M-015,A-M-0256,SOL_1S_wall_0006,wall,S1,359,360,0.0,0.0,0.0,-0.0,0.0,0.0,0.0,0.0,0.0,0.0,0.0,0.0
CASE_Q,10257,E1-S1-M-052,A-M-0257,SOL_1S_wall_0007,wall,S1,361,362,0.0,0.0,0.0,-0.0,0.0,0.0,0.0,0.0,0.0,0.0,0.0,0.0
CASE_Q,10258,E1-S1-M-051,A-M-0258,SOL_1S_wall_0008,wall,S1,363,364,0.0,0.0,0.0,-0.0,0.0,0.0,0.0,0.0,0.0,0.0,0.0,0.0
CASE_Q,10259,E1-S1-M-033,A-M-0259,SOL_1S_wall_0009,wall,S1,365,366,12935.721607570658,66.46352080560284,2817.25614971237,-106.32590134354133,-5793.6638871469295,-8113.618432674426,-12935.721607570658,-66.46352080560284,-2817.25614971237,106.32590134354133,-5362.670465714056,8376.813975064613
CASE_Q,10260,E1-S1-M-060,A-M-0260,SOL_1S_wall_0010,wall,S1,367,368,0.0,0.0,0.0,-0.0,0.0,0.0,0.0,0.0,0.0,0.0,0.0,0.0
CASE_Q,10261,E1-S1-M-059,A-M-0261,SOL_1S_wall_0011,wall,S1,369,370,0.0,0.0,0.0,-0.0,0.0,0.0,0.0,0.0,0.0,0.0,0.0,0.0
CASE_Q,10262,E1-S1-M-016,A-M-0262,SOL_1S_wall_0012,wall,S1,371,372,0.0,0.0,0.0,-0.0,0.0,0.0,0.0,0.0,0.0,0.0,0.0,0.0
CASE_Q,10263,E1-S1-M-040,A-M-0263,SOL_1S_wall_0013,wall,S1,373,374,0.0,0.0,0.0,-0.0,0.0,0.0,0.0,0.0,0.0,0.0,0.0,0.0
CASE_Q,10264,E1-S1-M-056,A-M-0264,SOL_1S_wall_0014,wall,S1,375,376,647.4262699252255,-302.8068951060277,-819.6362238669336,-368.1757654526317,-2334.1258141126073,-3528.6777256199084,-647.4262699252255,302.8068951060277,819.6362238669336,368.1757654526317,5579.885260625664,2329.5624210000387
CASE_Q,10265,E1-S1-M-050,A-M-0265,SOL_1S_wall_0015,wall,S1,377,378,0.0,0.0,0.0,-0.0,0.0,0.0,0.0,0.0,0.0,0.0,0.0,0.0
CASE_Q,10266,E1-S1-M-008,A-M-0266,SOL_1S_wall_0016,wall,S1,379,380,-7.9276383434449045,307.4442937967092,12.75965179211655,-768.1788430234074,-39.38601457032844,3015.3153544267884,7.9276383434449045,-307.4442937967092,-12.75965179211655,768.1788430234074,-11.142206526453098,-1797.83595099182
CASE_Q,10267,E1-S1-M-044,A-M-0267,SOL_1S_wall_0017,wall,S1,381,382,-117.61888352774365,375.80762714125956,-542.1339419202966,-591.2974018750574,1117.553156463441,2073.3197419984117,117.61888352774365,-375.80762714125956,542.1339419202966,591.2974018750574,1029.2972535409333,-585.1215385190239
CASE_Q,10268,E1-S1-M-057,A-M-0268,SOL_1S_wall_0018,wall,S1,383,384,0.0,0.0,0.0,-0.0,0.0,0.0,0.0,0.0,0.0,0.0,0.0,0.0
CASE_Q,10269,E1-S1-M-041,A-M-0269,SOL_1S_wall_0019,wall,S1,385,386,-977.6596863997585,-224.03157485651394,2326.715995550889,-211.50055479369504,-4736.63892891021,-1205.2471096399586,977.6596863997585,224.03157485651394,-2326.715995550889,211.50055479369504,-4477.156413471311,318.0820732081635
CASE_Q,10270,E1-S1-M-042,A-M-0270,SOL_1S_wall_0020,wall,S1,387,388,0.0,0.0,0.0,-0.0,0.0,0.0,0.0,0.0,0.0,0.0,0.0,0.0
CASE_Q,10271,E1-S1-M-043,A-M-0271,SOL_1S_wall_0021,wall,S1,389,390,0.0,0.0,0.0,-0.0,0.0,0.0,0.0,0.0,0.0,0.0,0.0,0.0
CASE_Q,10272,E1-S1-M-010,A-M-0272,SOL_1S_wall_0022,wall,S1,391,392,10664.94141984521,-28238.928794663017,2307.2985246016574,-324.87749676954235,-4631.833066327901,-60772.726759747406,-10664.94141984521,28238.928794663017,-2307.2985246016574,324.87749676954235,-4505.0690910946605,-51053.431267118125
CASE_Q,10273,E1-S1-M-047,A-M-0273,SOL_1S_wall_0023,wall,S1,393,394,-299.36851904794554,290.66284446870833,481.82519948719266,-31.093902941551423,-969.2428236926436,827.8899175448676,299.36851904794554,-290.66284446870833,-481.82519948719266,31.093902941551423,-938.7849662766394,323.13494655121747
CASE_Q,10274,E1-S1-M-031,A-M-0274,SOL_1S_wall_0024,wall,S1,395,396,0.0,0.0,0.0,-0.0,0.0,0.0,0.0,0.0,0.0,0.0,0.0,0.0
CASE_Q,10275,E1-S1-M-006,A-M-0275,SOL_1S_wall_0025,wall,S1,397,398,-11417.487926629175,36021.856819774155,82.68190028002388,-696.9141362248005,-184.5432233135595,90637.4425099972,11417.487926629175,-36021.856819774155,-82.68190028002388,696.9141362248005,-142.87710179533502,52009.110496308465
CASE_Q,10276,E1-S1-M-045,A-M-0276,SOL_1S_wall_0026,wall,S1,399,400,-1574.8779430730883,8363.859149907401,-649.2989451282181,-140.30684579425332,1260.0462859342035,18661.551755914898,1574.8779430730883,-8363.859149907401,649.2989451282181,140.30684579425332,1311.17753677354,14459.330477718406
CASE_Q,10277,E1-S1-M-009,A-M-0277,SOL_1S_wall_0027,wall,S1,401,402,432.02089993111593,-1987.872779038724,2249.771286381099,1263.1934956492048,-4549.659336250831,-4994.3372537223295,-432.02089993111593,1987.872779038724,-2249.771286381099,-1263.1934956492048,-4359.43495781832,-2877.638951271017
CASE_Q,10278,E1-S1-M-046,A-M-0278,SOL_1S_wall_0028,wall,S1,403,404,1078.2791749788305,-1678.9053022495775,475.3160398455882,-422.0826550598365,-961.4004866840635,-3419.192913190804,-1078.2791749788305,1678.9053022495775,-475.3160398455882,422.0826550598365,-920.8510311044656,-3229.2720837175225
CASE_Q,10279,E1-S1-M-012,A-M-0279,SOL_1S_wall_0029,wall,S1,405,406,1478.751914508501,-801.3883492040412,3243.855860487402,521.4555533421257,-6619.838332985516,-6653.499304238388,-1478.751914508501,801.3883492040412,-3243.855860487402,-521.4555533421257,-6225.830874544594,3480.0014413903846
CASE_Q,10280,E1-S1-M-013,A-M-0280,SOL_1S_wall_0030,wall,S1,407,408,-2658.099489195329,-6167.41166228466,6850.751045381352,-2394.1467786228227,-13187.900854835476,-20225.323513111554,2658.099489195329,6167.41166228466,-6850.751045381352,2394.1467786228227,-13941.073284874677,-4197.626669535701
CASE_Q,10281,E1-S1-M-014,A-M-0281,SOL_1S_wall_0031,wall,S1,409,410,0.0,0.0,0.0,-0.0,0.0,0.0,0.0,0.0,0.0,0.0,0.0,0.0
CASE_Q,10282,E1-S1-M-048,A-M-0282,SOL_1S_wall_0032,wall,S1,411,412,0.0,0.0,0.0,-0.0,0.0,0.0,0.0,0.0,0.0,0.0,0.0,0.0
CASE_Q,10283,E1-S1-M-049,A-M-0283,SOL_1S_wall_0033,wall,S1,413,414,0.0,0.0,0.0,-0.0,0.0,0.0,0.0,0.0,0.0,0.0,0.0,0.0
CASE_Q,10284,E1-S1-M-030,A-M-0284,SOL_1S_wall_0034,wall,S1,415,416,0.0,0.0,0.0,-0.0,0.0,0.0,0.0,0.0,0.0,0.0,0.0,0.0
CASE_Q,10285,E1-S1-M-029,A-M-0285,SOL_1S_wall_0035,wall,S1,417,418,0.0,0.0,0.0,-0.0,0.0,0.0,0.0,0.0,0.0,0.0,0.0,0.0
CASE_Q,10286,E1-S1-M-028,A-M-0286,SOL_1S_wall_0036,wall,S1,419,420,0.0,0.0,0.0,-0.0,0.0,0.0,0.0,0.0,0.0,0.0,0.0,0.0
CASE_Q,10287,E1-S1-M-019,A-M-0287,SOL_1S_wall_0037,wall,S1,421,422,0.0,0.0,0.0,-0.0,0.0,0.0,0.0,0.0,0.0,0.0,0.0,0.0
CASE_Q,10288,E1-S1-M-020,A-M-0288,SOL_1S_wall_0038,wall,S1,423,424,0.0,0.0,0.0,-0.0,0.0,0.0,0.0,0.0,0.0,0.0,0.0,0.0
CASE_Q,10289,E1-S1-M-021,A-M-0289,SOL_1S_wall_0039,wall,S1,425,426,0.0,0.0,0.0,-0.0,0.0,0.0,0.0,0.0,0.0,0.0,0.0,0.0
CASE_Q,10290,E1-S1-M-034,A-M-0290,SOL_1S_wall_0040,wall,S1,427,428,0.0,0.0,0.0,-0.0,0.0,0.0,0.0,0.0,0.0,0.0,0.0,0.0
CASE_Q,10291,E1-S1-M-035,A-M-0291,SOL_1S_wall_0041,wall,S1,429,430,0.0,0.0,0.0,-0.0,0.0,0.0,0.0,0.0,0.0,0.0,0.0,0.0
CASE_Q,10292,E1-S1-M-038,A-M-0292,SOL_1S_wall_0042,wall,S1,431,432,0.0,0.0,0.0,-0.0,0.0,0.0,0.0,0.0,0.0,0.0,0.0,0.0
CASE_Q,10293,E1-S1-M-022,A-M-0293,SOL_1S_wall_0043,wall,S1,433,434,0.0,0.0,0.0,-0.0,0.0,0.0,0.0,0.0,0.0,0.0,0.0,0.0
CASE_Q,10294,E1-S1-M-032,A-M-0294,SOL_1S_wall_0044,wall,S1,435,436,0.0,0.0,0.0,-0.0,0.0,0.0,0.0,0.0,0.0,0.0,0.0,0.0
CASE_Q,10295,E1-S1-M-026,A-M-0295,SOL_1S_wall_0045,wall,S1,437,438,0.0,0.0,0.0,-0.0,0.0,0.0,0.0,0.0,0.0,0.0,0.0,0.0
CASE_Q,10296,E1-S1-M-027,A-M-0296,SOL_1S_wall_0046,wall,S1,439,440,0.0,0.0,0.0,-0.0,0.0,0.0,0.0,0.0,0.0,0.0,0.0,0.0
CASE_Q,10297,E1-S1-M-011,A-M-0297,SOL_1S_wall_0047,wall,S1,441,442,-17704.59022679331,-10062.910561245806,1209.164702658413,544.0300657858935,-2161.8942311546666,-18155.95098986581,17704.59022679331,10062.910561245806,-1209.164702658413,-544.0300657858935,-2626.3979913726484,-21693.174832667577
CASE_Q,10298,E1-S1-M-024,A-M-0298,SOL_1S_wall_0048,wall,S1,443,444,57661.56043162246,6470.113926694565,4417.538162137522,5.372337401113202,-7116.929755940197,4670.21037596562,-57661.56043162246,-6470.113926694565,-4417.538162137522,-5.372337401113202,-10376.521366124387,20951.440773744853
CASE_Q,10299,E1-S1-M-037,A-M-0299,SOL_1S_wall_0049,wall,S1,445,446,0.0,0.0,0.0,-0.0,0.0,0.0,0.0,0.0,0.0,0.0,0.0,0.0
CASE_Q,10300,E1-S1-M-053,A-M-0300,SOL_1S_wall_0050,wall,S1,447,448,0.0,0.0,0.0,-0.0,0.0,0.0,0.0,0.0,0.0,0.0,0.0,0.0
CASE_Q,10301,E1-S1-M-007,A-M-0301,SOL_1S_wall_0051,wall,S1,449,450,9023.651503781379,658.7688328837376,-766.7483119403456,-943.2554523192666,-5889.8552747846525,-3842.4587699044796,-9023.651503781379,-658.7688328837376,766.7483119403456,943.2554523192666,8926.17859006842,6451.18334812408
CASE_Q,10302,E1-S1-M-023,A-M-0302,SOL_1S_wall_0052,wall,S1,451,452,32081.344911853106,6278.9577902875735,800.7607515649713,314.7556356153403,-2142.0050158335353,4531.482114860427,-32081.344911853106,-6278.9577902875735,-800.7607515649713,-314.7556356153403,-1029.007560363751,20333.190734678363
CASE_Q,10303,E1-S1-M-036,A-M-0303,SOL_1S_wall_0053,wall,S1,453,454,0.0,0.0,0.0,-0.0,0.0,0.0,0.0,0.0,0.0,0.0,0.0,0.0
CASE_Q,10304,E1-S1-M-054,A-M-0304,SOL_1S_wall_0054,wall,S1,455,456,0.0,0.0,0.0,-0.0,0.0,0.0,0.0,0.0,0.0,0.0,0.0,0.0
CASE_Q,10305,E1-S1-M-025,A-M-0305,SOL_1S_wall_0055,wall,S1,457,458,30641.872412358163,3156.7654213795263,2755.408813086477,-90.46183228032186,-5368.876953310921,-918.9550861949701,-30641.872412358163,-3156.7654213795263,-2755.408813086477,90.46183228032186,-5542.541946511528,13419.746154857894
CASE_Q,10306,E1-S1-M-055,A-M-0306,SOL_1S_wall_0056,wall,S1,459,460,0.0,0.0,0.0,-0.0,0.0,0.0,0.0,0.0,0.0,0.0,0.0,0.0
CASE_Q,10307,E1-S1-M-058,A-M-0307,SOL_1S_wall_0057,wall,S1,461,462,0.0,0.0,0.0,-0.0,0.0,0.0,0.0,0.0,0.0,0.0,0.0,0.0
CASE_Q,10308,E1-S1-M-018,A-M-0308,SOL_1S_wall_0058,wall,S1,463,464,0.0,0.0,0.0,-0.0,0.0,0.0,0.0,0.0,0.0,0.0,0.0,0.0
CASE_Q,10309,E1-S1-M-039,A-M-0309,SOL_1S_wall_0059,wall,S1,465,466,0.0,0.0,0.0,-0.0,0.0,0.0,0.0,0.0,0.0,0.0,0.0,0.0
CASE_Q,10310,E1-S1-M-017,A-M-0310,SOL_1S_wall_0060,wall,S1,467,468,26872.169999999118,1.7225278442669096e-12,-6.460168427138618e-09,3.3565968470862534e-09,-131464.97342196817,-2781.1928859997533,-26872.169999999118,-1.7225278442669096e-12,6.460168427138618e-09,-3.3565968470862534e-09,131464.97342199375,2781.19288599976
CASE_Q,10311,E1-P1-M-010,A-M-0311,SOL_1_wall_0061,wall,P1,420,469,0.0,0.0,0.0,-0.0,0.0,0.0,0.0,0.0,0.0,0.0,0.0,0.0
CASE_Q,10333,E1-P1-M-016,A-M-0333,SOL_1_wall_0083,wall,P1,512,513,0.0,4.8938586242127e-07,-5.477228752812459e-10,-1.8547376299460976e-11,0.0,8.882353402946049e-07,0.0,-4.8938586242127e-07,5.477228752812459e-10,1.8547376299460976e-11,2.1689825861137337e-09,1.049732674893624e-06
CASE_Q,10350,E1-P2-M-007,A-M-0350,SOL_2_wall_0100,wall,P2,469,546,0.0,0.0,0.0,-0.0,0.0,0.0,0.0,0.0,0.0,0.0,0.0,0.0
CASE_Q,10362,E1-P3-M-007,A-M-0362,SOL_3_wall_0112,wall,P3,546,568,0.0,0.0,0.0,-0.0,0.0,0.0,0.0,0.0,0.0,0.0,0.0,0.0
CASE_Q,10374,E1-P4-M-007,A-M-0374,SOL_4_wall_0124,wall,P4,568,580,0.0,0.0,0.0,-0.0,0.0,0.0,0.0,0.0,0.0,0.0,0.0,0.0
CASE_Q,10385,E2-S1-V-030,A-V-0385,SOL2_1S_beam_0001,beam,S1,595,596,0.0,-1.5841470030323286e-12,-5072.961000000101,-4.251030347259314e-13,-1997.3904000000439,2.7564157852762513e-11,0.0,1.5841470030323286e-12,5072.961000000101,4.251030347259314e-13,24064.770750000484,-3.445519731595314e-11
CASE_Q,10386,E2-S1-V-029,A-V-0386,SOL2_1S_beam_0002,beam,S1,597,598,-175.0607160767528,1197.2437507401064,-10185.040011053792,4290.161193574221,-1489.4163314118377,174.19947753725455,175.0607160767528,-1197.2437507401064,10185.040011053792,-4290.161193574221,33572.29236623128,3597.118337294081
CASE_Q,10387,E2-S1-V-056,A-V-0387,SOL2_1S_beam_0003,beam,S1,12,599,-6978.6565645049905,-377.5743287516017,-19666.82807587733,-696.0907198983002,99563.77142938011,-1504.8289071050658,6978.6565645049905,377.5743287516017,19666.82807587733,696.0907198983002,-6941.5714596295,-273.3818366991371
CASE_Q,10388,E2-S1-V-055,A-V-0388,SOL2_1S_beam_0004,beam,S1,12,600,17600.689151868475,-1623.1473853613547,-17522.114924214657,-5369.348264512798,91822.60909059388,-2296.8162352270097,-17600.689151868475,1623.1473853613547,17522.114924214657,5369.348264512798,-9301.074548162942,-5347.501451757737
CASE_Q,10389,E2-S1-V-078,A-V-0389,SOL2_1S_beam_0005,beam,S1,14,601,-54620.48421536041,1900.5301625897098,-23221.27437626314,-6967.045994900618,110913.27302412389,2299.258738913456,54620.48421536041,-1900.5301625897098,23221.27437626314,6967.045994900618,12356.485260192778,7789.674794982778
CASE_Q,10390,E2-S1-V-077,A-V-0390,SOL2_1S_beam_0006,beam,S1,14,602,40859.70729081551,-4203.10875324549,-14895.716788693346,6112.947235760795,79837.31817388229,-10876.43032558486,-40859.70729081551,4203.10875324549,14895.716788693346,-6112.947235760795,-9684.975672480694,-8918.382439124107
CASE_Q,10391,E2-S1-V-072,A-V-0391,SOL2_1S_beam_0007,beam,S1,14,6,-3028.5047307441596,3953.490108898209,-14090.216317842442,-11262.212399775795,52450.823703220136,12811.712743896944,3028.5047307441596,-3953.490108898209,14090.216317842442,11262.212399775795,49703.24460113756,15851.090545615072
CASE_Q,10392,E2-S1-V-070,A-V-0392,SOL2_1S_beam_0008,beam,S1,14,6,-3028.5047307441596,3953.490108898209,-14090.216317842442,-11262.212399775795,52450.823703220136,12811.712743896944,3028.5047307441596,-3953.490108898209,14090.216317842442,11262.212399775795,49703.24460113756,15851.090545615072
CASE_Q,10393,E2-S1-V-076,A-V-0393,SOL2_1S_beam_0009,beam,S1,6,603,-24669.86898098542,-2125.690223766355,7370.440128784093,5797.957034651697,-42279.47034424814,-2960.2680338422538,24669.86898098542,2125.690223766355,-7370.440128784093,-5797.957034651697,7567.90542694199,-7050.807683086662
CASE_Q,10394,E2-S1-V-075,A-V-0394,SOL2_1S_beam_0010,beam,S1,6,604,-36518.083068012755,-3037.164395442072,9002.742730211588,3680.601991795987,-49294.79177713615,-10840.02678633528,36518.083068012755,3037.164395442072,-9002.742730211588,-3680.601991795987,6895.792090112198,-3463.6955470432513
CASE_Q,10395,E2-S1-V-061,A-V-0395,SOL2_1S_beam_0012,beam,S1,606,607,-1320.989113499249,-1085.055710838582,-2159.0929864105483,-719.8589075806788,13259.719037830431,-5510.897068883218,1320.989113499249,1085.055710838582,2159.0929864105483,719.8589075806788,4660.752749377122,-3495.065331077014
CASE_Q,10396,E2-S1-V-057,A-V-0396,SOL2_1S_beam_0013,beam,S1,608,605,-1987.1062629309154,1625.9801064608823,-3909.7370743037354,-1024.67872871436,22357.40731982464,7316.044770723487,1987.1062629309154,-1625.9801064608823,3909.7370743037354,1024.67872871436,12439.252641478606,7155.178176778368
CASE_Q,10397,E2-S1-V-083,A-V-0397,SOL2_1S_beam_0015,beam,S1,604,610,-571.3039455386529,-646.2231408876613,-1.5517356681016499,-3592.6543013916507,-6283.294707507718,-904.6466593977175,571.3039455386529,646.2231408876613,1.5517356681016499,3592.6543013916507,6296.207721802157,-4473.001626465347
CASE_Q,10398,E2-S1-V-080,A-V-0398,SOL2_1S_beam_0016,beam,S1,604,609,1132.5707809642315,377.64823718109125,-2421.121099092977,27.972998548681307,8846.956420839531,2303.013530791463,-1132.5707809642315,-377.64823718109125,2421.121099092977,-27.972998548681307,12701.021361087965,1058.0557801202494
CASE_Q,10399,E2-S1-V-081,A-V-0399,SOL2_1S_beam_0017,beam,S1,603,602,641.5655966820134,4446.970951900534,1509.9219064936258,2740.1701990620204,-5122.518145919724,14301.16146043346,-641.5655966820134,-4446.970951900534,-1509.9219064936258,-2740.1701990620204,-4918.462532262889,15271.195369705094
CASE_Q,10400,E2-S1-V-084,A-V-0400,SOL2_1S_beam_0018,beam,S1,603,602,641.5655966820134,4446.970951900534,1509.9219064936258,2740.1701990620204,-5122.518145919724,14301.16146043346,-641.5655966820134,-4446.970951900534,-1509.9219064936258,-2740.1701990620204,-4918.462532262889,15271.195369705094
CASE_Q,10401,E2-S1-V-088,A-V-0401,SOL2_1S_beam_0019,beam,S1,603,408,-15480.012168478852,-5309.49299964654,4350.596315796165,-3704.028252047802,-12745.992095280633,-21551.51523778024,15480.012168478852,5309.49299964654,-4350.596315796165,3704.028252047802,-11575.09470086392,-8130.080275706043
CASE_Q,10402,E2-S1-V-087,A-V-0402,SOL2_1S_beam_0020,beam,S1,604,398,-36324.72466153041,584.4713460711613,11425.415564972622,721.4849655747232,-10233.835928456454,2065.328675649499,36324.72466153041,-584.4713460711613,-11425.415564972622,-721.4849655747232,-50205.77223679953,1026.4817656843582
CASE_Q,10403,E2-S1-V-090,A-V-0403,SOL2_1S_beam_0021,beam,S1,601,61,-54453.76400295581,-4668.714676413014,-23221.274376266185,-5433.669678512129,-13103.34658418376,-7789.674794982748,54453.76400295581,4668.714676413014,23221.274376266185,5433.669678512129,122791.35832623491,-14263.465870289368
CASE_Q,10404,E2-S1-V-089,A-V-0404,SOL2_1S_beam_0022,beam,S1,602,392,31390.025787550538,-6677.1111775171485,-11875.872975707216,-2572.7995576538556,14861.31441385832,-21624.008300286052,-31390.025787550538,6677.1111775171485,11875.872975707216,2572.7995576538556,49181.385040151305,-14383.4688121301
CASE_Q,10405,E2-S1-V-071,A-V-0405,SOL2_1S_beam_0023,beam,S1,6,4,3522.5096389598075,-1244.0702373194254,-9502.53072039778,630.7511539436974,41208.193583282984,-6417.843497589653,-3522.5096389598075,1244.0702373194254,9502.53072039778,-630.7511539436974,43364.329828257265,-4654.381614553233
CASE_Q,10406,E2-S1-V-069,A-V-0406,SOL2_1S_beam_0024,beam,S1,6,4,3522.5096389598075,-1244.0702373194254,-9502.53072039778,630.7511539436974,41208.193583282984,-6417.843497589653,-3522.5096389598075,1244.0702373194254,9502.53072039778,-630.7511539436974,43364.329828257265,-4654.381614553233
CASE_Q,10407,E2-S1-V-074,A-V-0407,SOL2_1S_beam_0025,beam,S1,4,609,-30446.876428312746,-2390.312854700899,7805.003259579722,3102.3377083964756,-42977.38633831225,-6474.2197297207,30446.876428312746,2390.312854700899,-7805.003259579722,-3102.3377083964756,6219.218224764038,-4783.113398132755
CASE_Q,10408,E2-S1-V-073,A-V-0408,SOL2_1S_beam_0026,beam,S1,4,609,-30446.876428312746,-2390.312854700899,7805.003259579722,3102.3377083964756,-42977.38633831225,-6474.2197297207,30446.876428312746,2390.312854700899,-7805.003259579722,-3102.3377083964756,6219.218224764038,-4783.113398132755
CASE_Q,10409,E2-S1-V-086,A-V-0409,SOL2_1S_beam_0028,beam,S1,610,16,-717.8714821825228,478.176830341901,-1.5517356678559466,-6726.056152707934,2703.620764087922,4473.00162646535,717.8714821825228,-478.176830341901,1.5517356678559466,6726.056152707934,-2696.360769971622,-2235.7900660519704
CASE_Q,10410,E2-S1-V-085,A-V-0410,SOL2_1S_beam_0029,beam,S1,609,16,-60713.90070907919,1429.0303132126946,13188.885420066685,-8019.152511953719,-12400.591570303503,8508.17101614526,60713.90070907919,-1429.0303132126946,-13188.885420066685,8019.152511953719,-57204.19450669003,-966.4155090900049
CASE_Q,10411,E2-S1-V-063,A-V-0411,SOL2_1S_beam_0030,beam,S1,4,605,-18038.475876920897,550.130203390793,-12709.82218477395,-6368.191331604552,57520.58207010158,2568.3719990595664,18038.475876920897,-550.130203390793,12709.82218477395,6368.191331604552,9949.302793549687,351.98526032517657
CASE_Q,10412,E2-S1-V-064,A-V-0412,SOL2_1S_beam_0031,beam,S1,4,607,-1166.9992628619095,1249.188077948305,2159.0929864102973,-4697.142270183521,-9746.881925104602,2388.066789118464,1166.9992628619095,-1249.188077948305,-2159.0929864102973,4697.142270183521,-421.50626484806617,3495.065331077022
CASE_Q,10413,E2-S1-V-051,A-V-0413,SOL2_1S_beam_0032,beam,S1,605,2,-9735.123745653727,-1852.525844542869,-8309.779629538818,3675.485323983702,-5435.895163297795,-3753.5817185517753,9735.123745653727,1852.525844542869,8309.779629538818,-3675.485323983702,44571.340268233456,-4971.008670929545
CASE_Q,10414,E2-S1-V-052,A-V-0414,SOL2_1S_beam_0033,beam,S1,605,2,-9735.123745653727,-1852.525844542869,-8309.779629538818,3675.485323983702,-5435.895163297795,-3753.5817185517753,9735.123745653727,1852.525844542869,8309.779629538818,-3675.485323983702,44571.340268233456,-4971.008670929545
CASE_Q,10415,E2-S1-V-054,A-V-0415,SOL2_1S_beam_0034,beam,S1,8,608,1166.0865974715332,-1643.7368988361006,-3671.995761600443,-61.89758960941209,20867.372402733963,-4613.048763365242,-1166.0865974715332,1643.7368988361006,3671.995761600443,61.89758960941209,-3573.8706541628053,-3128.236570205936
CASE_Q,10416,E2-S1-V-053,A-V-0416,SOL2_1S_beam_0035,beam,S1,8,608,1166.0865974715332,-1643.7368988361006,-3671.995761600443,-61.89758960941209,20867.372402733963,-4613.048763365242,-1166.0865974715332,1643.7368988361006,3671.995761600443,61.89758960941209,-3573.8706541628053,-3128.236570205936
CASE_Q,10417,E2-S1-V-066,A-V-0417,SOL2_1S_beam_0036,beam,S1,606,6,3096.7362205017325,-3095.6874284992496,1776.0508844464773,-1658.9327508562724,245.98958819310428,-6846.222756424462,-3096.7362205017325,3095.6874284992496,-1776.0508844464773,1658.9327508562724,-8610.416202438355,-7733.117589667908
CASE_Q,10418,E2-S1-V-065,A-V-0418,SOL2_1S_beam_0037,beam,S1,606,6,3096.7362205017325,-3095.6874284992496,1776.0508844464773,-1658.9327508562724,245.98958819310428,-6846.222756424462,-3096.7362205017325,3095.6874284992496,-1776.0508844464773,1658.9327508562724,-8610.416202438355,-7733.117589667908
CASE_Q,10419,E2-S1-V-058,A-V-0419,SOL2_1S_beam_0039,beam,S1,608,600,-5416.463265929778,-492.0440500504596,-3434.2544488970134,6116.43188131031,22025.638857589285,-1059.5716303116185,5416.463265929778,492.0440500504596,3434.2544488970134,-6116.43188131031,2872.7058969140635,-2507.747732554213
CASE_Q,10420,E2-S1-V-062,A-V-0420,SOL2_1S_beam_0040,beam,S1,606,600,4900.895820163533,5103.407635938812,-1393.0087824824054,-178.14320720216702,9965.899209183617,19203.342581732133,-4900.895820163533,-5103.407635938812,1393.0087824824054,178.14320720216702,167.94049322431783,17922.851860837203
CASE_Q,10421,E2-S1-V-040,A-V-0421,SOL2_1S_beam_0041,beam,S1,598,612,3436.975014762876,232.6535431625639,-3944.6711139331364,11389.167839279675,27956.070876063848,-379.8575066032611,-3436.975014762876,-232.6535431625639,3944.6711139331364,-11389.167839279675,-11552.107315533161,1347.3501400922341
CASE_Q,10422,E2-S1-V-036,A-V-0422,SOL2_1S_beam_0042,beam,S1,598,613,-7890.667896476934,1721.4665864561919,13055.475696328278,-3950.68395674857,-27282.992812912576,4619.546551422433,7890.667896476934,-1721.4665864561919,-13055.475696328278,3950.68395674857,-22523.646968579826,1947.848475907941
CASE_Q,10423,E2-S1-V-044,A-V-0423,SOL2_1S_beam_0043,beam,S1,614,8,1015.104745862552,-3291.882026770742,-9498.29011393328,-6781.432763758791,-10229.161114585811,-3188.0493126145084,-1015.104745862552,3291.882026770742,9498.29011393328,6781.432763758791,43121.91943154897,-8211.800409356772
CASE_Q,10424,E2-S1-V-043,A-V-0424,SOL2_1S_beam_0044,beam,S1,615,8,-382.40537190136195,43.077689439103445,-7593.286534718106,7074.551089155957,-6552.712653750194,-1594.4855396389416,382.40537190136195,-43.077689439103445,7593.286534718106,-7074.551089155957,32848.407544301925,1743.6643929459253
CASE_Q,10425,E2-S1-V-038,A-V-0425,SOL2_1S_beam_0045,beam,S1,615,616,9.788112001288567,384.6995563425043,4258.0335347183245,-5915.2126616423275,-7615.613921624563,1594.4855396389457,-9.788112001288567,-384.6995563425043,-4258.0335347183245,5915.2126616423275,-11481.666481587128,130.89197055718648
CASE_Q,10426,E2-S1-V-034,A-V-0426,SOL2_1S_beam_0046,beam,S1,617,618,-2799.63798370191,953.2820342552642,5971.9250774259435,-2344.6577708292575,-11070.571784452786,2121.4188062804765,2799.63798370191,-953.2820342552642,-5971.9250774259435,2344.6577708292575,-13921.934664574792,1868.0665070778045
CASE_Q,10427,E2-S1-V-042,A-V-0427,SOL2_1S_beam_0047,beam,S1,619,2,384.101252676309,23.575060524041348,-4549.093465281707,4034.882223376749,6288.393621943269,-1598.520778003878,-384.101252676309,-23.575060524041348,4549.093465281707,-4034.882223376749,9465.20309072066,1680.1616585016789
CASE_Q,10428,E2-S1-V-041,A-V-0428,SOL2_1S_beam_0048,beam,S1,620,2,-262.55794785384745,-3489.3319999025475,-9752.426672365484,-2124.861893501629,38013.17828736233,-6063.36098528604,262.55794785384745,3489.3319999025475,9752.426672365484,2124.861893501629,1592.3617961005475,-8107.150932352396
CASE_Q,10429,E2-S1-V-023,A-V-0429,SOL2_1S_beam_0049,beam,S1,620,621,-5591.779807564423,1264.0536727347187,-7860.467483961072,944.7556460016048,35475.263333091374,1458.6232102357553,5591.779807564423,-1264.0536727347187,7860.467483961072,-944.7556460016048,-5998.5102682373545,3281.5780625194398
CASE_Q,10430,E2-S1-V-024,A-V-0430,SOL2_1S_beam_0050,beam,S1,620,622,2834.6063657981526,-2633.3880528154723,2572.5596826789997,7020.523852319682,-2002.3345312257375,-3698.496243209165,-2834.6063657981526,2633.3880528154723,-2572.5596826789997,-7020.523852319682,-6246.922168478901,-4745.814761069607
CASE_Q,10431,E2-S1-V-015,A-V-0431,SOL2_1S_beam_0051,beam,S1,621,623,-3078.082699171661,2313.1005926429502,7176.9600730767015,3039.6941195374616,-4448.243472486396,7406.034537489291,3078.082699171661,-2313.1005926429502,-7176.9600730767015,-3039.6941195374616,-27238.03525014724,2806.3045790293345
CASE_Q,10432,E2-S1-V-019,A-V-0432,SOL2_1S_beam_0052,beam,S1,622,623,3435.479963576324,1779.6638181414885,-4934.30431732103,-3511.32829172915,8716.786412877394,4745.814761069666,-3435.479963576324,-1779.6638181414885,4934.30431732103,3511.32829172915,10338.973653636367,2127.058198653298
CASE_Q,10433,E2-S1-V-032,A-V-0433,SOL2_1S_beam_0053,beam,S1,10,617,-301.19100972839317,-1980.4303960516172,14751.56018502179,-2936.43709733024,-35151.289079725095,-3030.9794892974996,301.19100972839317,1980.4303960516172,-14751.56018502179,2936.43709733024,-15933.64285473724,-3827.2884304552686
CASE_Q,10434,E2-S1-V-031,A-V-0434,SOL2_1S_beam_0054,beam,S1,10,617,-301.19100972839317,-1980.4303960516172,14751.56018502179,-2936.43709733024,-35151.289079725095,-3030.9794892974996,301.19100972839317,1980.4303960516172,-14751.56018502179,2936.43709733024,-15933.64285473724,-3827.2884304552686
CASE_Q,10435,E2-S1-V-017,A-V-0435,SOL2_1S_beam_0055,beam,S1,10,624,-1035.7870847627137,-827.3673356221019,9948.11309807788,2387.680247891746,-22122.729901400315,-1327.105029339709,1035.7870847627137,827.3673356221019,-9948.11309807788,-2387.680247891746,-6237.637691366014,-1031.577621446011
CASE_Q,10436,E2-S1-V-021,A-V-0436,SOL2_1S_beam_0056,beam,S1,10,624,-1035.7870847627137,-827.3673356221019,9948.11309807788,2387.680247891746,-22122.729901400315,-1327.105029339709,1035.7870847627137,827.3673356221019,-9948.11309807788,-2387.680247891746,-6237.637691366014,-1031.577621446011
CASE_Q,10437,E2-S1-V-046,A-V-0437,SOL2_1S_beam_0057,beam,S1,596,12,1.8033411506754716e-09,6.943233424797723e-11,-7649.1840000001175,2084.721857980422,-23974.301366774773,3.045642832251906e-11,-1.8033411506754716e-09,-6.943233424797723e-11,7649.1840000001175,-2084.721857980422,50463.570236853084,2.0998905843421045e-10
CASE_Q,10438,E2-S1-V-045,A-V-0438,SOL2_1S_beam_0058,beam,S1,598,12,-2861.1713877836487,-3123.1531928397885,-26880.944593449094,22.833346768467155,-30371.214778559675,-7836.807382113109,2861.1713877836487,3123.1531928397885,26880.944593449094,-22.833346768467155,139537.30895632418,-4846.617279393101
CASE_Q,10439,E2-S1-V-047,A-V-0439,SOL2_1S_beam_0059,beam,S1,2,8,-683.4608603278737,1151.346456772657,-94.56798947916462,-7359.535713751021,385.8632637780979,5113.8038345892755,683.4608603278737,-1151.346456772657,94.56798947916462,7359.535713751021,455.7918425864673,5133.179630687373
CASE_Q,10440,E2-S1-V-049,A-V-0440,SOL2_1S_beam_0060,beam,S1,2,8,-683.4608603278737,1151.346456772657,-94.56798947916462,-7359.535713751021,385.8632637780979,5113.8038345892755,683.4608603278737,-1151.346456772657,94.56798947916462,7359.535713751021,455.7918425864673,5133.179630687373
CASE_Q,10441,E2-S1-V-048,A-V-0441,SOL2_1S_beam_0061,beam,S1,8,12,-758.629798216813,-50.87920344414019,20.107794170205196,-1953.8294608388442,196.6352907381463,-933.4675896158303,758.629798216813,50.87920344414019,-20.107794170205196,1953.8294608388442,-342.41679847213396,564.593364645814
CASE_Q,10442,E2-S1-V-050,A-V-0442,SOL2_1S_beam_0062,beam,S1,8,12,-758.629798216813,-50.87920344414019,20.107794170205196,-1953.8294608388442,196.6352907381463,-933.4675896158303,758.629798216813,50.87920344414019,-20.107794170205196,1953.8294608388442,-342.41679847213396,564.593364645814
CASE_Q,10443,E2-S1-V-068,A-V-0443,SOL2_1S_beam_0063,beam,S1,599,14,-6882.92291473815,-1212.2631598710968,-19666.828075876576,-1524.0279395783705,6807.884800645632,273.3818366991045,6882.92291473815,1212.2631598710968,19666.828075876576,1524.0279395783705,97593.15296542416,-6708.66115311101
CASE_Q,10444,E2-S1-V-067,A-V-0444,SOL2_1S_beam_0064,beam,S1,600,14,12234.673552256681,-4392.636396927767,-22349.378155594448,-828.1564533241797,15648.770943043244,-10067.60267652529,-12234.673552256681,4392.636396927767,22349.378155594448,828.1564533241797,102992.54039950242,-13250.63637041001
CASE_Q,10445,E2-S1-V-006,A-V-0445,SOL2_1S_beam_0065,beam,S1,257,625,-349.35986462199753,-327.407470827433,2977.586193287412,-8284.69384414347,-6471.327502261216,-48.18368076226716,349.35986462199753,327.407470827433,-2977.586193287412,8284.69384414347,-624.1398174467149,-732.0150636843022
CASE_Q,10446,E2-S1-V-003,A-V-0446,SOL2_1S_beam_0066,beam,S1,257,625,-349.35986462199753,-327.407470827433,2977.586193287412,-8284.69384414347,-6471.327502261216,-48.18368076226716,349.35986462199753,327.407470827433,-2977.586193287412,8284.69384414347,-624.1398174467149,-732.0150636843022
CASE_Q,10447,E2-S1-V-005,A-V-0447,SOL2_1S_beam_0067,beam,S1,625,626,855.2055542212925,314.13064569496004,2035.154517696466,-1124.587400180237,-6755.730283510495,487.4037403208489,-855.2055542212925,-314.13064569496004,-2035.154517696466,1124.587400180237,-8752.147141336573,1906.2717798747458
CASE_Q,10448,E2-S1-V-002,A-V-0448,SOL2_1S_beam_0068,beam,S1,625,626,855.2055542212925,314.13064569496004,2035.154517696466,-1124.587400180237,-6755.730283510495,487.4037403208489,-855.2055542212925,-314.13064569496004,-2035.154517696466,1124.587400180237,-8752.147141336573,1906.2717798747458
CASE_Q,10449,E2-S1-V-004,A-V-0449,SOL2_1S_beam_0069,beam,S1,626,259,549.097449538548,-1445.5268245801615,-2730.4169359971356,-4097.540357847633,12196.90423263536,-3933.8220475064927,-549.097449538548,1445.5268245801615,2730.4169359971356,4097.540357847633,-5007.3187622458245,127.53938127901074
CASE_Q,10450,E2-S1-V-001,A-V-0450,SOL2_1S_beam_0070,beam,S1,626,259,549.097449538548,-1445.5268245801615,-2730.4169359971356,-4097.540357847633,12196.90423263536,-3933.8220475064927,-549.097449538548,1445.5268245801615,2730.4169359971356,4097.540357847633,-5007.3187622458245,127.53938127901074
CASE_Q,10451,E2-S1-V-011,A-V-0451,SOL2_1S_beam_0071,beam,S1,625,624,-793.2415905283078,1088.1440798749088,-3806.5308244091084,5599.372807067123,7758.138507220288,244.61132336371088,793.2415905283078,-1088.1440798749088,3806.5308244091084,-5599.372807067123,3907.807251464774,3090.2440604556205
CASE_Q,10452,E2-S1-V-010,A-V-0452,SOL2_1S_beam_0072,beam,S1,625,624,-793.2415905283078,1088.1440798749088,-3806.5308244091084,5599.372807067123,7758.138507220288,244.61132336371088,793.2415905283078,-1088.1440798749088,3806.5308244091084,-5599.372807067123,3907.807251464774,3090.2440604556205
CASE_Q,10453,E2-S1-V-018,A-V-0453,SOL2_1S_beam_0073,beam,S1,624,627,435.19434752480237,-497.71315968473374,190.11354733757474,-5438.264271250193,2528.6258931494926,-4117.332878019274,-435.19434752480237,497.71315968473374,-190.11354733757474,5438.264271250193,-3310.9431404436127,2069.243225916595
CASE_Q,10454,E2-S1-V-022,A-V-0454,SOL2_1S_beam_0074,beam,S1,628,597,1197.2437507404484,175.06071607448317,-2717.3260110540227,-1489.4163314117743,6076.437538596866,842.0561093614144,-1197.2437507404484,-175.06071607448317,2717.3260110540227,1489.4163314117743,4290.161193574236,-174.1994775372608
CASE_Q,10455,E2-S1-V-028,A-V-0455,SOL2_1S_beam_0075,beam,S1,628,613,87.53035803705471,-598.6218753701854,-5611.379494473013,3038.218769298426,744.7081657058607,-421.0280546807032,-87.53035803705471,598.6218753701854,5611.379494473013,-3038.218769298426,16931.137241884135,-1464.630852735381
CASE_Q,10456,E2-S1-V-027,A-V-0456,SOL2_1S_beam_0076,beam,S1,628,613,87.53035803705471,-598.6218753701854,-5611.379494473013,3038.218769298426,744.7081657058607,-421.0280546807032,-87.53035803705471,598.6218753701854,5611.379494473013,-3038.218769298426,16931.137241884135,-1464.630852735381
CASE_Q,10457,E2-S1-V-039,A-V-0457,SOL2_1S_beam_0077,beam,S1,612,614,3367.4446213250776,726.114072000903,-8172.219113933334,9603.23256681484,13074.488585353703,-1347.3501400922664,-3367.4446213250776,-726.114072000903,8172.219113933334,-9603.23256681484,7642.086868467299,3188.0493126145557
CASE_Q,10458,E2-S1-V-035,A-V-0458,SOL2_1S_beam_0078,beam,S1,613,617,-6693.424145736803,1896.5273025306751,-10649.34829261786,29911.590527019744,28600.084507176667,981.4132295628465,6693.424145736803,-1896.5273025306751,10649.34829261786,-29911.590527019744,7980.42687796567,5533.158054630021
CASE_Q,10459,E2-S1-V-009,A-V-0459,SOL2_1S_beam_0079,beam,S1,626,623,1850.5344757125295,-294.6449857499714,84.7709536935821,-3661.396622001642,-1924.3015817006,2027.5502676313931,-1850.5344757125295,294.6449857499714,-84.7709536935821,3661.396622001642,1664.5024645202354,-2930.5542311842896
CASE_Q,10460,E2-S1-V-008,A-V-0460,SOL2_1S_beam_0080,beam,S1,626,623,1850.5344757125295,-294.6449857499714,84.7709536935821,-3661.396622001642,-1924.3015817006,2027.5502676313931,-1850.5344757125295,294.6449857499714,-84.7709536935821,3661.396622001642,1664.5024645202354,-2930.5542311842896
CASE_Q,10461,E2-S1-V-026,A-V-0461,SOL2_1S_beam_0081,beam,S1,629,618,1171.3078350486235,-2222.808862953646,369.183724463135,5138.149754971941,443.58335110190865,-2449.3528358841645,-1171.3078350486235,2222.808862953646,-369.183724463135,-5138.149754971941,-1606.512083160784,-4552.49508241982
CASE_Q,10462,E2-S1-V-025,A-V-0462,SOL2_1S_beam_0082,beam,S1,629,618,1171.3078350486235,-2222.808862953646,369.183724463135,5138.149754971941,443.58335110190865,-2449.3528358841645,-1171.3078350486235,2222.808862953646,-369.183724463135,-5138.149754971941,-1606.512083160784,-4552.49508241982
CASE_Q,10463,E2-S1-V-016,A-V-0463,SOL2_1S_beam_0083,beam,S1,623,10,-969.0610824145622,920.4619230902838,-15700.688336857069,-2923.657568222771,23956.56922090877,927.7456846859291,969.0610824145622,-920.4619230902838,15700.688336857069,2923.657568222771,51318.73503147829,3485.3125091198813
CASE_Q,10464,E2-S1-V-020,A-V-0464,SOL2_1S_beam_0084,beam,S1,629,10,4592.052957251359,2040.6897805607264,-12529.331448926203,-199.3433529771697,10312.597083334422,4898.705671768344,-4592.052957251359,-2040.6897805607264,12529.331448926203,199.3433529771697,46007.02651819716,4274.240290845014
CASE_Q,10465,E2-S1-V-037,A-V-0465,SOL2_1S_beam_0085,beam,S1,616,619,9.78811200096495,384.69955634251454,-1813.156465281767,-5915.212661642328,11481.666481587148,-130.89197055718773,-9.78811200096495,-384.69955634251454,1813.156465281767,5915.212661642328,-4564.474566537208,1598.5207780038804
CASE_Q,10466,E2-S1-V-033,A-V-0466,SOL2_1S_beam_0086,beam,S1,618,620,1645.9797422050165,3295.8977043523414,-7760.766473647666,-5557.681937150802,24198.234174518744,7236.923657761813,-1645.9797422050165,-3295.8977043523414,7760.766473647666,5557.681937150802,12393.779748730003,8303.234018259478
CASE_Q,10467,E2-S1-V-014,A-V-0467,SOL2_1S_beam_0087,beam,S1,630,595,0.0,-1.0408340855860846e-11,-1248.3689999999294,-0.0,-5.3660187404602766e-11,6.938893903907228e-12,0.0,1.0408340855860846e-11,1248.3689999999294,0.0,1997.3903999999407,-2.3592239273284583e-11
CASE_Q,10468,E2-S1-V-012,A-V-0468,SOL2_1S_beam_0088,beam,S1,249,627,-507.44082742449626,-423.81165168426276,7689.892452662434,3433.247665009312,-17729.087952551614,796.6342895051826,507.44082742449626,423.81165168426276,-7689.892452662434,-3433.247665009312,-5361.890826370134,-2069.2432259166208
CASE_Q,10469,E2-S1-V-013,A-V-0469,SOL2_1S_beam_0089,beam,S1,621,631,0.0,-1.0408340855860846e-11,1248.368999999975,7.704992504407506e-13,-1997.390399999999,-2.2204460492503137e-11,0.0,1.0408340855860846e-11,-1248.368999999975,-7.704992504407506e-13,3.9108272176235914e-11,5.551115123125783e-12
CASE_Q,10470,E2-S1-V-007,A-V-0470,SOL2_1S_beam_0090,beam,S1,621,247,-7325.458386897819,-3480.731944883913,-27842.1715570378,2878.6231765877324,11940.783911418439,-10687.612600008631,7325.458386897819,3480.731944883913,27842.1715570378,-2878.6231765877324,73667.57344660678,-14.848003492475982
CASE_Q,10471,E2-P1-V-030,A-V-0471,SOL2_1_beam_0091,beam,P1,632,633,0.0,9.856914685534485e-12,-5072.960999999808,-4.251030347259314e-13,-1997.390400000153,7.758799988185003e-11,0.0,-9.856914685534485e-12,5072.960999999808,4.251030347259314e-13,24064.770749999316,-3.4710420999775026e-11
CASE_Q,10472,E2-P1-V-029,A-V-0472,SOL2_1_beam_0092,beam,P1,634,635,-472.45172991806055,3445.1489363014425,-10609.189023874054,6018.960357243772,-1646.823264625964,550.8765706774147,472.45172991806055,-3445.1489363014425,10609.189023874054,-6018.960357243772,35065.76868982924,10301.34257867213
CASE_Q,10473,E2-P1-V-056,A-V-0473,SOL2_1_beam_0093,beam,P1,22,636,-276.95375778573356,-1371.2686536419926,-32162.526364812526,-655.3003003671353,159575.9037384463,-3992.68435564725,276.95375778573356,1371.2686536419926,32162.526364812526,655.3003003671353,-8104.403758846689,-2465.3941387524355
CASE_Q,10474,E2-P1-V-055,A-V-0474,SOL2_1_beam_0094,beam,P1,22,637,29408.542686571935,-1264.1897699899564,-34613.4324178156,-1406.1443297886071,162756.35837973416,902.8839165515228,-29408.542686571935,1264.1897699899564,34613.4324178156,1406.1443297886071,257.842317667717,-6856.667476562602
CASE_Q,10475,E2-P1-V-078,A-V-0475,SOL2_1_beam_0095,beam,P1,23,638,-191352.4180795469,6453.690877997618,28556.988904780443,-8603.547492872669,-139393.30275949696,19866.322330928175,191352.4180795469,-6453.690877997618,-28556.988904780443,8603.547492872669,-12201.009532793556,14392.990990207823
CASE_Q,10476,E2-P1-V-077,A-V-0476,SOL2_1_beam_0096,beam,P1,23,639,159410.80791788342,-9996.075674722188,-37069.96835677026,-19241.090182937874,154117.07449383437,-17974.10390451244,-159410.80791788342,9996.075674722188,37069.96835677026,19241.090182937874,20466.34123371364,-29103.06158881416
CASE_Q,10477,E2-P1-V-072,A-V-0477,SOL2_1_beam_0097,beam,P1,23,19,-4120.240408204632,9282.439848410226,-17998.731341457787,-2925.1934534461484,66758.93252466204,31085.582224661128,4120.240408204632,-9282.439848410226,17998.731341457787,2925.1934534461484,63731.869700906915,36212.106676313015
CASE_Q,10478,E2-P1-V-070,A-V-0478,SOL2_1_beam_0098,beam,P1,23,19,-4120.240408204632,9282.439848410226,-17998.731341457787,-2925.1934534461484,66758.93252466204,31085.582224661128,4120.240408204632,-9282.439848410226,17998.731341457787,2925.1934534461484,63731.869700906915,36212.106676313015
CASE_Q,10479,E2-P1-V-076,A-V-0479,SOL2_1_beam_0099,beam,P1,19,640,363751.32747560705,-3775.0580368568953,45168.257698513735,-20166.934593534468,-215879.86420480022,-545.1528949358835,-363751.32747560705,3775.0580368568953,-45168.257698513735,20166.934593534468,3157.030573666154,-17233.727310766826
CASE_Q,10480,E2-P1-V-075,A-V-0480,SOL2_1_beam_0100,beam,P1,19,641,-8792.804675685838,-15157.09145820627,-21650.124638090725,7166.501293349288,101955.04574091753,-37172.10467723079,8792.804675685838,15157.09145820627,21650.124638090725,-7166.501293349288,7.617778721250943,-34211.198750521085
CASE_Q,10481,E2-P1-V-061,A-V-0481,SOL2_1_beam_0102,beam,P1,643,644,746.2141020730147,-505.4399295233558,4002.4629266698844,-1503.5454642782304,-32479.684803733064,-4070.72843640506,-746.2141020730147,505.4399295233558,-4002.4629266698844,1503.5454642782304,-740.7574876269791,-124.42297863879321
CASE_Q,10482,E2-P1-V-057,A-V-0482,SOL2_1_beam_0103,beam,P1,645,642,-18038.102467166176,3647.8084319859204,-5499.812745451451,-1619.2132450076722,33301.106186823505,16072.003614855439,18038.102467166176,-3647.8084319859204,5499.812745451451,1619.2132450076722,15647.227247694407,16393.491429819253
CASE_Q,10483,E2-P1-V-083,A-V-0483,SOL2_1_beam_0105,beam,P1,641,647,40172.399095910776,19706.827919859476,-11194.657601833487,24816.71391903051,13981.884288415655,82403.42373501303,-40172.399095910776,-19706.827919859476,11194.657601833487,-24816.71391903051,79176.23317025491,81590.06810661308
CASE_Q,10484,E2-P1-V-080,A-V-0484,SOL2_1_beam_0106,beam,P1,641,646,-45299.665745622144,-408.6754523538479,-2401.1224115734403,2090.9023770037907,206.084071059875,-3273.484105400567,45299.665745622144,408.6754523538479,2401.1224115734403,-2090.9023770037907,21163.905391943747,-363.72742054867945
CASE_Q,10485,E2-P1-V-081,A-V-0485,SOL2_1_beam_0107,beam,P1,640,639,16573.258419236812,3386.111294078247,-426.3278972493611,37954.193968837746,2921.8967275223486,12084.679253675607,-16573.258419236812,-3386.111294078247,426.3278972493611,-37954.193968837746,-86.81621081409708,10432.960851944736
CASE_Q,10486,E2-P1-V-084,A-V-0486,SOL2_1_beam_0108,beam,P1,640,639,16573.258419236812,3386.111294078247,-426.3278972493611,37954.193968837746,2921.8967275223486,12084.679253675607,-16573.258419236812,-3386.111294078247,426.3278972493611,-37954.193968837746,-86.81621081409708,10432.960851944736
CASE_Q,10487,E2-P1-V-088,A-V-0487,SOL2_1_beam_0109,beam,P1,640,127,370241.7971212618,-5346.161501853328,46020.91349301473,-12255.041845276592,-80642.37010711092,-6935.631196584106,-370241.7971212618,5346.161501853328,-46020.91349301473,12255.041845276592,-162824.88230007543,-21347.493865217904
CASE_Q,10488,E2-P1-V-087,A-V-0488,SOL2_1_beam_0110,beam,P1,641,91,-33025.46558295612,-19394.24568794186,-8054.344624683577,-7350.275174489192,25824.512337403077,-44918.7408790914,33025.46558295612,19394.24568794186,8054.344624683577,7350.275174489192,17043.973290113714,-58305.29301463183
CASE_Q,10489,E2-P1-V-090,A-V-0489,SOL2_1_beam_0111,beam,P1,638,131,-191238.8320886456,-9225.352687579742,28556.98890478385,-9573.044382284712,11456.111222234962,-14392.990990205722,191238.8320886456,9225.352687579742,-28556.98890478385,9573.044382284712,-145402.9469788125,-28878.616018498895
CASE_Q,10490,E2-P1-V-089,A-V-0490,SOL2_1_beam_0112,beam,P1,639,93,152169.77402425153,4474.781797206749,-37922.62415126926,-17460.906252578032,57781.4334823,8237.13988492613,-152169.77402425153,-4474.781797206749,37922.62415126926,17460.906252578032,144058.13809553944,15579.461973895792
CASE_Q,10491,E2-P1-V-071,A-V-0491,SOL2_1_beam_0113,beam,P1,19,18,11998.148137169854,-1566.058494506309,-12348.691992779386,-8026.05909198247,53588.063411412935,-8374.945341040113,-11998.148137169854,1566.058494506309,12348.691992779386,8026.05909198247,56315.2953243236,-5562.975260066037
CASE_Q,10492,E2-P1-V-069,A-V-0492,SOL2_1_beam_0114,beam,P1,19,18,11998.148137169854,-1566.058494506309,-12348.691992779386,-8026.05909198247,53588.063411412935,-8374.945341040113,-11998.148137169854,1566.058494506309,12348.691992779386,8026.05909198247,56315.2953243236,-5562.975260066037
CASE_Q,10493,E2-P1-V-074,A-V-0493,SOL2_1_beam_0115,beam,P1,18,646,83725.32356344177,-7741.165816903714,5622.509574827722,2954.660264871701,-23771.712148300765,-19801.610891637472,-83725.32356344177,7741.165816903714,-5622.509574827722,-2954.660264871701,-2707.860671593311,-16655.910653064842
CASE_Q,10494,E2-P1-V-073,A-V-0494,SOL2_1_beam_0116,beam,P1,18,646,83725.32356344177,-7741.165816903714,5622.509574827722,2954.660264871701,-23771.712148300765,-19801.610891637472,-83725.32356344177,7741.165816903714,-5622.509574827722,-2954.660264871701,-2707.860671593311,-16655.910653064842
CASE_Q,10495,E2-P1-V-086,A-V-0495,SOL2_1_beam_0118,beam,P1,647,129,23533.348794646226,-38057.354220890076,-11194.657601832023,-76376.29958817647,-32425.392056022538,-81590.06810661327,-23533.348794646226,38057.354220890076,11194.657601832023,76376.29958817647,84934.32823084768,-96919.29366613051
CASE_Q,10496,E2-P1-V-085,A-V-0496,SOL2_1_beam_0119,beam,P1,646,24,166538.11321006843,9731.065301723163,8843.896738081603,-14730.500676487893,3780.86039958911,33675.548726678666,-166538.11321006843,-9731.065301723163,-8843.896738081603,14730.500676487893,-50454.82267426315,17680.4754599558
CASE_Q,10497,E2-P1-V-063,A-V-0497,SOL2_1_beam_0120,beam,P1,18,642,143773.68049785023,-2319.3587471974743,717.5035480477843,-8096.596483036383,4582.618568401431,-3774.520872458744,-143773.68049785023,2319.3587471974743,-717.5035480477843,8096.596483036383,-8391.474512431798,-8537.757407750667
CASE_Q,10498,E2-P1-V-064,A-V-0498,SOL2_1_beam_0121,beam,P1,18,644,-456.87946952175247,-776.8952045276817,-4002.4629266695742,643.4769925910657,20397.536509730995,-3783.261237237509,456.87946952175247,776.8952045276817,4002.4629266695742,-643.4769925910657,-1547.6782542347046,124.42297863879867
CASE_Q,10499,E2-P1-V-051,A-V-0499,SOL2_1_beam_0122,beam,P1,642,17,70260.87803475188,-1642.0198667980978,-2391.154598701759,3336.774836904799,3370.039799937603,-3927.8670110342737,-70260.87803475188,1642.0198667980978,2391.154598701759,-3336.774836904799,7891.257575778802,-3805.331849000614
CASE_Q,10500,E2-P1-V-052,A-V-0500,SOL2_1_beam_0123,beam,P1,642,17,70260.87803475188,-1642.0198667980978,-2391.154598701759,3336.774836904799,3370.039799937603,-3927.8670110342737,-70260.87803475188,1642.0198667980978,2391.154598701759,-3336.774836904799,7891.257575778802,-3805.331849000614
CASE_Q,10501,E2-P1-V-054,A-V-0501,SOL2_1_beam_0124,beam,P1,20,645,2716.4321100008997,-2333.621944705573,-8518.696693257783,-2435.914515976901,44648.81985412403,-5206.4327635307545,-2716.4321100008997,2333.621944705573,8518.696693257783,2435.914515976901,-4529.466313205972,-5783.91085377245
CASE_Q,10502,E2-P1-V-053,A-V-0502,SOL2_1_beam_0125,beam,P1,20,645,2716.4321100008997,-2333.621944705573,-8518.696693257783,-2435.914515976901,44648.81985412403,-5206.4327635307545,-2716.4321100008997,2333.621944705573,8518.696693257783,2435.914515976901,-4529.466313205972,-5783.91085377245
CASE_Q,10503,E2-P1-V-066,A-V-0503,SOL2_1_beam_0126,beam,P1,643,19,5944.433371303156,-8494.969958887837,-8828.875245371224,-7721.906329817467,-6519.125705442908,-18870.40028743251,-5944.433371303156,8494.969958887837,8828.875245371224,7721.906329817467,48099.285217173165,-21137.210662002886
CASE_Q,10504,E2-P1-V-065,A-V-0504,SOL2_1_beam_0127,beam,P1,643,19,5944.433371303156,-8494.969958887837,-8828.875245371224,-7721.906329817467,-6519.125705442908,-18870.40028743251,-5944.433371303156,8494.969958887837,8828.875245371224,7721.906329817467,48099.285217173165,-21137.210662002886
CASE_Q,10505,E2-P1-V-058,A-V-0505,SOL2_1_beam_0129,beam,P1,645,637,-23041.941859681516,-1476.7179354012164,-11537.580641063649,7731.657700591137,37585.98553229118,-4504.1819073104525,23041.941859681516,1476.7179354012164,11537.580641063649,-7731.657700591137,46061.47411542028,-6202.023124348367
CASE_Q,10506,E2-P1-V-062,A-V-0506,SOL2_1_beam_0130,beam,P1,643,637,17912.733791262675,11001.643456801126,13655.287564073426,8567.956149374975,-47931.553134319205,41811.52901127006,-17912.733791262675,-11001.643456801126,-13655.287564073426,-8567.956149374975,-51407.73101434513,38223.064206146286
CASE_Q,10507,E2-P1-V-040,A-V-0507,SOL2_1_beam_0131,beam,P1,635,649,10369.667319583645,1285.535040827793,-5924.344697198482,11451.308323386913,41407.16413880576,1160.7214000289302,-10369.667319583645,-1285.535040827793,5924.344697198482,-11451.308323386913,-16770.70352499085,4185.191949005189
CASE_Q,10508,E2-P1-V-036,A-V-0508,SOL2_1_beam_0132,beam,P1,635,650,-24190.134581880367,4812.331219028316,18096.170687912043,-4430.994623948913,-42481.9139217074,13021.464699821361,24190.134581880367,-4812.331219028316,-18096.170687912043,4430.994623948913,-26554.977252677087,5337.57890077167
CASE_Q,10509,E2-P1-V-044,A-V-0509,SOL2_1_beam_0133,beam,P1,651,20,3630.6897960895217,-9797.994298051895,-11477.963697198307,-6687.429576984194,-9526.916502216161,-11202.690617831522,-3630.6897960895217,9797.994298051895,11477.963697198307,6687.429576984194,49275.321881937634,-22727.94895739466
CASE_Q,10510,E2-P1-V-043,A-V-0510,SOL2_1_beam_0134,beam,P1,652,20,-1243.1536576187423,69.50254277315351,-7429.378882405686,6438.373687202545,-5623.786057059126,-5171.252610687407,1243.1536576187423,-69.50254277315351,7429.378882405686,-6438.373687202545,31351.86564747336,5411.9412308947585
CASE_Q,10511,E2-P1-V-038,A-V-0511,SOL2_1_beam_0135,beam,P1,652,653,-38.45267034876464,1244.501109699176,4094.125882405586,-5044.890086835362,-6901.355617803252,5171.252610687416,38.45267034876464,-1244.501109699176,-4094.125882405586,5044.890086835362,-11460.798964785807,410.33486631338974
CASE_Q,10512,E2-P1-V-034,A-V-0512,SOL2_1_beam_0136,beam,P1,654,655,-13359.072685993147,1964.9815333873385,2502.2523416000754,-2194.2502496369852,7003.062848742156,4030.6800629500494,13359.072685993147,-1964.9815333873385,-2502.2523416000754,2194.2502496369852,-17474.988898338474,4192.767654275963
CASE_Q,10513,E2-P1-V-042,A-V-0513,SOL2_1_beam_0137,beam,P1,656,17,1236.4913774551003,146.11876462382938,-4713.001117594121,3466.531962485864,5365.365037518559,-5158.106599815845,-1236.4913774551003,-146.11876462382938,4713.001117594121,-3466.531962485864,10955.846975282848,5664.1186454254475
CASE_Q,10514,E2-P1-V-041,A-V-0514,SOL2_1_beam_0138,beam,P1,657,17,48223.98286828382,-9310.76190010361,-19806.87181650142,-4564.92893421617,33093.463630872095,-17072.141818138676,-48223.98286828382,9310.76190010361,19806.87181650142,4564.92893421617,47344.142516868815,-20739.755264568546
CASE_Q,10515,E2-P1-V-023,A-V-0515,SOL2_1_beam_0139,beam,P1,657,658,31322.36212692985,3082.3350090493927,-1140.9734895667527,3187.407945953785,25693.29564584109,3918.9155681281886,-31322.36212692985,-3082.3350090493927,1140.9734895667527,-3187.407945953785,-21414.64505996577,7639.840715807034
CASE_Q,10516,E2-P1-V-024,A-V-0516,SOL2_1_beam_0140,beam,P1,657,659,9717.419190240358,-8027.766494406908,3087.5537829754066,8954.563624135786,-292.8508114973183,-10661.017573726014,-9717.419190240358,8027.766494406908,-3087.5537829754066,-8954.563624135786,-9607.803350735538,-15081.08939604796
CASE_Q,10517,E2-P1-V-015,A-V-0517,SOL2_1_beam_0141,beam,P1,658,660,-19885.151848046913,7190.181137728421,6779.545188608703,1147.649112167682,-2556.4483407886237,21374.84969501432,19885.151848046913,-7190.181137728421,-6779.545188608703,-1147.649112167682,-27375.2436669188,10369.80002805666
CASE_Q,10518,E2-P1-V-019,A-V-0518,SOL2_1_beam_0142,beam,P1,659,660,10836.098875036276,6438.34076279677,-4419.310217024586,-6022.397792052307,11671.538877088344,15081.089396048026,-10836.098875036276,-6438.34076279677,4419.310217024586,6022.397792052307,5395.368581273504,9783.099942991535
CASE_Q,10519,E2-P1-V-032,A-V-0519,SOL2_1_beam_0143,beam,P1,21,654,-1333.7410543700155,-3822.869697128742,10284.301814906892,-5145.128164447898,-20939.25412667148,-3727.395485474105,1333.7410543700155,3822.869697128742,-10284.301814906892,5145.128164447898,-14675.477577533675,-9511.274582145727
CASE_Q,10520,E2-P1-V-031,A-V-0520,SOL2_1_beam_0144,beam,P1,21,654,-1333.7410543700155,-3822.869697128742,10284.301814906892,-5145.128164447898,-20939.25412667148,-3727.395485474105,1333.7410543700155,3822.869697128742,-10284.301814906892,5145.128164447898,-14675.477577533675,-9511.274582145727
CASE_Q,10521,E2-P1-V-017,A-V-0521,SOL2_1_beam_0145,beam,P1,21,661,-749.7285249822451,-1985.2858439090303,12099.436930450584,5243.994971109127,-29946.7441951966,-2777.548979186036,749.7285249822451,1985.2858439090303,-12099.436930450584,-5243.994971109127,-4546.679394787647,-2882.161134167425
CASE_Q,10522,E2-P1-V-021,A-V-0522,SOL2_1_beam_0146,beam,P1,21,661,-749.7285249822451,-1985.2858439090303,12099.436930450584,5243.994971109127,-29946.7441951966,-2777.548979186036,749.7285249822451,1985.2858439090303,-12099.436930450584,-5243.994971109127,-4546.679394787647,-2882.161134167425
CASE_Q,10523,E2-P1-V-046,A-V-0523,SOL2_1_beam_0147,beam,P1,633,22,4.808909735134591e-09,1.1331356949269888e-10,-7649.183999999802,2084.7218579803166,-23974.301366773565,3.718890195170752e-11,-4.808909735134591e-09,-1.1331356949269888e-10,7649.183999999802,-2084.7218579803166,50463.570236850785,3.5521813243527513e-10
CASE_Q,10524,E2-P1-V-045,A-V-0524,SOL2_1_beam_0148,beam,P1,635,22,-8819.183384432525,-10045.258951301195,-30366.115014587616,3336.748802633188,-34480.29859130834,-24483.528678522947,8819.183384432525,10045.258951301195,30366.115014587616,-3336.748802633188,157800.00411620855,-16311.23137559438
CASE_Q,10525,E2-P1-V-047,A-V-0525,SOL2_1_beam_0149,beam,P1,17,20,3408.0831813776485,3724.5999364399586,-480.7790772421418,-6292.2465150600465,2219.69206887475,16614.843783546647,-3408.0831813776485,-3724.5999364399586,480.7790772421418,6292.2465150600465,2059.2417185803115,16534.095650768988
CASE_Q,10526,E2-P1-V-049,A-V-0526,SOL2_1_beam_0150,beam,P1,17,20,3408.0831813776485,3724.5999364399586,-480.7790772421418,-6292.2465150600465,2219.69206887475,16614.843783546647,-3408.0831813776485,-3724.5999364399586,480.7790772421418,6292.2465150600465,2059.2417185803115,16534.095650768988
CASE_Q,10527,E2-P1-V-048,A-V-0527,SOL2_1_beam_0151,beam,P1,20,22,2735.1465513271037,794.901380238936,-516.8713178169224,-3827.3002412701803,2094.060670345073,1397.7181700498038,-2735.1465513271037,-794.901380238936,516.8713178169224,3827.3002412701803,1653.2563838276149,4365.316836682482
CASE_Q,10528,E2-P1-V-050,A-V-0528,SOL2_1_beam_0152,beam,P1,20,22,2735.1465513271037,794.901380238936,-516.8713178169224,-3827.3002412701803,2094.060670345073,1397.7181700498038,-2735.1465513271037,-794.901380238936,516.8713178169224,3827.3002412701803,1653.2563838276149,4365.316836682482
CASE_Q,10529,E2-P1-V-068,A-V-0529,SOL2_1_beam_0153,beam,P1,636,23,-110.404590641442,-1394.593822867138,-32162.526364811347,-1623.0685198750252,7967.209508344982,2465.394138752521,110.404590641442,1394.593822867138,32162.526364811347,1623.0685198750252,162767.03989426102,-9868.572821545285
CASE_Q,10530,E2-P1-V-067,A-V-0530,SOL2_1_beam_0154,beam,P1,637,23,17752.447246519372,-10252.200843951252,-32495.72549480718,-6615.415056781309,12256.183986156699,-25164.373605235276,-17752.447246519372,10252.200843951252,32495.72549480718,6615.415056781309,160246.84759220775,-29259.268243120117
CASE_Q,10531,E2-P1-V-006,A-V-0531,SOL2_1_beam_0155,beam,P1,281,662,1073.8489553717689,-920.8630392277674,1403.5205443884124,-9758.781988594497,-4392.100412733873,490.8325388411438,-1073.8489553717689,920.8630392277674,-1403.5205443884124,9758.781988594497,1047.5677917480775,-2685.2118704949216
CASE_Q,10532,E2-P1-V-003,A-V-0532,SOL2_1_beam_0156,beam,P1,281,662,1073.8489553717689,-920.8630392277674,1403.5205443884124,-9758.781988594497,-4392.100412733873,490.8325388411438,-1073.8489553717689,920.8630392277674,-1403.5205443884124,9758.781988594497,1047.5677917480775,-2685.2118704949216
CASE_Q,10533,E2-P1-V-005,A-V-0533,SOL2_1_beam_0157,beam,P1,662,663,3189.8892829350284,1369.3002521525914,2086.1205795259093,-920.6816308684555,-9246.309780438532,3324.2232486112307,-3189.8892829350284,-1369.3002521525914,-2086.1205795259093,920.6816308684555,-6649.929035548894,7109.8446727915125
CASE_Q,10534,E2-P1-V-002,A-V-0534,SOL2_1_beam_0158,beam,P1,662,663,3189.8892829350284,1369.3002521525914,2086.1205795259093,-920.6816308684555,-9246.309780438532,3324.2232486112307,-3189.8892829350284,-1369.3002521525914,-2086.1205795259093,920.6816308684555,-6649.929035548894,7109.8446727915125
CASE_Q,10535,E2-P1-V-004,A-V-0535,SOL2_1_beam_0159,beam,P1,663,282,13.425881539912957,-3940.980271807611,-1442.4947879124181,1696.9193480718222,9933.782953787488,-9965.199316047236,-13.425881539912957,3940.980271807611,1442.4947879124181,-1696.9193480718222,-6135.4840817141885,-411.9757328367714
CASE_Q,10536,E2-P1-V-001,A-V-0536,SOL2_1_beam_0160,beam,P1,663,282,13.425881539912957,-3940.980271807611,-1442.4947879124181,1696.9193480718222,9933.782953787488,-9965.199316047236,-13.425881539912957,3940.980271807611,1442.4947879124181,-1696.9193480718222,-6135.4840817141885,-411.9757328367714
CASE_Q,10537,E2-P1-V-011,A-V-0537,SOL2_1_beam_0161,beam,P1,662,661,-2333.9549625929176,1788.7771097750422,-5431.562535137492,6100.354770302728,9270.248712972498,-639.0113781164055,2333.9549625929176,-1788.7771097750422,5431.562535137492,-6100.354770302728,7375.961929405792,6121.109829336067
CASE_Q,10538,E2-P1-V-010,A-V-0538,SOL2_1_beam_0162,beam,P1,662,661,-2333.9549625929176,1788.7771097750422,-5431.562535137492,6100.354770302728,9270.248712972498,-639.0113781164055,2333.9549625929176,-1788.7771097750422,5431.562535137492,-6100.354770302728,7375.961929405792,6121.109829336067
CASE_Q,10539,E2-P1-V-018,A-V-0539,SOL2_1_beam_0163,beam,P1,661,664,2944.0081997830957,188.97393691131694,1242.6977906260495,-6402.543302808458,-551.5270760358467,-6477.897390338654,-2944.0081997830957,-188.97393691131694,-1242.6977906260495,6402.543302808458,-4562.174332390347,7255.525140728723
CASE_Q,10540,E2-P1-V-022,A-V-0540,SOL2_1_beam_0164,beam,P1,665,634,3445.1489363017113,472.4517299146879,-3141.47502387447,-1646.8232646259428,5965.766858837319,2353.2799203019877,-3445.1489363017113,-472.4517299146879,3141.47502387447,1646.8232646259428,6018.96035724379,-550.8765706774525
CASE_Q,10541,E2-P1-V-028,A-V-0541,SOL2_1_beam_0165,beam,P1,665,650,236.22586495770858,-1722.5744681510903,-5399.304988062843,2982.8834294186336,823.4116323130511,-1176.6399601510152,-236.22586495770858,1722.5744681510903,5399.304988062843,-2982.8834294186336,16184.399080084906,-4249.46961452492
CASE_Q,10542,E2-P1-V-027,A-V-0542,SOL2_1_beam_0166,beam,P1,665,650,236.22586495770858,-1722.5744681510903,-5399.304988062843,2982.8834294186336,823.4116323130511,-1176.6399601510152,-236.22586495770858,1722.5744681510903,5399.304988062843,-2982.8834294186336,16184.399080084906,-4249.46961452492
CASE_Q,10543,E2-P1-V-039,A-V-0543,SOL2_1_beam_0167,beam,P1,649,651,10075.684866804317,2768.2440508192876,-10151.892697198764,8911.771441138,18247.44609038008,-4185.191949005281,-10075.684866804317,-2768.2440508192876,10151.892697198764,-8911.771441138,7487.601897018791,11202.690617832175
CASE_Q,10544,E2-P1-V-035,A-V-0544,SOL2_1_beam_0168,beam,P1,650,654,-20744.98564557893,5284.782948943051,-5184.504288213601,27937.803536220723,32520.744111514297,3161.3603282781414,20744.98564557893,-5284.782948943051,5184.504288213601,-27937.803536220723,-14711.971881500584,14991.869101341235
CASE_Q,10545,E2-P1-V-009,A-V-0545,SOL2_1_beam_0169,beam,P1,663,660,5615.660723653901,-3090.6912691834295,-1152.1851325616283,-3377.2433968733435,3424.1814213253083,2855.3546432550083,-5615.660723653901,3090.6912691834295,1152.1851325616283,3377.2433968733435,106.94176681118188,-12327.453613774278
CASE_Q,10546,E2-P1-V-008,A-V-0546,SOL2_1_beam_0170,beam,P1,663,660,5615.660723653901,-3090.6912691834295,-1152.1851325616283,-3377.2433968733435,3424.1814213253083,2855.3546432550083,-5615.660723653901,3090.6912691834295,1152.1851325616283,3377.2433968733435,106.94176681118188,-12327.453613774278
CASE_Q,10547,E2-P1-V-026,A-V-0547,SOL2_1_beam_0171,beam,P1,666,655,3724.4888972185977,-6230.055996537114,694.0415676536245,6743.4854704104155,1184.5016586597576,-7242.005358471644,-3724.4888972185977,6230.055996537114,-694.0415676536245,-6743.4854704104155,-3370.7325967686747,-12382.671030620266
CASE_Q,10548,E2-P1-V-025,A-V-0548,SOL2_1_beam_0172,beam,P1,666,655,3724.4888972185977,-6230.055996537114,694.0415676536245,6743.4854704104155,1184.5016586597576,-7242.005358471644,-3724.4888972185977,6230.055996537114,-694.0415676536245,-6743.4854704104155,-3370.7325967686747,-12382.671030620266
CASE_Q,10549,E2-P1-V-016,A-V-0549,SOL2_1_beam_0173,beam,P1,660,21,-17689.56070066319,3561.676763522781,-18057.021293539045,-5250.985813654254,27578.181499346643,4502.007256500332,17689.56070066319,-3561.676763522781,18057.021293539045,5250.985813654254,58994.314088135005,12574.07859850388
CASE_Q,10550,E2-P1-V-020,A-V-0550,SOL2_1_beam_0174,beam,P1,666,21,12929.478973663163,6600.775297763438,-13179.047135307123,-1463.5942236970461,13615.00840338986,14484.010716943107,-12929.478973663163,-6600.775297763438,13179.047135307123,1463.5942236970461,45625.10166257476,15186.621093199055
CASE_Q,10551,E2-P1-V-037,A-V-0551,SOL2_1_beam_0175,beam,P1,653,656,-38.452670348858945,1244.5011096992007,-1977.0641175942737,-5044.890086835361,11460.79896478579,-410.3348663133929,38.452670348858945,-1244.5011096992007,1977.0641175942737,5044.890086835361,-3918.2993561636376,5158.106599815843
CASE_Q,10552,E2-P1-V-033,A-V-0552,SOL2_1_beam_0176,beam,P1,655,657,-898.9606929205638,9413.959327826304,-10580.723523092578,-8935.715443174377,30961.959839159437,20572.57440696439,898.9606929205638,-9413.959327826304,10580.723523092578,8935.715443174377,18926.15157222208,23814.243823736637
CASE_Q,10553,E2-P1-V-014,A-V-0553,SOL2_1_beam_0177,beam,P1,667,632,0.0,-5.724587470723465e-11,-1248.368999999664,-0.0,-2.9262992029543966e-10,-2.775557561562898e-12,0.0,5.724587470723465e-11,1248.368999999664,0.0,1997.3903999997553,-8.881784197001255e-11
CASE_Q,10554,E2-P1-V-012,A-V-0554,SOL2_1_beam_0178,beam,P1,277,664,122.25618158124387,-2947.5326724703045,6637.3082093742,4705.994809495163,-13632.722840017628,-1595.2377027264583,-122.25618158124387,2947.5326724703045,-6637.3082093742,-4705.994809495163,-6297.587493355059,-7255.525140728619
CASE_Q,10555,E2-P1-V-013,A-V-0555,SOL2_1_beam_0179,beam,P1,658,668,0.0,-3.3827107781547745e-11,1248.3690000000483,-0.0,-1997.390400000048,-6.245004513516507e-11,0.0,3.3827107781547745e-11,-1248.3690000000483,0.0,-2.9331204132176936e-11,8.326672684688674e-12
CASE_Q,10556,E2-P1-V-007,A-V-0556,SOL2_1_beam_0180,beam,P1,658,276,27195.07441176554,-11185.917072783006,-20725.262678175568,296.23856213316935,25220.670769028933,-29014.690410821233,-27195.07441176554,11185.917072783006,20725.262678175568,-296.23856213316935,38504.80732657993,-5379.465382029759
CASE_Q,10557,E2-P2-V-030,A-V-0557,SOL2_2_beam_0181,beam,P2,669,670,0.0,-4.9284573427672436e-11,-5072.961000000205,9.635668787121112e-12,-1997.390400000324,1.3679989452852507e-10,0.0,4.9284573427672436e-11,5072.961000000205,-9.635668787121112e-12,24064.77075000121,-3.5118778893890014e-10
CASE_Q,10558,E2-P2-V-029,A-V-0558,SOL2_2_beam_0182,beam,P2,671,672,-1063.1738825930693,5666.971411885227,-10992.32616465281,6802.734263756924,-1777.949473481105,430.209285951325,1063.1738825930693,-5666.971411885227,10992.32616465281,-6802.734263756924,36403.77689213745,17420.75066148714
CASE_Q,10559,E2-P2-V-056,A-V-0559,SOL2_2_beam_0183,beam,P2,30,673,23129.5205352232,-2913.97561853812,-42287.92859983861,-92.28248348629543,207528.51650396222,-8044.332212030056,-23129.5205352232,2913.97561853812,42287.92859983861,92.28248348629543,-8370.779223235993,-5679.224601804319
CASE_Q,10560,E2-P2-V-055,A-V-0560,SOL2_2_beam_0184,beam,P2,30,674,47626.77203526598,739.5883376809035,-49447.32501244726,3798.2965617976806,222331.50185305852,4709.81163906106,-47626.77203526598,-739.5883376809035,49447.32501244726,-3798.2965617976806,10543.876301577286,-1226.672484964386
CASE_Q,10561,E2-P2-V-078,A-V-0561,SOL2_2_beam_0185,beam,P2,31,675,-16758.092327712682,563.5622248621142,15557.620735579054,-5987.693950269971,-76467.0632689308,7771.615753480081,16758.092327712682,-563.5622248621142,-15557.620735579054,5987.693950269971,-6120.313998970894,-4779.954826036014
CASE_Q,10562,E2-P2-V-077,A-V-0562,SOL2_2_beam_0186,beam,P2,31,676,102751.53795573926,8827.561781548187,13871.305708528398,-500.44674062413816,-76338.86505192099,24749.102149505423,-102751.53795573926,-8827.561781548187,-13871.305708528398,500.44674062413816,11011.052848551873,16824.871519322245
CASE_Q,10563,E2-P2-V-072,A-V-0563,SOL2_2_beam_0187,beam,P2,31,27,111.25587911000294,2714.387372491313,-15792.43682417412,6524.57825872977,59278.99891906576,9364.927141118358,-111.25587911000294,-2714.387372491313,15792.43682417412,-6524.57825872977,55216.168056196606,10314.38130944366
CASE_Q,10564,E2-P2-V-070,A-V-0564,SOL2_2_beam_0188,beam,P2,31,27,111.25587911000294,2714.387372491313,-15792.43682417412,6524.57825872977,59278.99891906576,9364.927141118358,-111.25587911000294,-2714.387372491313,15792.43682417412,-6524.57825872977,55216.168056196606,10314.38130944366
CASE_Q,10565,E2-P2-V-076,A-V-0565,SOL2_2_beam_0189,beam,P2,27,677,-46277.59948661299,9228.213777191162,15965.06980228454,-2734.5628206958354,-74573.22820243138,26812.293255425026,46277.59948661299,-9228.213777191162,-15965.06980228454,2734.5628206958354,-615.3015418223367,16648.5769233813
CASE_Q,10566,E2-P2-V-075,A-V-0566,SOL2_2_beam_0190,beam,P2,27,678,-94218.67761615767,16406.902947570718,7469.68826467492,26892.64980776825,-46163.50674426506,44298.814241341715,94218.67761615767,-16406.902947570718,-7469.68826467492,-26892.64980776825,10984.526306080865,32970.55730302696
CASE_Q,10567,E2-P2-V-061,A-V-0567,SOL2_2_beam_0192,beam,P2,680,681,10322.422343366461,4345.993206026347,7550.563941709308,2746.894981652472,-61398.51036898386,17635.116865454824,-10322.422343366461,-4345.993206026347,-7550.563941709308,-2746.894981652472,-1271.170347203406,18436.626744563862
CASE_Q,10568,E2-P2-V-057,A-V-0568,SOL2_2_beam_0193,beam,P2,682,679,-34323.591531792605,2867.149514739875,-5246.734909052396,-4287.794455840318,32853.78658810015,11573.673093529887,34323.591531792605,-2867.149514739875,5246.734909052396,4287.794455840318,13842.15410246617,13943.957587655
CASE_Q,10569,E2-P2-V-083,A-V-0569,SOL2_2_beam_0195,beam,P2,678,684,-121.77366776786499,-1026.509064405477,-8608.943945443749,1453.3628083349506,26409.353381023306,-5340.194423848354,121.77366776786499,1026.509064405477,8608.943945443749,-1453.3628083349506,45231.33808000068,-3202.063445531533
CASE_Q,10570,E2-P2-V-080,A-V-0570,SOL2_2_beam_0196,beam,P2,678,683,-37272.0090658238,-3401.1611347261064,-10757.509302863213,-28072.98694314749,26445.1546118815,-15874.938006654716,37272.0090658238,3401.1611347261064,10757.509302863213,28072.98694314749,69296.67818360109,-14395.396092407631
CASE_Q,10571,E2-P2-V-081,A-V-0571,SOL2_2_beam_0197,beam,P2,677,676,2914.287234749829,-3174.6836255151848,831.9813316672705,5764.444580246128,-1912.337176354565,-10831.271187716791,-2914.287234749829,3174.6836255151848,-831.9813316672705,-5764.444580246128,-3620.338679232784,-10280.37492195919
CASE_Q,10572,E2-P2-V-084,A-V-0572,SOL2_2_beam_0198,beam,P2,677,676,2914.287234749829,-3174.6836255151848,831.9813316672705,5764.444580246128,-1912.337176354565,-10831.271187716791,-2914.287234749829,3174.6836255151848,-831.9813316672705,-5764.444580246128,-3620.338679232784,-10280.37492195919
CASE_Q,10573,E2-P2-V-088,A-V-0573,SOL2_2_beam_0199,beam,P2,677,128,-53116.973918302734,-772.0309387110059,14301.10713895101,-6339.652237295245,-11235.72094239753,5013.965452052177,53116.973918302734,772.0309387110059,-14301.10713895101,6339.652237295245,-64422.300535809176,-9098.287929697903
CASE_Q,10574,E2-P2-V-087,A-V-0574,SOL2_2_beam_0200,beam,P2,678,128,-89536.69961098996,-6879.694593494187,26836.141512977927,-30366.78381703045,-38616.245051133716,-11755.424872523565,89536.69961098996,6879.694593494187,-26836.141512977927,30366.78381703045,-103903.42823874395,-24780.819554595906
CASE_Q,10575,E2-P2-V-090,A-V-0575,SOL2_2_beam_0201,beam,P2,675,132,-16748.011142499312,-809.5576669056121,15557.6207355775,-6468.409915788547,5609.848077214003,4779.954826035908,16748.011142499312,809.5576669056121,-15557.6207355775,6468.409915788547,-78583.0202971476,-8577.192980452066
CASE_Q,10576,E2-P2-V-089,A-V-0576,SOL2_2_beam_0202,beam,P2,676,132,109737.67054777195,-1853.6066957194107,15535.268371864957,-8355.007005373605,1334.2715639106755,3735.878324596182,-109737.67054777195,1853.6066957194107,-15535.268371864957,8355.007005373605,-83839.39220281353,-13580.062563110827
CASE_Q,10577,E2-P2-V-071,A-V-0577,SOL2_2_beam_0203,beam,P2,27,26,13261.42538868017,-105.58531058925244,-10799.937203921425,-8828.860687410699,46532.79844568399,-640.3744045529332,-13261.42538868017,105.58531058925244,10799.937203921425,8828.860687410699,49586.64266921669,-299.3348596914135
CASE_Q,10578,E2-P2-V-069,A-V-0578,SOL2_2_beam_0204,beam,P2,27,26,13261.42538868017,-105.58531058925244,-10799.937203921425,-8828.860687410699,46532.79844568399,-640.3744045529332,-13261.42538868017,105.58531058925244,10799.937203921425,8828.860687410699,49586.64266921669,-299.3348596914135
CASE_Q,10579,E2-P2-V-074,A-V-0579,SOL2_2_beam_0205,beam,P2,26,683,427656.02157308045,19194.06896724619,-24898.225110616942,12722.92404699423,142567.11897312535,49786.22912246402,-427656.02157308045,-19194.06896724619,24898.225110616942,-12722.92404699423,-25307.31600998003,40609.48122078386
CASE_Q,10580,E2-P2-V-073,A-V-0580,SOL2_2_beam_0206,beam,P2,26,683,427656.02157308045,19194.06896724619,-24898.225110616942,12722.92404699423,142567.11897312535,49786.22912246402,-427656.02157308045,-19194.06896724619,24898.225110616942,-12722.92404699423,-25307.31600998003,40609.48122078386
CASE_Q,10581,E2-P2-V-086,A-V-0581,SOL2_2_beam_0208,beam,P2,684,130,-1033.4932147890863,21.01096060739098,-8608.943945443696,-44873.57673083863,-5860.743923899776,3202.063445532332,1033.4932147890863,-21.01096060739098,8608.943945443696,44873.57673083863,46241.299028146306,-3103.510794013566
CASE_Q,10582,E2-P2-V-085,A-V-0582,SOL2_2_beam_0209,beam,P2,683,32,852439.8340760431,-27402.35049821154,-60553.95952409768,-36237.579327314066,79151.8220512681,-66823.56634915934,-852439.8340760431,27402.35049821154,60553.95952409768,36237.579327314066,240423.73452889005,-77793.25938600334
CASE_Q,10583,E2-P2-V-063,A-V-0583,SOL2_2_beam_0210,beam,P2,26,679,386293.3099196161,-8718.462791463437,47046.18368429543,-7616.086083684984,-195657.0811327225,-25665.154823183475,-386293.3099196161,8718.462791463437,-47046.18368429543,7616.086083684984,-54086.82167783094,-20616.663456914495
CASE_Q,10584,E2-P2-V-064,A-V-0584,SOL2_2_beam_0211,beam,P2,26,681,4994.706749200988,-10024.617921453908,-7550.563941710292,1443.5663395348422,32899.52715632912,-28774.960307448808,-4994.706749200988,10024.617921453908,7550.563941710292,-1443.5663395348422,2660.3425183988584,-18436.62674456387
CASE_Q,10585,E2-P2-V-051,A-V-0585,SOL2_2_beam_0212,beam,P2,679,25,191936.66888214395,1631.0045849523049,20899.724387621685,17.93517124664458,24692.379593995356,3336.3529346296978,-191936.66888214395,-1631.0045849523049,-20899.724387621685,-17.93517124664458,-123120.98455634463,4344.968742470154
CASE_Q,10586,E2-P2-V-052,A-V-0586,SOL2_2_beam_0213,beam,P2,679,25,191936.66888214395,1631.0045849523049,20899.724387621685,17.93517124664458,24692.379593995356,3336.3529346296978,-191936.66888214395,-1631.0045849523049,-20899.724387621685,-17.93517124664458,-123120.98455634463,4344.968742470154
CASE_Q,10587,E2-P2-V-054,A-V-0587,SOL2_2_beam_0214,beam,P2,28,682,1028.0707005140334,-2175.5996594862345,-11161.389474669817,-4652.728033332717,58260.01934863512,-2785.8055406164353,-1028.0707005140334,2175.5996594862345,11161.389474669817,4652.728033332717,-5694.733077019584,-7460.321894758836
CASE_Q,10588,E2-P2-V-053,A-V-0588,SOL2_2_beam_0215,beam,P2,28,682,1028.0707005140334,-2175.5996594862345,-11161.389474669817,-4652.728033332717,58260.01934863512,-2785.8055406164353,-1028.0707005140334,2175.5996594862345,11161.389474669817,4652.728033332717,-5694.733077019584,-7460.321894758836
CASE_Q,10589,E2-P2-V-066,A-V-0589,SOL2_2_beam_0216,beam,P2,680,27,1793.017700961401,-11305.180946296668,-16751.69648660493,-15123.368580490402,-10959.440109762312,-21836.10947122072,-1793.017700961401,11305.180946296668,16751.69648660493,15123.368580490402,89852.63914667285,-31406.37204446687
CASE_Q,10590,E2-P2-V-065,A-V-0590,SOL2_2_beam_0217,beam,P2,680,27,1793.017700961401,-11305.180946296668,-16751.69648660493,-15123.368580490402,-10959.440109762312,-21836.10947122072,-1793.017700961401,11305.180946296668,16751.69648660493,15123.368580490402,89852.63914667285,-31406.37204446687
CASE_Q,10591,E2-P2-V-058,A-V-0591,SOL2_2_beam_0219,beam,P2,682,674,-38796.930449856474,1092.3560342268825,-17076.04404028658,7671.299622796042,41414.83329402065,3346.9706959879695,38796.930449856474,-1092.3560342268825,17076.04404028658,-7671.299622796042,82386.48599805705,4572.610552156928
CASE_Q,10592,E2-P2-V-062,A-V-0592,SOL2_2_beam_0220,beam,P2,680,674,33319.56239887983,6639.563947774948,25952.82903149702,19019.161755118235,-92069.90233214622,26037.102076986564,-33319.56239887983,-6639.563947774948,-25952.82903149702,-19019.161755118235,-96731.35472849381,22264.299598840975
CASE_Q,10593,E2-P2-V-040,A-V-0593,SOL2_2_beam_0221,beam,P2,672,686,15287.907931881831,2656.550275468868,-6249.806482130633,10126.323694982557,45974.36116054715,3552.0131995561846,-15287.907931881831,-2656.550275468868,6249.806482130633,-10126.323694982557,-19984.46369327324,7495.283940523649
CASE_Q,10594,E2-P2-V-036,A-V-0594,SOL2_2_beam_0222,beam,P2,672,687,-39720.446482451116,9221.933609070331,21159.142293137596,-4849.475486826133,-49540.33222895935,23979.79155796139,39720.446482451116,-9221.933609070331,-21159.142293137596,4849.475486826133,-31181.79561936063,11201.885160641934
CASE_Q,10595,E2-P2-V-044,A-V-0595,SOL2_2_beam_0223,beam,P2,688,28,6093.677561253859,-14270.405813395051,-11803.425482130739,-4685.400073193118,-7571.319913620697,-19750.815302667885,-6093.677561253859,14270.405813395051,11803.425482130739,4685.400073193118,48446.80561040745,-29667.869942208472
CASE_Q,10596,E2-P2-V-043,A-V-0596,SOL2_2_beam_0224,beam,P2,689,28,-1268.151153736863,-133.84608379723508,-5753.507212034458,68.96226418613432,2103.4070434195364,-5259.960782999266,1268.151153736863,133.84608379723508,5753.507212034458,-68.96226418613432,17821.097254753062,4796.449263219909
CASE_Q,10597,E2-P2-V-038,A-V-0597,SOL2_2_beam_0225,beam,P2,689,690,-243.2023491902775,1251.78861642509,2418.254212034442,2101.4736446413885,113.51433859444387,5259.960782999257,243.2023491902775,-1251.78861642509,-2418.254212034442,-2101.4736446413885,-10959.384479568918,354.31116166727224
CASE_Q,10598,E2-P2-V-034,A-V-0598,SOL2_2_beam_0226,beam,P2,691,692,-20428.851569334263,1200.7039083568184,-1007.3430859027061,-3579.3582117311394,24021.634614112078,915.2252791554729,20428.851569334263,-1200.7039083568184,1007.3430859027061,3579.3582117311394,-19805.903799609252,4109.720577317813
CASE_Q,10599,E2-P2-V-042,A-V-0599,SOL2_2_beam_0227,beam,P2,693,25,1226.0141013146235,350.730019018213,-6388.872787965384,-2783.3255602124623,-2351.4320716280454,-5129.884733328892,-1226.0141013146235,-350.730019018213,6388.872787965384,2783.3255602124623,24476.219376671208,6344.469422961274
CASE_Q,10600,E2-P2-V-041,A-V-0600,SOL2_2_beam_0228,beam,P2,694,25,71745.7476772774,-6636.000460184634,-45378.6180786458,-8470.653081118657,6297.820841969398,-10556.49711899931,-71745.7476772774,6636.000460184634,45378.6180786458,8470.653081118657,177989.099493319,-16392.93721660613
CASE_Q,10601,E2-P2-V-023,A-V-0601,SOL2_2_beam_0229,beam,P2,694,695,54181.56301695735,2837.0095439598254,19563.457706582543,7423.383666580168,-7607.917056022372,1697.1797726299587,-54181.56301695735,-2837.0095439598254,-19563.457706582543,-7423.383666580168,-65755.04934366216,8941.606017219387
CASE_Q,10602,E2-P2-V-024,A-V-0602,SOL2_2_beam_0230,beam,P2,694,696,10271.420618800214,-9465.178383510236,4612.690197594163,11118.694246597403,1909.7417955573728,-14429.24247902914,-10271.420618800214,9465.178383510236,-4612.690197594163,-11118.694246597403,-16700.94985668189,-15922.1179655068
CASE_Q,10603,E2-P2-V-015,A-V-0603,SOL2_2_beam_0231,beam,P2,695,697,-26385.994871796887,7673.176969846797,4428.65100976999,-3580.06300363301,576.7688664076795,23548.562622825466,26385.994871796887,-7673.176969846797,-4428.65100976999,3580.06300363301,-20129.26307454219,10328.513699048144
CASE_Q,10604,E2-P2-V-019,A-V-0604,SOL2_2_beam_0232,beam,P2,696,697,12376.145327035845,6474.7749153213,-2894.173802405581,-11969.150539505814,16102.376322374805,15922.117965506599,-12376.145327035845,-6474.7749153213,2894.173802405581,11969.150539505814,-4925.383980043274,9082.776207301942
CASE_Q,10605,E2-P2-V-032,A-V-0605,SOL2_2_beam_0233,beam,P2,29,691,-3934.977831114673,-7180.190664068759,6806.449728153499,-5190.57188830303,-9085.729470766732,-7824.279890010041,3934.977831114673,7180.190664068759,-6806.449728153499,5190.57188830303,-14485.134676275187,-17040.85618711146
CASE_Q,10606,E2-P2-V-031,A-V-0606,SOL2_2_beam_0234,beam,P2,29,691,-3934.977831114673,-7180.190664068759,6806.449728153499,-5190.57188830303,-9085.729470766732,-7824.279890010041,3934.977831114673,7180.190664068759,-6806.449728153499,5190.57188830303,-14485.134676275187,-17040.85618711146
CASE_Q,10607,E2-P2-V-017,A-V-0607,SOL2_2_beam_0235,beam,P2,29,698,581.8893536668572,-1536.0289000727623,13732.801030244937,7802.042884120602,-36805.34672554199,-1326.148727667851,-581.8893536668572,1536.0289000727623,-13732.801030244937,-7802.042884120602,-2344.518324878205,-3052.8067395345633
CASE_Q,10608,E2-P2-V-021,A-V-0608,SOL2_2_beam_0236,beam,P2,29,698,581.8893536668572,-1536.0289000727623,13732.801030244937,7802.042884120602,-36805.34672554199,-1326.148727667851,-581.8893536668572,1536.0289000727623,-13732.801030244937,-7802.042884120602,-2344.518324878205,-3052.8067395345633
CASE_Q,10609,E2-P2-V-046,A-V-0609,SOL2_2_beam_0237,beam,P2,670,30,0.0,4.443669391870544e-10,-7649.184000000294,2084.7218579805008,-23974.301366775617,3.308529897772599e-10,0.0,-4.443669391870544e-10,7649.184000000294,-2084.7218579805008,50463.57023685454,1.2079981254658094e-09
CASE_Q,10610,E2-P2-V-045,A-V-0610,SOL2_2_beam_0238,beam,P2,672,30,-16504.701490237265,-18139.15514765485,-33486.76197565991,6565.815089728972,-38456.274286426225,-44952.555419004246,16504.701490237265,18139.15514765485,33486.76197565991,-6565.815089728972,174449.22642524913,-28712.29338383666
CASE_Q,10611,E2-P2-V-047,A-V-0611,SOL2_2_beam_0239,beam,P2,25,28,9016.22403336268,3746.4103204376975,-1197.290822723163,2548.4345160005296,5611.205311937682,16886.73581696847,-9016.22403336268,-3746.4103204376975,1197.290822723163,-2548.4345160005296,5044.683010298468,16456.316034927033
CASE_Q,10612,E2-P2-V-049,A-V-0612,SOL2_2_beam_0240,beam,P2,25,28,9016.22403336268,3746.4103204376975,-1197.290822723163,2548.4345160005296,5611.205311937682,16886.73581696847,-9016.22403336268,-3746.4103204376975,1197.290822723163,-2548.4345160005296,5044.683010298468,16456.316034927033
CASE_Q,10613,E2-P2-V-048,A-V-0613,SOL2_2_beam_0241,beam,P2,28,30,4195.646772711693,3998.316744875177,-1660.2721962362743,-7113.928828137395,5936.88992552158,13471.194209559431,-4195.646772711693,-3998.316744875177,1660.2721962362743,7113.928828137395,6100.083497191409,15516.602190785601
CASE_Q,10614,E2-P2-V-050,A-V-0614,SOL2_2_beam_0242,beam,P2,28,30,4195.646772711693,3998.316744875177,-1660.2721962362743,-7113.928828137395,5936.88992552158,13471.194209559431,-4195.646772711693,-3998.316744875177,1660.2721962362743,7113.928828137395,6100.083497191409,15516.602190785601
CASE_Q,10615,E2-P2-V-068,A-V-0615,SOL2_2_beam_0243,beam,P2,673,31,23312.06082076411,-117.44948560814478,-42287.92859983888,-1096.08314628765,8299.220601801499,5679.224601804344,-23312.06082076411,117.44948560814478,42287.92859983888,1096.08314628765,216185.56229086962,-6302.703290654115
CASE_Q,10616,E2-P2-V-067,A-V-0616,SOL2_2_beam_0244,beam,P2,674,31,36583.80250463003,-10518.525494650263,-40570.54002123646,-11999.580627606905,8575.009390294435,-25610.237666033383,-36583.80250463003,10518.525494650263,40570.54002123646,11999.580627606905,206793.04409578696,-30227.18426970519
CASE_Q,10617,E2-P2-V-006,A-V-0617,SOL2_2_beam_0245,beam,P2,301,699,1260.3406687978147,-1080.0967974671003,-99.02414392938519,-8495.878809157053,383.31905011581716,482.9230961557769,-1260.3406687978147,1080.0967974671003,99.02414392938519,8495.878809157053,-147.34852516611795,-3056.750025440325
CASE_Q,10618,E2-P2-V-003,A-V-0618,SOL2_2_beam_0246,beam,P2,301,699,1260.3406687978147,-1080.0967974671003,-99.02414392938519,-8495.878809157053,383.31905011581716,482.9230961557769,-1260.3406687978147,1080.0967974671003,99.02414392938519,8495.878809157053,-147.34852516611795,-3056.750025440325
CASE_Q,10619,E2-P2-V-005,A-V-0619,SOL2_2_beam_0247,beam,P2,699,700,3242.8824550995646,1424.277063666757,1634.0082010676506,264.4367737324,-8244.660065451153,3692.2762298023376,-3242.8824550995646,-1424.277063666757,-1634.0082010676506,-264.4367737324,-4206.4824266843425,7160.714995338349
CASE_Q,10620,E2-P2-V-002,A-V-0620,SOL2_2_beam_0248,beam,P2,699,700,3242.8824550995646,1424.277063666757,1634.0082010676506,264.4367737324,-8244.660065451153,3692.2762298023376,-3242.8824550995646,-1424.277063666757,-1634.0082010676506,-264.4367737324,-4206.4824266843425,7160.714995338349
CASE_Q,10621,E2-P2-V-004,A-V-0621,SOL2_2_beam_0249,beam,P2,700,302,-615.7134361150585,-3607.579853435586,-1618.8404802261248,9485.937585664606,8491.589414033542,-8675.350845124303,615.7134361150585,3607.579853435586,1618.8404802261248,-9485.937585664606,-4228.946649820783,-823.9323433087557
CASE_Q,10622,E2-P2-V-001,A-V-0622,SOL2_2_beam_0250,beam,P2,700,302,-615.7134361150585,-3607.579853435586,-1618.8404802261248,9485.937585664606,8491.589414033542,-8675.350845124303,615.7134361150585,3607.579853435586,1618.8404802261248,-9485.937585664606,-4228.946649820783,-823.9323433087557
CASE_Q,10623,E2-P2-V-011,A-V-0623,SOL2_2_beam_0251,beam,P2,699,698,-2507.6255152926838,1618.8996335841694,-6481.9948449970025,6433.364998862029,9386.098773319773,-635.5262043625917,2507.6255152926838,-1618.8996335841694,6481.9948449970025,-6433.364998862029,10479.391290470676,5596.99799727254
CASE_Q,10624,E2-P2-V-010,A-V-0624,SOL2_2_beam_0252,beam,P2,699,698,-2507.6255152926838,1618.8996335841694,-6481.9948449970025,6433.364998862029,9386.098773319773,-635.5262043625917,2507.6255152926838,-1618.8996335841694,6481.9948449970025,-6433.364998862029,10479.391290470676,5596.99799727254
CASE_Q,10625,E2-P2-V-018,A-V-0625,SOL2_2_beam_0253,beam,P2,698,701,5193.781173658333,1741.6890477150635,2408.561370495735,-7093.621131068461,-4448.258174990273,-5088.382515475181,-5193.781173658333,-1741.6890477150635,-2408.561370495735,7093.621131068461,-5462.971864599676,12255.432946822668
CASE_Q,10626,E2-P2-V-022,A-V-0626,SOL2_2_beam_0254,beam,P2,702,671,5666.971411886045,1063.17388258767,-3524.612164652893,-1777.9494734811003,6643.661144393857,4486.217648023321,-5666.971411886045,-1063.17388258767,3524.612164652893,1777.9494734811003,6802.734263756935,-430.20928595135774
CASE_Q,10627,E2-P2-V-028,A-V-0627,SOL2_2_beam_0255,beam,P2,702,687,531.5869412965346,-2833.485705943344,-5207.736417673557,3321.830572196891,888.9747367405289,-2243.1088240116665,-531.5869412965346,2833.485705943344,5207.736417673557,-3321.830572196891,15515.394978931177,-6682.3711497098675
CASE_Q,10628,E2-P2-V-027,A-V-0628,SOL2_2_beam_0256,beam,P2,702,687,531.5869412965346,-2833.485705943344,-5207.736417673557,3321.830572196891,888.9747367405289,-2243.1088240116665,-531.5869412965346,2833.485705943344,5207.736417673557,-3321.830572196891,15515.394978931177,-6682.3711497098675
CASE_Q,10629,E2-P2-V-039,A-V-0629,SOL2_2_beam_0257,beam,P2,686,688,14744.650430710242,4834.529136940926,-10477.35448213082,7136.961793306512,21236.40734785913,-7495.28394052373,-14744.650430710242,-4834.529136940926,10477.35448213082,-7136.961793306512,5323.686264342501,19750.81530266898
CASE_Q,10630,E2-P2-V-035,A-V-0630,SOL2_2_beam_0258,beam,P2,687,691,-34053.47507056482,10285.107491658033,-1738.3955422095646,26181.314471036254,37825.45676375433,2162.8571387778757,34053.47507056482,-10285.107491658033,1738.3955422095646,-26181.314471036254,-31854.068076264477,33166.48709506745
CASE_Q,10631,E2-P2-V-009,A-V-0631,SOL2_2_beam_0259,beam,P2,700,697,5332.053277928297,-3761.726653579778,-1427.9518187061647,-4125.2711086552235,9770.305748594938,1514.6358497834135,-5332.053277928297,3761.726653579778,1427.9518187061647,4125.2711086552235,-5394.035272543373,-13043.269433480647
CASE_Q,10632,E2-P2-V-008,A-V-0632,SOL2_2_beam_0260,beam,P2,700,697,5332.053277928297,-3761.726653579778,-1427.9518187061647,-4125.2711086552235,9770.305748594938,1514.6358497834135,-5332.053277928297,3761.726653579778,1427.9518187061647,4125.2711086552235,-5394.035272543373,-13043.269433480647
CASE_Q,10633,E2-P2-V-026,A-V-0633,SOL2_2_beam_0261,beam,P2,703,692,4169.3515823977505,-6681.917077060957,777.749955717379,9112.399244591006,2494.017825787966,-8148.306241826116,-4169.3515823977505,6681.917077060957,-777.749955717379,-9112.399244591006,-4943.93018629771,-12899.7325509159
CASE_Q,10634,E2-P2-V-025,A-V-0634,SOL2_2_beam_0262,beam,P2,703,692,4169.3515823977505,-6681.917077060957,777.749955717379,9112.399244591006,2494.017825787966,-8148.306241826116,-4169.3515823977505,6681.917077060957,-777.749955717379,-9112.399244591006,-4943.93018629771,-12899.7325509159
CASE_Q,10635,E2-P2-V-016,A-V-0635,SOL2_2_beam_0263,beam,P2,697,29,-24033.53110169757,4620.9101904318995,-19434.31243004775,-6511.496558014878,29941.38407462453,6675.248960610963,24033.53110169757,-4620.9101904318995,19434.31243004775,6511.496558014878,63234.3894787939,15479.220515174262
CASE_Q,10636,E2-P2-V-020,A-V-0636,SOL2_2_beam_0264,beam,P2,703,29,13890.566876263767,7428.202045274674,-13346.463911434726,-3760.582133330748,18517.067847020444,16296.612483651817,-13890.566876263767,-7428.202045274674,13346.463911434726,3760.582133330748,41475.58435213968,17093.320964221864
CASE_Q,10637,E2-P2-V-037,A-V-0637,SOL2_2_beam_0265,beam,P2,690,693,-243.20234918993452,1251.7886164250522,-3652.9357879654394,2101.473644641394,10959.384479568911,-354.31116166729225,243.20234918993452,-1251.7886164250522,3652.9357879654394,-2101.473644641394,2976.5655515192375,5129.884733328865
CASE_Q,10638,E2-P2-V-033,A-V-0638,SOL2_2_beam_0266,beam,P2,692,694,-7065.017415213667,9539.407073152071,-13922.902174467574,-13467.218584326516,38030.7022887911,21689.74452451345,7065.017415213667,-9539.407073152071,13922.902174467574,13467.218584326516,27615.78146382352,23288.559825398577
CASE_Q,10639,E2-P2-V-014,A-V-0639,SOL2_2_beam_0267,beam,P2,704,669,0.0,-2.0816681711721685e-11,-1248.368999999847,-0.0,-1.5620571502950042e-10,7.216449660063519e-11,0.0,2.0816681711721685e-11,1248.368999999847,0.0,1997.390399999911,-1.0547118733938988e-10
CASE_Q,10640,E2-P2-V-012,A-V-0640,SOL2_2_beam_0268,beam,P2,297,701,1623.6252903154148,-5231.891105082715,5471.444629503967,5622.211314292812,-9461.40123380475,-3454.7329917485627,-1623.6252903154148,5231.891105082715,-5471.444629503967,-5622.211314292812,-6968.088854340633,-12255.432946822806
CASE_Q,10641,E2-P2-V-013,A-V-0641,SOL2_2_beam_0269,beam,P2,695,705,0.0,2.3418766925686893e-11,1248.369000000118,-0.0,-1997.390400000093,-3.191891195797326e-11,0.0,-2.3418766925686893e-11,-1248.369000000118,0.0,-9.57243173616007e-11,6.938893903907228e-11
CASE_Q,10642,E2-P2-V-007,A-V-0642,SOL2_2_beam_0270,beam,P2,695,296,50500.71994550351,-12932.979844709484,2330.062696812608,-7194.382448327068,64134.31945435594,-32490.168640045267,-50500.71994550351,12932.979844709484,-2330.062696812608,7194.382448327068,-71298.73332224319,-7275.808592796035
CASE_Q,10643,E2-P3-V-030,A-V-0643,SOL2_3_beam_0271,beam,P3,706,707,0.0,6.0549618782569e-11,-5072.960999999995,5.738890968800074e-12,-1997.3904000001967,2.5930726276302515e-10,0.0,-6.0549618782569e-11,5072.960999999995,-5.738890968800074e-12,24064.77075000017,4.083578941150008e-12
CASE_Q,10644,E2-P3-V-029,A-V-0644,SOL2_3_beam_0272,beam,P3,708,709,-1895.2632395602145,6667.7512679386455,-10187.73425954943,4593.466453592898,-1035.829696182278,-564.1003891152341,1895.2632395602145,-6667.7512679386455,10187.73425954943,-4593.466453592898,33127.192613762985,21567.516883121967
CASE_Q,10645,E2-P3-V-056,A-V-0645,SOL2_3_beam_0273,beam,P3,38,710,-171235.78108846207,9990.021547419707,-35268.653117235015,-198.81536515632584,164083.88378445886,22643.416468253774,171235.78108846207,-9990.021547419707,35268.653117235015,198.81536515632584,2016.1212130468193,24405.236720623427
CASE_Q,10646,E2-P3-V-055,A-V-0646,SOL2_3_beam_0274,beam,P3,38,711,-133583.02469730488,-15727.65527636709,-43710.33173451114,6227.264915416007,182982.19674106868,-35779.94083230643,133583.02469730488,15727.65527636709,43710.33173451114,-6227.264915416007,22874.44018269838,-38290.469832937146
CASE_Q,10647,E2-P3-V-078,A-V-0647,SOL2_3_beam_0275,beam,P3,39,712,-276692.90660200844,11547.874042424699,9163.844699638541,-4300.5866363007035,-58584.27854345759,39365.14803376596,276692.90660200844,-11547.874042424699,-9163.844699638541,4300.5866363007035,9938.157629690453,21936.55396767704
CASE_Q,10648,E2-P3-V-077,A-V-0648,SOL2_3_beam_0276,beam,P3,39,713,-133481.16536118803,8458.315937375717,8480.531454076865,-3258.3385884656773,-60833.164940316456,22352.085200249792,133481.16536118803,-8458.315937375717,-8480.531454076865,3258.3385884656773,20893.5530639754,17482.90126204958
CASE_Q,10649,E2-P3-V-072,A-V-0649,SOL2_3_beam_0277,beam,P3,39,35,-5571.5567587785445,-4292.665025085764,-11130.586836992388,9589.416303532127,40347.382997799235,-14769.078071468784,5571.5567587785445,4292.665025085764,11130.586836992388,-9589.416303532127,40349.371570395575,-16352.743360403005
CASE_Q,10650,E2-P3-V-070,A-V-0650,SOL2_3_beam_0278,beam,P3,39,35,-5571.5567587785445,-4292.665025085764,-11130.586836992388,9589.416303532127,40347.382997799235,-14769.078071468784,5571.5567587785445,4292.665025085764,11130.586836992388,-9589.416303532127,40349.371570395575,-16352.743360403005
CASE_Q,10651,E2-P3-V-076,A-V-0651,SOL2_3_beam_0279,beam,P3,35,714,-158315.42007723558,7312.560746621753,6958.201130310072,-4504.972516903085,-34512.970847304874,18195.801961565907,158315.42007723558,-7312.560746621753,-6958.201130310072,4504.972516903085,1742.8721799032428,16243.176258582851
CASE_Q,10652,E2-P3-V-075,A-V-0652,SOL2_3_beam_0280,beam,P3,35,715,249608.54957847283,-2553.7757399721127,586.7697991252128,26932.732212962757,-11235.854715490372,-3975.1926703338636,-249608.54957847283,2553.7757399721127,-586.7697991252128,-26932.732212962757,8472.42436154086,-8051.979497593028
CASE_Q,10653,E2-P3-V-061,A-V-0653,SOL2_3_beam_0282,beam,P3,717,718,1032.4049947209078,724.878658722573,8838.79274686137,1835.6695479241907,-69089.17659880298,3800.114746321801,-1032.4049947209078,-724.878658722573,-8838.79274686137,-1835.6695479241907,-4272.803200146394,2216.378121075557
CASE_Q,10654,E2-P3-V-057,A-V-0654,SOL2_3_beam_0283,beam,P3,719,716,20049.08502019592,267.8554990084947,-2658.9927643097717,-2841.811161530491,18285.52890807939,499.287784563836,-20049.08502019592,-267.8554990084947,2658.9927643097717,2841.811161530491,5379.506694277583,1884.6261566117666
CASE_Q,10655,E2-P3-V-083,A-V-0655,SOL2_3_beam_0285,beam,P3,715,721,-20743.710414517474,-9529.97496578245,-4652.996546319966,4165.286199967155,12466.209527178062,-34270.46735658898,20743.710414517474,9529.97496578245,4652.996546319966,-4165.286199967155,26254.438679683586,-45034.729713051325
CASE_Q,10656,E2-P3-V-080,A-V-0656,SOL2_3_beam_0286,beam,P3,715,720,77405.82298290292,-1764.472883329596,-12758.212195081951,-31416.864524308567,39212.07497675841,-7618.3225884880885,-77405.82298290292,1764.472883329596,12758.212195081951,31416.864524308567,74336.01355947096,-8085.486073145317
CASE_Q,10657,E2-P3-V-081,A-V-0657,SOL2_3_beam_0287,beam,P3,714,713,-8574.154075247252,-8237.891543757638,-363.04504539950915,5729.5836231216435,1077.7414336431991,-27221.504686039356,8574.154075247252,8237.891543757638,363.04504539950915,-5729.5836231216435,1336.5081182635367,-27560.474079948945
CASE_Q,10658,E2-P3-V-084,A-V-0658,SOL2_3_beam_0288,beam,P3,714,713,-8574.154075247252,-8237.891543757638,-363.04504539950915,5729.5836231216435,1077.7414336431991,-27221.504686039356,8574.154075247252,8237.891543757638,363.04504539950915,-5729.5836231216435,1336.5081182635367,-27560.474079948945
CASE_Q,10659,E2-P3-V-088,A-V-0659,SOL2_3_beam_0289,beam,P3,714,164,-175216.23426287342,10389.586069194858,7684.29122111987,-1922.8579852431778,-13532.56472242562,38199.83311349589,175216.23426287342,-10389.586069194858,-7684.29122111987,1922.8579852431778,-27120.110948314552,16764.82929588447
CASE_Q,10660,E2-P3-V-087,A-V-0660,SOL2_3_beam_0290,beam,P3,715,164,264153.9185976913,15141.493492474323,17997.978540528962,-28967.577059477717,-35860.6820104753,49940.76944266842,-264153.9185976913,-15141.493492474323,-17997.978540528962,28967.577059477717,-59721.83756425395,30471.711040960785
CASE_Q,10661,E2-P3-V-090,A-V-0661,SOL2_3_beam_0291,beam,P3,712,166,-276709.98103906645,-11131.233179250201,9163.844699640333,-3472.976273907222,-10256.72746492731,-21936.553967675754,276709.98103906645,11131.233179250201,-9163.844699640333,3472.976273907222,-32726.375724774967,-30274.604127477018
CASE_Q,10662,E2-P3-V-089,A-V-0662,SOL2_3_beam_0292,beam,P3,713,166,-115736.45980742149,10320.23192290501,7754.4413632722135,-2733.60715105312,-8973.694907898427,37638.046897848326,115736.45980742149,-10320.23192290501,-7754.4413632722135,2733.60715105312,-32208.800614531276,17170.91806105684
CASE_Q,10663,E2-P3-V-071,A-V-0663,SOL2_3_beam_0293,beam,P3,35,34,-17799.062831187184,163.7266914292068,-8125.468483597055,-10736.937973723485,35752.86146476481,918.7205103719381,17799.062831187184,-163.7266914292068,8125.468483597055,10736.937973723485,36563.80803924898,538.4470433480025
CASE_Q,10664,E2-P3-V-069,A-V-0664,SOL2_3_beam_0294,beam,P3,35,34,-17799.062831187184,163.7266914292068,-8125.468483597055,-10736.937973723485,35752.86146476481,918.7205103719381,17799.062831187184,-163.7266914292068,8125.468483597055,10736.937973723485,36563.80803924898,538.4470433480025
CASE_Q,10665,E2-P3-V-074,A-V-0665,SOL2_3_beam_0295,beam,P3,34,720,-387466.7206051895,-4593.966635565615,-41445.195558469495,14223.69859520253,209154.7900842736,-8697.297090081798,387466.7206051895,4593.966635565615,41445.195558469495,-14223.69859520253,-13965.958616810909,-12938.286173882827
CASE_Q,10666,E2-P3-V-073,A-V-0666,SOL2_3_beam_0296,beam,P3,34,720,-387466.7206051895,-4593.966635565615,-41445.195558469495,14223.69859520253,209154.7900842736,-8697.297090081798,387466.7206051895,4593.966635565615,41445.195558469495,-14223.69859520253,-13965.958616810909,-12938.286173882827
CASE_Q,10667,E2-P3-V-086,A-V-0667,SOL2_3_beam_0298,beam,P3,721,165,-11508.948696271464,19714.6149979799,-4652.996546318496,-25722.599462011265,-6707.684878543641,45034.72971305136,11508.948696271464,-19714.6149979799,4652.996546318496,25722.599462011265,28532.729231158388,47437.367019122576
CASE_Q,10668,E2-P3-V-085,A-V-0668,SOL2_3_beam_0299,beam,P3,720,40,-776570.3532443837,6943.446750695322,-95648.60331202045,-40828.27378547742,59897.67586798535,33962.05842091027,776570.3532443837,-6943.446750695322,95648.60331202045,40828.27378547742,444891.04281835357,2682.2151720511793
CASE_Q,10669,E2-P3-V-063,A-V-0669,SOL2_3_beam_0300,beam,P3,34,716,-319388.1626348396,6677.674236137038,48383.65928310841,-4347.126662872884,-201072.59227794944,10280.085163079126,319388.1626348396,-6677.674236137038,-48383.65928310841,4347.126662872884,-55771.278049691624,25168.240180832796
CASE_Q,10670,E2-P3-V-064,A-V-0670,SOL2_3_beam_0301,beam,P3,34,718,789.170847622029,-984.1333833699433,-8838.792746861576,4381.057924216555,40067.103394656835,-2418.4617564948376,-789.170847622029,984.1333833699433,8838.792746861576,-4381.057924216555,1559.7632323588987,-2216.378121075599
CASE_Q,10671,E2-P3-V-051,A-V-0671,SOL2_3_beam_0302,beam,P3,716,33,-159713.04535059477,-5852.4292136923295,22862.333259399104,-2729.2451097563526,26176.64188451646,-13526.433168722315,159713.04535059477,5852.4292136923295,-22862.333259399104,2729.2451097563526,-133848.28037941293,-14035.961074419507
CASE_Q,10672,E2-P3-V-052,A-V-0672,SOL2_3_beam_0303,beam,P3,716,33,-159713.04535059477,-5852.4292136923295,22862.333259399104,-2729.2451097563526,26176.64188451646,-13526.433168722315,159713.04535059477,5852.4292136923295,-22862.333259399104,2729.2451097563526,-133848.28037941293,-14035.961074419507
CASE_Q,10673,E2-P3-V-054,A-V-0673,SOL2_3_beam_0304,beam,P3,36,719,-4584.839484494252,-8656.40487551563,-8722.981986528739,-5347.2105225125215,44456.97482033519,-20360.79960613037,4584.839484494252,8656.40487551563,8722.981986528739,5347.2105225125215,-3375.526466200663,-20407.099533770244
CASE_Q,10674,E2-P3-V-053,A-V-0674,SOL2_3_beam_0305,beam,P3,36,719,-4584.839484494252,-8656.40487551563,-8722.981986528739,-5347.2105225125215,44456.97482033519,-20360.79960613037,4584.839484494252,8656.40487551563,8722.981986528739,5347.2105225125215,-3375.526466200663,-20407.099533770244
CASE_Q,10675,E2-P3-V-066,A-V-0675,SOL2_3_beam_0306,beam,P3,717,35,-1679.4285552013257,1087.8285891876133,-17573.392065019478,-14141.518135849008,-12027.25540410135,3698.8921651242968,1679.4285552013257,-1087.8285891876133,17573.392065019478,14141.518135849008,94790.28296061556,1424.3069970289562
CASE_Q,10676,E2-P3-V-065,A-V-0676,SOL2_3_beam_0307,beam,P3,717,35,-1679.4285552013257,1087.8285891876133,-17573.392065019478,-14141.518135849008,-12027.25540410135,3698.8921651242968,1679.4285552013257,-1087.8285891876133,17573.392065019478,14141.518135849008,94790.28296061556,1424.3069970289562
CASE_Q,10677,E2-P3-V-058,A-V-0677,SOL2_3_beam_0309,beam,P3,719,711,3355.5461156880647,10521.74026107995,-14786.97120874736,4576.767211700685,28528.187357160925,40314.91128297664,-3355.5461156880647,-10521.74026107995,14786.97120874736,-4576.767211700685,78677.35390625743,35967.705609853
CASE_Q,10678,E2-P3-V-062,A-V-0678,SOL2_3_beam_0310,beam,P3,717,711,-1149.8323854336481,-2680.043169289108,26307.991383177443,19648.961186778542,-97736.06417770544,-11197.899076570404,1149.8323854336481,2680.043169289108,-26307.991383177443,-19648.961186778542,-93648.9227097098,-8298.839360864531
CASE_Q,10679,E2-P3-V-040,A-V-0679,SOL2_3_beam_0311,beam,P3,709,723,13954.73943769856,4157.867723593324,-4383.0652041224175,9256.947933998885,34935.11184403996,6973.351999327331,-13954.73943769856,-4157.867723593324,4383.0652041224175,-9256.947933998885,-16708.08104345067,10317.192296347926
CASE_Q,10680,E2-P3-V-036,A-V-0680,SOL2_3_beam_0312,beam,P3,709,724,-45477.72010457258,13791.452570987489,18157.567377661082,-3321.319180288949,-38489.30845610827,33976.40125649409,45477.72010457258,-13791.452570987489,-18157.567377661082,3321.319180288949,-30781.81108966878,18637.990301823196
CASE_Q,10681,E2-P3-V-044,A-V-0681,SOL2_3_beam_0313,beam,P3,725,36,7249.0228870490355,-12628.31279164629,-9936.68420412103,-3359.450955602201,-7067.002655598608,-25851.1270999673,-7249.0228870490355,12628.31279164629,9936.68420412103,3359.450955602201,41477.92799874868,-17880.95895174262
CASE_Q,10682,E2-P3-V-043,A-V-0682,SOL2_3_beam_0314,beam,P3,726,36,-157.3456491833323,-680.1148454447526,-5117.864020127474,-2256.823376389827,5472.106277769075,-629.453736890031,157.3456491833323,680.1148454447526,5117.864020127474,2256.823376389827,12251.153624156994,-1725.7968367028557
CASE_Q,10683,E2-P3-V-038,A-V-0683,SOL2_3_beam_0315,beam,P3,726,727,-691.1888068917925,97.83603394537637,1782.611020126798,5256.0266335340975,2722.385515499136,629.4537368900071,691.1888068917925,-97.83603394537637,-1782.611020126798,-5256.0266335340975,-10717.395940767827,-190.659124644994
CASE_Q,10684,E2-P3-V-034,A-V-0684,SOL2_3_beam_0316,beam,P3,728,729,-14038.372998703475,-1369.168799786026,215.70209765202912,-5417.398582077822,17461.807449011838,-6971.172152437422,14038.372998703475,1369.168799786026,-215.70209765202912,5417.398582077822,-18364.52072768558,1241.200725332902
CASE_Q,10685,E2-P3-V-042,A-V-0685,SOL2_3_beam_0317,beam,P3,730,33,37.59080682647281,697.0658416190543,-7024.515979874408,-5166.988932501091,-5725.164152213492,-182.58534485636392,-37.59080682647281,-697.0658416190543,7024.515979874408,5166.988932501091,30051.19585351025,2596.5375388151274
CASE_Q,10686,E2-P3-V-041,A-V-0686,SOL2_3_beam_0318,beam,P3,731,33,-39827.34377298207,9932.086368017732,-48457.07201542942,-8392.083549995037,3367.2915162883146,22418.060660270145,39827.34377298207,-9932.086368017732,48457.07201542942,8392.083549995037,193421.52551450272,17917.09467861428
CASE_Q,10687,E2-P3-V-023,A-V-0687,SOL2_3_beam_0319,beam,P3,731,732,-38862.33699479824,-527.9775063976565,22266.21084996113,7497.434947464693,-10265.8011703042,-8125.492720059085,38862.33699479824,527.9775063976565,-22266.21084996113,-7497.434947464693,-73232.48951705004,6145.577071067873
CASE_Q,10688,E2-P3-V-024,A-V-0688,SOL2_3_beam_0320,beam,P3,731,733,-1393.037088995419,-3530.1647196829176,5112.982428440709,10933.94252751797,1886.350353482636,-12219.809641258507,1393.037088995419,3530.1647196829176,-5112.982428440709,-10933.94252751797,-18281.812366384576,899.8643117184274
CASE_Q,10689,E2-P3-V-015,A-V-0689,SOL2_3_beam_0321,beam,P3,732,734,4870.244028366973,268.86951152032253,4719.329355641763,-4530.841817168101,-97.22070488106874,5329.732589670301,-4870.244028366973,-268.86951152032253,-4719.329355641763,4530.841817168101,-20738.618400277315,-4142.6736963080775
CASE_Q,10690,E2-P3-V-019,A-V-0690,SOL2_3_beam_0322,beam,P3,733,734,2852.989744608294,-2502.6115952464756,-2393.8815715588116,-13519.625653745323,16461.940492461716,-899.8643117192241,-2852.989744608294,2502.6115952464756,2393.8815715588116,13519.625653745323,-7217.023697374285,-8764.956305705495
CASE_Q,10691,E2-P3-V-032,A-V-0691,SOL2_3_beam_0323,beam,P3,37,728,-7422.905336088891,-13078.006974341197,9321.05573022118,-1605.6212646591239,-14148.198709672655,-19682.585844800877,7422.905336088891,13078.006974341197,-9321.05573022118,1605.6212646591239,-18130.79358425166,-25606.799667180272
CASE_Q,10692,E2-P3-V-031,A-V-0692,SOL2_3_beam_0324,beam,P3,37,728,-7422.905336088891,-13078.006974341197,9321.05573022118,-1605.6212646591239,-14148.198709672655,-19682.585844800877,7422.905336088891,13078.006974341197,-9321.05573022118,1605.6212646591239,-18130.79358425166,-25606.799667180272
CASE_Q,10693,E2-P3-V-017,A-V-0693,SOL2_3_beam_0325,beam,P3,37,735,4295.27259383848,2250.766761626679,15257.329019014927,8780.41589729,-44837.652712592244,5741.20680103873,-4295.27259383848,-2250.766761626679,-15257.329019014927,-8780.41589729,1341.619324446623,675.3439655228467
CASE_Q,10694,E2-P3-V-021,A-V-0694,SOL2_3_beam_0326,beam,P3,37,735,4295.27259383848,2250.766761626679,15257.329019014927,8780.41589729,-44837.652712592244,5741.20680103873,-4295.27259383848,-2250.766761626679,-15257.329019014927,-8780.41589729,1341.619324446623,675.3439655228467
CASE_Q,10695,E2-P3-V-046,A-V-0695,SOL2_3_beam_0327,beam,P3,707,38,-4.808909735134591e-09,5.132438147610478e-10,-7649.184000000029,2084.721857980402,-23974.301366774554,-1.025900743495372e-11,4.808909735134591e-09,-5.132438147610478e-10,7649.184000000029,-2084.721857980402,50463.57023685256,1.7876320455406987e-09
CASE_Q,10696,E2-P3-V-045,A-V-0696,SOL2_3_beam_0328,beam,P3,709,38,-23646.098346147275,-23919.728432151776,-31547.336433088185,4769.7857254013325,-32770.83405799861,-62517.270138943306,23646.098346147275,23919.728432151776,31547.336433088185,-4769.7857254013325,160887.59305579838,-34623.041193984674
CASE_Q,10697,E2-P3-V-047,A-V-0697,SOL2_3_beam_0329,beam,P3,33,36,5001.498675199956,292.80816463256207,-2288.0918119417197,6426.60186766158,10366.977130474897,1848.6033184692274,-5001.498675199956,-292.80816463256207,2288.0918119417197,-6426.60186766158,9997.039995806408,757.3893467605749
CASE_Q,10698,E2-P3-V-049,A-V-0698,SOL2_3_beam_0330,beam,P3,33,36,5001.498675199956,292.80816463256207,-2288.0918119417197,6426.60186766158,10366.977130474897,1848.6033184692274,-5001.498675199956,-292.80816463256207,2288.0918119417197,-6426.60186766158,9997.039995806408,757.3893467605749
CASE_Q,10699,E2-P3-V-048,A-V-0699,SOL2_3_beam_0331,beam,P3,36,38,14181.702638220953,11044.083356919702,-2479.919660880544,-6438.875035839627,9994.522563598732,41408.02939553987,-14181.702638220953,-11044.083356919702,2479.919660880544,6438.875035839627,7984.894977785211,38661.57494212797
CASE_Q,10700,E2-P3-V-050,A-V-0700,SOL2_3_beam_0332,beam,P3,36,38,14181.702638220953,11044.083356919702,-2479.919660880544,-6438.875035839627,9994.522563598732,41408.02939553987,-14181.702638220953,-11044.083356919702,2479.919660880544,6438.875035839627,7984.894977785211,38661.57494212797
CASE_Q,10701,E2-P3-V-068,A-V-0701,SOL2_3_beam_0333,beam,P3,710,39,-171197.24867512507,-10629.924814254942,-35268.65311723247,44.549496329962246,-2025.4104861723026,-24405.2367206234,171197.24867512507,10629.924814254942,35268.65311723247,-44.549496329962246,189248.48336018922,-32023.54669589347
CASE_Q,10702,E2-P3-V-067,A-V-0702,SOL2_3_beam_0334,beam,P3,711,39,-142111.29228637365,3280.6405634243856,-32189.311560083133,-11880.881167565654,-6128.093728089603,10621.603583948818,142111.29228637365,-3280.6405634243856,32189.311560083133,11880.881167565654,177004.53190523272,6793.623621859968
CASE_Q,10703,E2-P3-V-006,A-V-0703,SOL2_3_beam_0335,beam,P3,321,736,469.6593197241867,258.4284099295382,-1066.416921513712,-7845.859102617016,3713.731025807637,158.92764919892534,-469.6593197241867,-258.4284099295382,1066.416921513712,7845.859102617016,-1172.5026869463472,456.89678647077875
CASE_Q,10704,E2-P3-V-003,A-V-0704,SOL2_3_beam_0336,beam,P3,321,736,469.6593197241867,258.4284099295382,-1066.416921513712,-7845.859102617016,3713.731025807637,158.92764919892534,-469.6593197241867,-258.4284099295382,1066.416921513712,7845.859102617016,-1172.5026869463472,456.89678647077875
CASE_Q,10705,E2-P3-V-005,A-V-0705,SOL2_3_beam_0337,beam,P3,736,737,-5.371819100652432,-234.67091339644077,1328.9557482525674,1262.5638813681744,-6920.271758587855,-298.06345098668464,5.371819100652432,234.67091339644077,-1328.9557482525674,-1262.5638813681744,-3206.3710430967067,-1490.1289090941937
CASE_Q,10706,E2-P3-V-002,A-V-0706,SOL2_3_beam_0338,beam,P3,736,737,-5.371819100652432,-234.67091339644077,1328.9557482525674,1262.5638813681744,-6920.271758587855,-298.06345098668464,5.371819100652432,234.67091339644077,-1328.9557482525674,-1262.5638813681744,-3206.3710430967067,-1490.1289090941937
CASE_Q,10707,E2-P3-V-004,A-V-0707,SOL2_3_beam_0339,beam,P3,737,322,-442.8278282648122,2249.4661871456697,-2099.6179315263607,11775.618567439966,7438.569651315938,4937.178994888678,442.8278282648122,-2249.4661871456697,2099.6179315263607,-11775.618567439966,-1909.9698338823828,985.9931045873477
CASE_Q,10708,E2-P3-V-001,A-V-0708,SOL2_3_beam_0340,beam,P3,737,322,-442.8278282648122,2249.4661871456697,-2099.6179315263607,11775.618567439966,7438.569651315938,4937.178994888678,442.8278282648122,-2249.4661871456697,2099.6179315263607,-11775.618567439966,-1909.9698338823828,985.9931045873477
CASE_Q,10709,E2-P3-V-011,A-V-0709,SOL2_3_beam_0341,beam,P3,736,735,590.4776231549994,-382.79742804214453,-7144.3351697663375,6161.675785632434,9844.04267300168,-158.8333354840799,-590.4776231549994,382.79742804214453,7144.3351697663375,-6161.675785632434,12051.33409313758,-1014.3330561993556
CASE_Q,10710,E2-P3-V-010,A-V-0710,SOL2_3_beam_0342,beam,P3,736,735,590.4776231549994,-382.79742804214453,-7144.3351697663375,6161.675785632434,9844.04267300168,-158.8333354840799,-590.4776231549994,382.79742804214453,7144.3351697663375,-6161.675785632434,12051.33409313758,-1014.3330561993556
CASE_Q,10711,E2-P3-V-018,A-V-0711,SOL2_3_beam_0343,beam,P3,735,738,7191.61983502901,4280.203557698638,4132.936698496832,-7447.532740346191,-10725.168241183837,677.9781813531536,-7191.61983502901,-4280.203557698638,-4132.936698496832,7447.532740346191,-6281.866273130626,16935.059458576743
CASE_Q,10712,E2-P3-V-022,A-V-0712,SOL2_3_beam_0344,beam,P3,739,708,6667.75126793874,1895.2632395533997,-2720.0202595489764,-1035.8296961822753,5783.410836586464,6666.32886978102,-6667.75126793874,-1895.2632395533997,2720.0202595489764,1035.8296961822753,4593.466453592886,564.1003891152022
CASE_Q,10713,E2-P3-V-028,A-V-0713,SOL2_3_beam_0345,beam,P3,739,724,947.6316197774638,-3333.8756339706383,-5610.0323702255055,2891.705418293228,517.9148480910699,-3333.1644348906702,-947.6316197774638,3333.8756339706383,5610.0323702255055,-2891.705418293228,17153.687118119273,-7168.543812116841
CASE_Q,10714,E2-P3-V-027,A-V-0714,SOL2_3_beam_0346,beam,P3,739,724,947.6316197774638,-3333.8756339706383,-5610.0323702255055,2891.705418293228,517.9148480910699,-3333.1644348906702,-947.6316197774638,3333.8756339706383,5610.0323702255055,-2891.705418293228,17153.687118119273,-7168.543812116841
CASE_Q,10715,E2-P3-V-039,A-V-0715,SOL2_3_beam_0347,beam,P3,723,725,13208.817835193968,6127.784932393074,-8610.613204121271,6749.406934913911,17868.871347519904,-10317.192296347945,-13208.817835193968,-6127.784932393074,8610.613204121271,-6749.406934913911,3959.0331249275223,25851.12709996439
CASE_Q,10716,E2-P3-V-035,A-V-0716,SOL2_3_beam_0348,beam,P3,724,728,-38809.96883663336,15686.715810540967,-5544.562362790094,30986.055055949684,36565.22192625521,-4300.9026775896855,38809.96883663336,-15686.715810540967,5544.562362790094,-30986.055055949684,-17519.650210071242,58184.771486797894
CASE_Q,10717,E2-P3-V-009,A-V-0717,SOL2_3_beam_0349,beam,P3,737,734,-2490.3877531174476,-424.1025219012316,-1252.2268202211137,-3933.0497282570814,10951.466455401956,-3447.050085795292,2490.3877531174476,424.1025219012316,1252.2268202211137,3933.0497282570814,-7113.743647906273,2147.295205342084
CASE_Q,10718,E2-P3-V-008,A-V-0718,SOL2_3_beam_0350,beam,P3,737,734,-2490.3877531174476,-424.1025219012316,-1252.2268202211137,-3933.0497282570814,10951.466455401956,-3447.050085795292,2490.3877531174476,424.1025219012316,1252.2268202211137,3933.0497282570814,-7113.743647906273,2147.295205342084
CASE_Q,10719,E2-P3-V-026,A-V-0719,SOL2_3_beam_0351,beam,P3,740,729,904.1253811710382,-1670.198096616751,228.52308266033148,9742.692607100726,3169.84969577709,-2569.0087655436973,-904.1253811710382,1670.198096616751,-228.52308266033148,-9742.692607100726,-3889.697406157134,-2692.1152387990683
CASE_Q,10720,E2-P3-V-025,A-V-0720,SOL2_3_beam_0352,beam,P3,740,729,904.1253811710382,-1670.198096616751,228.52308266033148,9742.692607100726,3169.84969577709,-2569.0087655436973,-904.1253811710382,1670.198096616751,-228.52308266033148,-9742.692607100726,-3889.697406157134,-2692.1152387990683
CASE_Q,10721,E2-P3-V-016,A-V-0721,SOL2_3_beam_0353,beam,P3,734,37,7500.478966474066,3756.472298995738,-18291.89185635926,-6085.470098946517,31884.855278401785,8613.03959132917,-7500.478966474066,-3756.472298995738,18291.89185635926,6085.470098946517,55813.70259991062,9396.973037147238
CASE_Q,10722,E2-P3-V-020,A-V-0722,SOL2_3_beam_0354,beam,P3,740,37,3453.631884936412,1581.279339804821,-12248.010165320484,-5025.0999808753095,19865.054631269035,5138.0175310875575,-3453.631884936412,-1581.279339804821,12248.010165320484,5025.0999808753095,35190.023541932314,1969.8682798763061
CASE_Q,10723,E2-P3-V-037,A-V-0723,SOL2_3_beam_0355,beam,P3,727,730,-691.1888068917234,97.83603394530464,-4288.578979872956,5256.026633534098,10717.39594076785,190.6591246449758,691.1888068917234,-97.83603394530464,4288.578979872956,-5256.026633534098,5643.53286744747,182.5853448563613
CASE_Q,10724,E2-P3-V-033,A-V-0724,SOL2_3_beam_0356,beam,P3,729,731,-10697.97680546632,439.0819625265938,-13798.310737027532,-13196.793394392109,37849.905941887024,4143.029752264928,10697.97680546632,-439.0819625265938,13798.310737027532,13196.793394392109,27209.12918319779,-2072.758298952038
CASE_Q,10725,E2-P3-V-014,A-V-0725,SOL2_3_beam_0357,beam,P3,741,706,0.0,-1.144917494144693e-10,-1248.368999999902,1.9262481261018765e-13,-8.776623872108757e-11,4.440892098500626e-11,0.0,1.144917494144693e-10,1248.368999999902,-1.9262481261018765e-13,1997.3903999999307,-2.2759572004815714e-10
CASE_Q,10726,E2-P3-V-012,A-V-0726,SOL2_3_beam_0358,beam,P3,317,738,4116.246235045831,-7286.704006566153,3747.0693015032907,6448.910315153184,-3948.222270398143,-4945.237128100247,-4116.246235045831,7286.704006566153,-3747.0693015032907,-6448.910315153184,-7303.365220166177,-16935.059458576758
CASE_Q,10727,E2-P3-V-013,A-V-0727,SOL2_3_beam_0359,beam,P3,732,742,0.0,5.724587470723465e-11,1248.369000000055,-0.0,-1997.390400000043,-5.551115123125783e-12,0.0,-5.724587470723465e-11,-1248.369000000055,0.0,-4.501998773775995e-11,9.714451465470122e-11
CASE_Q,10728,E2-P3-V-007,A-V-0728,SOL2_3_beam_0360,beam,P3,732,316,-39144.186962366184,-4223.651056131995,4742.137494319259,-7875.607100113729,70668.29271696685,-11475.309660739062,39144.186962366184,4223.651056131995,-4742.137494319259,7875.607100113729,-85249.2890456083,-1511.4585670269253
CASE_Q,10729,E2-P4-V-057,A-V-0729,SOL2_4_beam_0361,beam,P4,743,744,0.0,-3.527367326751985e-10,-4567.449999999765,1.2753091041777943e-11,-1726.6760819997598,1.1740289455806263e-10,0.0,3.527367326751985e-10,4567.449999999765,-1.2753091041777943e-11,21595.083581998733,-1.6518076816951759e-09
CASE_Q,10730,E2-P4-V-056,A-V-0730,SOL2_4_beam_0362,beam,P4,745,746,-17059.7226732273,984.6720370449733,9690.713158131453,-6517.468872930421,18741.151360628428,-271.06995064242847,17059.7226732273,-984.6720370449733,-9690.713158131453,6517.468872930421,-49266.897808742506,3372.7868673340945
CASE_Q,10731,E2-P4-V-093,A-V-0731,SOL2_4_beam_0363,beam,P4,46,747,-2.260172404092129e-08,1.1656421514760343e-09,1.150304754746086e-09,-3.820336336102627e-10,-2.599198264705948e-09,2.513311713350448e-09,2.260172404092129e-08,-1.1656421514760343e-09,-1.150304754746086e-09,3.820336336102627e-10,5.6504310102303144e-11,6.328482731457967e-11
CASE_Q,10732,E2-P4-V-101,A-V-0732,SOL2_4_beam_0364,beam,P4,748,749,0.0,2.996047966605249e-09,3.6514334593001467e-09,-0.0,-1.6220790944198726e-10,1.537971289524025e-11,0.0,-2.996047966605249e-09,-3.6514334593001467e-09,0.0,-8.272603381541347e-09,6.905491089962882e-09
CASE_Q,10733,E2-P4-V-092,A-V-0733,SOL2_4_beam_0365,beam,P4,46,750,-7.533908013640434e-09,9.338770453346008e-10,-1.9171745912434778e-10,5.577133337376098e-12,0.0,4.593674846183693e-09,7.533908013640434e-09,-9.338770453346008e-10,1.9171745912434778e-10,-5.577133337376098e-12,4.237823257672743e-10,-2.529384050446215e-09
CASE_Q,10734,E2-P4-V-100,A-V-0734,SOL2_4_beam_0366,beam,P4,751,752,0.0,0.0,1.2814208502137091e-09,-0.0,-1.168655815394902e-09,6.232831015439479e-11,0.0,0.0,-1.2814208502137091e-09,0.0,-1.0225738384705392e-09,-6.232831015439479e-11
CASE_Q,10735,E2-P4-V-132,A-V-0735,SOL2_4_beam_0367,beam,P4,753,754,-75089.4455645717,594.4759996387967,882.5570853021376,-4517.846543647647,-4545.250167023516,4610.142371435573,75089.4455645717,-594.4759996387967,-882.5570853021376,4517.846543647647,3839.2044987818053,-4134.5615717245355
CASE_Q,10736,E2-P4-V-126,A-V-0736,SOL2_4_beam_0368,beam,P4,47,753,-74313.99103529446,10780.026591722914,882.5570852676445,-5092.920691203498,-5840.8884215181815,28438.878479968203,74313.99103529446,-10780.026591722914,-882.5570852676445,5092.920691203498,3890.0379568532744,-4610.142371430735
CASE_Q,10737,E2-P4-V-136,A-V-0737,SOL2_4_beam_0369,beam,P4,754,755,-75089.4455645781,594.4759996244627,882.5570852573088,-4517.8465436476645,-3839.204498779651,4134.561571723947,75089.4455645781,-594.4759996244627,-882.5570852573088,4517.8465436476645,1800.4976318352687,-2761.322012591439
CASE_Q,10738,E2-P4-V-131,A-V-0738,SOL2_4_beam_0370,beam,P4,756,757,87543.44150313502,14226.265352859898,767.9490429219225,-5841.623046319317,-9987.363579677154,-4151.905578553447,-87543.44150313502,-14226.265352859898,-767.9490429219225,5841.623046319317,9373.004345339616,15532.917860841377
CASE_Q,10739,E2-P4-V-125,A-V-0739,SOL2_4_beam_0371,beam,P4,47,756,84802.66469090142,25975.928037556114,767.9490429208407,-4432.099605369504,-12385.287485574403,53266.64799502955,-84802.66469090142,-25975.928037556114,-767.9490429208407,4432.099605369504,10687.772648030765,4151.905578534213
CASE_Q,10740,E2-P4-V-133,A-V-0740,SOL2_4_beam_0372,beam,P4,757,758,87543.44150308345,14226.26535286255,767.9490429232314,-5841.623046319317,-9373.00434533887,-15532.917860841615,-87543.44150308345,-14226.26535286255,-767.9490429232314,5841.623046319317,8059.8114819401435,39859.83161423659
CASE_Q,10741,E2-P4-V-124,A-V-0741,SOL2_4_beam_0373,beam,P4,47,43,9262.124544005297,-11377.899119944597,-3535.580331299162,4631.034887424367,9191.043373590956,-38906.204068493564,-9262.124544005297,11377.899119944597,3535.580331299162,-4631.034887424367,16441.91402832797,-43583.56455110477
CASE_Q,10742,E2-P4-V-122,A-V-0742,SOL2_4_beam_0374,beam,P4,47,43,9262.124544005297,-11377.899119944597,-3535.580331299162,4631.034887424367,9191.043373590956,-38906.204068493564,-9262.124544005297,11377.899119944597,3535.580331299162,-4631.034887424367,16441.91402832797,-43583.56455110477
CASE_Q,10743,E2-P4-V-130,A-V-0743,SOL2_4_beam_0375,beam,P4,43,759,-77895.15322802382,16648.202642544493,3464.098302589468,-3795.4586237984663,-21199.49906347596,34188.40769118638,77895.15322802382,-16648.202642544493,-3464.098302589468,3795.4586237984663,4885.103856510055,44217.3803873724
CASE_Q,10744,E2-P4-V-129,A-V-0744,SOL2_4_beam_0376,beam,P4,43,760,-84488.61340271625,21271.616114237095,-11728.43541591402,42937.078596762345,20644.697008504965,45026.185657917,84488.61340271625,-21271.616114237095,11728.43541591402,-42937.078596762345,34591.128831531234,55153.86746560877
CASE_Q,10745,E2-P4-V-105,A-V-0745,SOL2_4_beam_0378,beam,P4,762,763,22615.093815746553,7961.732934287861,11160.893146081342,-12047.918902650057,-69901.6721892333,35876.73574673087,-22615.093815746553,-7961.732934287861,-11160.893146081342,12047.918902650057,-22733.740923241847,30205.647607858384
CASE_Q,10746,E2-P4-V-102,A-V-0746,SOL2_4_beam_0379,beam,P4,764,761,-14949.404647106412,-5251.103814089538,-5737.475915954288,2838.3888979971366,41810.87446378564,-25876.033767164674,14949.404647106412,5251.103814089538,5737.475915954288,-2838.3888979971366,9252.661188207527,-20858.790178232215
CASE_Q,10747,E2-P4-V-140,A-V-0747,SOL2_4_beam_0381,beam,P4,760,766,-17936.823539269393,-11214.691589975095,1462.090176840352,12296.806282223968,-37625.747569355226,-45425.95307796881,17936.823539269393,11214.691589975095,-1462.090176840352,-12296.806282223968,25458.732438231084,-47898.88038817982
CASE_Q,10748,E2-P4-V-137,A-V-0748,SOL2_4_beam_0382,beam,P4,760,765,-9576.177248592736,-9234.427460348705,-20854.41673471835,5467.662363068718,117284.58532521821,-37634.64689481359,9576.177248592736,9234.427460348705,20854.41673471835,-5467.662363068718,68319.7236137751,-44551.75750228988
CASE_Q,10749,E2-P4-V-138,A-V-0749,SOL2_4_beam_0383,beam,P4,759,758,301.6302535360385,-12373.082933520811,-332.3731533363107,6055.75725598505,1370.4116955983225,-40282.03649652546,-301.6302535360385,12373.082933520811,332.3731533363107,-6055.75725598505,839.8697740881437,-41998.96501138795
CASE_Q,10750,E2-P4-V-141,A-V-0750,SOL2_4_beam_0384,beam,P4,759,758,301.6302535360385,-12373.082933520811,-332.3731533363107,6055.75725598505,1370.4116955983225,-40282.03649652546,-301.6302535360385,12373.082933520811,332.3731533363107,-6055.75725598505,839.8697740881437,-41998.96501138795
CASE_Q,10751,E2-P4-V-149,A-V-0751,SOL2_4_beam_0385,beam,P4,759,184,-103767.59946799648,8697.699835876074,4128.844609261346,-344.76656365202945,-17240.724497901378,36346.69260567332,103767.59946799648,-8697.699835876074,-4128.844609261346,344.76656365202945,-4602.354579302573,9667.280620316727
CASE_Q,10752,E2-P4-V-148,A-V-0752,SOL2_4_beam_0386,beam,P4,760,184,-61002.42028067869,5488.6694054023465,7663.891141962913,-41352.653006088636,-13126.809287243485,27906.732507167515,61002.42028067869,-5488.6694054023465,-7663.891141962913,41352.653006088636,-27574.096286440737,1242.1438346790746
CASE_Q,10753,E2-P4-V-151,A-V-0753,SOL2_4_beam_0387,beam,P4,767,768,-75089.4455645717,594.4759996314707,882.5570852793036,-4517.846543647651,485.3252190239841,1221.6291735436248,75089.4455645717,-594.4759996314707,-882.5570852793036,4517.846543647651,-1191.3708872474276,-746.0483738384478
CASE_Q,10754,E2-P4-V-145,A-V-0754,SOL2_4_beam_0388,beam,P4,755,767,-75089.44556456132,594.475999631647,882.5570852755226,-4517.846543647654,-1800.4976318331983,2761.322012591063,75089.44556456132,-594.475999631647,-882.5570852755226,4517.846543647654,-485.32521903040515,-1221.6291735450973
CASE_Q,10755,E2-P4-V-155,A-V-0755,SOL2_4_beam_0389,beam,P4,768,187,-74825.76545561012,-6315.303705931296,882.5570852764764,-4608.28251395527,770.7361769743425,746.0483738370649,74825.76545561012,6315.303705931296,-882.5570852764764,4608.28251395527,-1922.0592100257547,-8984.55751806527
CASE_Q,10756,E2-P4-V-150,A-V-0756,SOL2_4_beam_0390,beam,P4,769,770,112289.60737008622,14829.52585977729,103.2027362309008,-4161.883498142905,4380.919758674123,-3168.089084640389,-112289.60737008622,-14829.52585977729,-103.2027362309008,4161.883498142905,-4463.481947658844,15031.70977246223
CASE_Q,10757,E2-P4-V-144,A-V-0757,SOL2_4_beam_0391,beam,P4,758,769,112289.60737014173,14829.525859934718,103.20273625205677,-4161.88349814251,4051.703030029441,44138.09840855018,-112289.60737014173,-14829.525859934718,-103.20273625205677,4161.88349814251,-4380.919758673502,3168.0890846415314
CASE_Q,10758,E2-P4-V-154,A-V-0758,SOL2_4_beam_0392,beam,P4,770,187,110468.79611842897,-25010.314766081905,103.20273622735093,-2356.805849888705,5629.334910550057,-15031.709772463364,-110468.79611842897,25010.314766081905,-103.20273622735093,2356.805849888705,-5772.254902254373,-19603.747673319212
CASE_Q,10759,E2-P4-V-123,A-V-0759,SOL2_4_beam_0393,beam,P4,43,42,3990.707276719621,5901.09042349846,-6253.30272360262,-17031.446992123612,25769.618068275435,26533.876582523742,-3990.707276719621,-5901.09042349846,6253.30272360262,17031.446992123612,29884.77617178789,25985.828186612554
CASE_Q,10760,E2-P4-V-121,A-V-0760,SOL2_4_beam_0394,beam,P4,43,42,3990.707276719621,5901.09042349846,-6253.30272360262,-17031.446992123612,25769.618068275435,26533.876582523742,-3990.707276719621,-5901.09042349846,6253.30272360262,17031.446992123612,29884.77617178789,25985.828186612554
CASE_Q,10761,E2-P4-V-128,A-V-0761,SOL2_4_beam_0395,beam,P4,42,771,3.2242878628195942e-09,-5.753188373618432e-10,3.7923849142504295e-10,9.652407973514859e-10,-1.0277417562737455e-09,-1.4719948856392391e-09,-3.2242878628195942e-09,5.753188373618432e-10,-3.7923849142504295e-10,-9.652407973514859e-10,4.8364317942293864e-11,-1.3756961548030326e-11
CASE_Q,10762,E2-P4-V-135,A-V-0762,SOL2_4_beam_0396,beam,P4,772,765,0.0,7.960426966468218e-10,-1.2243820773620555e-09,1.078126277182613e-10,3.413423718906284e-10,3.980810594848928e-09,0.0,-7.960426966468218e-10,1.2243820773620555e-09,-1.078126277182613e-10,1.4507050805351704e-09,-2.815695298795584e-09
CASE_Q,10763,E2-P4-V-127,A-V-0763,SOL2_4_beam_0397,beam,P4,42,773,0.0,-8.150350195959444e-10,-9.270274234834381e-10,1.0998589500978357e-09,2.5874910099127236e-09,-2.0222733475604497e-09,0.0,8.150350195959444e-10,9.270274234834381e-10,-1.0998589500978357e-09,-1.9345727176917566e-10,-8.254176928818175e-11
CASE_Q,10764,E2-P4-V-134,A-V-0764,SOL2_4_beam_0398,beam,P4,774,765,-2.494883201404845e-08,-5.382219940109324e-10,0.0,-0.0,5.4263709630555356e-09,-2.9273296229816844e-10,2.494883201404845e-08,5.382219940109324e-10,0.0,0.0,-5.4263709630555356e-09,-4.2579339970642686e-10
CASE_Q,10765,E2-P4-V-147,A-V-0765,SOL2_4_beam_0399,beam,P4,775,776,-12478.76663797164,17081.549383170222,1462.090176861585,-24505.859709174096,-11227.394995971066,14333.635850250415,12478.76663797164,-17081.549383170222,-1462.090176861585,24505.859709174096,10057.722854481797,-668.3963437142265
CASE_Q,10766,E2-P4-V-143,A-V-0766,SOL2_4_beam_0400,beam,P4,766,775,-12478.76663802854,17081.549383169717,1462.0901768560564,-24505.859709174078,-14100.40219349281,47898.88038817886,12478.76663802854,-17081.549383169717,-1462.0901768560564,24505.859709174078,11227.394995970659,-14333.635850250372
CASE_Q,10767,E2-P4-V-153,A-V-0767,SOL2_4_beam_0401,beam,P4,776,185,-13517.87702072159,16271.630126929133,1462.090176862527,-23832.24987943607,-11563.685173308595,668.3963437138846,13517.87702072159,-16271.630126929133,-1462.090176862527,23832.24987943607,8745.157544377975,30699.052672942627
CASE_Q,10768,E2-P4-V-146,A-V-0768,SOL2_4_beam_0402,beam,P4,777,778,-9234.42746032787,9576.177248597032,-20854.416734729002,-68319.72361377599,-58959.24128762813,19988.86285963975,9234.42746032787,-9576.177248597032,20854.416734729002,68319.72361377599,75642.77467541135,-12327.921060762117
CASE_Q,10769,E2-P4-V-142,A-V-0769,SOL2_4_beam_0403,beam,P4,765,777,-9234.42746037666,9576.177248597312,-20854.416734723793,-68319.72361377598,-5467.662363062482,44551.75750229281,9234.42746037666,-9576.177248597312,20854.416734723793,68319.72361377598,58959.24128762896,-19988.86285964072
CASE_Q,10770,E2-P4-V-152,A-V-0770,SOL2_4_beam_0404,beam,P4,778,49,-7658.254566922569,10877.911481785417,-20854.41673472133,-79102.23993269702,-64282.576433173934,12327.921060761659,7658.254566922569,-10877.911481785417,20854.41673472133,79102.23993269702,105117.9793530578,8972.310153375638
CASE_Q,10771,E2-P4-V-113,A-V-0771,SOL2_4_beam_0405,beam,P4,779,780,-30808.829450466845,-4180.301750939052,8618.633187236133,8952.04092772381,-25544.489350686534,-5942.687685023369,30808.829450466845,4180.301750939052,-8618.633187236133,-8952.04092772381,18649.58280089762,2598.446284272125
CASE_Q,10772,E2-P4-V-117,A-V-0772,SOL2_4_beam_0406,beam,P4,42,779,-31085.554730890985,589.2214426568994,8618.633187236554,4932.723042164199,-43490.73459380804,-4788.922737962147,31085.554730890985,-589.2214426568994,-8618.633187236554,-4932.723042164199,26614.43623953568,5942.687685023432
CASE_Q,10773,E2-P4-V-107,A-V-0773,SOL2_4_beam_0407,beam,P4,780,761,-69579.39183517276,14254.490313869248,28398.15952055527,-11526.194955443005,-71278.23953649486,4259.0794109647995,69579.39183517276,-14254.490313869248,-28398.15952055527,11526.194955443005,-1563.0396337293932,32303.68824410981
CASE_Q,10774,E2-P4-V-114,A-V-0774,SOL2_4_beam_0408,beam,P4,779,780,-30808.829450466845,-4180.301750939052,8618.633187236133,8952.04092772381,-25544.489350686534,-5942.687685023369,30808.829450466845,4180.301750939052,-8618.633187236133,-8952.04092772381,18649.58280089762,2598.446284272125
CASE_Q,10775,E2-P4-V-118,A-V-0775,SOL2_4_beam_0409,beam,P4,42,779,-31085.554730890985,589.2214426568994,8618.633187236554,4932.723042164199,-43490.73459380804,-4788.922737962147,31085.554730890985,-589.2214426568994,-8618.633187236554,-4932.723042164199,26614.43623953568,5942.687685023432
CASE_Q,10776,E2-P4-V-108,A-V-0776,SOL2_4_beam_0410,beam,P4,780,763,14219.021643686643,-19304.172686445465,-11160.893146081435,18224.346417927238,41092.47931513551,-9455.971979508588,-14219.021643686643,19304.172686445465,11160.893146081435,-18224.346417927238,-18161.732403305927,-30205.647607858486
CASE_Q,10777,E2-P4-V-094,A-V-0777,SOL2_4_beam_0411,beam,P4,781,782,-32164.14401047485,-347.4571666187259,11330.341802301567,-1136.7668836178796,22991.89147308564,-5084.865132193979,32164.14401047485,347.4571666187259,-11330.341802301567,1136.7668836178796,-32056.164914926903,4806.899398898998
CASE_Q,10778,E2-P4-V-098,A-V-0778,SOL2_4_beam_0412,beam,P4,761,781,-32164.144010523305,-347.45716661846706,11330.341802301127,-1136.7668836178718,2200.7142658634057,-5722.44903293879,32164.144010523305,347.45716661846706,-11330.341802301127,1136.7668836178718,-22991.89147308596,5084.865132193903
CASE_Q,10779,E2-P4-V-090,A-V-0779,SOL2_4_beam_0413,beam,P4,782,41,-31780.045032446633,-4968.060401421473,11330.341802302511,-5733.6461078942675,31559.709287477344,-4806.899398899241,31780.045032446633,4968.060401421473,-11330.341802302511,5733.6461078942675,-55202.48405334609,-5559.842853322118
CASE_Q,10780,E2-P4-V-095,A-V-0780,SOL2_4_beam_0414,beam,P4,781,782,-32164.14401047485,-347.4571666187259,11330.341802301567,-1136.7668836178796,22991.89147308564,-5084.865132193979,32164.14401047485,347.4571666187259,-11330.341802301567,1136.7668836178796,-32056.164914926903,4806.899398898998
CASE_Q,10781,E2-P4-V-099,A-V-0781,SOL2_4_beam_0415,beam,P4,761,781,-32164.144010523305,-347.45716661846706,11330.341802301127,-1136.7668836178718,2200.7142658634057,-5722.44903293879,32164.144010523305,347.45716661846706,-11330.341802301127,1136.7668836178718,-22991.89147308596,5084.865132193903
CASE_Q,10782,E2-P4-V-091,A-V-0782,SOL2_4_beam_0416,beam,P4,782,41,-31780.045032446633,-4968.060401421473,11330.341802302511,-5733.6461078942675,31559.709287477344,-4806.899398899241,31780.045032446633,4968.060401421473,-11330.341802302511,5733.6461078942675,-55202.48405334609,-5559.842853322118
CASE_Q,10783,E2-P4-V-086,A-V-0783,SOL2_4_beam_0417,beam,P4,41,44,-1652.4348145561078,-1158.8640452177983,-2207.797328451479,4202.486366923566,10452.753618254072,-5724.350879753127,1652.4348145561078,1158.8640452177983,2207.797328451479,-4202.486366923566,9196.642604964096,-4589.539122685279
CASE_Q,10784,E2-P4-V-088,A-V-0784,SOL2_4_beam_0418,beam,P4,41,44,-1652.4348145561078,-1158.8640452177983,-2207.797328451479,4202.486366923566,10452.753618254072,-5724.350879753127,1652.4348145561078,1158.8640452177983,2207.797328451479,-4202.486366923566,9196.642604964096,-4589.539122685279
CASE_Q,10785,E2-P4-V-097,A-V-0785,SOL2_4_beam_0419,beam,P4,44,764,-12027.276144373442,-7041.460911482036,-13499.361133210128,-12030.046689559162,51000.26473436121,-7989.339999559286,12027.276144373442,7041.460911482036,13499.361133210128,12030.046689559162,12575.850413444114,-25172.875997154122
CASE_Q,10786,E2-P4-V-096,A-V-0786,SOL2_4_beam_0420,beam,P4,44,764,-12027.276144373442,-7041.460911482036,-13499.361133210128,-12030.046689559162,51000.26473436121,-7989.339999559286,12027.276144373442,7041.460911482036,13499.361133210128,12030.046689559162,12575.850413444114,-25172.875997154122
CASE_Q,10787,E2-P4-V-112,A-V-0787,SOL2_4_beam_0421,beam,P4,762,43,-9444.196550417255,313.9962622728167,-15826.083206712543,204.42607498769874,-9696.538420986122,3649.170204738465,9444.196550417255,-313.9962622728167,15826.083206712543,-204.42607498769874,84230.5017959952,-2170.3844807884325
CASE_Q,10788,E2-P4-V-111,A-V-0788,SOL2_4_beam_0422,beam,P4,762,43,-9444.196550417255,313.9962622728167,-15826.083206712543,204.42607498769874,-9696.538420986122,3649.170204738465,9444.196550417255,-313.9962622728167,15826.083206712543,-204.42607498769874,84230.5017959952,-2170.3844807884325
CASE_Q,10789,E2-P4-V-089,A-V-0789,SOL2_4_beam_0423,beam,P4,46,44,-1789.0133336646134,-2008.9824437269103,1105.1610672720692,9166.617041493879,-2373.3725941610624,-6293.322538100931,1789.0133336646134,2008.9824437269103,-1105.1610672720692,-9166.617041493879,-5639.04514356144,-8271.80017891917
CASE_Q,10790,E2-P4-V-087,A-V-0790,SOL2_4_beam_0424,beam,P4,46,44,-1789.0133336646134,-2008.9824437269103,1105.1610672720692,9166.617041493879,-2373.3725941610624,-6293.322538100931,1789.0133336646134,2008.9824437269103,-1105.1610672720692,-9166.617041493879,-5639.04514356144,-8271.80017891917
CASE_Q,10791,E2-P4-V-103,A-V-0791,SOL2_4_beam_0425,beam,P4,764,752,-27471.44653219717,19651.679964278523,-21261.246350467878,-20729.59924974664,67424.27100866011,76221.78576147242,27471.44653219717,-19651.679964278523,21261.246350467878,20729.59924974664,86719.76503223201,66252.89397954688
CASE_Q,10792,E2-P4-V-106,A-V-0792,SOL2_4_beam_0426,beam,P4,762,752,22211.226560500527,-12803.833153416808,20491.27326733781,1625.2087868264762,-68626.15977436354,-43175.07615620797,-22211.226560500527,12803.833153416808,-20491.27326733781,-1625.2087868264762,-80443.45213388809,-49970.06003013986
CASE_Q,10793,E2-P4-V-077,A-V-0793,SOL2_4_beam_0427,beam,P4,783,44,-3946.456352509521,5487.771171785447,-7046.601638638975,-5187.373142854873,1469.6389350662575,10396.175091098805,3946.456352509521,-5487.771171785447,7046.601638638975,5187.373142854873,22932.87582026442,8608.080273510963
CASE_Q,10794,E2-P4-V-076,A-V-0794,SOL2_4_beam_0428,beam,P4,784,44,455.01892269068577,688.2696835294967,-5422.484065394492,-807.0314709719486,3383.040789606568,1870.1796506446815,-455.01892269068577,-688.2696835294967,5422.484065394492,807.0314709719486,15395.124090718939,513.3112814777863
CASE_Q,10795,E2-P4-V-081,A-V-0795,SOL2_4_beam_0429,beam,P4,785,786,-393.6837805126881,-725.1003090687426,-6649.185934604298,-4594.526549135196,-14703.76359724925,2640.9427578450163,393.6837805126881,725.1003090687426,6649.185934604298,4594.526549135196,20023.112344932688,-3221.0230051000103
CASE_Q,10796,E2-P4-V-075,A-V-0796,SOL2_4_beam_0430,beam,P4,787,785,-393.68378053629624,-725.1003090687046,-6649.185934604184,-4594.526549135191,-3300.4097194030983,1397.3957277921504,393.68378053629624,725.1003090687046,6649.185934604184,4594.526549135191,14703.763597249279,-2640.9427578449795
CASE_Q,10797,E2-P4-V-085,A-V-0797,SOL2_4_beam_0431,beam,P4,786,41,-153.33194632733492,-810.7075252370179,-6649.185934603948,1742.50429458754,-20469.449943070093,3221.0230051000744,153.33194632733492,810.7075252370179,6649.185934603948,-1742.50429458754,26998.615354525657,-4017.09692823057
CASE_Q,10798,E2-P4-V-080,A-V-0798,SOL2_4_beam_0432,beam,P4,788,789,-26835.741172341615,5245.024780172054,-28533.172369348034,-2653.41413779134,-39965.84288704052,1659.7381435376371,26835.741172341615,-5245.024780172054,28533.172369348034,2653.41413779134,62792.38078251894,2536.281680600006
CASE_Q,10799,E2-P4-V-072,A-V-0799,SOL2_4_beam_0433,beam,P4,790,788,-26835.74117242672,5245.024780174487,-28345.800369348683,-2653.414137791339,25654.68496800164,13801.97050964147,26835.74117242672,-5245.024780174487,28345.800369348683,2653.414137791339,39965.84288704057,-1659.73814353753
CASE_Q,10800,E2-P4-V-084,A-V-0800,SOL2_4_beam_0434,beam,P4,789,41,-23950.221853258532,13192.958818853054,-28533.172369348413,-21710.540582592937,-58979.45505457862,-2536.281680600803,23950.221853258532,-13192.958818853054,28533.172369348413,21710.540582592937,86997.5920032705,15491.102201790483
CASE_Q,10801,E2-P4-V-060,A-V-0801,SOL2_4_beam_0435,beam,P4,791,792,-11235.633220713771,1572.2362902045263,6284.478365175981,6007.7024698781215,14472.011879366448,-2408.4929737102048,11235.633220713771,-1572.2362902045263,-6284.478365175981,-6007.7024698781215,-19499.594571507234,3666.282005873826
CASE_Q,10802,E2-P4-V-062,A-V-0802,SOL2_4_beam_0436,beam,P4,790,791,-11235.633220671969,1572.2362902074105,7336.995365176515,6007.702469878019,7978.770981185326,-1017.0638568763397,11235.633220671969,-1572.2362902074105,-7336.995365176515,-6007.702469878019,-14472.01187936654,2408.492973709898
CASE_Q,10803,E2-P4-V-048,A-V-0803,SOL2_4_beam_0437,beam,P4,792,793,-20015.67450325021,4478.885792407394,1880.7798887856427,4792.844931478807,39703.63791808316,-517.1570894691458,20015.67450325021,-4478.885792407394,-1880.7798887856427,-4792.844931478807,-43587.44838842551,9766.056250790414
CASE_Q,10804,E2-P4-V-061,A-V-0804,SOL2_4_beam_0438,beam,P4,791,792,-11235.633220713771,1572.2362902045263,6284.478365175981,6007.7024698781215,14472.011879366448,-2408.4929737102048,11235.633220713771,-1572.2362902045263,-6284.478365175981,-6007.7024698781215,-19499.594571507234,3666.282005873826
CASE_Q,10805,E2-P4-V-063,A-V-0805,SOL2_4_beam_0439,beam,P4,790,791,-11235.633220671969,1572.2362902074105,7336.995365176515,6007.702469878019,7978.770981185326,-1017.0638568763397,11235.633220671969,-1572.2362902074105,-7336.995365176515,-6007.702469878019,-14472.01187936654,2408.492973709898
CASE_Q,10806,E2-P4-V-049,A-V-0806,SOL2_4_beam_0440,beam,P4,792,794,-1766.6498913946366,-2165.5342407928642,7435.87184156518,6950.7151226403075,2085.4688762399637,-6815.406922277536,1766.6498913946366,2165.5342407928642,-7435.87184156518,-6950.7151226403075,-13857.243126261914,3387.1364038415413
CASE_Q,10807,E2-P4-V-059,A-V-0807,SOL2_4_beam_0441,beam,P4,45,795,3951.1094633986486,3948.0211391379084,5488.250316043652,23.403927412626505,-13574.296545177638,8264.672399485926,-3951.1094633986486,-3948.0211391379084,-5488.250316043652,-23.403927412626505,-5431.618105060913,5407.399478949122
CASE_Q,10808,E2-P4-V-058,A-V-0808,SOL2_4_beam_0442,beam,P4,45,796,1154.0806797229025,-1529.4041090311482,10537.36347350083,1015.3994108996433,-28705.299517260966,-3602.4996646797263,-1154.0806797229025,1529.4041090311482,-10537.36347350083,-1015.3994108996433,-7785.789497109912,-1693.855692326724
CASE_Q,10809,E2-P4-V-079,A-V-0809,SOL2_4_beam_0443,beam,P4,797,798,0.0,-2.6020852139652086e-10,-6721.655999998732,1.2327988007051999e-11,-31946.43382199826,2.2648549702353177e-09,0.0,2.6020852139652086e-10,6721.655999998732,-1.2327988007051999e-11,37323.75862199725,-2.4730217873525345e-09
CASE_Q,10810,E2-P4-V-074,A-V-0810,SOL2_4_beam_0444,beam,P4,744,797,0.0,-3.6795214089870705e-10,-6721.655999998984,1.2808299228105984e-11,-21595.083581998737,1.669660081189521e-09,0.0,3.6795214089870705e-10,6721.655999998984,-1.2808299228105984e-11,31946.433821997172,-2.23630637817353e-09
CASE_Q,10811,E2-P4-V-083,A-V-0811,SOL2_4_beam_0445,beam,P4,798,46,-1.448336035230062e-08,-6.983295267213378e-09,-6721.655999997644,9738.105476729666,-36030.990263899694,2.6533516165414734e-09,1.448336035230062e-08,6.983295267213378e-09,6721.655999997644,-9738.105476729666,43759.72559183948,-1.0682926595856937e-08
CASE_Q,10812,E2-P4-V-078,A-V-0812,SOL2_4_beam_0446,beam,P4,799,800,-12536.845661749441,3891.741518008551,-4511.878613692876,-3420.7925052604455,49101.827950722734,-927.6912454474309,12536.845661749441,-3891.741518008551,4511.878613692876,3420.7925052604455,-45492.32505976843,4041.0844598542744
CASE_Q,10813,E2-P4-V-073,A-V-0813,SOL2_4_beam_0447,beam,P4,746,799,-12536.845661720467,3891.7415180088237,-4511.878613694945,-3420.792505260536,58757.24818403038,7400.635603091662,12536.845661720467,-3891.7415180088237,4511.878613694945,3420.792505260536,-49101.8279507232,927.6912454472199
CASE_Q,10814,E2-P4-V-082,A-V-0814,SOL2_4_beam_0448,beam,P4,800,46,-11087.221380277495,7027.920976576797,-4511.8786136967055,8567.05032309793,44809.14091420435,-4041.084459854732,11087.221380277495,-7027.920976576797,4511.8786136967055,-8567.05032309793,-39621.265242336296,12121.97124335826
CASE_Q,10815,E2-P4-V-116,A-V-0815,SOL2_4_beam_0449,beam,P4,801,802,-4.163336342344343e-08,2.997602166487927e-09,2.341876692568693e-09,-0.0,1.717376241217041e-08,-1.381117442633697e-08,4.163336342344343e-08,-2.997602166487927e-09,-2.341876692568693e-09,0.0,-1.9047263766225362e-08,1.620925615952731e-08
CASE_Q,10816,E2-P4-V-110,A-V-0816,SOL2_4_beam_0450,beam,P4,749,801,-1.3376181019580199e-08,2.9997026029452137e-09,3.2030312983633287e-09,-0.0,8.326672684688672e-09,-6.862872608445948e-09,1.3376181019580199e-08,-2.9997026029452137e-09,-3.2030312983633287e-09,0.0,-1.6302220617613362e-08,1.4332132089779531e-08
CASE_Q,10817,E2-P4-V-120,A-V-0817,SOL2_4_beam_0451,beam,P4,802,47,2.31045898485392e-08,1.9181679166614504e-08,4.147108526371573e-09,-5.267926346017966e-09,1.9407855472772926e-08,-1.5969892503310295e-08,-2.31045898485392e-08,-1.9181679166614504e-08,-4.147108526371573e-09,5.267926346017966e-09,-2.5386168096082438e-08,4.362146563404201e-08
CASE_Q,10818,E2-P4-V-115,A-V-0818,SOL2_4_beam_0452,beam,P4,803,804,-8723.377338107364,-4279.876286590641,-769.973083131382,6416.342242388581,-28123.851774795763,-3058.01622374498,8723.377338107364,4279.876286590641,769.973083131382,-6416.342242388581,28739.830241300868,-365.8848055275282
CASE_Q,10819,E2-P4-V-109,A-V-0819,SOL2_4_beam_0453,beam,P4,752,803,-8723.377338195336,-4279.876286625035,-769.9730831311384,6416.34224238856,-25744.63494792003,-16282.833949421634,8723.377338195336,4279.876286625035,769.9730831311384,-6416.34224238856,28123.851774795246,3058.0162237502773
CASE_Q,10820,E2-P4-V-119,A-V-0820,SOL2_4_beam_0454,beam,P4,804,47,-9423.062067905204,-2370.7708616027408,-769.9730831285016,294.8840158391738,-29445.88822717776,365.884805527317,9423.062067905204,2370.7708616027408,769.9730831285016,-294.8840158391738,30555.8518978182,-3783.4971681568977
CASE_Q,10821,E2-P4-V-015,A-V-0821,SOL2_4_beam_0455,beam,P4,344,805,-3134.2180990728198,-4282.400818856589,-258.7178666276038,-4167.153647749323,7005.980782112291,-2992.494426889559,3134.2180990728198,4282.400818856589,258.7178666276038,4167.153647749323,-6506.282509611138,-5278.709720059924
CASE_Q,10822,E2-P4-V-008,A-V-0822,SOL2_4_beam_0457,beam,P4,344,806,485.34415171903413,530.4837832965711,-44.84819440551197,-4323.829211852951,-2635.2020215869165,1839.7471730348225,-485.34415171903413,-530.4837832965711,44.84819440551197,4323.829211852951,2687.32951608357,-1223.1606892106856
CASE_Q,10823,E2-P4-V-007,A-V-0823,SOL2_4_beam_0458,beam,P4,806,807,529.1850092117999,486.7599161490184,-2844.678194405506,-4539.002697827109,-2305.361900094019,1223.1606892114633,-529.1850092117999,-486.7599161490184,2844.678194405506,4539.002697827109,6589.447260868712,-490.10025549104137
CASE_Q,10824,E2-P4-V-012,A-V-0824,SOL2_4_beam_0459,beam,P4,808,809,-11575.947490539653,-1088.4468007609032,979.5969199840792,775.5389024599622,-5181.436341736166,-140.97071546958182,11575.947490539653,1088.4468007609032,-979.5969199840792,-775.5389024599622,3663.061115760842,-1546.121825709819
CASE_Q,10825,E2-P4-V-013,A-V-0825,SOL2_4_beam_0460,beam,P4,807,808,293.7952839617279,-773.0109593605639,553.3380743896556,285.4697980250765,-5971.753234280404,-865.9040455755667,-293.7952839617279,773.0109593605639,-553.3380743896556,-285.4697980250765,4085.6717751100696,-1768.943809044951
CASE_Q,10826,E2-P4-V-011,A-V-0826,SOL2_4_beam_0461,beam,P4,809,810,-11575.947490531744,-1088.4468007631438,979.5969199839877,775.5389024599751,-3663.0611157607887,1546.1218257126916,11575.947490531744,1088.4468007631438,-979.5969199839877,-775.5389024599751,1326.722461598978,-4142.067445532789
CASE_Q,10827,E2-P4-V-005,A-V-0827,SOL2_4_beam_0462,beam,P4,808,811,11207.061405069426,5180.983338242695,127.0792287950356,1953.0722584137966,-2228.247491963563,3678.8583335569324,-11207.061405069426,-5180.983338242695,-127.0792287950356,-1953.0722584137966,2114.5843743179835,955.1540402848516
CASE_Q,10828,E2-P4-V-006,A-V-0828,SOL2_4_beam_0463,beam,P4,807,808,293.7952839617279,-773.0109593605639,553.3380743896556,285.4697980250765,-5971.753234280404,-865.9040455755667,-293.7952839617279,773.0109593605639,-553.3380743896556,-285.4697980250765,4085.6717751100696,-1768.943809044951
CASE_Q,10829,E2-P4-V-004,A-V-0829,SOL2_4_beam_0464,beam,P4,811,810,12193.830006489727,-1936.8333590755874,-48.81077120478414,444.8404660418448,-2843.954163214812,-955.154040286312,-12193.830006489727,1936.8333590755874,48.81077120478414,-444.8404660418448,2998.2164723508818,-5166.043781588829
CASE_Q,10830,E2-P4-V-009,A-V-0830,SOL2_4_beam_0465,beam,P4,812,345,-11978.499606828897,3299.1493186242033,9105.4439593858,7686.975586090303,-4453.771507929922,4778.867412728027,11978.499606828897,-3299.1493186242033,-9105.4439593858,-7686.975586090303,-10968.842823336847,809.1640758359636
CASE_Q,10831,E2-P4-V-010,A-V-0831,SOL2_4_beam_0466,beam,P4,810,812,-66.77972763371268,3281.4784507526233,1641.6092050448137,9275.76315376788,388.36788975428203,8456.65367442543,66.77972763371268,-3281.4784507526233,-1641.6092050448137,-9275.76315376788,-1946.2550253418106,-5342.53062466119
CASE_Q,10832,E2-P4-V-002,A-V-0832,SOL2_4_beam_0467,beam,P4,812,813,9368.26326804549,6019.4585157861975,-10099.748549296295,6221.855302418995,13885.837353891538,5906.1938365944325,-9368.26326804549,-6019.4585157861975,10099.748549296295,-6221.855302418995,-4852.3476291389725,-522.2264649792578
CASE_Q,10833,E2-P4-V-003,A-V-0833,SOL2_4_beam_0468,beam,P4,810,812,-66.77972763371268,3281.4784507526233,1641.6092050448137,9275.76315376788,388.36788975428203,8456.65367442543,66.77972763371268,-3281.4784507526233,-1641.6092050448137,-9275.76315376788,-1946.2550253418106,-5342.53062466119
CASE_Q,10834,E2-P4-V-001,A-V-0834,SOL2_4_beam_0469,beam,P4,813,345,11135.14722257329,-82.0598217647391,-12024.053549296259,7862.556823765374,661.0303406885623,522.2264649795454,-11135.14722257329,82.0598217647391,12024.053549296259,-7862.556823765374,9832.937853788959,-593.8440069435087
CASE_Q,10835,E2-P4-V-022,A-V-0835,SOL2_4_beam_0470,beam,P4,805,814,-5024.856166007346,1706.7807055553794,-4216.458866627629,4958.394720043965,5925.470733963875,5278.709720059616,5024.856166007346,-1706.7807055553794,4216.458866627629,-4958.394720043965,7077.664570394405,-15.169590482755211
CASE_Q,10836,E2-P4-V-021,A-V-0836,SOL2_4_beam_0471,beam,P4,807,814,1966.2269174859607,65.68760226923703,-7658.263343184852,5748.71753366423,6032.258972222589,2221.9083466417324,-1966.2269174859607,-65.68760226923703,7658.263343184852,-5748.71753366423,20488.45183503283,-1994.430937555932
CASE_Q,10837,E2-P4-V-020,A-V-0837,SOL2_4_beam_0472,beam,P4,810,815,-4014.6707771827046,-449.2593017712358,-3970.7181306550165,-2510.6311189222274,8477.626521853843,-3802.598060864111,4014.6707771827046,449.2593017712358,3970.7181306550165,2510.6311189222274,3633.0637766439554,2432.357190461842
CASE_Q,10838,E2-P4-V-019,A-V-0838,SOL2_4_beam_0473,beam,P4,810,815,-4014.6707771827046,-449.2593017712358,-3970.7181306550165,-2510.6311189222274,8477.626521853843,-3802.598060864111,4014.6707771827046,449.2593017712358,3970.7181306550165,2510.6311189222274,3633.0637766439554,2432.357190461842
CASE_Q,10839,E2-P4-V-055,A-V-0839,SOL2_4_beam_0474,beam,P4,814,816,-5893.600665851651,1470.3170973463382,5827.398328414769,-6249.86467317896,-15216.822853672125,2647.549709885403,5893.600665851651,-1470.3170973463382,-5827.398328414769,6249.86467317896,-6635.920877883257,2866.1394051633647
CASE_Q,10840,E2-P4-V-054,A-V-0840,SOL2_4_beam_0475,beam,P4,817,816,3632.4712655872254,2637.801509106948,-1899.7730549188116,-7301.211038112242,6978.509296890842,4032.4011365597407,-3632.4712655872254,-2637.801509106948,1899.7730549188116,7301.211038112242,-967.1458223779273,4314.271432463617
CASE_Q,10841,E2-P4-V-053,A-V-0841,SOL2_4_beam_0476,beam,P4,815,818,-8145.984583369792,808.909896060093,2316.7355128102345,7333.725945996352,-3871.152667764193,930.6782133580065,8145.984583369792,-808.909896060093,-2316.7355128102345,-7333.725945996352,-4816.605505274187,2102.7338968673425
CASE_Q,10842,E2-P4-V-052,A-V-0842,SOL2_4_beam_0477,beam,P4,819,818,3028.202358472756,2640.065448675758,-757.9746253088136,8236.538974868405,-1186.6423261480054,4209.251496676268,-3028.202358472756,-2640.065448675758,757.9746253088136,-8236.538974868405,3585.066161769644,4144.584750975553
CASE_Q,10843,E2-P4-V-028,A-V-0843,SOL2_4_beam_0478,beam,P4,793,815,-3421.305945619704,-998.1022387779444,4115.945460995685,-2479.2787633363314,3464.491124210668,-276.84953497896095,3421.305945619704,998.1022387779444,-4115.945460995685,2479.2787633363314,-22871.17397280532,-4429.202520859048
CASE_Q,10844,E2-P4-V-038,A-V-0844,SOL2_4_beam_0479,beam,P4,794,819,1334.413212000974,-2455.5919380895753,1046.1238415652226,-10189.103472822457,11684.08311321649,-3387.1364038416204,-1334.413212000974,2455.5919380895753,-1046.1238415652226,10189.103472822457,-15675.045568787813,-5980.946839970106
CASE_Q,10845,E2-P4-V-033,A-V-0845,SOL2_4_beam_0480,beam,P4,820,821,2477.5466957614367,485.4025358894664,23297.264350218855,5074.250922368381,-25923.34656491696,1532.1765440061517,-2477.5466957614367,-485.4025358894664,-23297.264350218855,-5074.250922368381,7285.5350847418595,-1143.8545152945783
CASE_Q,10846,E2-P4-V-032,A-V-0846,SOL2_4_beam_0481,beam,P4,45,820,2524.3533665800205,-38.64365526577277,24322.708350219717,-408.90704565142624,-61617.569829235086,1476.2425260898913,-2524.3533665800205,38.64365526577277,-24322.708350219717,408.90704565142624,26412.131958173813,-1532.1765440035495
CASE_Q,10847,E2-P4-V-034,A-V-0847,SOL2_4_beam_0482,beam,P4,821,814,9881.52961600806,4484.9777117415315,34623.0169440294,9083.587317073307,-14437.328329249023,3392.1634645763393,-9881.52961600806,-4484.9777117415315,-34623.0169440294,-9083.587317073307,-17381.22424231395,729.5310525141224
CASE_Q,10848,E2-P4-V-043,A-V-0848,SOL2_4_beam_0483,beam,P4,820,821,2477.5466957614367,485.4025358894664,23297.264350218855,5074.250922368381,-25923.34656491696,1532.1765440061517,-2477.5466957614367,-485.4025358894664,-23297.264350218855,-5074.250922368381,7285.5350847418595,-1143.8545152945783
CASE_Q,10849,E2-P4-V-042,A-V-0849,SOL2_4_beam_0484,beam,P4,45,820,2524.3533665800205,-38.64365526577277,24322.708350219717,-408.90704565142624,-61617.569829235086,1476.2425260898913,-2524.3533665800205,38.64365526577277,-24322.708350219717,408.90704565142624,26412.131958173813,-1532.1765440035495
CASE_Q,10850,E2-P4-V-044,A-V-0850,SOL2_4_beam_0485,beam,P4,821,817,-1091.5155054783506,-5952.123748605403,10412.723756410458,857.7366454637356,645.1493455674527,-1104.454433985496,1091.5155054783506,5952.123748605403,-10412.723756410458,-857.7366454637356,-9621.623859744788,-4026.6801648453948
CASE_Q,10851,E2-P4-V-036,A-V-0851,SOL2_4_beam_0486,beam,P4,822,823,1590.628902202114,603.6645900363027,1605.8686085616237,-2665.2670083052567,10049.211496375887,-4168.895067377906,-1590.628902202114,-603.6645900363027,-1605.8686085616237,2665.2670083052567,-11333.906383225187,4651.826739406949
CASE_Q,10852,E2-P4-V-035,A-V-0852,SOL2_4_beam_0487,beam,P4,814,822,11078.004793492868,1355.4806884462282,5787.505405802307,-3346.0436944221888,-228.00587182828622,-1367.4802343632578,-11078.004793492868,-1355.4806884462282,-5787.505405802307,3346.0436944221888,-10658.291796485855,3917.1394093306135
CASE_Q,10853,E2-P4-V-037,A-V-0853,SOL2_4_beam_0488,beam,P4,823,824,2196.5857673581368,-15852.393493170657,-15205.87394100078,-16329.289482360258,30783.472134844378,-28969.112261852148,-2196.5857673581368,15852.393493170657,15205.87394100078,16329.289482360258,-13540.011085749487,10992.498040596616
CASE_Q,10854,E2-P4-V-046,A-V-0854,SOL2_4_beam_0489,beam,P4,822,823,1590.628902202114,603.6645900363027,1605.8686085616237,-2665.2670083052567,10049.211496375887,-4168.895067377906,-1590.628902202114,-603.6645900363027,-1605.8686085616237,2665.2670083052567,-11333.906383225187,4651.826739406949
CASE_Q,10855,E2-P4-V-045,A-V-0855,SOL2_4_beam_0490,beam,P4,817,822,-7653.182211417997,1951.7591854405516,5070.3098113284705,590.5791563012012,-1840.8026354854537,-5.720971714625193,7653.182211417997,-1951.7591854405516,-5070.3098113284705,-590.5791563012012,-9628.369285691953,4420.6507254232565
CASE_Q,10856,E2-P4-V-047,A-V-0856,SOL2_4_beam_0491,beam,P4,823,745,-7108.015542872561,15539.621351581638,12903.993158130705,13517.291470611453,-2029.6256003604267,19665.4587830372,7108.015542872561,-15539.621351581638,-12903.993158130705,-13517.291470611453,-14525.528772823589,271.0699506410547
CASE_Q,10857,E2-P4-V-030,A-V-0857,SOL2_4_beam_0492,beam,P4,825,826,-3354.7977763021686,-403.0388387760397,-18503.687923125308,-4838.74136257037,-13231.539454530532,730.4981838472697,3354.7977763021686,403.0388387760397,18503.687923125308,4838.74136257037,28034.489793030774,-1052.9292548681015
CASE_Q,10858,E2-P4-V-029,A-V-0858,SOL2_4_beam_0493,beam,P4,815,825,-5128.734445208087,-1114.7452677569436,-21813.322313124754,-5874.253648860182,35226.16215664605,-1366.1900734225437,5128.734445208087,1114.7452677569436,21813.322313124754,5874.253648860182,21510.289179791438,-1533.2623680132667
CASE_Q,10859,E2-P4-V-031,A-V-0859,SOL2_4_beam_0494,beam,P4,826,45,-3125.759730350529,-1283.2515472652383,-19680.05392312559,2814.1004761156755,-28309.483825031864,1052.9292548678795,3125.759730350529,1283.2515472652383,19680.05392312559,-2814.1004761156755,50444.56706207721,-2496.262689000666
CASE_Q,10860,E2-P4-V-040,A-V-0860,SOL2_4_beam_0495,beam,P4,825,826,-3354.7977763021686,-403.0388387760397,-18503.687923125308,-4838.74136257037,-13231.539454530532,730.4981838472697,3354.7977763021686,403.0388387760397,18503.687923125308,4838.74136257037,28034.489793030774,-1052.9292548681015
CASE_Q,10861,E2-P4-V-039,A-V-0861,SOL2_4_beam_0496,beam,P4,819,825,-1485.5795023897708,622.4556724852971,-9975.793533125956,-4727.53563642849,25472.430517118693,1771.6953432941982,1485.5795023897708,-622.4556724852971,9975.793533125956,4727.53563642849,4079.838760946357,72.26600031837597
CASE_Q,10862,E2-P4-V-041,A-V-0862,SOL2_4_beam_0497,beam,P4,826,45,-3125.759730350529,-1283.2515472652383,-19680.05392312559,2814.1004761156755,-28309.483825031864,1052.9292548678795,3125.759730350529,1283.2515472652383,19680.05392312559,-2814.1004761156755,50444.56706207721,-2496.262689000666
CASE_Q,10863,E2-P4-V-071,A-V-0863,SOL2_4_beam_0498,beam,P4,746,827,-6246.909120988948,-2581.9133622510817,-1526.4506386379637,-528.4186726474286,15985.840549876191,-9102.2523167908,6246.909120988948,2581.9133622510817,1526.4506386379637,528.4186726474286,-9638.076711029984,-1634.6662975938189
CASE_Q,10864,E2-P4-V-067,A-V-0864,SOL2_4_beam_0499,beam,P4,746,816,8716.089860845308,-1066.6605249123484,8579.9484104606,12319.714860883156,-18839.00850072192,-1671.1701536345945,-8716.089860845308,1066.6605249123484,-8579.9484104606,-12319.714860883156,-13893.494685185284,-2398.139748906016
CASE_Q,10865,E2-P4-V-069,A-V-0865,SOL2_4_beam_0500,beam,P4,784,828,725.10030906838,-393.68378053425596,2088.5680653949644,3300.4097194029873,1097.0690330837497,-1870.1796506447183,-725.10030906838,393.68378053425596,-2088.5680653949644,-3300.4097194029873,-10464.296806380167,104.50789494857986
CASE_Q,10866,E2-P4-V-065,A-V-0866,SOL2_4_beam_0501,beam,P4,796,818,1623.6320157075697,1017.2503239610594,3201.477473500375,-7668.555846745141,1686.0620636002513,1693.8556923267552,-1623.6320157075697,-1017.2503239610594,-3201.477473500375,7668.555846745141,-15084.245290199322,2563.3369134502786
CASE_Q,10867,E2-P4-V-070,A-V-0867,SOL2_4_beam_0502,beam,P4,827,783,-5809.0203798813245,-3456.2164865899454,-5720.530638637435,-1913.4941024124005,9460.987755057315,1634.6662975934114,5809.0203798813245,3456.2164865899454,5720.530638637435,1913.4941024124005,5040.557413888584,-10396.175091098925
CASE_Q,10868,E2-P4-V-066,A-V-0868,SOL2_4_beam_0503,beam,P4,816,795,4275.461998889703,-3594.2400591427922,57.71068395630955,5413.225889093361,283.6132612539768,-4782.27108872138,-4275.461998889703,3594.2400591427922,-57.71068395630955,-5413.225889093361,-447.22305027011436,-5407.399478948433
CASE_Q,10869,E2-P4-V-068,A-V-0869,SOL2_4_beam_0504,beam,P4,828,787,725.1003090684133,-393.6837805349117,-3947.2669346043017,3300.409719402987,10464.296806380182,-104.5078949485652,-725.1003090684133,393.6837805349117,3947.2669346043017,-3300.409719402987,4594.526549135225,-1397.3957277921227
CASE_Q,10870,E2-P4-V-064,A-V-0870,SOL2_4_beam_0505,beam,P4,818,790,-2100.5521997645183,-4364.47473110931,-9676.802638998386,-9697.143005630855,30957.305365329677,-8810.655561293544,2100.5521997645183,4364.47473110931,9676.802638998386,9697.143005630855,14668.819077547716,-11767.84279588685
CASE_Q,10871,E2-P4-V-025,A-V-0871,SOL2_4_beam_0506,beam,P4,829,743,0.0,9.758958415192408e-12,-1206.6219999990728,-0.0,-6.982645572861657e-10,4.810190602848338e-11,0.0,-9.758958415192408e-12,1206.6219999990728,0.0,1726.6760819993715,-3.4136836536343044e-11
CASE_Q,10872,E2-P4-V-017,A-V-0872,SOL2_4_beam_0507,beam,P4,340,338,-3779.7912960917943,63.11424961291099,-132007.38143498165,-30800.11172118539,35417.03170575834,2288.4908462413155,3779.7912960917943,-63.11424961291099,132007.38143498165,30800.11172118539,69544.85884946612,-2238.307357345974
CASE_Q,10873,E2-P4-V-024,A-V-0873,SOL2_4_beam_0508,beam,P4,338,824,-15350.689870441496,-4525.449038167317,18494.95094100152,10966.005531819681,-25324.202034785194,352.9508023820372,15350.689870441496,4525.449038167317,-18494.95094100152,-10966.005531819681,-18158.312638486117,-10992.498040596887
CASE_Q,10874,E2-P4-V-027,A-V-0874,SOL2_4_beam_0510,beam,P4,793,830,-7.922619110074857e-09,-5.729010964468975e-11,826.5630000003279,-0.0,-868.7177130002553,-2.8521428796269486e-11,7.922619110074857e-09,5.729010964468975e-11,-826.5630000003279,0.0,-8.913048077374697e-11,-3.169047644029943e-11
CASE_Q,10875,E2-P4-V-018,A-V-0875,SOL2_4_beam_0511,beam,P4,831,347,-17866.998754368647,6599.764047162559,-13447.049572209202,2209.9120642005887,26676.863103204003,497.83416910093865,17866.998754368647,-6599.764047162559,13447.049572209202,-2209.9120642005887,-12904.024952078464,6261.825752510678
CASE_Q,10876,E2-P4-V-026,A-V-0876,SOL2_4_beam_0512,beam,P4,793,831,-17800.541020965527,-6776.966085827663,-11759.70557220959,-15877.434972172483,38880.98060924331,-9489.20671581157,17800.541020965527,6776.966085827663,11759.70557220959,15877.434972172483,-21551.0045024126,-497.83416910134565
CASE_Q,10877,E2-P4-V-016,A-V-0877,SOL2_4_beam_0513,beam,P4,347,339,-6184.4979301695475,-2230.1132073684953,108318.76947351258,18788.4868892165,-41570.830152728246,-7087.227514676769,6184.4979301695475,2230.1132073684953,-108318.76947351258,-18788.4868892165,-41791.353947739604,5370.931173228783
CASE_Q,10880,E1-S1-V-020,A-V-0880,SOL_1S_beam_0001,beam,S1,402,404,1388.2424577808324,-957.1412393327759,-778.9106559308852,116.19622833533568,4688.241758159827,-6960.5757519996905,-1388.2424577808324,957.1412393327759,778.9106559308852,-116.19622833533568,2906.1371371663045,-2371.551331494873
CASE_Q,10881,E1-S1-V-019,A-V-0881,SOL_1S_beam_0002,beam,S1,408,400,-8780.214669210209,842.0914800509756,1692.4968266008318,833.5831570260754,-2257.7007235956116,5735.933497083215,8780.214669210209,-842.0914800509756,-1692.4968266008318,-833.5831570260754,-13918.501920683397,2312.437532174892
CASE_Q,10882,E1-S1-V-018,A-V-0882,SOL_1S_beam_0003,beam,S1,406,386,-2328.99030182542,-199.0016193102119,977.6596863997582,366.2023704170746,-4619.283120628945,-1639.3214918168057,2328.99030182542,199.0016193102119,-977.6596863997582,-366.2023704170746,-4473.47757118381,-211.50055479369496
CASE_Q,10883,E1-S1-V-011,A-V-0883,SOL_1S_beam_0004,beam,S1,406,458,5453.273706477854,1531.1964949602357,-830.8827718912579,-3731.989552767024,-1960.71921456983,2160.7770451589313,-5453.273706477854,-1531.1964949602357,830.8827718912579,3731.989552767024,5590.307709398123,4528.028366919626
CASE_Q,10884,E1-S1-V-021,A-V-0884,SOL_1S_beam_0005,beam,S1,410,390,0.0,0.0,0.0,-0.0,0.0,0.0,0.0,0.0,0.0,0.0,0.0,0.0
CASE_Q,10885,E1-S1-V-038,A-V-0885,SOL_1S_beam_0006,beam,S1,382,400,-542.1339419202931,-375.8076271412596,-117.61888352774368,585.121538519024,1029.2972535409333,-591.2974018750574,542.1339419202931,375.8076271412596,117.61888352774368,-585.121538519024,-76.58429696620954,-2452.7443779691453
CASE_Q,10886,E1-S1-V-039,A-V-0886,SOL_1S_beam_0007,beam,S1,404,394,-481.8251994871964,290.66284446870975,299.36851904794554,323.13494655121747,-1037.0472594398013,1949.4686764350358,481.8251994871964,-290.66284446870975,-299.36851904794554,-323.13494655121747,-938.7849662766396,-31.093902941551278
CASE_Q,10887,E1-S1-V-003,A-V-0887,SOL_1S_beam_0008,beam,S1,380,398,8.963360173942265,-307.57838135409685,-7.927638343444905,1797.5614097345363,-33.335171787769696,-768.1788430234058,-8.963360173942265,307.57838135409685,7.927638343444905,-1797.5614097345363,97.55393578713772,-1723.3959019091592
CASE_Q,10888,E1-S1-V-004,A-V-0888,SOL_1S_beam_0009,beam,S1,402,392,3206.9125257139985,3376.1152368196135,1210.931555862001,-1810.6028068888093,-4243.238729482987,8223.769247648892,-3206.9125257139985,-3376.1152368196135,-1210.931555862001,1810.6028068888093,-3748.909539206221,14058.591315360563
CASE_Q,10889,E1-S1-V-001,A-V-0889,SOL_1S_beam_0010,beam,S1,450,836,301.7247785784544,405.50215197141574,3886.5907518905956,4126.575303954394,-3646.228731720116,-471.6277261593958,-301.7247785784544,-405.50215197141574,-3886.5907518905956,-4126.575303954394,-3879.0641186046214,1256.7689051058555
CASE_Q,10890,E1-S1-V-002,A-V-0890,SOL_1S_beam_0011,beam,S1,836,450,301.7247785784544,405.50215197141574,-3886.5907518905956,4126.575303954394,3879.0641186046214,1256.7689051058555,-301.7247785784544,-405.50215197141574,3886.5907518905956,-4126.575303954394,3646.228731720116,-471.6277261593958
CASE_Q,10891,E1-S1-V-048,A-V-0891,SOL_1S_beam_0012,beam,S1,837,838,7026.699398441846,486.7033017997428,558.3219262348739,-497.77346958564453,3507.2903037758606,1767.2484683746145,-7026.699398441846,-486.7033017997428,-558.3219262348739,497.77346958564453,-4344.773193128171,-1037.1935156750003
CASE_Q,10892,E1-S1-V-027,A-V-0892,SOL_1S_beam_0013,beam,S1,836,837,6380.651486313566,-310.8655418640539,179.63208614513172,2350.9963441512045,-3998.858576162679,-1182.81800807793,-6380.651486313566,310.8655418640539,-179.63208614513172,-2350.9963441512045,1844.770247615133,-2544.9783441614222
CASE_Q,10893,E1-S1-V-063,A-V-0893,SOL_1S_beam_0014,beam,S1,838,839,-1725.6607671526913,221.6636248186438,-405.24272265622534,-459.64418665264606,3523.240126304431,1069.172849907467,1725.6607671526913,-221.6636248186438,405.24272265622534,459.64418665264606,-196.19737329682084,750.6855098535987
CASE_Q,10894,E1-S1-V-005,A-V-0894,SOL_1S_beam_0015,beam,S1,840,836,-5715.810465888645,-349.507927287298,-1473.1144176357734,3473.385881447613,-689.5331137030394,137.84924630170042,5715.810465888645,349.507927287298,1473.1144176357734,-3473.385881447613,5717.2726210939345,-1330.7198021332488
CASE_Q,10895,E1-S1-V-014,A-V-0895,SOL_1S_beam_0016,beam,S1,841,840,-5715.810465888492,-349.5079272872987,900.373582364194,3473.38588144761,-3762.5081503120027,-1055.0213095298502,5715.810465888492,349.5079272872987,-900.373582364194,-3473.38588144761,689.533113703008,-137.8492463017003
CASE_Q,10896,E1-S1-V-037,A-V-0896,SOL_1S_beam_0017,beam,S1,842,841,-5715.810465888576,-349.507927287357,3332.0475823638526,3473.38588144751,-15171.439072325833,-2251.7364525615153,5715.810465888576,349.507927287357,-3332.0475823638526,-3473.38588144751,3762.5081503120036,1055.021309529605
CASE_Q,10897,E1-S1-V-055,A-V-0897,SOL_1S_beam_0018,beam,S1,838,843,-6484.127149980847,-1810.4336027289994,1205.7481961547405,-1443.8073361245322,2076.100080115394,-1777.5452227503954,6484.127149980847,1810.4336027289994,-1205.7481961547405,1443.8073361245322,-2838.682197013087,632.5264753247795
CASE_Q,10898,E1-S1-V-047,A-V-0898,SOL_1S_beam_0019,beam,S1,843,837,-6491.553564616259,1783.621889505007,1205.7481961311098,222.43536454644445,3176.982648374216,-632.5264753331398,6491.553564616259,-1783.621889505007,-1205.7481961311098,-222.43536454644445,-4288.627558227361,2276.9446058623525
CASE_Q,10899,E1-S1-V-046,A-V-0899,SOL_1S_beam_0020,beam,S1,837,842,-6173.2958126180165,535.4462405647331,-2907.6696439605107,-4606.947915231551,9159.614102596654,-1499.21473007563,6173.2958126180165,-535.4462405647331,2907.6696439605107,4606.947915231551,-4066.957098075648,2437.025548171945
CASE_Q,10900,E1-S1-V-059,A-V-0900,SOL_1S_beam_0021,beam,S1,844,838,2059.9175160960235,478.5312037078232,242.18354726762018,-560.4451771557815,2456.306812856629,-106.19313221820335,-2059.9175160960235,-478.5312037078232,-242.18354726762018,560.4451771557815,-3285.989613765529,1745.5658885181383
CASE_Q,10901,E1-S1-V-070,A-V-0901,SOL_1S_beam_0022,beam,S1,845,844,2028.4676622579236,597.9725990501433,242.18354726784855,-702.8879884989263,1610.505726843574,1891.0353486092683,-2028.4676622579236,-597.9725990501433,-242.18354726784855,702.8879884989263,-2419.3987747181873,106.19313221820835
CASE_Q,10902,E1-S1-V-077,A-V-0902,SOL_1S_beam_0023,beam,S1,839,845,1739.763558582544,16.205125234993933,-405.24272265303244,482.1411416458572,-131.5526782204762,-750.6855098535959,-1739.763558582544,-16.205125234993933,405.24272265303244,-482.1411416458572,724.7178455086425,774.4054072968152
CASE_Q,10905,E1-S1-V-041,A-V-0905,SOL_1S_beam_0026,beam,S1,848,849,-35.727023577755574,-496.62583277777486,1618.1272405135373,8370.860903367078,-5288.38484160249,-2567.664225570843,35.727023577755574,496.62583277777486,-1618.1272405135373,-8370.860903367078,-1345.936844503012,531.4983111819663
CASE_Q,10906,E1-S1-V-044,A-V-0906,SOL_1S_beam_0027,beam,S1,848,849,-35.727023577755574,-496.62583277777486,1618.1272405135373,8370.860903367078,-5288.38484160249,-2567.664225570843,35.727023577755574,496.62583277777486,-1618.1272405135373,-8370.860903367078,-1345.936844503012,531.4983111819663
CASE_Q,10907,E1-S1-V-050,A-V-0907,SOL_1S_beam_0028,beam,S1,850,851,0.0,4.1212082344024417e-10,-3.0609766265643096e-10,-0.0,2.2671633547419656e-09,3.246211513751346e-09,0.0,-4.1212082344024417e-10,3.0609766265643096e-10,0.0,-1.3396874368929799e-09,-1.9974854187274064e-09
CASE_Q,10908,E1-S1-V-053,A-V-0908,SOL_1S_beam_0029,beam,S1,850,851,0.0,4.1212082344024417e-10,-3.0609766265643096e-10,-0.0,2.2671633547419656e-09,3.246211513751346e-09,0.0,-4.1212082344024417e-10,3.0609766265643096e-10,0.0,-1.3396874368929799e-09,-1.9974854187274064e-09
CASE_Q,10909,E1-S1-V-072,A-V-0909,SOL_1S_beam_0030,beam,S1,852,853,409.8181119332776,-151.4034475530084,-323.71313496422897,1197.1525239962784,-129.34437405573112,-1019.3152415184853,-409.8181119332776,151.4034475530084,323.71313496422897,-1197.1525239962784,419.0676298487159,883.8091559585429
CASE_Q,10910,E1-S1-V-075,A-V-0910,SOL_1S_beam_0031,beam,S1,852,853,409.8181119332776,-151.4034475530084,-323.71313496422897,1197.1525239962784,-129.34437405573112,-1019.3152415184853,-409.8181119332776,151.4034475530084,323.71313496422897,-1197.1525239962784,419.0676298487159,883.8091559585429
CASE_Q,10911,E1-S1-V-071,A-V-0911,SOL_1S_beam_0032,beam,S1,845,852,409.8181119345049,-151.4034475529438,-323.71313496039113,1197.1525239962823,540.7418153107393,-1332.7203779530635,-409.8181119345049,151.4034475529438,323.71313496039113,-1197.1525239962823,129.34437405727044,1019.3152415184697
CASE_Q,10912,E1-S1-V-074,A-V-0912,SOL_1S_beam_0033,beam,S1,845,852,409.8181119345049,-151.4034475529438,-323.71313496039113,1197.1525239962823,540.7418153107393,-1332.7203779530635,-409.8181119345049,151.4034475529438,323.71313496039113,-1197.1525239962823,129.34437405727044,1019.3152415184697
CASE_Q,10913,E1-S1-V-078,A-V-0913,SOL_1S_beam_0034,beam,S1,839,854,5.022326908738599e-10,3.5672722856940047e-10,7.415661137380199e-10,-1.6763189856864894e-09,-1.0546886508351056e-09,2.742860135759107e-10,-5.022326908738599e-10,-3.5672722856940047e-10,-7.415661137380199e-10,1.6763189856864894e-09,-4.821433832389054e-10,4.650005073904111e-10
CASE_Q,10914,E1-S1-V-079,A-V-0914,SOL_1S_beam_0035,beam,S1,839,854,5.022326908738599e-10,3.5672722856940047e-10,7.415661137380199e-10,-1.6763189856864894e-09,-1.0546886508351056e-09,2.742860135759107e-10,-5.022326908738599e-10,-3.5672722856940047e-10,-7.415661137380199e-10,1.6763189856864894e-09,-4.821433832389054e-10,4.650005073904111e-10
CASE_Q,10917,E1-S1-V-049,A-V-0917,SOL_1S_beam_0038,beam,S1,843,850,-5.016723325216904e-10,3.9113792934000457e-10,-6.52863754462173e-10,1.3785382853915783e-10,3.5518401142535665e-09,4.057258266858087e-09,5.016723325216904e-10,-3.9113792934000457e-10,6.52863754462173e-10,-1.3785382853915783e-10,-2.197324816445004e-09,-3.2457531017710008e-09
CASE_Q,10918,E1-S1-V-052,A-V-0918,SOL_1S_beam_0039,beam,S1,843,850,-5.016723325216904e-10,3.9113792934000457e-10,-6.52863754462173e-10,1.3785382853915783e-10,3.5518401142535665e-09,4.057258266858087e-09,5.016723325216904e-10,-3.9113792934000457e-10,6.52863754462173e-10,-1.3785382853915783e-10,-2.197324816445004e-09,-3.2457531017710008e-09
CASE_Q,10919,E1-S1-V-040,A-V-0919,SOL_1S_beam_0040,beam,S1,842,848,-793.1922679055914,-177.98096888825023,-4341.805113162304,-9868.932041310518,-3792.8952506024234,-92.64454780521747,793.1922679055914,177.98096888825023,4341.805113162304,9868.932041310518,12780.431834848394,-275.77605779346055
CASE_Q,10920,E1-S1-V-043,A-V-0920,SOL_1S_beam_0041,beam,S1,842,848,-793.1922679055914,-177.98096888825023,-4341.805113162304,-9868.932041310518,-3792.8952506024234,-92.64454780521747,793.1922679055914,177.98096888825023,4341.805113162304,9868.932041310518,12780.431834848394,-275.77605779346055
CASE_Q,10921,E1-S1-V-009,A-V-0921,SOL_1S_beam_0042,beam,S1,856,857,-1.3206459452321452e-09,-1.8106385171846478e-10,-7073.714069461624,328.9513193231572,-3414.2103602890566,-7.100929041032392e-10,1.3206459452321452e-09,1.8106385171846478e-10,7073.714069461624,-328.9513193231572,48013.97756824459,-4.31514680981681e-10
CASE_Q,10922,E1-S1-V-013,A-V-0922,SOL_1S_beam_0043,beam,S1,856,468,1.0513230074181503e-09,1.1853262996398077e-10,-7759.391930537332,-359.39315341911737,-1756.7816489774414,-1.4386864442892599e-11,-1.0513230074181503e-09,-1.1853262996398077e-10,7759.391930537332,359.39315341911737,63212.6010136355,9.531872190448813e-10
CASE_Q,10923,E1-S1-V-008,A-V-0923,SOL_1S_beam_0044,beam,S1,858,856,0.0,1.749955695606901e-10,-1250.4699999996803,-0.0,-7.239577826112509e-10,-1.4615336451646243e-15,0.0,-1.749955695606901e-10,1250.4699999996803,0.0,2588.4729000000625,3.6224229052427374e-10
CASE_Q,10924,E1-S1-V-012,A-V-0924,SOL_1S_beam_0045,beam,S1,858,856,0.0,1.749955695606901e-10,-1250.4699999996803,-0.0,-7.239577826112509e-10,-1.4615336451646243e-15,0.0,-1.749955695606901e-10,1250.4699999996803,0.0,2588.4729000000625,3.6224229052427374e-10
CASE_Q,10925,E1-S1-V-010,A-V-0925,SOL_1S_beam_0046,beam,S1,857,468,0.0,2.5765339140993565e-10,-12541.28606946138,-3733.159996910988,-47869.7583797099,-1.6146731539840128e-09,0.0,-2.5765339140993565e-10,12541.28606946138,3733.159996910988,68184.18372629976,2.0320211481293713e-09
CASE_Q,10928,E1-S1-V-042,A-V-0928,SOL_1S_beam_0049,beam,S1,849,51,-24.087109999863042,-497.3263004585547,-3701.257759486467,8337.045728679137,1541.598771024218,-531.4983111821467,24.087109999863042,497.3263004585547,3701.257759486467,-8337.045728679137,14263.405050421477,-1592.1700713039954
CASE_Q,10929,E1-S1-V-045,A-V-0929,SOL_1S_beam_0050,beam,S1,849,51,-24.087109999863042,-497.3263004585547,-3701.257759486467,8337.045728679137,1541.598771024218,-531.4983111821467,24.087109999863042,497.3263004585547,3701.257759486467,-8337.045728679137,14263.405050421477,-1592.1700713039954
CASE_Q,10930,E1-S1-V-051,A-V-0930,SOL_1S_beam_0051,beam,S1,851,860,0.0,4.191716613285518e-10,-2.717259983730134e-10,-0.0,1.3092252648881556e-09,1.9982850687461806e-09,0.0,-4.191716613285518e-10,2.717259983730134e-10,0.0,-1.309225264888161e-11,1.1637557910116251e-12
CASE_Q,10931,E1-S1-V-054,A-V-0931,SOL_1S_beam_0052,beam,S1,851,860,0.0,4.191716613285518e-10,-2.717259983730134e-10,-0.0,1.3092252648881556e-09,1.9982850687461806e-09,0.0,-4.191716613285518e-10,2.717259983730134e-10,0.0,-1.309225264888161e-11,1.1637557910116251e-12
CASE_Q,10932,E1-S1-V-073,A-V-0932,SOL_1S_beam_0053,beam,S1,853,376,411.8469479898586,-145.79430795144296,-323.71313496261905,1202.762257888236,-402.68448578948073,-883.8091559585998,-411.8469479898586,145.79430795144296,323.71313496261905,-1202.762257888236,2773.780470724123,-184.0878827263155
CASE_Q,10933,E1-S1-V-076,A-V-0933,SOL_1S_beam_0054,beam,S1,853,376,411.8469479898586,-145.79430795144296,-323.71313496261905,1202.762257888236,-402.68448578948073,-883.8091559585998,-411.8469479898586,145.79430795144296,323.71313496261905,-1202.762257888236,2773.780470724123,-184.0878827263155
CASE_Q,10934,E1-S1-V-029,A-V-0934,SOL_1S_beam_0055,beam,S1,848,444,1017.7676599614688,877.5341554170258,-12713.991153088155,-9714.31065700211,16482.07103951805,2900.085468510276,-1017.7676599614688,-877.5341554170258,12713.991153088155,9714.31065700211,53751.1219961241,1947.489536904378
CASE_Q,10935,E1-S1-V-028,A-V-0935,SOL_1S_beam_0056,beam,S1,452,848,-354.6487351993657,643.6581262373419,14040.083554263483,-4517.982238269451,-57387.95681448405,770.6805398400513,354.6487351993657,-643.6581262373419,-14040.083554263483,4517.982238269451,-20211.087095013438,2786.795098218323
CASE_Q,10936,E1-S1-V-016,A-V-0936,SOL_1S_beam_0057,beam,S1,444,861,5092.287428638091,-1549.0205302854,20133.843409330635,-1186.0195343141083,-24588.898847524375,-5935.538679561877,-5092.287428638091,1549.0205302854,-20133.843409330635,1186.0195343141083,-81258.3313297946,-2207.940401164835
CASE_Q,10937,E1-S1-V-023,A-V-0937,SOL_1S_beam_0058,beam,S1,862,861,6.000375524763811e-10,-2.7968764675010417e-10,-12176.098999999911,-698.7846384591404,-5153.897154632621,2.423618345291268e-10,-6.000375524763811e-10,2.7968764675010417e-10,12176.098999999911,698.7846384591404,68516.42579821812,-1.697812921815837e-09
CASE_Q,10938,E1-S1-V-015,A-V-0938,SOL_1S_beam_0059,beam,S1,863,862,0.0,-8.471261719954253e-11,-1250.4700000000748,-2.3711780139491644e-12,1.800799509510398e-10,-2.0286437688065125e-11,0.0,8.471261719954253e-11,1250.4700000000748,2.3711780139491644e-12,2600.5266702862878,-1.5588525802407936e-10
CASE_Q,10939,E1-S1-V-022,A-V-0939,SOL_1S_beam_0060,beam,S1,863,862,0.0,-8.471261719954253e-11,-1250.4700000000748,-2.3711780139491644e-12,1.800799509510398e-10,-2.0286437688065125e-11,0.0,8.471261719954253e-11,1250.4700000000748,2.3711780139491644e-12,2600.5266702862878,-1.5588525802407936e-10
CASE_Q,10940,E1-S1-V-017,A-V-0940,SOL_1S_beam_0061,beam,S1,861,458,2360.9870250398703,-1228.191447768853,-6920.541795334629,4938.179170114824,5843.494625066491,1103.9702005832728,-2360.9870250398703,1228.191447768853,6920.541795334629,-4938.179170114824,14645.283339093116,-4740.122197783804
CASE_Q,10941,E1-S1-V-024,A-V-0941,SOL_1S_beam_0062,beam,S1,861,458,2360.9870250398703,-1228.191447768853,-6920.541795334629,4938.179170114824,5843.494625066491,1103.9702005832728,-2360.9870250398703,1228.191447768853,6920.541795334629,-4938.179170114824,14645.283339093116,-4740.122197783804
CASE_Q,10942,E1-S1-V-057,A-V-0942,SOL_1S_beam_0063,beam,S1,448,864,0.0,0.0,0.0,-0.0,0.0,0.0,0.0,0.0,0.0,0.0,0.0,0.0
CASE_Q,10943,E1-S1-V-061,A-V-0943,SOL_1S_beam_0064,beam,S1,448,864,0.0,0.0,0.0,-0.0,0.0,0.0,0.0,0.0,0.0,0.0,0.0,0.0
CASE_Q,10944,E1-S1-V-056,A-V-0944,SOL_1S_beam_0065,beam,S1,865,448,0.0,0.0,0.0,-0.0,0.0,0.0,0.0,0.0,0.0,0.0,0.0,0.0
CASE_Q,10945,E1-S1-V-060,A-V-0945,SOL_1S_beam_0066,beam,S1,865,448,0.0,0.0,0.0,-0.0,0.0,0.0,0.0,0.0,0.0,0.0,0.0,0.0
CASE_Q,10946,E1-S1-V-058,A-V-0946,SOL_1S_beam_0067,beam,S1,864,866,0.0,0.0,0.0,-0.0,0.0,0.0,0.0,0.0,0.0,0.0,0.0,0.0
CASE_Q,10947,E1-S1-V-062,A-V-0947,SOL_1S_beam_0068,beam,S1,864,866,0.0,0.0,0.0,-0.0,0.0,0.0,0.0,0.0,0.0,0.0,0.0,0.0
CASE_Q,10954,E1-S1-V-006,A-V-0954,SOL_1S_beam_0075,beam,S1,452,442,-6644.224644897283,-406.40708273000376,11549.29835758962,-2336.4526185669665,-37279.05443265332,-455.92490422463027,6644.224644897283,406.40708273000376,-11549.29835758962,2336.4526185669665,-11270.466372957382,-1252.4792349395232
CASE_Q,10955,E1-S1-V-007,A-V-0955,SOL_1S_beam_0076,beam,S1,444,442,-3408.415399591608,1378.2267985679716,11147.54386920369,4559.198094331067,-36484.31756596331,3993.4214800586356,3408.415399591608,-1378.2267985679716,-11147.54386920369,-4559.198094331067,-10346.514228561393,1796.5093007254138
CASE_Q,10956,E1-S1-V-030,A-V-0956,SOL_1S_beam_0077,beam,S1,458,51,13292.102609716178,2172.8909772707393,14326.35265736835,749.3691004179198,-24547.448571923705,4776.656765059883,-13292.102609716178,-2172.8909772707393,-14326.35265736835,-749.3691004179198,-52162.72679967731,6858.0455151523365
CASE_Q,10957,E1-S1-V-026,A-V-0957,SOL_1S_beam_0078,beam,S1,458,366,-1409.0076854888262,-5.89452354889108,-5744.561803785331,4112.339208595235,13140.800900424794,42.54871565396611,1409.0076854888262,5.89452354889108,5744.561803785331,-4112.339208595235,-2796.6011438208716,-53.162950671780145
CASE_Q,10958,E1-S1-V-025,A-V-0958,SOL_1S_beam_0079,beam,S1,458,366,-1409.0076854888262,-5.89452354889108,-5744.561803785331,4112.339208595235,13140.800900424794,42.54871565396611,1409.0076854888262,5.89452354889108,5744.561803785331,-4112.339208595235,-2796.6011438208716,-53.162950671780145
CASE_Q,10959,E1-P1-V-009,A-V-0959,SOL_1_beam_0080,beam,P1,127,125,175610.63258260902,1117.8835687196806,41813.33216978805,-35032.33847696765,-206533.10100279236,5712.375516664743,-175610.63258260902,-1117.8835687196806,-41813.33216978805,35032.33847696765,-211600.22069508815,5466.460170532064
CASE_Q,10960,E1-P1-V-008,A-V-0960,SOL_1_beam_0081,beam,P1,91,90,-26741.971384101937,11403.459681399083,2036.7781318497093,-48544.610459609896,-15099.465298878833,59798.390941650854,26741.971384101937,-11403.459681399083,-2036.7781318497093,48544.610459609896,-5217.3965663220215,53951.11938030503
CASE_Q,10961,E1-P1-V-031,A-V-0961,SOL_1_beam_0082,beam,P1,871,872,10263.528485859782,30455.43372013366,-4996.1444314838145,-25653.79146915001,27792.818581001742,28829.113149649347,-10263.528485859782,-30455.43372013366,4996.1444314838145,25653.79146915001,-18350.10560549733,28731.656581403287
CASE_Q,10962,E1-P1-V-021,A-V-0962,SOL_1_beam_0083,beam,P1,125,871,23894.224052503083,7200.0051682780795,18422.637836153943,-46320.04516984239,-33784.677711962744,19968.0461473616,-23894.224052503083,-7200.0051682780795,-18422.637836153943,46320.04516984239,-63879.91131993392,18201.598831894702
CASE_Q,10963,E1-P1-V-036,A-V-0963,SOL_1_beam_0084,beam,P1,873,94,-4144.301321156104,-3960.414540370152,-45325.582133204814,30477.210891386112,123227.23719397285,-20871.97515189166,4144.301321156104,3960.414540370152,45325.582133204814,-30477.210891386112,90236.52604685043,2220.1464937053224
CASE_Q,10964,E1-P1-V-020,A-V-0964,SOL_1_beam_0085,beam,P1,90,873,3696.613695292237,1050.687992934399,6996.364103004916,-93968.87248215704,-51959.105555442235,9790.511979756964,-3696.613695292237,-1050.687992934399,-6996.364103004916,93968.87248215704,14819.020223688254,-4212.951815632172
CASE_Q,10965,E1-P1-V-058,A-V-0965,SOL_1_beam_0086,beam,P1,874,147,-62832.89741029831,-4323.251949806104,21362.167832360636,-8015.601561237643,9050.608702871337,-7765.301075917896,62832.89741029831,4323.251949806104,-21362.167832360636,8015.601561237643,-109484.97423757808,-12560.494977781498
CASE_Q,10966,E1-P1-V-048,A-V-0966,SOL_1_beam_0087,beam,P1,133,874,-63017.64162023549,924.3694860952327,48243.78214003706,-41599.4718663466,-167369.9016927627,1063.6262609241176,63017.64162023549,-924.3694860952327,-48243.78214003706,41599.4718663466,-88386.58649073023,3836.766765092378
CASE_Q,10967,E1-P1-V-057,A-V-0967,SOL_1_beam_0088,beam,P1,875,101,3918.127580994733,-6535.035202151884,-54592.42731695305,74435.02891191634,135365.2333961239,-27661.70390027215,-3918.127580994733,6535.035202151884,54592.42731695305,-74435.02891191634,121741.33713351846,-3115.4674345146395
CASE_Q,10968,E1-P1-V-047,A-V-0968,SOL_1_beam_0089,beam,P1,94,875,13342.364071438087,1065.1274576898459,33886.65692909497,-114887.63171583027,-123870.80048182723,11022.546186009138,-13342.364071438087,-1065.1274576898459,-33886.65692909497,114887.63171583027,-56015.968048975075,-5368.334357496007
CASE_Q,10969,E1-P1-V-087,A-V-0969,SOL_1_beam_0090,beam,P1,876,141,-69846.57326079764,-13838.253860353625,-40464.172519280204,-24115.59870316935,70212.45374781654,-40374.719657996546,69846.57326079764,13838.253860353625,40464.172519280204,24115.59870316935,120029.08628220872,-24685.568538079635
CASE_Q,10970,E1-P1-V-066,A-V-0970,SOL_1_beam_0091,beam,P1,147,876,-65135.653656577946,11341.306997618698,-20077.544188501404,11059.577714268496,83249.71669938788,23894.090498632642,65135.653656577946,-11341.306997618698,20077.544188501404,-11059.577714268496,23188.086582593194,36229.98602385545
CASE_Q,10971,E1-P1-V-086,A-V-0971,SOL_1_beam_0092,beam,P1,877,98,-7793.100334791976,-7470.067472557646,-34163.96451440231,104561.31940117729,74279.32633369541,-24043.798504083436,7793.100334791976,7470.067472557646,34163.96451440231,-104561.31940117729,83651.96117704314,-10488.416667717658
CASE_Q,10972,E1-P1-V-065,A-V-0972,SOL_1_beam_0093,beam,P1,101,877,7520.444505770286,-10599.8904751173,30426.303165104262,-116547.00037081007,-115959.86391053985,-21930.259314049494,-7520.444505770286,10599.8904751173,-30426.303165104262,116547.00037081007,-45557.672804915244,-34339.08730043247
CASE_Q,10973,E1-P1-V-102,A-V-0973,SOL_1_beam_0094,beam,P1,141,157,-21783.70281868347,-5100.956546417269,-10992.757084700343,-36178.41537979144,29437.656979427928,-13223.336346978947,21783.70281868347,5100.956546417269,10992.757084700343,36178.41537979144,25526.12844407378,-12281.446385107396
CASE_Q,10974,E1-P1-V-101,A-V-0974,SOL_1_beam_0095,beam,P1,98,105,-8809.366056355751,-5160.225954998423,14205.30343665293,-13718.60637841721,-40835.17891748482,-12198.787309516629,8809.366056355751,5160.225954998423,-14205.30343665293,13718.60637841721,-31427.19966476868,-14051.282123560362
CASE_Q,10975,E1-P1-V-007,A-V-0975,SOL_1_beam_0096,beam,P1,129,121,107330.99774395183,6241.877658295367,71035.04757374161,-14844.70365348033,-374301.11070714897,42031.062294433694,-107330.99774395183,-6241.877658295367,-71035.04757374161,14844.70365348033,-336049.3650302671,20387.714288519972
CASE_Q,10976,E1-P1-V-006,A-V-0976,SOL_1_beam_0097,beam,P1,24,88,-81857.46681437129,-4818.757549834448,9265.068652836886,6994.441310229571,-48931.12364409132,-30176.54998393122,81857.46681437129,4818.757549834448,-9265.068652836886,-6994.441310229571,-43904.86471966306,-18107.40090586691
CASE_Q,10977,E1-P1-V-035,A-V-0977,SOL_1_beam_0098,beam,P1,878,149,-150399.4679591315,-12920.721412492412,89374.76959347974,-15055.968891614624,-30798.68652684061,-23832.055355991863,150399.4679591315,12920.721412492412,-89374.76959347974,15055.968891614624,-389395.0984613694,-36914.47142990187
CASE_Q,10978,E1-P1-V-019,A-V-0978,SOL_1_beam_0099,beam,P1,121,878,-158588.8922334984,-10641.127855854182,92931.97035726998,-90080.66190761152,-386622.6855891657,-41969.55237256422,158588.8922334984,10641.127855854182,-92931.97035726998,90080.66190761152,-106040.89351324952,-14442.639416732272
CASE_Q,10979,E1-P1-V-028,A-V-0979,SOL_1_beam_0100,beam,P1,88,102,-41566.38101706502,-265.40525750624954,7293.510429887079,2237.6727715004495,-37849.66255260556,-30.65295041716081,41566.38101706502,265.40525750624954,-7293.510429887079,-2237.6727715004495,-35085.441746265235,-2623.3996246453344
CASE_Q,10980,E1-P1-V-056,A-V-0980,SOL_1_beam_0101,beam,P1,879,145,-267346.3129480274,-13031.265758131118,17823.384788240463,28165.793986248813,13148.947131205234,-30513.854047108143,267346.3129480274,13031.265758131118,-17823.384788240463,-28165.793986248813,-96945.25283959409,-30752.39488424398
CASE_Q,10981,E1-P1-V-046,A-V-0981,SOL_1_beam_0102,beam,P1,149,879,-276862.51031226706,-6737.845780439523,36988.01654201117,-79948.33129098882,-104432.2197415416,-24108.635164549974,276862.51031226706,6737.845780439523,-36988.01654201117,79948.33129098882,-91652.84881178974,-11610.797107754834
CASE_Q,10982,E1-P1-V-052,A-V-0982,SOL_1_beam_0103,beam,P1,102,100,-17728.896304628528,35.4096408425732,7479.245498203597,193.68468322694613,-35692.15855007209,381.2843367305513,17728.896304628528,-35.4096408425732,-7479.245498203597,-193.68468322694613,-39100.83643153947,-27.185371737979608
CASE_Q,10983,E1-P1-V-085,A-V-0983,SOL_1_beam_0104,beam,P1,513,143,-188029.49416805911,-8665.860063976463,-6370.5178205251705,44738.607580210875,-42418.494581897634,-19179.67922400954,188029.49416805911,8665.860063976463,6370.5178205251705,-44738.607580210875,74292.17840265074,-24178.316388866195
CASE_Q,10984,E1-P1-V-064,A-V-0984,SOL_1_beam_0105,beam,P1,145,513,-201204.6034870351,-19784.072859562228,-21920.09949865256,-84989.95637035723,106674.56258400857,-53503.04886637408,201204.6034870351,19784.072859562228,21920.09949865256,84989.95637035723,2998.5190120339976,-45482.82650167327
CASE_Q,10985,E1-P1-V-100,A-V-0985,SOL_1_beam_0106,beam,P1,143,151,-70948.83870685354,-18814.895956238583,-23218.51668653208,-15235.179983317597,58913.38864042668,-47560.02587536252,70948.83870685354,18814.895956238583,23218.51668653208,15235.179983317597,57179.19479223371,-46514.45390583038
CASE_Q,10986,E1-P1-V-011,A-V-0986,SOL_1_beam_0107,beam,P1,131,123,-114948.6842695432,-7134.81403462357,-79796.07745466057,-67638.99607117278,401367.7155039987,-27910.01583798216,114948.6842695432,7134.81403462357,79796.07745466057,67638.99607117278,396566.9533288366,-43435.79031565995
CASE_Q,10987,E1-P1-V-010,A-V-0987,SOL_1_beam_0108,beam,P1,93,89,37495.266952740356,6235.414062833536,-24271.039042596105,-32664.685281970433,118568.52709457056,33223.212153852815,-37495.266952740356,-6235.414062833536,24271.039042596105,32664.685281970433,123535.08735532564,28975.043122911724
CASE_Q,10988,E1-P1-V-024,A-V-0988,SOL_1_beam_0109,beam,P1,123,120,253208.85680835726,3128.1090341774716,-48438.48260831187,4583.265274236365,214063.9777314178,6681.449044636314,-253208.85680835726,-3128.1090341774716,48438.48260831187,-4583.265274236365,148832.19763356232,16754.02505571987
CASE_Q,10989,E1-P1-V-032,A-V-0989,SOL_1_beam_0110,beam,P1,880,120,-1352.4460674411978,-6281.86156023544,-35713.386853026386,6385.774379193225,61289.25129519307,6862.053398975779,1352.4460674411978,6281.86156023544,35713.386853026386,-6385.774379193225,18794.974865070395,-20948.5925437427
CASE_Q,10990,E1-P1-V-022,A-V-0990,SOL_1_beam_0111,beam,P1,89,880,-14333.046537993523,15509.932525055236,1295.0978793494437,-44607.900499961754,16839.97397508189,46697.6735401942,14333.046537993523,-15509.932525055236,-1295.0978793494437,44607.900499961754,-23714.98005593368,35636.55163583553
CASE_Q,10991,E1-P1-V-053,A-V-0991,SOL_1_beam_0112,beam,P1,135,137,-48891.26749479981,1335.4849941221305,39778.8807793526,-2400.795751550379,-186676.30247531208,2048.821451107565,48891.26749479981,-1335.4849941221305,-39778.8807793526,2400.795751550379,-211179.0438539415,11308.262369354534
CASE_Q,10992,E1-P1-V-059,A-V-0992,SOL_1_beam_0113,beam,P1,881,96,48400.54606902651,1614.9821492140122,-60926.552826397085,16422.494880867358,50278.07548019204,-3750.7436729632045,-48400.54606902651,-1614.9821492140122,60926.552826397085,-16422.494880867358,236659.46918039455,11356.606651729551
CASE_Q,10993,E1-P1-V-049,A-V-0993,SOL_1_beam_0114,beam,P1,95,881,48083.833093992216,5179.408900608795,-7039.469134085928,-65510.36593774094,6659.769396234691,20482.653503195528,-48083.833093992216,-5179.408900608795,7039.469134085928,65510.36593774094,30709.138293676595,7012.154614929304
CASE_Q,10994,E1-P1-V-078,A-V-0994,SOL_1_beam_0115,beam,P1,137,139,-65374.280086828716,-5597.173387756694,-44046.45212850479,-13546.440814537233,210707.19115518586,-28345.761565651086,65374.280086828716,5597.173387756694,44046.45212850479,13546.440814537233,229757.330129862,-27625.972311915844
CASE_Q,10995,E1-P1-V-088,A-V-0995,SOL_1_beam_0116,beam,P1,882,139,58819.46957333725,17874.234365507218,79668.04636835148,28555.60577353527,-19354.61759610765,36435.69034036138,-58819.46957333725,-17874.234365507218,-79668.04636835148,-28555.60577353527,-357049.0714474967,48013.82311826897
CASE_Q,10996,E1-P1-V-067,A-V-0996,SOL_1_beam_0117,beam,P1,96,882,51704.9828357718,4754.055528085521,96504.7070376623,-6682.812683150224,-435158.92453909846,25620.6326649822,-51704.9828357718,-4754.055528085521,-96504.7070376623,6682.812683150224,-77134.7470774627,-383.80602396183895
CASE_Q,10997,E1-P1-V-104,A-V-0997,SOL_1_beam_0118,beam,P1,97,153,32588.321926293404,34812.70807978754,469573.26203619625,87692.09397987851,-1225253.565060702,95694.218186858,-32588.321926293404,-34812.70807978754,-469573.26203619625,-87692.09397987851,-1038578.6114581426,72139.29167066376
CASE_Q,10998,E1-P1-V-103,A-V-0998,SOL_1_beam_0119,beam,P1,97,104,17110.97955572111,-3217.840393848109,-305819.48893451726,48873.180546572396,1095168.3397940206,-26374.012505859944,-17110.97955572111,3217.840393848109,305819.48893451726,-48873.180546572396,380481.0469659119,10847.192353171631
CASE_Q,10999,E1-P1-V-012,A-V-0999,SOL_1_beam_0120,beam,P1,121,90,17556.34292651635,582.4592011847413,-91575.8549308405,38984.918122749594,379014.20066881884,-6953.201295246978,-17556.34292651635,-582.4592011847413,91575.8549308405,-38984.918122749594,419435.6784731797,12031.663070376739
CASE_Q,11000,E1-P1-V-016,A-V-1000,SOL_1_beam_0121,beam,P1,121,90,17556.34292651635,582.4592011847413,-91575.8549308405,38984.918122749594,379014.20066881884,-6953.201295246978,-17556.34292651635,-582.4592011847413,91575.8549308405,-38984.918122749594,419435.6784731797,12031.663070376739
CASE_Q,11001,E1-P1-V-013,A-V-1001,SOL_1_beam_0122,beam,P1,125,89,16603.958290653118,-1318.358295377671,-115169.4583942067,12566.08349353586,408911.914504131,-9216.429389864617,-16603.958290653118,1318.358295377671,115169.4583942067,-12566.08349353586,405220.9868845159,-103.04540016013743
CASE_Q,11002,E1-P1-V-017,A-V-1002,SOL_1_beam_0123,beam,P1,125,89,16603.958290653118,-1318.358295377671,-115169.4583942067,12566.08349353586,408911.914504131,-9216.429389864617,-16603.958290653118,1318.358295377671,115169.4583942067,-12566.08349353586,405220.9868845159,-103.04540016013743
CASE_Q,11003,E1-P1-V-014,A-V-1003,SOL_1_beam_0124,beam,P1,123,119,-6266.162944971832,6362.41401932152,-10788.825428880937,15770.442014938399,31110.820702523943,13081.828101957268,6266.162944971832,-6362.41401932152,10788.825428880937,-15770.442014938399,12087.637661971236,12393.278425913337
CASE_Q,11004,E1-P1-V-018,A-V-1004,SOL_1_beam_0126,beam,P1,123,119,-6266.162944971832,6362.41401932152,-10788.825428880937,15770.442014938399,31110.820702523943,13081.828101957268,6266.162944971832,-6362.41401932152,10788.825428880937,-15770.442014938399,12087.637661971236,12393.278425913337
CASE_Q,11005,E1-P1-V-023,A-V-1005,SOL_1_beam_0127,beam,P1,117,119,5178.999318954897,-3202.975816098699,8082.155140292819,6058.496759342314,-23193.433272708597,-14505.213014303185,-5178.999318954897,3202.975816098699,-8082.155140292819,-6058.496759342314,-37341.908728084636,-9485.07584827608
CASE_Q,11006,E1-P1-V-025,A-V-1006,SOL_1_beam_0128,beam,P1,117,119,5178.999318954897,-3202.975816098699,8082.155140292819,6058.496759342314,-23193.433272708597,-14505.213014303185,-5178.999318954897,3202.975816098699,-8082.155140292819,-6058.496759342314,-37341.908728084636,-9485.07584827608
CASE_Q,11007,E1-P1-V-042,A-V-1007,SOL_1_beam_0129,beam,P1,149,94,76493.23533574052,4892.043537007873,-168237.74002892702,37102.62859293198,648958.1564799764,14698.870831557731,-76493.23533574052,-4892.043537007873,168237.74002892702,-37102.62859293198,817738.4610922092,27949.9647240769
CASE_Q,11008,E1-P1-V-044,A-V-1008,SOL_1_beam_0130,beam,P1,149,94,76493.23533574052,4892.043537007873,-168237.74002892702,37102.62859293198,648958.1564799764,14698.870831557731,-76493.23533574052,-4892.043537007873,168237.74002892702,-37102.62859293198,817738.4610922092,27949.9647240769
CASE_Q,11009,E1-P1-V-043,A-V-1009,SOL_1_beam_0131,beam,P1,133,95,-33028.01704902855,3624.9679431585278,-64300.98597517769,26788.107709982778,158863.13288282917,8405.693939652641,33028.01704902855,-3624.9679431585278,64300.98597517769,-26788.107709982778,295680.5369757018,17219.204450534984
CASE_Q,11010,E1-P1-V-045,A-V-1010,SOL_1_beam_0132,beam,P1,133,95,-33028.01704902855,3624.9679431585278,-64300.98597517769,26788.107709982778,158863.13288282917,8405.693939652641,33028.01704902855,-3624.9679431585278,64300.98597517769,-26788.107709982778,295680.5369757018,17219.204450534984
CASE_Q,11011,E1-P1-V-060,A-V-1011,SOL_1_beam_0133,beam,P1,145,101,95415.56120161012,7986.378384177938,-223934.88742668185,31579.746941299694,882249.9458163665,30282.860738710748,-95415.56120161012,-7986.378384177938,223934.88742668185,-31579.746941299694,1070014.402769446,39342.38601455252
CASE_Q,11012,E1-P1-V-062,A-V-1012,SOL_1_beam_0134,beam,P1,145,101,95415.56120161012,7986.378384177938,-223934.88742668185,31579.746941299694,882249.9458163665,30282.860738710748,-95415.56120161012,-7986.378384177938,223934.88742668185,-31579.746941299694,1070014.402769446,39342.38601455252
CASE_Q,11013,E1-P1-V-061,A-V-1013,SOL_1_beam_0135,beam,P1,147,96,-38591.75498878291,2684.665197145952,-124611.12078235655,5318.7242774970855,375562.99571739894,4552.811746193791,38591.75498878291,-2684.665197145952,124611.12078235655,-5318.7242774970855,505313.01709307934,14425.086532430938
CASE_Q,11014,E1-P1-V-063,A-V-1014,SOL_1_beam_0136,beam,P1,147,96,-38591.75498878291,2684.665197145952,-124611.12078235655,5318.7242774970855,375562.99571739894,4552.811746193791,38591.75498878291,-2684.665197145952,124611.12078235655,-5318.7242774970855,505313.01709307934,14425.086532430938
CASE_Q,11015,E1-P1-V-094,A-V-1015,SOL_1_beam_0137,beam,P1,143,98,103564.95112505277,8156.204285082904,-254333.91127407705,29754.618601443657,993292.6838246234,32076.17207922086,-103564.95112505277,-8156.204285082904,254333.91127407705,-29754.618601443657,1224100.758737626,39033.15741342204
CASE_Q,11016,E1-P1-V-096,A-V-1016,SOL_1_beam_0138,beam,P1,143,98,103564.95112505277,8156.204285082904,-254333.91127407705,29754.618601443657,993292.6838246234,32076.17207922086,-103564.95112505277,-8156.204285082904,254333.91127407705,-29754.618601443657,1224100.758737626,39033.15741342204
CASE_Q,11017,E1-P1-V-095,A-V-1017,SOL_1_beam_0139,beam,P1,141,883,9.905784667612546e-09,4.85987310313998e-09,7254.967999791502,7.332964751173777e-11,-48787.44765746164,3.001848985673306e-08,-9.905784667612546e-09,-4.85987310313998e-09,-7254.967999791502,-7.332964751173777e-11,-1.4915713109076023e-10,2.6626749186542523e-09
CASE_Q,11018,E1-P1-V-097,A-V-1018,SOL_1_beam_0140,beam,P1,141,97,-243612.89528415664,-16214.083757518518,-27880.54671233058,-35912.855982643254,207640.4665289133,-52989.039724251284,243612.89528415664,16214.083757518518,27880.54671233058,35912.855982643254,-4887.462408340623,-64923.073865886385
CASE_Q,11019,E1-P1-V-001,A-V-1019,SOL_1_beam_0141,beam,P1,129,884,43189.29468328792,7267.021964681617,40131.575844880674,17439.742803969988,-317085.75834358035,40630.29728300045,-43189.29468328792,-7267.021964681617,-40131.575844880674,-17439.742803969988,171351.42866515543,-14240.73862537892
CASE_Q,11020,E1-P1-V-003,A-V-1020,SOL_1_beam_0142,beam,P1,129,266,-238466.58159266078,-13976.289278558672,-801441.454936816,189202.1305986819,902626.7574598605,-40807.32262074232,238466.58159266078,13976.289278558672,801441.454936816,-189202.1305986819,1579537.315523996,-2478.987199109455
CASE_Q,11021,E1-P1-V-002,A-V-1021,SOL_1_beam_0143,beam,P1,884,91,41667.91399514897,13487.391399659531,40131.57584488027,42240.52918249307,-166976.628391644,14240.73862537932,-41667.91399514897,-13487.391399659531,-40131.57584488027,-42240.52918249307,-38109.56556815538,54684.48323219153
CASE_Q,11022,E1-P1-V-004,A-V-1022,SOL_1_beam_0144,beam,P1,885,91,-2.1208138262571983e-10,-2.898443523405758e-10,-13439.757000000474,-5.023926056488937e-13,3.637978807091713e-11,-3.619522263478795e-12,2.1208138262571983e-10,2.898443523405758e-10,13439.757000000474,5.023926056488937e-13,65958.4401723823,-1.418852727283749e-09
CASE_Q,11023,E1-P1-V-005,A-V-1023,SOL_1_beam_0145,beam,P1,127,93,-2603.1520579495636,972.6153637158804,-81722.63442745927,14790.376320052672,301831.5445800411,-3942.251925716737,2603.1520579495636,-972.6153637158804,81722.63442745927,-14790.376320052672,275869.3708971613,10817.712928195888
CASE_Q,11024,E1-P1-V-105,A-V-1024,SOL_1_beam_0146,beam,P1,151,105,109634.20098352285,7944.896069963562,-285322.0755805855,29094.352702024473,1126934.61060161,31993.437829148956,-109634.20098352285,-7944.896069963562,285322.0755805855,-29094.352702024473,1360503.2443099343,37270.16610879338
CASE_Q,11025,E1-P1-V-107,A-V-1025,SOL_1_beam_0147,beam,P1,151,105,109634.20098352285,7944.896069963562,-285322.0755805855,29094.352702024473,1126934.61060161,31993.437829148956,-109634.20098352285,-7944.896069963562,285322.0755805855,-29094.352702024473,1360503.2443099343,37270.16610879338
CASE_Q,11026,E1-P1-V-106,A-V-1026,SOL_1_beam_0148,beam,P1,157,104,-39654.84980583652,-6427.549777276624,-156309.4277031456,39062.013137975795,467792.1689140558,-28947.608312144406,39654.84980583652,6427.549777276624,156309.4277031456,-39062.013137975795,637002.866091777,-16482.313513646764
CASE_Q,11027,E1-P1-V-108,A-V-1027,SOL_1_beam_0149,beam,P1,157,104,-39654.84980583652,-6427.549777276624,-156309.4277031456,39062.013137975795,467792.1689140558,-28947.608312144406,39654.84980583652,6427.549777276624,156309.4277031456,-39062.013137975795,637002.866091777,-16482.313513646764
CASE_Q,11028,E1-P1-V-026,A-V-1028,SOL_1_beam_0150,beam,P1,878,873,-2528.2324240816224,3816.8446831467795,-11676.864118105694,67201.61042636038,38307.02826579118,19137.34738635878,2528.2324240816224,-3816.8446831467795,11676.864118105694,-67201.61042636038,58610.943914486066,12542.46348375949
CASE_Q,11029,E1-P1-V-029,A-V-1029,SOL_1_beam_0151,beam,P1,878,873,-2528.2324240816224,3816.8446831467795,-11676.864118105694,67201.61042636038,38307.02826579118,19137.34738635878,2528.2324240816224,-3816.8446831467795,11676.864118105694,-67201.61042636038,58610.943914486066,12542.46348375949
CASE_Q,11030,E1-P1-V-027,A-V-1030,SOL_1_beam_0152,beam,P1,871,880,-11360.442479257017,-6731.527595214681,-4387.02886617505,17515.621445873894,11044.252933046202,-23515.355990772063,11360.442479257017,6731.527595214681,4387.02886617505,-17515.621445873894,18129.489027017884,-21249.302517405573
CASE_Q,11031,E1-P1-V-030,A-V-1031,SOL_1_beam_0153,beam,P1,871,880,-11360.442479257017,-6731.527595214681,-4387.02886617505,17515.621445873894,11044.252933046202,-23515.355990772063,11360.442479257017,6731.527595214681,4387.02886617505,-17515.621445873894,18129.489027017884,-21249.302517405573
CASE_Q,11032,E1-P1-V-050,A-V-1032,SOL_1_beam_0154,beam,P1,879,875,-3290.7908958707194,4527.3909284723,-17328.61312303292,38706.357088028795,55227.76543692165,21062.32557743623,3290.7908958707194,-4527.3909284723,17328.61312303292,-38706.357088028795,88599.72348425155,16515.019128883854
CASE_Q,11033,E1-P1-V-054,A-V-1033,SOL_1_beam_0155,beam,P1,879,875,-3290.7908958707194,4527.3909284723,-17328.61312303292,38706.357088028795,55227.76543692165,21062.32557743623,3290.7908958707194,-4527.3909284723,17328.61312303292,-38706.357088028795,88599.72348425155,16515.019128883854
CASE_Q,11034,E1-P1-V-051,A-V-1034,SOL_1_beam_0156,beam,P1,874,881,1120.5348801316495,50.15965179582354,-8730.573846155597,39089.966467063685,17894.532890134185,1964.2671554183362,-1120.5348801316495,-50.15965179582354,8730.573846155597,-39089.966467063685,40163.78318680054,-1630.7054709761096
CASE_Q,11035,E1-P1-V-055,A-V-1035,SOL_1_beam_0157,beam,P1,874,881,1120.5348801316495,50.15965179582354,-8730.573846155597,39089.966467063685,17894.532890134185,1964.2671554183362,-1120.5348801316495,-50.15965179582354,8730.573846155597,-39089.966467063685,40163.78318680054,-1630.7054709761096
CASE_Q,11036,E1-P1-V-076,A-V-1036,SOL_1_beam_0158,beam,P1,513,877,1275.4723442738948,7149.453163910002,-20034.962339753005,18127.98116653108,66319.69752837787,32331.252862841044,-1275.4723442738948,-7149.453163910002,20034.962339753005,-18127.98116653108,106085.78082568003,29191.44290225779
CASE_Q,11037,E1-P1-V-079,A-V-1037,SOL_1_beam_0159,beam,P1,513,877,1275.4723442738948,7149.453163910002,-20034.962339753005,18127.98116653108,66319.69752837787,32331.252862841044,-1275.4723442738948,-7149.453163910002,20034.962339753005,-18127.98116653108,106085.78082568003,29191.44290225779
CASE_Q,11038,E1-P1-V-077,A-V-1038,SOL_1_beam_0160,beam,P1,876,882,10978.595120441898,-2399.033885884069,92.40166534452567,-46864.79402371407,-16961.537235146636,2072.366817070575,-10978.595120441898,2399.033885884069,-92.40166534452567,46864.79402371407,16347.06616060554,-18025.942158199636
CASE_Q,11039,E1-P1-V-080,A-V-1039,SOL_1_beam_0161,beam,P1,876,882,10978.595120441898,-2399.033885884069,92.40166534452567,-46864.79402371407,-16961.537235146636,2072.366817070575,-10978.595120441898,2399.033885884069,-92.40166534452567,46864.79402371407,16347.06616060554,-18025.942158199636
CASE_Q,11040,E1-P1-V-070,A-V-1040,SOL_1_beam_0162,beam,P1,107,109,5.653586376194303e-08,3.778654166138775e-08,-7.516822751926066e-08,7.773564158471768e-08,6.245799549100656e-07,3.99701018681769e-07,-5.653586376194303e-08,-3.778654166138775e-08,7.516822751926066e-08,-7.773564158471768e-08,-2.7031209861179e-07,-2.2161304783164847e-07
CASE_Q,11041,E1-P1-V-073,A-V-1041,SOL_1_beam_0163,beam,P1,107,109,5.653586376194303e-08,3.778654166138775e-08,-7.516822751926066e-08,7.773564158471768e-08,6.245799549100656e-07,3.99701018681769e-07,-5.653586376194303e-08,-3.778654166138775e-08,7.516822751926066e-08,-7.773564158471768e-08,-2.7031209861179e-07,-2.2161304783164847e-07
CASE_Q,11042,E1-P1-V-071,A-V-1042,SOL_1_beam_0164,beam,P1,109,111,1.4136965508809293e-08,4.6361566344339615e-08,-9.275133461477911e-08,1.121616674570294e-07,3.961177735568363e-07,2.215922220287494e-07,-1.4136965508809293e-08,-4.6361566344339615e-08,9.275133461477911e-08,-1.121616674570294e-07,4.092651514800288e-08,-3.1365214142211537e-09
CASE_Q,11043,E1-P1-V-074,A-V-1043,SOL_1_beam_0165,beam,P1,109,111,1.4136965508809293e-08,4.6361566344339615e-08,-9.275133461477911e-08,1.121616674570294e-07,3.961177735568363e-07,2.215922220287494e-07,-1.4136965508809293e-08,-4.6361566344339615e-08,9.275133461477911e-08,-1.121616674570294e-07,4.092651514800288e-08,-3.1365214142211537e-09
CASE_Q,11044,E1-P1-V-084,A-V-1044,SOL_1_beam_0166,beam,P1,111,886,0.0,5.001956553191006e-10,-1.9594718193862076e-08,-1.318702296445984e-09,1.1723692981333166e-07,3.0402181988946298e-09,0.0,-5.001956553191006e-10,1.9594718193862076e-08,1.318702296445984e-09,0.0,-4.750340935772836e-11
CASE_Q,11045,E1-P1-V-083,A-V-1045,SOL_1_beam_0167,beam,P1,886,111,0.0,5.001956553191006e-10,1.9594718193862076e-08,-1.318702296445984e-09,0.0,-4.750340935772836e-11,0.0,-5.001956553191006e-10,-1.9594718193862076e-08,1.318702296445984e-09,-1.1723692981333166e-07,3.0402181988946298e-09
CASE_Q,11046,E1-P1-V-091,A-V-1046,SOL_1_beam_0168,beam,P1,139,887,4.0664159042203695e-08,-1.5157969811671106e-07,-2.1124754495820165e-07,7.931646507514776e-07,7.291083716267121e-07,-5.242604113316643e-08,-4.0664159042203695e-08,1.5157969811671106e-07,2.1124754495820165e-07,-7.931646507514776e-07,-2.1003038145298198e-07,-3.2003596814193025e-07
CASE_Q,11047,E1-P1-V-092,A-V-1047,SOL_1_beam_0169,beam,P1,139,887,4.0664159042203695e-08,-1.5157969811671106e-07,-2.1124754495820165e-07,7.931646507514776e-07,7.291083716267121e-07,-5.242604113316643e-08,-4.0664159042203695e-08,1.5157969811671106e-07,2.1124754495820165e-07,-7.931646507514776e-07,-2.1003038145298198e-07,-3.2003596814193025e-07
CASE_Q,11048,E1-P1-V-081,A-V-1048,SOL_1_beam_0170,beam,P1,888,107,-5.954082482561979e-08,-8.149695586247592e-08,-1.39654176662306e-07,9.070430702161149e-07,3.3832720506594216e-07,1.6054227152496324e-07,5.954082482561979e-08,8.149695586247592e-08,1.39654176662306e-07,-9.070430702161149e-07,9.13410380847576e-08,-4.1128059303061335e-07
CASE_Q,11049,E1-P1-V-093,A-V-1049,SOL_1_beam_0171,beam,P1,889,888,-1.1555382501200597e-07,2.1191988882874077e-07,8.676940881753855e-09,-3.5095618168385997e-07,-2.7783897631563187e-08,1.5940808763695453e-07,1.1555382501200597e-07,-2.1191988882874077e-07,-8.676940881753855e-09,3.5095618168385997e-07,6.525392471266219e-09,3.5979563999346095e-07
CASE_Q,11050,E1-P1-V-082,A-V-1050,SOL_1_beam_0172,beam,P1,889,107,1.2659472888477766e-07,-9.909904004749006e-08,-8.665994230450331e-09,3.499242212545755e-07,3.7164595408316867e-08,-1.5898047374970122e-07,-1.2659472888477766e-07,9.909904004749006e-08,8.665994230450331e-09,-3.499242212545755e-07,1.0715339552032965e-08,-3.8854534566921603e-07
CASE_Q,11051,E1-P1-V-090,A-V-1051,SOL_1_beam_0173,beam,P1,888,887,1.7826953116193408e-07,2.667416832610326e-08,7.573672097758332e-08,-1.5029368001746255e-07,6.364222262481046e-07,-2.605429005657351e-07,-1.7826953116193408e-07,-2.667416832610326e-08,-7.573672097758332e-08,1.5029368001746255e-07,-8.062239546798465e-07,3.2034638595285865e-07
CASE_Q,11052,E1-P1-V-089,A-V-1052,SOL_1_beam_0174,beam,P1,888,887,1.7826953116193408e-07,2.667416832610326e-08,7.573672097758332e-08,-1.5029368001746255e-07,6.364222262481046e-07,-2.605429005657351e-07,-1.7826953116193408e-07,-2.667416832610326e-08,-7.573672097758332e-08,1.5029368001746255e-07,-8.062239546798465e-07,3.2034638595285865e-07
CASE_Q,11053,E1-P1-V-038,A-V-1053,SOL_1_beam_0175,beam,P1,117,120,9745.746668414851,15154.11880833112,-8672.258511868145,787.6467985308465,19527.229324723558,17161.599630197437,-9745.746668414851,-15154.11880833112,8672.258511868145,-787.6467985308465,16202.475744173205,45273.3698601268
CASE_Q,11054,E1-P1-V-034,A-V-1054,SOL_1_beam_0176,beam,P1,117,120,9745.746668414851,15154.11880833112,-8672.258511868145,787.6467985308465,19527.229324723558,17161.599630197437,-9745.746668414851,-15154.11880833112,8672.258511868145,-787.6467985308465,16202.475744173205,45273.3698601268
CASE_Q,11055,E1-P1-V-037,A-V-1055,SOL_1_beam_0177,beam,P1,120,890,-2501.3303975026506,-3541.600207558021,4307.707092587919,21792.965610152332,-53532.59287779822,-19181.138498193188,2501.3303975026506,3541.600207558021,-4307.707092587919,-21792.965610152332,22782.858037597172,-6099.890353511974
CASE_Q,11056,E1-P1-V-033,A-V-1056,SOL_1_beam_0178,beam,P1,120,872,30859.86886622893,-8974.516901801855,15046.622431482438,17255.74693742992,-81005.08557008245,-35331.19846372187,-30859.86886622893,8974.516901801855,-15046.622431482438,-17255.74693742992,-26402.32168024305,-28731.656581401512
CASE_Q,11057,E1-P1-V-041,A-V-1057,SOL_1_beam_0179,beam,P1,120,135,107017.1719527805,13052.272131843376,367326.67348804005,-11176.933961529046,-667078.9453666013,25208.787028730676,-107017.1719527805,-13052.272131843376,-367326.67348804005,11176.933961529046,-255528.15613608778,7574.345340164458
CASE_Q,11058,E1-P1-V-040,A-V-1058,SOL_1_beam_0180,beam,P1,120,95,190831.30241739162,-13468.961544262022,-479357.5787041168,10236.273448907514,620234.1554301133,-44607.598840519866,-190831.30241739162,13468.961544262022,479357.5787041168,-10236.273448907514,586112.2165972356,10711.748194283224
CASE_Q,11062,E1-P1-V-039,A-V-1062,SOL_1_beam_0184,beam,P1,890,133,-3764.6937060346395,2150.968871791457,-5755.907907430553,-20593.02108129681,-23872.98584575856,6099.890353512848,3764.6937060346395,-2150.968871791457,5755.907907430553,20593.02108129681,36611.970016905885,-1339.3627615045343
CASE_Q,11066,E1-P2-V-010,A-V-1066,SOL_2_beam_0188,beam,P2,128,126,-28195.139390997938,12189.465863001307,34550.24026413567,-18990.720604196693,-174900.45212716106,59844.87552435196,28195.139390997938,-12189.465863001307,-34550.24026413567,18990.720604196693,-170601.95051419566,62049.78310566109
CASE_Q,11067,E1-P2-V-009,A-V-1067,SOL_2_beam_0189,beam,P2,128,126,-28195.139390997938,12189.465863001307,34550.24026413567,-18990.720604196693,-174900.45212716106,59844.87552435196,28195.139390997938,-12189.465863001307,-34550.24026413567,18990.720604196693,-170601.95051419566,62049.78310566109
CASE_Q,11068,E1-P2-V-034,A-V-1068,SOL_2_beam_0190,beam,P2,896,897,-33296.06549304936,1956.8194675513528,6520.111967391084,-31233.749799782832,-1039.3882168071468,2910.6672132448566,33296.06549304936,-1956.8194675513528,-6520.111967391084,31233.749799782832,-11283.623401562007,787.7215804272008
CASE_Q,11069,E1-P2-V-024,A-V-1069,SOL_2_beam_0191,beam,P2,126,898,2106.780756520095,4931.037492399416,16842.006535109736,2980.0972794659688,-83263.39033646128,8835.01798673768,-2106.780756520095,-4931.037492399416,-16842.006535109736,-2980.0972794659688,3944.8702798306767,14388.02229801258
CASE_Q,11070,E1-P2-V-040,A-V-1070,SOL_2_beam_0192,beam,P2,896,134,30359.964976934887,8832.63741666129,4915.574619025805,-38.727322934387686,-4421.487005707266,20952.903884181935,-30359.964976934887,-8832.63741666129,-4915.574619025805,38.727322934387686,-18728.72987588963,20644.973816785805
CASE_Q,11071,E1-P2-V-023,A-V-1071,SOL_2_beam_0193,beam,P2,126,898,2106.780756520095,4931.037492399416,16842.006535109736,2980.0972794659688,-83263.39033646128,8835.01798673768,-2106.780756520095,-4931.037492399416,-16842.006535109736,-2980.0972794659688,3944.8702798306767,14388.02229801258
CASE_Q,11072,E1-P2-V-073,A-V-1072,SOL_2_beam_0194,beam,P2,899,148,682.4274681514682,1672.4747321823668,-16776.79342472681,-17868.432131768805,-3296.1939284432374,5265.819766221479,-682.4274681514682,-1672.4747321823668,16776.79342472681,17868.432131768805,82307.58862010734,2610.80825385847
CASE_Q,11073,E1-P2-V-058,A-V-1073,SOL_2_beam_0195,beam,P2,134,900,1759.0836056634798,3827.7774346258125,21915.916256272925,10013.425381414381,-112815.66576640305,8484.97233703165,-1759.0836056634798,-3827.7774346258125,-21915.916256272925,-10013.425381414381,9601.239414721655,9542.193285292298
CASE_Q,11074,E1-P2-V-072,A-V-1074,SOL_2_beam_0196,beam,P2,899,148,682.4274681514682,1672.4747321823668,-16776.79342472681,-17868.432131768805,-3296.1939284432374,5265.819766221479,-682.4274681514682,-1672.4747321823668,16776.79342472681,17868.432131768805,82307.58862010734,2610.80825385847
CASE_Q,11075,E1-P2-V-057,A-V-1075,SOL_2_beam_0197,beam,P2,134,900,1759.0836056634798,3827.7774346258125,21915.916256272925,10013.425381414381,-112815.66576640305,8484.97233703165,-1759.0836056634798,-3827.7774346258125,-21915.916256272925,-10013.425381414381,9601.239414721655,9542.193285292298
CASE_Q,11076,E1-P2-V-095,A-V-1076,SOL_2_beam_0198,beam,P2,901,142,-2398.489744835122,12710.965302221044,-21076.750096563614,-29667.844637113914,-6043.302300748648,22413.449298176427,2398.489744835122,-12710.965302221044,21076.750096563614,29667.844637113914,105304.28093562028,37448.85629978518
CASE_Q,11077,E1-P2-V-085,A-V-1077,SOL_2_beam_0199,beam,P2,148,902,919.266739181197,9048.609801005923,11864.243917513098,-3030.48360515784,-49280.01124060806,23550.53298302743,-919.266739181197,-9048.609801005923,-11864.243917513098,3030.48360515784,-6595.413529371024,19064.480643140607
CASE_Q,11078,E1-P2-V-094,A-V-1078,SOL_2_beam_0200,beam,P2,901,142,-2398.489744835122,12710.965302221044,-21076.750096563614,-29667.844637113914,-6043.302300748648,22413.449298176427,2398.489744835122,-12710.965302221044,21076.750096563614,29667.844637113914,105304.28093562028,37448.85629978518
CASE_Q,11079,E1-P2-V-084,A-V-1079,SOL_2_beam_0201,beam,P2,148,902,919.266739181197,9048.609801005923,11864.243917513098,-3030.48360515784,-49280.01124060806,23550.53298302743,-919.266739181197,-9048.609801005923,-11864.243917513098,3030.48360515784,-6595.413529371024,19064.480643140607
CASE_Q,11080,E1-P2-V-105,A-V-1080,SOL_2_beam_0202,beam,P2,142,158,9585.393383436669,7214.381263119571,-20342.640089119257,-6769.295070714987,45770.27744882674,15654.32086744632,-9585.393383436669,-7214.381263119571,20342.640089119257,6769.295070714987,55942.92299676953,20417.58544815153
CASE_Q,11081,E1-P2-V-104,A-V-1081,SOL_2_beam_0203,beam,P2,142,158,9585.393383436669,7214.381263119571,-20342.640089119257,-6769.295070714987,45770.27744882674,15654.32086744632,-9585.393383436669,-7214.381263119571,20342.640089119257,6769.295070714987,55942.92299676953,20417.58544815153
CASE_Q,11082,E1-P2-V-008,A-V-1082,SOL_2_beam_0204,beam,P2,130,122,-317653.1334648394,9207.400713888017,82413.95561412974,-14655.777428496956,-423696.0150933241,55956.089672275084,317653.1334648394,-9207.400713888017,-82413.95561412974,14655.777428496956,-400443.54104797327,36117.91746660508
CASE_Q,11083,E1-P2-V-007,A-V-1083,SOL_2_beam_0205,beam,P2,32,122,1044699.0086148619,11417.767342567722,159965.77352059353,-14129.13365007423,-860330.7526554348,65466.42300854121,-1044699.0086148619,-11417.767342567722,-159965.77352059353,14129.13365007423,-742784.9044575179,48958.06413830999
CASE_Q,11084,E1-P2-V-039,A-V-1084,SOL_2_beam_0206,beam,P2,903,150,-1385.6852392885717,-2761.3157066965236,-28211.914639269027,-31021.472173848546,1574.8467657877918,6162.3448320527405,1385.6852392885717,2761.3157066965236,28211.914639269027,31021.472173848546,131289.1974263895,-19166.7643042572
CASE_Q,11085,E1-P2-V-022,A-V-1085,SOL_2_beam_0207,beam,P2,122,904,795.4589648956506,-9530.809431434614,19562.943265228427,9458.76573493396,-81205.1947912518,-48147.229404437385,-795.4589648956506,9530.809431434614,-19562.943265228427,-9458.76573493396,-10927.752937689176,3261.2654032219652
CASE_Q,11086,E1-P2-V-031,A-V-1086,SOL_2_beam_0208,beam,P2,122,150,363361.8210921975,12292.880340045895,91932.75735495506,-43568.00107033723,-448633.3596356306,57065.17233734031,-363361.8210921975,-12292.880340045895,-91932.75735495506,43568.00107033723,-470694.2185105579,65863.63167776266
CASE_Q,11087,E1-P2-V-071,A-V-1087,SOL_2_beam_0209,beam,P2,905,146,-1812.079706764992,458.663269471367,-38424.38782253566,-33106.329673359025,-4273.560646184909,7017.987843866212,1812.079706764992,-458.663269471367,38424.38782253566,33106.329673359025,185233.25895055404,-4857.91265281384
CASE_Q,11088,E1-P2-V-056,A-V-1088,SOL_2_beam_0210,beam,P2,150,906,144.8179313034059,-6232.205294251932,32065.65747804955,15768.112882587033,-143612.11906756854,-29851.82857716235,-144.8179313034059,6232.205294251932,-32065.65747804955,-15768.112882587033,-7401.131422160819,501.2506310047538
CASE_Q,11089,E1-P2-V-063,A-V-1089,SOL_2_beam_0211,beam,P2,150,146,222697.01955980549,3993.4614758874773,29702.16727599784,-13218.328096661377,-144979.68777954637,16344.765729448558,-222697.01955980549,-3993.4614758874773,-29702.16727599784,13218.328096661377,-152041.98498043203,23589.84902942621
CASE_Q,11090,E1-P2-V-093,A-V-1090,SOL_2_beam_0212,beam,P2,907,144,-6146.760080656531,10831.812181065774,-39030.058976948785,-42569.71080902213,-6568.432907212438,23321.950173154288,6146.760080656531,-10831.812181065774,39030.058976948785,42569.71080902213,190380.54020454868,27690.481656030348
CASE_Q,11091,E1-P2-V-083,A-V-1091,SOL_2_beam_0213,beam,P2,146,908,4815.77072359701,6946.001360915051,35942.17831494971,16438.671748951783,-152805.33550754705,14118.773798811395,-4815.77072359701,-6946.001360915051,-35942.17831494971,-16438.671748951783,-16464.394287875548,18593.427537958734
CASE_Q,11092,E1-P2-V-089,A-V-1092,SOL_2_beam_0214,beam,P2,146,144,90131.32225530934,1794.0724209101813,-18304.917899017597,-14592.712344980773,95894.13797129106,7472.011907305392,-90131.32225530934,-1794.0724209101813,18304.917899017597,14592.712344980773,87155.04101888489,10468.71230179642
CASE_Q,11093,E1-P2-V-103,A-V-1093,SOL_2_beam_0215,beam,P2,144,152,25675.96894217483,-482.74974919837416,-18470.12822284812,-6542.174313614183,40270.956374526984,-4040.2705671950125,-25675.96894217483,482.74974919837416,18470.12822284812,6542.174313614183,52079.684739713615,1626.5218212031418
CASE_Q,11094,E1-P2-V-102,A-V-1094,SOL_2_beam_0216,beam,P2,144,152,25675.96894217483,-482.74974919837416,-18470.12822284812,-6542.174313614183,40270.956374526984,-4040.2705671950125,-25675.96894217483,482.74974919837416,18470.12822284812,6542.174313614183,52079.684739713615,1626.5218212031418
CASE_Q,11095,E1-P2-V-012,A-V-1095,SOL_2_beam_0217,beam,P2,132,124,58872.02235798932,20522.18817522359,-82840.141570289,-70221.46586304696,435396.3434586539,108240.46972125935,-58872.02235798932,-20522.18817522359,82840.141570289,70221.46586304696,392977.97064859985,96974.69808728993
CASE_Q,11096,E1-P2-V-011,A-V-1096,SOL_2_beam_0218,beam,P2,132,161,2460.4736954836335,9314.962787829272,8993.553181274716,-14413.060586333526,-57848.68924973062,48921.43874332741,-2460.4736954836335,-9314.962787829272,-8993.553181274716,14413.060586333526,-32086.84256301653,44228.189134965316
CASE_Q,11097,E1-P2-V-027,A-V-1097,SOL_2_beam_0219,beam,P2,124,159,-332890.03341690096,4861.41986597019,-109374.54632647483,2444.6536035267236,342679.31585125986,8957.390714546684,332890.03341690096,-4861.41986597019,109374.54632647483,-2444.6536035267236,476743.6389327658,27463.87149694108
CASE_Q,11098,E1-P2-V-035,A-V-1098,SOL_2_beam_0220,beam,P2,909,159,3116.0293073245066,-6656.093631495503,-30200.01394727051,13251.427646520338,104.87141388151213,10397.664430016728,-3116.0293073245066,6656.093631495503,30200.01394727051,-13251.427646520338,66654.92859085092,-25111.547689384377
CASE_Q,11099,E1-P2-V-025,A-V-1099,SOL_2_beam_0221,beam,P2,161,910,-4926.047868910939,-966.4757671061313,16546.900664441648,-1435.647115594005,-82043.95397762948,-18084.96374075979,4926.047868910939,966.4757671061313,-16546.900664441648,1435.647115594005,4114.1983330974035,13533.22188321695
CASE_Q,11100,E1-P2-V-064,A-V-1100,SOL_2_beam_0222,beam,P2,136,138,-369479.7490529879,1975.3276223303876,46645.0669807547,-1791.0227160509876,-239949.40830243405,6477.53996602651,369479.7490529879,-1975.3276223303876,-46645.0669807547,1791.0227160509876,-226579.2851798621,13279.040407746086
CASE_Q,11101,E1-P2-V-074,A-V-1101,SOL_2_beam_0223,beam,P2,911,138,-40.668163839578575,-3829.228617587214,-24925.523329034448,-4040.3429386707485,6737.61690228551,-356.2427854957714,40.668163839578575,3829.228617587214,24925.523329034448,4040.3429386707485,110652.33918283995,-17678.00160426412
CASE_Q,11102,E1-P2-V-059,A-V-1102,SOL_2_beam_0224,beam,P2,168,912,-3450.587663243083,-1878.0491870213004,21006.008009184337,6232.860144599818,-89011.39368726028,-17764.748456076442,3450.587663243083,1878.0491870213004,-21006.008009184337,-6232.860144599818,-9919.101178199613,8919.834402323002
CASE_Q,11103,E1-P2-V-086,A-V-1103,SOL_2_beam_0225,beam,P2,138,913,-125185.29639770169,3568.5398785320035,-14808.576145159073,-19315.26434160683,129144.34412763266,3232.648867016119,125185.29639770169,-3568.5398785320035,14808.576145159073,19315.26434160683,-59401.45125370397,13573.848396811578
CASE_Q,11104,E1-P2-V-013,A-V-1104,SOL_2_beam_0226,beam,P2,122,126,39995.85791205404,-11556.204866433069,46041.94343800627,13138.468280757037,-214239.2036932867,-60584.66687053637,-39995.85791205404,11556.204866433069,-46041.94343800627,-13138.468280757037,-195534.09290496912,-42265.556440717955
CASE_Q,11105,E1-P2-V-019,A-V-1105,SOL_2_beam_0227,beam,P2,122,126,39995.85791205404,-11556.204866433069,46041.94343800627,13138.468280757037,-214239.2036932867,-60584.66687053637,-39995.85791205404,11556.204866433069,-46041.94343800627,-13138.468280757037,-195534.09290496912,-42265.556440717955
CASE_Q,11106,E1-P2-V-014,A-V-1106,SOL_2_beam_0228,beam,P2,126,161,21705.97132370742,-13354.26502796567,14296.524268846075,3637.5366665739416,-63117.32802942811,-42718.662724074675,-21705.97132370742,13354.26502796567,-14296.524268846075,-3637.5366665739416,-40546.76944397481,-54113.11299370441
CASE_Q,11107,E1-P2-V-020,A-V-1107,SOL_2_beam_0229,beam,P2,126,161,21705.97132370742,-13354.26502796567,14296.524268846075,3637.5366665739416,-63117.32802942811,-42718.662724074675,-21705.97132370742,13354.26502796567,-14296.524268846075,-3637.5366665739416,-40546.76944397481,-54113.11299370441
CASE_Q,11108,E1-P2-V-015,A-V-1108,SOL_2_beam_0231,beam,P2,124,156,8025.9032878618855,-18021.84113781112,-10702.955116194611,13991.730434390336,31455.129330245167,-47670.70186736968,-8025.9032878618855,18021.84113781112,10702.955116194611,-13991.730434390336,11399.504291530906,-24488.752298905674
CASE_Q,11109,E1-P2-V-021,A-V-1109,SOL_2_beam_0232,beam,P2,124,156,8025.9032878618855,-18021.84113781112,-10702.955116194611,13991.730434390336,31455.129330245167,-47670.70186736968,-8025.9032878618855,18021.84113781112,10702.955116194611,-13991.730434390336,11399.504291530906,-24488.752298905674
CASE_Q,11110,E1-P2-V-026,A-V-1110,SOL_2_beam_0234,beam,P2,155,156,6480.866931435331,4959.804159327801,13409.62540478822,5312.14981208363,-62313.50407031456,15568.383432095408,-6480.866931435331,-4959.804159327801,-13409.62540478822,-5312.14981208363,-38124.59021154923,21580.549721269836
CASE_Q,11111,E1-P2-V-028,A-V-1111,SOL_2_beam_0235,beam,P2,155,156,6480.866931435331,4959.804159327801,13409.62540478822,5312.14981208363,-62313.50407031456,15568.383432095408,-6480.866931435331,-4959.804159327801,-13409.62540478822,-5312.14981208363,-38124.59021154923,21580.549721269836
CASE_Q,11112,E1-P2-V-048,A-V-1112,SOL_2_beam_0236,beam,P2,150,134,-70335.91081798599,-6148.6801693107145,56517.106776306784,7429.934810380954,-254035.27292492194,-33207.625942679515,70335.91081798599,6148.6801693107145,-56517.106776306784,-7429.934810380954,-248910.46027743214,-21509.478884016535
CASE_Q,11113,E1-P2-V-051,A-V-1113,SOL_2_beam_0237,beam,P2,150,134,-70335.91081798599,-6148.6801693107145,56517.106776306784,7429.934810380954,-254035.27292492194,-33207.625942679515,70335.91081798599,6148.6801693107145,-56517.106776306784,-7429.934810380954,-248910.46027743214,-21509.478884016535
CASE_Q,11114,E1-P2-V-049,A-V-1114,SOL_2_beam_0238,beam,P2,134,168,-9915.34748579688,-9867.395238668834,-8784.938992290026,-12474.897926400898,27015.672326360156,-30137.806097035565,9915.34748579688,9867.395238668834,8784.938992290026,12474.897926400898,36683.92030673484,-41410.676778552166
CASE_Q,11115,E1-P2-V-052,A-V-1115,SOL_2_beam_0239,beam,P2,134,168,-9915.34748579688,-9867.395238668834,-8784.938992290026,-12474.897926400898,27015.672326360156,-30137.806097035565,9915.34748579688,9867.395238668834,8784.938992290026,12474.897926400898,36683.92030673484,-41410.676778552166
CASE_Q,11116,E1-P2-V-036,A-V-1116,SOL_2_beam_0240,beam,P2,897,159,-20462.07959525923,-8548.017584417057,-7334.274320611126,-1366.488594912443,26597.521505368488,-27136.338558806397,20462.07959525923,8548.017584417057,7334.274320611126,1366.488594912443,24430.47848194429,-32336.244838215724
CASE_Q,11117,E1-P2-V-042,A-V-1117,SOL_2_beam_0241,beam,P2,897,159,-20462.07959525923,-8548.017584417057,-7334.274320611126,-1366.488594912443,26597.521505368488,-27136.338558806397,20462.07959525923,8548.017584417057,7334.274320611126,1366.488594912443,24430.47848194429,-32336.244838215724
CASE_Q,11118,E1-P2-V-076,A-V-1118,SOL_2_beam_0242,beam,P2,146,148,-38015.643856352755,-4371.142283036333,61336.280482436916,10319.642610568795,-282598.4216944922,-20989.297054289804,38015.643856352755,4371.142283036333,-61336.280482436916,-10319.642610568795,-263233.13831871387,-17909.498122450517
CASE_Q,11119,E1-P2-V-080,A-V-1119,SOL_2_beam_0243,beam,P2,146,148,-38015.643856352755,-4371.142283036333,61336.280482436916,10319.642610568795,-282598.4216944922,-20989.297054289804,38015.643856352755,4371.142283036333,-61336.280482436916,-10319.642610568795,-263233.13831871387,-17909.498122450517
CASE_Q,11120,E1-P2-V-077,A-V-1120,SOL_2_beam_0244,beam,P2,148,138,12975.15721967703,-5340.089585683297,14478.366396966201,3148.321473380066,-67939.63481311887,-15546.595132797467,-12975.15721967703,5340.089585683297,-14478.366396966201,-3148.321473380066,-37042.99993128308,-23174.394452992132
CASE_Q,11121,E1-P2-V-081,A-V-1121,SOL_2_beam_0245,beam,P2,148,138,12975.15721967703,-5340.089585683297,14478.366396966201,3148.321473380066,-67939.63481311887,-15546.595132797467,-12975.15721967703,5340.089585683297,-14478.366396966201,-3148.321473380066,-37042.99993128308,-23174.394452992132
CASE_Q,11122,E1-P2-V-097,A-V-1122,SOL_2_beam_0247,beam,P2,144,142,-69252.18115397102,-1983.4215381738518,83325.16630087547,10558.05393600442,-383164.9036922186,-10732.758692445566,69252.18115397102,1983.4215381738518,-83325.16630087547,-10558.05393600442,-358429.0763855731,-6919.692997301716
CASE_Q,11123,E1-P2-V-100,A-V-1123,SOL_2_beam_0248,beam,P2,144,142,-69252.18115397102,-1983.4215381738518,83325.16630087547,10558.05393600442,-383164.9036922186,-10732.758692445566,69252.18115397102,1983.4215381738518,-83325.16630087547,-10558.05393600442,-358429.0763855731,-6919.692997301716
CASE_Q,11124,E1-P2-V-098,A-V-1124,SOL_2_beam_0249,beam,P2,142,140,28151.38019775605,-97.09965789597055,29090.746201446633,5628.174366815736,-119973.64754884,3103.0428153422868,-28151.38019775605,97.09965789597055,-29090.746201446633,-5628.174366815736,-90934.26241164807,-3807.0153350880732
CASE_Q,11125,E1-P2-V-101,A-V-1125,SOL_2_beam_0250,beam,P2,142,140,28151.38019775605,-97.09965789597055,29090.746201446633,5628.174366815736,-119973.64754884,3103.0428153422868,-28151.38019775605,97.09965789597055,-29090.746201446633,-5628.174366815736,-90934.26241164807,-3807.0153350880732
CASE_Q,11126,E1-P2-V-001,A-V-1126,SOL_2_beam_0251,beam,P2,130,914,79607.45886571014,-10176.994837228722,71280.60179311199,-5699.339026579955,-366119.46911237546,-29935.016931685765,-79607.45886571014,10176.994837228722,-71280.60179311199,5699.339026579955,94339.32154016622,-8868.038726170782
CASE_Q,11127,E1-P2-V-004,A-V-1127,SOL_2_beam_0252,beam,P2,130,914,79607.45886571014,-10176.994837228722,71280.60179311199,-5699.339026579955,-366119.46911237546,-29935.016931685765,-79607.45886571014,10176.994837228722,-71280.60179311199,5699.339026579955,94339.32154016622,-8868.038726170782
CASE_Q,11128,E1-P2-V-002,A-V-1128,SOL_2_beam_0253,beam,P2,914,128,160502.02120301625,1666.167353065981,125540.13958622412,14576.32178313623,-188459.78631864546,17736.077452333506,-160502.02120301625,-1666.167353065981,-125540.13958622412,-14576.32178313623,-452776.3526534193,-9225.598462245032
CASE_Q,11129,E1-P2-V-005,A-V-1129,SOL_2_beam_0254,beam,P2,915,128,0.0,2.309465836753122e-09,-6763.465999998636,-8.037518207255958e-12,2.2919266484677792e-10,-3.6191784780431985e-10,0.0,-2.309465836753122e-09,6763.465999998636,8.037518207255958e-12,33196.28794224148,1.1697184841035641e-08
CASE_Q,11130,E1-P2-V-003,A-V-1130,SOL_2_beam_0255,beam,P2,128,132,3767.5751222769877,-11852.096717710905,3817.9943513037056,8312.18490622429,-5139.5623575012,-42029.24520554476,-3767.5751222769877,11852.096717710905,-3817.9943513037056,-8312.18490622429,-22544.714683801976,-43910.308094577034
CASE_Q,11131,E1-P2-V-006,A-V-1131,SOL_2_beam_0256,beam,P2,128,132,3767.5751222769877,-11852.096717710905,3817.9943513037056,8312.18490622429,-5139.5623575012,-42029.24520554476,-3767.5751222769877,11852.096717710905,-3817.9943513037056,-8312.18490622429,-22544.714683801976,-43910.308094577034
CASE_Q,11132,E1-P2-V-108,A-V-1132,SOL_2_beam_0258,beam,P2,152,158,-56285.382618479205,3.4048046318216976,73460.40691244233,10703.209843361397,-338862.7467105434,-1637.5815209791535,56285.382618479205,-3.4048046318216976,-73460.40691244233,-10703.209843361397,-314934.8748101934,1667.8842822023666
CASE_Q,11133,E1-P2-V-111,A-V-1133,SOL_2_beam_0259,beam,P2,152,158,-56285.382618479205,3.4048046318216976,73460.40691244233,10703.209843361397,-338862.7467105434,-1637.5815209791535,56285.382618479205,-3.4048046318216976,-73460.40691244233,-10703.209843361397,-314934.8748101934,1667.8842822023666
CASE_Q,11134,E1-P2-V-109,A-V-1134,SOL_2_beam_0260,beam,P2,158,154,7315.693800907605,1260.3134782072693,29600.63819363799,-5369.778531310178,-122030.57541840445,9660.182847413591,-7315.693800907605,-1260.3134782072693,-29600.63819363799,5369.778531310178,-92574.05148547099,-522.910130410889
CASE_Q,11135,E1-P2-V-112,A-V-1135,SOL_2_beam_0261,beam,P2,158,154,7315.693800907605,1260.3134782072693,29600.63819363799,-5369.778531310178,-122030.57541840445,9660.182847413591,-7315.693800907605,-1260.3134782072693,-29600.63819363799,5369.778531310178,-92574.05148547099,-522.910130410889
CASE_Q,11136,E1-P2-V-029,A-V-1136,SOL_2_beam_0262,beam,P2,904,898,-9460.782288497861,-1400.9574843225366,2233.1882652258796,11508.084413076247,-8743.456218034135,-3261.265403221981,9460.782288497861,1400.9574843225366,-2233.1882652258796,-11508.084413076247,-11131.919342476194,-9207.256207248594
CASE_Q,11137,E1-P2-V-032,A-V-1137,SOL_2_beam_0263,beam,P2,903,896,2667.769591303186,-1558.201983775441,18543.604639234098,-3541.181853214032,-30858.903241025066,-6162.344832053736,-2667.769591303186,1558.201983775441,-18543.604639234098,3541.181853214032,-134179.1780481584,-7705.652823547689
CASE_Q,11138,E1-P2-V-030,A-V-1138,SOL_2_beam_0264,beam,P2,898,910,649.6681574362476,-4977.745905562939,-958.9336644353205,4014.032575333849,4681.251754353914,-19568.788388776957,-649.6681574362476,4977.745905562939,958.9336644353205,-4014.032575333849,1695.6571141409659,-13533.22188321658
CASE_Q,11139,E1-P2-V-033,A-V-1139,SOL_2_beam_0265,beam,P2,896,909,-6169.814486940613,-3993.320707353224,-17404.33994721937,1908.2467591139828,102625.13017325383,-16157.918273880854,6169.814486940613,3993.320707353224,17404.33994721937,-1908.2467591139828,13113.730475754965,-10397.664430018081
CASE_Q,11140,E1-P2-V-060,A-V-1140,SOL_2_beam_0266,beam,P2,906,900,-6210.437888059397,-540.2002428243137,5067.593478113071,8387.29671168176,-15266.413595539332,-501.25063100114085,6210.437888059397,540.2002428243137,-5067.593478113071,-8387.29671168176,-29835.168359667,-4306.531530135252
CASE_Q,11141,E1-P2-V-067,A-V-1141,SOL_2_beam_0267,beam,P2,905,899,-572.7844877801617,-1779.3040181536096,11426.32382218341,2163.0618953353,-33310.86231674524,-7017.987843862911,572.7844877801617,1779.3040181536096,-11426.32382218341,-2163.0618953353,-68383.41970068713,-8817.817917704215
CASE_Q,11142,E1-P2-V-061,A-V-1142,SOL_2_beam_0268,beam,P2,900,912,1653.6769775888142,-3563.5623222217077,-266.4250090708189,-9500.469992197268,8625.789608311901,-14777.855040450859,-1653.6769775888142,3563.5623222217077,266.4250090708189,9500.469992197268,-6854.063297990956,-8919.834402323493
CASE_Q,11143,E1-P2-V-068,A-V-1143,SOL_2_beam_0269,beam,P2,899,911,-3823.9991670028116,-204.14719236709473,-4185.940329081843,6465.617393629456,32299.19792400254,-1713.821614736984,3823.9991670028116,204.14719236709473,4185.940329081843,-6465.617393629456,-4462.694735608289,356.2427854958041
CASE_Q,11144,E1-P2-V-087,A-V-1144,SOL_2_beam_0270,beam,P2,908,902,7237.735127319954,-4365.062748078147,8944.114314740526,17474.847873796283,-15360.205074407168,-18593.42753795907,-7237.735127319954,4365.062748078147,-8944.114314740526,-17474.847873796283,-64242.412326783524,-20255.63091993644
CASE_Q,11145,E1-P2-V-091,A-V-1145,SOL_2_beam_0271,beam,P2,907,901,-11200.20930715111,-5446.661921790785,12031.994976839793,3852.4868319521506,-42900.85004322561,-23321.950173154226,11200.20930715111,5446.661921790785,-12031.994976839793,-3852.4868319521506,-64183.90525064854,-25153.34093078376
CASE_Q,11146,E1-P2-V-088,A-V-1146,SOL_2_beam_0272,beam,P2,902,913,25415.315641895893,-5047.066637582387,-16493.24885072139,30252.800909776553,71131.32793292675,-17873.33036634412,-25415.315641895893,5047.066637582387,16493.24885072139,-30252.800909776553,38548.77692437047,-15689.662773578744
CASE_Q,11147,E1-P2-V-092,A-V-1147,SOL_2_beam_0273,beam,P2,901,913,-37500.81604876332,-5271.44168283751,5530.406170053771,12475.882852049115,3091.9791196570004,-19673.557665569246,37500.81604876332,5271.44168283751,-5530.406170053771,-12475.882852049115,-40018.57193472982,-15523.925952284153
CASE_Q,11148,E1-P2-V-038,A-V-1148,SOL_2_beam_0274,beam,P2,916,155,-1.1585456061794479e-07,1.984728103346797e-08,7.87720449646841e-08,6.861101368793408e-11,-8.689092046345906e-10,2.290830845285495e-08,1.1585456061794479e-07,-1.984728103346797e-08,-7.87720449646841e-08,-6.861101368793408e-11,-1.8029865996167655e-07,2.2738388430615297e-08
CASE_Q,11149,E1-P2-V-041,A-V-1149,SOL_2_beam_0275,beam,P2,155,916,-1.1585456061794479e-07,1.984728103346797e-08,-7.87720449646841e-08,6.861101368793408e-11,1.8029865996167655e-07,2.2738388430615297e-08,1.1585456061794479e-07,-1.984728103346797e-08,7.87720449646841e-08,-6.861101368793408e-11,8.689092046345906e-10,2.290830845285495e-08
CASE_Q,11150,E1-P2-V-016,A-V-1150,SOL_2_beam_0276,beam,P2,917,124,-3.871826114825412e-08,-9.289875589034693e-09,-2.0254089220279082e-09,1.668128659007838e-09,1.8584765351161968e-08,-7.64040353325548e-09,3.871826114825412e-08,9.289875589034693e-09,2.0254089220279082e-09,-1.668128659007838e-09,-1.5100121847819105e-08,-8.342494668743823e-09
CASE_Q,11151,E1-P2-V-018,A-V-1151,SOL_2_beam_0277,beam,P2,124,917,-3.871826114825412e-08,-9.289875589034693e-09,2.0254089220279082e-09,1.668128659007838e-09,1.5100121847819105e-08,-8.342494668743823e-09,3.871826114825412e-08,9.289875589034693e-09,-2.0254089220279082e-09,-1.668128659007838e-09,-1.8584765351161968e-08,-7.64040353325548e-09
CASE_Q,11152,E1-P2-V-062,A-V-1152,SOL_2_beam_0278,beam,P2,918,919,0.0,3.16570610719582e-10,-1835.7610000014952,-0.0,9.940777090378106e-10,1.0605115459105988e-10,0.0,-3.16570610719582e-10,1835.7610000014952,0.0,3689.879610002007,5.302557729552994e-10
CASE_Q,11153,E1-P2-V-069,A-V-1153,SOL_2_beam_0279,beam,P2,919,918,0.0,3.16570610719582e-10,1835.7610000014952,-0.0,-3689.879610002007,5.302557729552994e-10,0.0,-3.16570610719582e-10,-1835.7610000014952,0.0,-9.940777090378106e-10,1.0605115459105988e-10
CASE_Q,11154,E1-P2-V-090,A-V-1154,SOL_2_beam_0282,beam,P2,138,140,-110536.39899476775,454.955924355511,-36315.736272018265,-14050.695832483168,192314.55335082975,189.40916090934616,110536.39899476775,-454.955924355511,36315.736272018265,14050.695832483168,170842.8093693529,4360.150082645764
CASE_Q,11155,E1-P2-V-096,A-V-1155,SOL_2_beam_0283,beam,P2,913,140,-110849.85343292462,6397.548034158071,-62190.16682582717,-12232.270046952286,100451.78863487783,17639.740329051358,110849.85343292462,-6397.548034158071,62190.16682582717,12232.270046952286,229687.22339758856,16321.901763699221
CASE_Q,11156,E1-P2-V-106,A-V-1156,SOL_2_beam_0284,beam,P2,140,154,14688.741434373265,-7780.407527110304,-91422.04293584521,-6673.774255803568,172979.35915160755,-19459.700858267628,-14688.741434373265,7780.407527110304,91422.04293584521,6673.774255803568,284130.8555276185,-19442.336777283894
CASE_Q,11157,E1-P2-V-070,A-V-1157,SOL_2_beam_0285,beam,P2,920,919,4907.4844599772405,1223.9869687319115,-6020.035591319271,-816.1463324036894,35753.22162614294,5223.600943101581,-4907.4844599772405,-1223.9869687319115,6020.035591319271,816.1463324036894,-5653.0436695465905,896.3339005579769
CASE_Q,11158,E1-P2-V-075,A-V-1158,SOL_2_beam_0287,beam,P2,921,919,6427.481414774459,54.23593679345436,-1242.8306495122526,-1436.4705476530341,28045.082867452416,1898.3923327671978,-6427.481414774459,-54.23593679345436,1242.8306495122526,1436.4705476530341,-21075.251353355856,-1594.2355744768233
CASE_Q,11159,E1-P2-V-054,A-V-1159,SOL_2_beam_0288,beam,P2,919,922,5661.430617592833,810.9907870782552,-12720.258120415834,-5378.866981611564,13310.637229442424,348.9508369589844,-5661.430617592833,-810.9907870782552,12720.258120415834,5378.866981611564,50290.65337263675,3706.003098432291
CASE_Q,11160,E1-P2-V-055,A-V-1160,SOL_2_beam_0289,beam,P2,919,922,5661.430617592833,810.9907870782552,-12720.258120415834,-5378.866981611564,13310.637229442424,348.9508369589844,-5661.430617592833,-810.9907870782552,12720.258120415834,5378.866981611564,50290.65337263675,3706.003098432291
CASE_Q,11161,E1-P2-V-078,A-V-1161,SOL_2_beam_0290,beam,P2,138,920,-581.4878338162835,5024.283005922533,-2352.255591320999,-35560.371776035296,9274.233384758842,16922.17865180089,581.4878338162835,-5024.283005922533,2352.255591320999,35560.371776035296,-3797.2240695273804,-5223.600943099162
CASE_Q,11162,E1-P2-V-082,A-V-1162,SOL_2_beam_0291,beam,P2,921,138,-1128.2426009254373,6327.9165218185335,-2589.9433504966396,-27410.022428438664,-6105.799796001231,-1898.3923327706161,1128.2426009254373,-6327.9165218185335,2589.9433504966396,27410.022428438664,12907.486616705139,18516.711957682226
CASE_Q,11163,E1-P2-V-107,A-V-1163,SOL_2_beam_0292,beam,P2,140,154,14688.741434373265,-7780.407527110304,-91422.04293584521,-6673.774255803568,172979.35915160755,-19459.700858267628,-14688.741434373265,7780.407527110304,91422.04293584521,6673.774255803568,284130.8555276185,-19442.336777283894
CASE_Q,11164,E1-P2-V-047,A-V-1164,SOL_2_beam_0293,beam,P2,159,136,-513112.60831882124,15518.28110722399,-223479.7794871277,3259.0748498718162,403306.7124830997,37173.663850461475,513112.60831882124,-15518.28110722399,223479.7794871277,-3259.0748498718162,158003.00575545948,1803.2942252662542
CASE_Q,11165,E1-P2-V-043,A-V-1165,SOL_2_beam_0294,beam,P2,159,155,-11502.575011573217,-3494.2525579094895,12819.522033156682,45217.81736664276,-35063.64095487743,3828.4495093912883,11502.575011573217,3494.2525579094895,-12819.522033156682,-45217.81736664276,-17752.789821728107,-18224.77004797839
CASE_Q,11166,E1-P2-V-037,A-V-1166,SOL_2_beam_0295,beam,P2,159,155,-11502.575011573217,-3494.2525579094895,12819.522033156682,45217.81736664276,-35063.64095487743,3828.4495093912883,11502.575011573217,3494.2525579094895,-12819.522033156682,-45217.81736664276,-17752.789821728107,-18224.77004797839
CASE_Q,11167,E1-P2-V-046,A-V-1167,SOL_2_beam_0296,beam,P2,159,168,186673.7549983873,4225.607795134487,774071.3582455324,29238.087594149587,-1064153.8529572138,13868.723072060817,-186673.7549983873,-4225.607795134487,-774071.3582455324,-29238.087594149587,-878765.256239071,-3262.4475062732636
CASE_Q,11168,E1-P2-V-045,A-V-1168,SOL_2_beam_0297,beam,P2,897,134,-52963.2811892625,38173.29965270011,1078.6166086080254,20660.967178951298,13992.737809239148,53484.95553718817,52963.2811892625,-38173.29965270011,-1078.6166086080254,-20660.967178951298,-17040.874757485137,54391.60058039507
CASE_Q,11169,E1-P2-V-050,A-V-1169,SOL_2_beam_0298,beam,P2,136,922,38.73648003494191,-5719.091027381651,16223.04462038311,-49102.98728463358,-23782.81697343627,-8952.000491253364,-38.73648003494191,5719.091027381651,-16223.04462038311,49102.98728463358,-12123.475837303617,-3706.003098432341
CASE_Q,11170,E1-P2-V-053,A-V-1170,SOL_2_beam_0299,beam,P2,922,136,38.73648003494191,-5719.091027381651,-16223.04462038311,-49102.98728463358,12123.475837303617,-3706.003098432341,-38.73648003494191,5719.091027381651,16223.04462038311,49102.98728463358,23782.81697343627,-8952.000491253364
CASE_Q,11171,E1-P3-V-010,A-V-1171,SOL_3_beam_0300,beam,P3,164,163,33383.78454419921,17947.156315579763,29255.113671064057,-16308.28602152266,-142554.30964296396,88363.44943236903,-33383.78454419921,-17947.156315579763,-29255.113671064057,16308.28602152266,-149996.8270676766,91108.1137234286
CASE_Q,11172,E1-P3-V-009,A-V-1172,SOL_3_beam_0301,beam,P3,164,163,33383.78454419921,17947.156315579763,29255.113671064057,-16308.28602152266,-142554.30964296396,88363.44943236903,-33383.78454419921,-17947.156315579763,-29255.113671064057,16308.28602152266,-149996.8270676766,91108.1137234286
CASE_Q,11173,E1-P3-V-044,A-V-1173,SOL_3_beam_0302,beam,P3,923,167,-1209.9583501902762,7219.136053273325,-10479.2494897764,-8972.885425109253,-5536.264212840048,16979.919456316158,1209.9583501902762,-7219.136053273325,10479.2494897764,8972.885425109253,54888.968066772475,17019.069122592755
CASE_Q,11174,E1-P3-V-034,A-V-1174,SOL_3_beam_0303,beam,P3,924,925,-9776.306064501234,14438.99450004658,-22654.01360722373,-15773.03981249327,-46105.18901592915,25228.703431576527,9776.306064501234,-14438.99450004658,22654.01360722373,15773.03981249327,95944.01895182142,6537.084468525987
CASE_Q,11175,E1-P3-V-023,A-V-1175,SOL_3_beam_0304,beam,P3,163,926,41982.48656410156,108347.59499633123,6937.5833413749015,-3861.0157574237764,-1037.5384216193816,122134.10136192126,-41982.48656410156,-108347.59499633123,-6937.5833413749015,3861.0157574237764,-12307.169581500551,86276.65882936379
CASE_Q,11176,E1-P3-V-043,A-V-1176,SOL_3_beam_0305,beam,P3,923,167,-1209.9583501902762,7219.136053273325,-10479.2494897764,-8972.885425109253,-5536.264212840048,16979.919456316158,1209.9583501902762,-7219.136053273325,10479.2494897764,8972.885425109253,54888.968066772475,17019.069122592755
CASE_Q,11177,E1-P3-V-033,A-V-1177,SOL_3_beam_0306,beam,P3,163,925,7618.332674634219,16644.101006157853,16306.375260630552,-22552.05524233784,44641.53739636506,37932.2616052156,-7618.332674634219,-16644.101006157853,-16306.375260630552,22552.05524233784,-121437.46729135617,40454.209551257874
CASE_Q,11178,E1-P3-V-067,A-V-1178,SOL_3_beam_0307,beam,P3,927,175,-9561.115267046696,38042.36924706535,-11081.762238744906,1314.8718312310282,7222.4690450105045,75227.85203058977,9561.115267046696,-38042.36924706535,11081.762238744906,-1314.8718312310282,44967.807604289716,103935.14863888119
CASE_Q,11179,E1-P3-V-055,A-V-1179,SOL_3_beam_0308,beam,P3,167,928,8642.272017207586,42460.953731270354,19669.50816642986,-7093.899312673243,-94940.57106539389,116781.71626667463,-8642.272017207586,-42460.953731270354,-19669.50816642986,7093.899312673243,2305.749035688459,83190.89407143716
CASE_Q,11180,E1-P3-V-066,A-V-1180,SOL_3_beam_0309,beam,P3,927,175,-9561.115267046696,38042.36924706535,-11081.762238744906,1314.8718312310282,7222.4690450105045,75227.85203058977,9561.115267046696,-38042.36924706535,11081.762238744906,-1314.8718312310282,44967.807604289716,103935.14863888119
CASE_Q,11181,E1-P3-V-054,A-V-1181,SOL_3_beam_0310,beam,P3,167,928,8642.272017207586,42460.953731270354,19669.50816642986,-7093.899312673243,-94940.57106539389,116781.71626667463,-8642.272017207586,-42460.953731270354,-19669.50816642986,7093.899312673243,2305.749035688459,83190.89407143716
CASE_Q,11182,E1-P3-V-088,A-V-1182,SOL_3_beam_0311,beam,P3,929,172,3366.5099350518926,2170.7924837185265,-15523.275019601384,-10562.782141340896,-2768.248985770457,5337.444749270176,-3366.5099350518926,-2170.7924837185265,15523.275019601384,10562.782141340896,75875.13040745191,4885.904930349358
CASE_Q,11183,E1-P3-V-078,A-V-1183,SOL_3_beam_0312,beam,P3,175,930,-1460.6274275475582,2977.4434782727913,18726.06470225447,-5638.063658971778,-90418.76376787083,3911.7328659234017,1460.6274275475582,-2977.4434782727913,-18726.06470225447,5638.063658971778,2227.1498071976166,10110.729941969435
CASE_Q,11184,E1-P3-V-087,A-V-1184,SOL_3_beam_0313,beam,P3,929,172,3366.5099350518926,2170.7924837185265,-15523.275019601384,-10562.782141340896,-2768.248985770457,5337.444749270176,-3366.5099350518926,-2170.7924837185265,15523.275019601384,10562.782141340896,75875.13040745191,4885.904930349358
CASE_Q,11185,E1-P3-V-077,A-V-1185,SOL_3_beam_0314,beam,P3,175,930,-1460.6274275475582,2977.4434782727913,18726.06470225447,-5638.063658971778,-90418.76376787083,3911.7328659234017,1460.6274275475582,-2977.4434782727913,-18726.06470225447,5638.063658971778,2227.1498071976166,10110.729941969435
CASE_Q,11186,E1-P3-V-100,A-V-1186,SOL_3_beam_0315,beam,P3,172,179,19236.15708875559,13171.271298670974,-31048.593541268558,-4433.412325360196,73190.42638360383,31870.70934520309,-19236.15708875559,-13171.271298670974,31048.593541268558,4433.412325360196,82052.54132273895,33985.64714815178
CASE_Q,11187,E1-P3-V-099,A-V-1187,SOL_3_beam_0316,beam,P3,172,179,19236.15708875559,13171.271298670974,-31048.593541268558,-4433.412325360196,73190.42638360383,31870.70934520309,-19236.15708875559,-13171.271298670974,31048.593541268558,4433.412325360196,82052.54132273895,33985.64714815178
CASE_Q,11188,E1-P3-V-008,A-V-1188,SOL_3_beam_0317,beam,P3,165,160,203222.7785938609,12446.346302623833,84495.6870738678,-17548.38827425744,-429525.8927874629,72177.60146156035,-203222.7785938609,-12446.346302623833,-84495.6870738678,17548.38827425744,-415430.977951215,52285.86156467798
CASE_Q,11189,E1-P3-V-007,A-V-1189,SOL_3_beam_0318,beam,P3,40,160,-723891.4250776025,10153.65213635257,134168.63779703976,-6643.857210205603,-680811.3722545193,56265.662285846935,723891.4250776025,-10153.65213635257,-134168.63779703976,6643.857210205603,-663775.2803287684,45490.346880511825
CASE_Q,11190,E1-P3-V-042,A-V-1190,SOL_3_beam_0319,beam,P3,931,176,-2152.0219829730377,-6893.002686851218,-22758.798241995893,-19374.838617540772,-6370.066746100842,8099.2686240931325,2152.0219829730377,6893.002686851218,22758.798241995893,19374.838617540772,113552.65304162413,-40561.87264487172
CASE_Q,11191,E1-P3-V-032,A-V-1191,SOL_3_beam_0320,beam,P3,160,932,6159.106815949224,-2226.041329852665,16281.5156548761,-4434.172846208083,-50036.02949095777,-34800.53617718116,-6159.106815949224,2226.041329852665,-16281.5156548761,4434.172846208083,-26642.822481428106,24316.85042983699
CASE_Q,11192,E1-P3-V-038,A-V-1192,SOL_3_beam_0321,beam,P3,160,176,-317892.72782902716,27926.562690808594,93125.48112302848,-44518.3668957858,-461128.90162826004,135334.4224399464,317892.72782902716,-27926.562690808594,-93125.48112302848,44518.3668957858,-470125.914258299,143931.20586446775
CASE_Q,11193,E1-P3-V-065,A-V-1193,SOL_3_beam_0322,beam,P3,933,174,-18920.271303411355,33729.92209464333,-32561.763093726677,-12435.490016438998,715.6195958067692,73298.35525113056,18920.271303411355,-33729.92209464333,32561.763093726677,12435.490016438998,152634.0408571643,85552.75134988899
CASE_Q,11194,E1-P3-V-053,A-V-1194,SOL_3_beam_0323,beam,P3,176,934,16754.852723523443,25026.456246502825,28882.022625592654,3520.4341118922457,-125379.76758248961,53045.993894250816,-16754.852723523443,-25026.456246502825,-28882.022625592654,-3520.4341118922457,-10640.150936079735,64816.130361598596
CASE_Q,11195,E1-P3-V-059,A-V-1195,SOL_3_beam_0324,beam,P3,176,174,-191252.23829285498,5771.260629101316,27644.865608450218,-9518.053250182713,-133418.3432271461,23412.394455345653,191252.23829285498,-5771.260629101316,-27644.865608450218,9518.053250182713,-143030.31285735607,34300.211835667506
CASE_Q,11196,E1-P3-V-086,A-V-1196,SOL_3_beam_0325,beam,P3,935,173,-4275.237690366912,2979.5017794449827,-33793.92519920579,-22513.618485902134,-4814.101434917466,15843.749681651936,4275.237690366912,-2979.5017794449827,33793.92519920579,22513.618485902134,163966.63072992134,-1811.7826508206654
CASE_Q,11197,E1-P3-V-076,A-V-1197,SOL_3_beam_0326,beam,P3,174,936,3579.182351012278,112.1096411830026,26747.218182720895,1306.357712881627,-117365.26043933371,-13073.707589669772,-3579.182351012278,-112.1096411830026,-26747.218182720895,-1306.357712881627,-8600.794119057478,13601.688072772975
CASE_Q,11198,E1-P3-V-082,A-V-1198,SOL_3_beam_0327,beam,P3,174,173,-104705.04973010886,7422.900928448449,-20430.080810423402,-13384.804318960454,105117.92989678921,34400.25369578604,104705.04973010886,-7422.900928448449,20430.080810423402,13384.804318960454,99182.87820744477,39828.75558869845
CASE_Q,11199,E1-P3-V-098,A-V-1199,SOL_3_beam_0328,beam,P3,173,177,-12734.895841766125,7538.761986162566,-28458.229054746684,-4020.02398973885,66657.17322011407,14499.14621436719,12734.895841766125,-7538.761986162566,28458.229054746684,4020.02398973885,75633.97205361936,23194.66371644564
CASE_Q,11200,E1-P3-V-097,A-V-1200,SOL_3_beam_0329,beam,P3,173,177,-12734.895841766125,7538.761986162566,-28458.229054746684,-4020.02398973885,66657.17322011407,14499.14621436719,12734.895841766125,-7538.761986162566,28458.229054746684,4020.02398973885,75633.97205361936,23194.66371644564
CASE_Q,11201,E1-P3-V-012,A-V-1201,SOL_3_beam_0330,beam,P3,166,162,-204667.14474112523,13797.758540340496,5137.813337961638,-16856.183629294454,-20114.362576068852,74676.99579745941,204667.14474112523,-13797.758540340496,-5137.813337961638,16856.183629294454,-31263.770803547533,63300.589605945555
CASE_Q,11202,E1-P3-V-011,A-V-1202,SOL_3_beam_0331,beam,P3,166,162,-204667.14474112523,13797.758540340496,5137.813337961638,-16856.183629294454,-20114.362576068852,74676.99579745941,204667.14474112523,-13797.758540340496,-5137.813337961638,16856.183629294454,-31263.770803547533,63300.589605945555
CASE_Q,11203,E1-P3-V-041,A-V-1203,SOL_3_beam_0332,beam,P3,937,169,-147203.65115848766,72174.4634420243,-134024.65504979008,-49916.161278739,322804.80529436737,273124.3204321574,147203.65115848766,-72174.4634420243,134024.65504979008,49916.161278739,683178.5863183258,268614.1492118102
CASE_Q,11204,E1-P3-V-025,A-V-1204,SOL_3_beam_0333,beam,P3,162,938,-55325.47457392611,-13885.582661668903,-46996.58233393961,-28471.10292046541,118577.3372438558,-20973.246114640646,55325.47457392611,13885.582661668903,46996.58233393961,28471.10292046541,-28184.923953857142,-5734.043317756656
CASE_Q,11205,E1-P3-V-045,A-V-1205,SOL_3_beam_0334,beam,P3,939,169,3572.4182083032606,-8065.439139420009,-22279.49677814059,-1643.6159790815432,15170.08575143203,8086.056917197697,-3572.4182083032606,8065.439139420009,22279.49677814059,1643.6159790815432,89758.06816773111,-46071.27928887352
CASE_Q,11206,E1-P3-V-035,A-V-1206,SOL_3_beam_0335,beam,P3,937,940,4868.923774448502,-29462.44261448468,37996.69869170973,-38635.118622725975,-149129.57064811283,-72157.1858421993,-4868.923774448502,29462.44261448468,-37996.69869170973,38635.118622725975,62483.76648174471,4972.479777341134
CASE_Q,11207,E1-P3-V-024,A-V-1207,SOL_3_beam_0336,beam,P3,162,938,-55325.47457392611,-13885.582661668903,-46996.58233393961,-28471.10292046541,118577.3372438558,-20973.246114640646,55325.47457392611,13885.582661668903,46996.58233393961,28471.10292046541,-28184.923953857142,-5734.043317756656
CASE_Q,11208,E1-P3-V-060,A-V-1208,SOL_3_beam_0337,beam,P3,169,170,182402.7601336109,4399.5212430260135,25258.2777986532,-9898.657601857034,-140103.3778224702,17433.935343411227,-182402.7601336109,-4399.5212430260135,-25258.2777986532,9898.657601857034,-112479.40016406175,26561.2770868489
CASE_Q,11209,E1-P3-V-056,A-V-1209,SOL_3_beam_0338,beam,P3,169,941,47401.0612535099,31383.790094500404,58639.51581837241,-22159.06153619791,-226849.47181849476,61682.78620334566,-47401.0612535099,-31383.790094500404,-58639.51581837241,22159.06153619791,-49320.86554622982,86123.20736978554
CASE_Q,11210,E1-P3-V-083,A-V-1210,SOL_3_beam_0339,beam,P3,170,171,129297.06628633574,5812.923658866614,-41095.74339469879,-13887.625639703578,210712.62513154978,25897.601482015172,-129297.06628633574,-5812.923658866614,41095.74339469879,13887.625639703578,200244.80881543807,32231.63510665096
CASE_Q,11211,E1-P3-V-089,A-V-1211,SOL_3_beam_0340,beam,P3,942,171,-3368.650662608781,-6949.186794941524,-25143.252761294298,-4269.0721437858265,7848.01176861587,-9631.590391765845,3368.650662608781,6949.186794941524,25143.252761294298,4269.0721437858265,110567.36906503032,-23096.498078708802
CASE_Q,11212,E1-P3-V-079,A-V-1212,SOL_3_beam_0341,beam,P3,170,943,119.95213909272177,-6100.635744271031,25907.172412574,-8230.316095367367,-126050.26218263188,-28432.484934442557,-119.95213909272177,6100.635744271031,-25907.172412574,8230.316095367367,4037.1035558177828,-299.24328877645894
CASE_Q,11213,E1-P3-V-013,A-V-1213,SOL_3_beam_0342,beam,P3,160,163,-56049.937379084426,-17286.484389862628,17601.350028435405,11115.307245363292,-76276.21487343975,-88232.4884096559,56049.937379084426,17286.484389862628,-17601.350028435405,-11115.307245363292,-80375.80037963536,-65617.22266012151
CASE_Q,11214,E1-P3-V-018,A-V-1214,SOL_3_beam_0343,beam,P3,160,163,-56049.937379084426,-17286.484389862628,17601.350028435405,11115.307245363292,-76276.21487343975,-88232.4884096559,56049.937379084426,17286.484389862628,-17601.350028435405,-11115.307245363292,-80375.80037963536,-65617.22266012151
CASE_Q,11215,E1-P3-V-014,A-V-1215,SOL_3_beam_0344,beam,P3,163,162,-101147.24913930996,-22413.81673035255,-3831.0114420077048,6960.206287274452,18918.430901948497,-71692.72837571637,101147.24913930996,22413.81673035255,3831.0114420077048,-6960.206287274452,8860.233064049376,-90829.85673607001
CASE_Q,11216,E1-P3-V-019,A-V-1216,SOL_3_beam_0345,beam,P3,163,162,-101147.24913930996,-22413.81673035255,-3831.0114420077048,6960.206287274452,18918.430901948497,-71692.72837571637,101147.24913930996,22413.81673035255,3831.0114420077048,-6960.206287274452,8860.233064049376,-90829.85673607001
CASE_Q,11217,E1-P3-V-061,A-V-1217,SOL_3_beam_0348,beam,P3,214,216,6027.524348689583,1600.425733473101,-1921.4954940045372,-9095.060280663844,7015.239064780863,5686.518562271197,-6027.524348689583,-1600.425733473101,1921.4954940045372,9095.060280663844,12199.715875264508,10317.738772459812
CASE_Q,11218,E1-P3-V-062,A-V-1218,SOL_3_beam_0349,beam,P3,214,216,6027.524348689583,1600.425733473101,-1921.4954940045372,-9095.060280663844,7015.239064780863,5686.518562271197,-6027.524348689583,-1600.425733473101,1921.4954940045372,9095.060280663844,12199.715875264508,10317.738772459812
CASE_Q,11219,E1-P3-V-046,A-V-1219,SOL_3_beam_0350,beam,P3,176,167,-51918.63544319931,-11257.02520000715,29107.91867223351,9741.766825496572,-125603.13117052568,-59568.90734316676,51918.63544319931,11257.02520000715,-29107.91867223351,-9741.766825496572,-133428.2370936803,-40607.35991169688
CASE_Q,11220,E1-P3-V-050,A-V-1220,SOL_3_beam_0351,beam,P3,176,167,-51918.63544319931,-11257.02520000715,29107.91867223351,9741.766825496572,-125603.13117052568,-59568.90734316676,51918.63544319931,11257.02520000715,-29107.91867223351,-9741.766825496572,-133428.2370936803,-40607.35991169688
CASE_Q,11221,E1-P3-V-047,A-V-1221,SOL_3_beam_0352,beam,P3,167,169,-75037.3360169989,-17108.90084224457,-34811.12317552943,11898.695825893927,130532.86547781117,-49455.15882402661,75037.3360169989,17108.90084224457,34811.12317552943,-11898.695825893927,121882.5886679528,-74601.48118308879
CASE_Q,11222,E1-P3-V-051,A-V-1222,SOL_3_beam_0353,beam,P3,167,169,-75037.3360169989,-17108.90084224457,-34811.12317552943,11898.695825893927,130532.86547781117,-49455.15882402661,75037.3360169989,17108.90084224457,34811.12317552943,-11898.695825893927,121882.5886679528,-74601.48118308879
CASE_Q,11223,E1-P3-V-048,A-V-1223,SOL_3_beam_0354,beam,P3,169,216,-1564.653188205824,-7365.752905008517,2915.4056849542308,-9560.051481066039,-9004.560735418929,-17858.173837946917,1564.653188205824,7365.752905008517,-2915.4056849542308,9560.051481066039,-3003.9952809075453,-12481.36237778316
CASE_Q,11224,E1-P3-V-052,A-V-1224,SOL_3_beam_0355,beam,P3,169,216,-1564.653188205824,-7365.752905008517,2915.4056849542308,-9560.051481066039,-9004.560735418929,-17858.173837946917,1564.653188205824,7365.752905008517,-2915.4056849542308,9560.051481066039,-3003.9952809075453,-12481.36237778316
CASE_Q,11225,E1-P3-V-069,A-V-1225,SOL_3_beam_0356,beam,P3,174,175,-81090.90188156525,-9441.651185446162,21041.80431695316,7556.905208607347,-89735.9691544885,-45166.71151905687,81090.90188156525,9441.651185446162,-21041.80431695316,-7556.905208607347,-97515.04746207765,-38854.542380228515
CASE_Q,11226,E1-P3-V-072,A-V-1226,SOL_3_beam_0357,beam,P3,174,175,-81090.90188156525,-9441.651185446162,21041.80431695316,7556.905208607347,-89735.9691544885,-45166.71151905687,81090.90188156525,9441.651185446162,-21041.80431695316,-7556.905208607347,-97515.04746207765,-38854.542380228515
CASE_Q,11227,E1-P3-V-070,A-V-1227,SOL_3_beam_0358,beam,P3,175,170,-76630.42923028854,-9104.661957581257,-14722.92846141062,6470.259799308601,59393.2274827597,-26983.995206194108,76630.42923028854,9104.661957581257,14722.92846141062,-6470.259799308601,47362.726790928726,-39033.908648227596
CASE_Q,11228,E1-P3-V-073,A-V-1228,SOL_3_beam_0359,beam,P3,175,170,-76630.42923028854,-9104.661957581257,-14722.92846141062,6470.259799308601,59393.2274827597,-26983.995206194108,76630.42923028854,9104.661957581257,14722.92846141062,-6470.259799308601,47362.726790928726,-39033.908648227596
CASE_Q,11229,E1-P3-V-090,A-V-1229,SOL_3_beam_0361,beam,P3,173,172,-82240.02603398018,-7305.905756727033,38496.862620784894,10490.838503260615,-167980.66956020507,-34762.19684762711,82240.02603398018,7305.905756727033,-38496.862620784894,-10490.838503260615,-174641.4077647805,-30260.364387243488
CASE_Q,11230,E1-P3-V-093,A-V-1230,SOL_3_beam_0362,beam,P3,173,172,-82240.02603398018,-7305.905756727033,38496.862620784894,10490.838503260615,-167980.66956020507,-34762.19684762711,82240.02603398018,7305.905756727033,-38496.862620784894,-10490.838503260615,-174641.4077647805,-30260.364387243488
CASE_Q,11231,E1-P3-V-091,A-V-1231,SOL_3_beam_0363,beam,P3,172,171,-88043.83770796248,-1409.3903358720465,-2587.0154435407853,3855.8117492315246,18275.721506451708,-818.4937067132905,88043.83770796248,1409.3903358720465,2587.0154435407853,-3855.8117492315246,480.1404592189883,-9399.586228359047
CASE_Q,11232,E1-P3-V-094,A-V-1232,SOL_3_beam_0364,beam,P3,172,171,-88043.83770796248,-1409.3903358720465,-2587.0154435407853,3855.8117492315246,18275.721506451708,-818.4937067132905,88043.83770796248,1409.3903358720465,2587.0154435407853,-3855.8117492315246,480.1404592189883,-9399.586228359047
CASE_Q,11233,E1-P3-V-001,A-V-1233,SOL_3_beam_0365,beam,P3,165,944,-78600.33078338201,-750.5496683848587,47879.241561467024,-1417.773323583183,-226221.21597598953,-23002.089411032037,78600.33078338201,750.5496683848587,-47879.241561467024,1417.773323583183,43666.25698463037,20140.378166983293
CASE_Q,11234,E1-P3-V-004,A-V-1234,SOL_3_beam_0366,beam,P3,165,944,-78600.33078338201,-750.5496683848587,47879.241561467024,-1417.773323583183,-226221.21597598953,-23002.089411032037,78600.33078338201,750.5496683848587,-47879.241561467024,1417.773323583183,43666.25698463037,20140.378166983293
CASE_Q,11235,E1-P3-V-002,A-V-1235,SOL_3_beam_0367,beam,P3,944,164,-155510.50667296202,-23038.741514389058,78600.35612293512,9164.296345965524,-86896.62820537116,-40280.75633397514,155510.50667296202,23038.741514389058,-78600.35612293512,-9164.296345965524,-314579.6569749816,-77396.93387852938
CASE_Q,11236,E1-P3-V-005,A-V-1236,SOL_3_beam_0368,beam,P3,326,164,7552.465472600775,846.3424825713579,-46.47028303053337,-304.8689354697778,5279.406333329696,1215.284713773334,-7552.465472600775,-846.3424825713579,46.47028303053337,304.8689354697778,-5069.890894329614,2600.5262780350904
CASE_Q,11237,E1-P3-V-003,A-V-1237,SOL_3_beam_0369,beam,P3,164,166,-20447.36782466915,-18128.021647034344,-13017.241191680687,6152.857269393718,49830.77144215973,-65891.90451999425,20447.36782466915,18128.021647034344,13017.241191680687,-6152.857269393718,44557.24443871696,-65554.3804426518
CASE_Q,11238,E1-P3-V-006,A-V-1238,SOL_3_beam_0370,beam,P3,164,166,-20447.36782466915,-18128.021647034344,-13017.241191680687,6152.857269393718,49830.77144215973,-65891.90451999425,20447.36782466915,18128.021647034344,13017.241191680687,-6152.857269393718,44557.24443871696,-65554.3804426518
CASE_Q,11239,E1-P3-V-103,A-V-1239,SOL_3_beam_0372,beam,P3,177,179,-87048.36239298733,-5281.949236481894,23002.521876946426,10501.013443411002,-98295.56303506767,-23907.112888960466,87048.36239298733,5281.949236481894,-23002.521876946426,-10501.013443411002,-106426.88166975552,-23102.235315728394
CASE_Q,11240,E1-P3-V-106,A-V-1240,SOL_3_beam_0373,beam,P3,177,179,-87048.36239298733,-5281.949236481894,23002.521876946426,10501.013443411002,-98295.56303506767,-23907.112888960466,87048.36239298733,5281.949236481894,-23002.521876946426,-10501.013443411002,-106426.88166975552,-23102.235315728394
CASE_Q,11241,E1-P3-V-104,A-V-1241,SOL_3_beam_0374,beam,P3,179,178,-73712.28613793873,1313.5418817383681,-12903.25406418877,6160.798853801001,52770.29361694887,7379.764308132335,73712.28613793873,-1313.5418817383681,12903.25406418877,-6160.798853801001,40778.29834841972,2143.4143344708336
CASE_Q,11242,E1-P3-V-107,A-V-1242,SOL_3_beam_0375,beam,P3,179,178,-73712.28613793873,1313.5418817383681,-12903.25406418877,6160.798853801001,52770.29361694887,7379.764308132335,73712.28613793873,-1313.5418817383681,12903.25406418877,-6160.798853801001,40778.29834841972,2143.4143344708336
CASE_Q,11243,E1-P3-V-036,A-V-1243,SOL_3_beam_0376,beam,P3,932,925,-1829.1843703467132,-6288.397356406563,6609.7476548730665,26306.255622569475,6122.319309724589,-24316.850429837483,1829.1843703467132,6288.397356406563,-6609.7476548730665,-26306.255622569475,-64949.073438094885,-31649.88604218093
CASE_Q,11244,E1-P3-V-039,A-V-1244,SOL_3_beam_0377,beam,P3,931,923,6742.4674296651665,-2585.308031151436,9447.207241914915,5127.132627325467,-19740.178135625818,-8099.268624090314,-6742.4674296651665,2585.308031151436,-9447.207241914915,-5127.132627325467,-64339.96631741694,-14909.972853157464
CASE_Q,11245,E1-P3-V-037,A-V-1245,SOL_3_beam_0378,beam,P3,925,940,29705.397312247605,-3054.71996315207,-24763.651691712905,50116.50513177126,110963.95253266253,-15341.407977610363,-29705.397312247605,3054.71996315207,24763.651691712905,-50116.50513177126,53714.33121722828,-4972.479777350899
CASE_Q,11246,E1-P3-V-040,A-V-1246,SOL_3_beam_0379,beam,P3,923,939,-7820.630809658548,-4080.589921303956,-6483.5367781143905,15034.025294431967,45725.320072367496,-19049.866059473643,7820.630809658548,4080.589921303956,6483.5367781143905,-15034.025294431967,-2609.80049790681,-8086.056917197662
CASE_Q,11247,E1-P3-V-057,A-V-1247,SOL_3_beam_0380,beam,P3,934,928,26039.710288522303,-15132.15418034243,5569.695625268197,10842.192764573463,-2837.802729962794,-64816.13036159951,-26039.710288522303,15132.15418034243,-5569.695625268197,-10842.192764573463,-46732.48833492416,-69860.04184344813
CASE_Q,11248,E1-P3-V-063,A-V-1248,SOL_3_beam_0381,beam,P3,933,927,-34863.096968853504,-16740.632617787727,9249.436094855324,-1503.6886928573845,-12364.968405963042,-73298.35525112989,34863.096968853504,16740.632617787727,-9249.436094855324,1503.6886928573845,-69955.01283824934,-75693.27504718087
CASE_Q,11249,E1-P3-V-058,A-V-1249,SOL_3_beam_0382,beam,P3,928,941,111890.1765147252,-26972.056135644274,-4799.848042293097,5336.295303099172,60597.71957842274,-96521.7462994206,-111890.1765147252,26972.056135644274,4799.848042293097,-5336.295303099172,-28678.730097173648,-82842.42700261381
CASE_Q,11250,E1-P3-V-064,A-V-1250,SOL_3_beam_0383,beam,P3,927,941,-114341.89224544335,-20786.688828198843,-18295.59942780689,-9083.338729177294,74617.67065019147,-74762.4290139986,114341.89224544335,20786.688828198843,18295.59942780689,9083.338729177294,47542.281006982324,-64030.558468340125
CASE_Q,11251,E1-P3-V-080,A-V-1251,SOL_3_beam_0384,beam,P3,936,930,339.1210212719171,-3564.8438684536945,3713.075183274913,8666.381446974397,-757.6691677719391,-13601.688072792145,-339.1210212719171,3564.8438684536945,-3713.075183274913,-8666.381446974397,-32288.69996337479,-18125.422356445735
CASE_Q,11252,E1-P3-V-084,A-V-1252,SOL_3_beam_0385,beam,P3,935,929,-3244.919997751139,-4077.448021886257,10696.573199439306,3375.0294012096524,-22773.83952035862,-15843.749681649671,3244.919997751139,4077.448021886257,-10696.573199439306,-3375.0294012096524,-72425.66195465121,-20445.537713138016
CASE_Q,11253,E1-P3-V-081,A-V-1253,SOL_3_beam_0386,beam,P3,930,943,6095.829711040923,-270.19462236334215,-7778.901412592304,3502.837096782625,43258.18682876164,-2096.0375274929293,-6095.829711040923,270.19462236334215,7778.901412592304,-3502.837096782625,8471.507564977172,299.24328877670405
CASE_Q,11254,E1-P3-V-085,A-V-1254,SOL_3_beam_0387,beam,P3,929,942,-7150.275544706563,2917.629865619053,-6951.772761471859,7559.123672416156,50991.21231910464,9770.648214599945,7150.275544706563,-2917.629865619053,6951.772761471859,-7559.123672416156,-4761.923455316784,9631.590391766753
CASE_Q,11255,E1-P3-V-121,A-V-1255,SOL_3_beam_0390,beam,P3,208,210,2210.7503970917815,5346.294573306899,-14440.626103060597,4272.386878431226,58983.70633209936,18749.58612784397,-2210.7503970917815,-5346.294573306899,14440.626103060597,-4272.386878431226,45710.832915089966,20011.049528631047
CASE_Q,11256,E1-P3-V-120,A-V-1256,SOL_3_beam_0391,beam,P3,212,208,-7077.73368258238,-2763.0599847165854,7806.774302440328,10389.828608944556,-24485.10776996272,-10290.532945191582,7077.73368258238,2763.0599847165854,-7806.774302440328,-10389.828608944556,-44995.183521756204,-14300.700918786028
CASE_Q,11257,E1-P3-V-124,A-V-1257,SOL_3_beam_0392,beam,P3,212,210,-2907.980767558377,263.5008668246839,-332.459657446298,7643.608637042286,11315.200169305488,2949.592574200166,2907.980767558377,-263.5008668246839,332.459657446298,-7643.608637042286,-5945.9767015477755,1305.9464250184783
CASE_Q,11258,E1-P3-V-113,A-V-1258,SOL_3_beam_0393,beam,P3,177,212,4200.134272079364,-795.0678107587947,11108.839902570991,-1610.7041042225824,-39435.8291392206,-7528.973519822515,-4200.134272079364,795.0678107587947,-11108.839902570991,1610.7041042225824,-14997.48751693239,3633.1411659750493
CASE_Q,11259,E1-P3-V-112,A-V-1259,SOL_3_beam_0394,beam,P3,177,212,4200.134272079364,-795.0678107587947,11108.839902570991,-1610.7041042225824,-39435.8291392206,-7528.973519822515,-4200.134272079364,795.0678107587947,-11108.839902570991,1610.7041042225824,-14997.48751693239,3633.1411659750493
CASE_Q,11260,E1-P3-V-115,A-V-1260,SOL_3_beam_0395,beam,P3,178,210,11383.898821872348,-6861.618480418764,13376.279688432724,-5460.139817651491,-54479.176172972235,-22826.231287291248,-11383.898821872348,6861.618480418764,-13376.279688432724,5460.139817651491,-11064.595665274672,-10795.69996692588
CASE_Q,11261,E1-P3-V-114,A-V-1261,SOL_3_beam_0396,beam,P3,178,210,11383.898821872348,-6861.618480418764,13376.279688432724,-5460.139817651491,-54479.176172972235,-22826.231287291248,-11383.898821872348,6861.618480418764,-13376.279688432724,5460.139817651491,-11064.595665274672,-10795.69996692588
CASE_Q,11262,E1-P3-V-109,A-V-1262,SOL_3_beam_0397,beam,P3,179,222,9494.78847376061,-11672.054942519622,46697.45358470859,-9829.627278022888,-92785.43103345588,-19575.513050022506,-9494.78847376061,11672.054942519622,-46697.45358470859,9829.627278022888,-26293.084763914005,-10188.229342040633
CASE_Q,11263,E1-P3-V-108,A-V-1263,SOL_3_beam_0398,beam,P3,179,222,9494.78847376061,-11672.054942519622,46697.45358470859,-9829.627278022888,-92785.43103345588,-19575.513050022506,-9494.78847376061,11672.054942519622,-46697.45358470859,9829.627278022888,-26293.084763914005,-10188.229342040633
CASE_Q,11264,E1-P3-V-119,A-V-1264,SOL_3_beam_0399,beam,P3,222,208,1564.9001117711625,1143.2610880906036,-1016.2099162406952,-93.16870850165309,10447.158816536252,3917.1865792201024,-1564.9001117711625,-1143.2610880906036,1016.2099162406952,93.16870850165309,-8059.06551337061,-1230.523022207174
CASE_Q,11265,E1-P3-V-118,A-V-1265,SOL_3_beam_0400,beam,P3,222,208,1564.9001117711625,1143.2610880906036,-1016.2099162406952,-93.16870850165309,10447.158816536252,3917.1865792201024,-1564.9001117711625,-1143.2610880906036,1016.2099162406952,93.16870850165309,-8059.06551337061,-1230.523022207174
CASE_Q,11266,E1-P3-V-111,A-V-1266,SOL_3_beam_0401,beam,P3,222,220,7542.579127856627,-5.138830315313922,9322.864790034699,52.10037796343307,-52609.11087795032,584.1441577256255,-7542.579127856627,5.138830315313922,-9322.864790034699,-52.10037796343307,-14981.658849801252,-621.4006775116515
CASE_Q,11267,E1-P3-V-110,A-V-1267,SOL_3_beam_0402,beam,P3,218,222,16845.852345011088,606.6350501729886,-11539.44977444998,-1239.8837440453958,33317.90290422809,925.9722085935982,-16845.852345011088,-606.6350501729886,11539.44977444998,1239.8837440453958,69383.20008837675,4473.079737946001
CASE_Q,11268,E1-P3-V-117,A-V-1268,SOL_3_beam_0403,beam,P3,222,220,7542.579127856627,-5.138830315313922,9322.864790034699,52.10037796343307,-52609.11087795032,584.1441577256255,-7542.579127856627,5.138830315313922,-9322.864790034699,-52.10037796343307,-14981.658849801252,-621.4006775116515
CASE_Q,11269,E1-P3-V-116,A-V-1269,SOL_3_beam_0404,beam,P3,218,222,16845.852345011088,606.6350501729886,-11539.44977444998,-1239.8837440453958,33317.90290422809,925.9722085935982,-16845.852345011088,-606.6350501729886,11539.44977444998,1239.8837440453958,69383.20008837675,4473.079737946001
CASE_Q,11270,E1-P3-V-028,A-V-1270,SOL_3_beam_0405,beam,P3,945,946,-80418.0078447512,68934.6145035469,91228.84932654351,67213.67678854142,3649.6718381096653,99672.86301857073,80418.0078447512,-68934.6145035469,-91228.84932654351,-67213.67678854142,-58386.9814340359,-58312.0943164425
CASE_Q,11271,E1-P3-V-027,A-V-1271,SOL_3_beam_0406,beam,P3,938,946,68934.614503501,80418.0078447955,-91034.19232647806,58386.98143402749,115765.04978767746,103328.10145160061,-68934.614503501,-80418.0078447955,91034.19232647806,-58386.98143402749,67213.67678854326,58312.09431643819
CASE_Q,11272,E1-P3-V-030,A-V-1272,SOL_3_beam_0407,beam,P3,937,945,-62714.634501866734,-157042.76586510488,72754.03196528522,-144722.5657621622,-106686.98499403126,-155317.6190538287,62714.634501866734,157042.76586510488,-72754.03196528522,144722.5657621622,-39548.61925619187,-160338.3403350318
CASE_Q,11273,E1-P3-V-026,A-V-1273,SOL_3_beam_0408,beam,P3,926,938,113569.43836525248,-24570.575675231805,6209.500341394034,11554.392366860908,5733.2262138369915,-86276.6588293685,-113569.43836525248,24570.575675231805,-6209.500341394034,-11554.392366860908,-50752.10368894374,-91860.01481606209
CASE_Q,11274,E1-P3-V-029,A-V-1274,SOL_3_beam_0409,beam,P3,924,937,-14438.994500070941,-9776.306064511029,3119.4496072057277,46105.18901593927,-15773.03981249132,-25228.70343157567,14438.994500070941,9776.306064511029,-3119.4496072057277,-46105.18901593927,-6842.969839750207,-45649.51553612929
CASE_Q,11275,E1-P3-V-017,A-V-1275,SOL_3_beam_0410,beam,P3,947,948,30031.80325494876,32435.321057993988,-18877.33985740953,-7987.16873290341,-34346.01145307509,-15972.071234292816,-30031.80325494876,-32435.321057993988,18877.33985740953,7987.16873290341,45672.4153675207,35433.26386908902
CASE_Q,11276,E1-P3-V-015,A-V-1276,SOL_3_beam_0411,beam,P3,162,948,32000.03103825706,42826.92557300945,43292.28721887073,38276.6444669233,-69944.85715115415,57070.37278375494,-32000.03103825706,-42826.92557300945,-43292.28721887073,-38276.6444669233,-30857.22458277489,42648.15745231058
CASE_Q,11277,E1-P3-V-020,A-V-1277,SOL_3_beam_0412,beam,P3,162,947,-36034.37158693967,25602.408543355643,-17782.105857490486,35088.829909450775,37908.64951033477,43640.7661638113,36034.37158693967,-25602.408543355643,17782.105857490486,-35088.829909450775,3495.337278028088,15972.071234344017
CASE_Q,11278,E1-P3-V-016,A-V-1278,SOL_3_beam_0413,beam,P3,949,948,-1889.8178265613863,-96026.1260485319,2539.924862099409,36530.14771193395,12135.344830830169,2403.4450973033454,1889.8178265613863,96026.1260485319,-2539.924862099409,-36530.14771193395,-13659.299748089818,-60019.120726422625
CASE_Q,11279,E1-P3-V-031,A-V-1279,SOL_3_beam_0414,beam,P3,945,950,1889.8178263393415,96026.12604847389,2740.764862096942,-29223.37449807102,-13779.803748082926,54727.63081241881,-1889.8178263393415,-96026.12604847389,-2740.764862096942,29223.37449807102,12135.344830824757,2888.0448166656643
CASE_Q,11280,E1-P3-V-022,A-V-1280,SOL_3_beam_0415,beam,P3,949,950,96026.12604846843,-1889.8178264239536,-2609.561862094124,-12135.344830817314,36530.147711934136,-2403.445097308273,-96026.12604846843,1889.8178264239536,2609.561862094124,12135.344830817314,-29223.374498070596,-2888.0448166787924
CASE_Q,11281,E1-P3-V-021,A-V-1281,SOL_3_beam_0416,beam,P3,948,945,-172650.8840688227,-4330.16217534422,24544.784223369374,-13885.253784263965,43124.12360053895,-18062.30059502659,172650.8840688227,4330.16217534422,-24544.784223369374,13885.253784263965,-111849.51942597314,5937.846504062787
CASE_Q,11282,E1-P3-V-102,A-V-1282,SOL_3_beam_0417,beam,P3,951,178,-19952.95146949241,573.8654444900945,-45609.42471694071,-6302.798860816073,76483.17198878179,-3138.852887845207,19952.95146949241,-573.8654444900945,45609.42471694071,6302.798860816073,113286.57315467205,5526.5677038812555
CASE_Q,11283,E1-P3-V-101,A-V-1283,SOL_3_beam_0418,beam,P3,951,178,-19952.95146949241,573.8654444900945,-45609.42471694071,-6302.798860816073,76483.17198878179,-3138.852887845207,19952.95146949241,-573.8654444900945,45609.42471694071,6302.798860816073,113286.57315467205,5526.5677038812555
CASE_Q,11284,E1-P3-V-096,A-V-1284,SOL_3_beam_0419,beam,P3,171,951,-18069.07743404156,8482.808177602468,-41778.701716857424,24718.8281293774,110297.39182350195,4504.62800974379,18069.07743404156,-8482.808177602468,41778.701716857424,-24718.8281293774,-72652.46318509363,3138.8528878519837
CASE_Q,11285,E1-P3-V-095,A-V-1285,SOL_3_beam_0420,beam,P3,171,951,-18069.07743404156,8482.808177602468,-41778.701716857424,24718.8281293774,110297.39182350195,4504.62800974379,18069.07743404156,-8482.808177602468,41778.701716857424,-24718.8281293774,-72652.46318509363,3138.8528878519837
CASE_Q,11286,E1-P3-V-074,A-V-1286,SOL_3_beam_0421,beam,P3,170,214,-2399.4558222824235,3168.818847800843,-604.6111801849326,-956.6372450446385,-7931.93890521944,20539.114333997568,2399.4558222824235,-3168.818847800843,604.6111801849326,956.6372450446385,10422.332356401177,-7486.749499905898
CASE_Q,11287,E1-P3-V-068,A-V-1287,SOL_3_beam_0422,beam,P3,941,170,108684.0652055677,22041.879553244675,-1142.1496519505508,3428.0071212540847,51085.948793802534,60749.778101168704,-108684.0652055677,-22041.879553244675,1142.1496519505508,-3428.0071212540847,-45022.80124277223,56260.4296287256
CASE_Q,11288,E1-P3-V-071,A-V-1288,SOL_3_beam_0423,beam,P3,170,214,-2399.4558222824235,3168.818847800843,-604.6111801849326,-956.6372450446385,-7931.93890521944,20539.114333997568,2399.4558222824235,-3168.818847800843,604.6111801849326,956.6372450446385,10422.332356401177,-7486.749499905898
CASE_Q,11289,E1-P4-V-119,A-V-1289,SOL_4_beam_0425,beam,P4,209,211,6744.774052740585,2015.809592059643,-14900.295699104074,4350.3173000620955,59771.799477227505,8978.360484429832,-6744.774052740585,-2015.809592059643,14900.295699104074,-4350.3173000620955,48255.344341277036,5636.259058002579
CASE_Q,11290,E1-P4-V-118,A-V-1290,SOL_4_beam_0426,beam,P4,213,209,12227.733881251757,-7871.534870229537,7560.561856793414,10197.325629728984,-22782.095167200387,-34732.73536070327,-12227.733881251757,7871.534870229537,-7560.561856793414,-10197.325629728984,-44506.905358261,-35323.92498433962
CASE_Q,11291,E1-P4-V-122,A-V-1291,SOL_4_beam_0428,beam,P4,213,211,9766.343246161607,-1261.433385510773,-551.7903564907681,7572.507648918771,13026.763179315596,-9273.015052644656,-9766.343246161607,1261.433385510773,551.7903564907681,-7572.507648918771,-4115.348921989693,-11099.134123354323
CASE_Q,11292,E1-P4-V-105,A-V-1292,SOL_4_beam_0429,beam,P4,205,213,1616.2917609681936,6800.10630291424,9914.049170098673,-3549.5885991470927,-33992.25981783909,11280.316658085147,-1616.2917609681936,-6800.10630291424,-9914.049170098673,3549.5885991470927,-14586.581115644467,22040.20422619467
CASE_Q,11293,E1-P4-V-104,A-V-1293,SOL_4_beam_0430,beam,P4,205,213,1616.2917609681936,6800.10630291424,9914.049170098673,-3549.5885991470927,-33992.25981783909,11280.316658085147,-1616.2917609681936,-6800.10630291424,-9914.049170098673,3549.5885991470927,-14586.581115644467,22040.20422619467
CASE_Q,11294,E1-P4-V-107,A-V-1294,SOL_4_beam_0431,beam,P4,207,211,-8200.412431198185,-1043.001882160611,13289.96821962549,-7932.81939446319,-54138.66614096767,-7979.348745361522,8200.412431198185,1043.001882160611,-13289.96821962549,7932.81939446319,-10982.178135197311,2868.6395227745206
CASE_Q,11295,E1-P4-V-106,A-V-1295,SOL_4_beam_0432,beam,P4,207,211,-8200.412431198185,-1043.001882160611,13289.96821962549,-7932.81939446319,-54138.66614096767,-7979.348745361522,8200.412431198185,1043.001882160611,-13289.96821962549,7932.81939446319,-10982.178135197311,2868.6395227745206
CASE_Q,11296,E1-P4-V-010,A-V-1296,SOL_4_beam_0433,beam,P4,184,183,-47545.1309979702,26062.871131668628,16818.096939277842,-16966.18874830027,-90604.78562888957,126354.03716038694,47545.1309979702,-26062.871131668628,-16818.096939277842,16966.18874830027,-77576.18376388884,134274.67415629933
CASE_Q,11297,E1-P4-V-009,A-V-1297,SOL_4_beam_0434,beam,P4,184,183,-47545.1309979702,26062.871131668628,16818.096939277842,-16966.18874830027,-90604.78562888957,126354.03716038694,47545.1309979702,-26062.871131668628,-16818.096939277842,16966.18874830027,-77576.18376388884,134274.67415629933
CASE_Q,11298,E1-P4-V-029,A-V-1298,SOL_4_beam_0435,beam,P4,952,188,-1518.2374952467626,10591.105861319038,-15432.66386376702,-9391.649342123212,-4409.1984755749,21594.835710001917,1518.2374952467626,-10591.105861319038,15432.66386376702,9391.649342123212,77090.32798669505,28284.662966814052
CASE_Q,11299,E1-P4-V-019,A-V-1299,SOL_4_beam_0436,beam,P4,183,953,1925.7671821163253,10939.625585249058,20546.97159993151,-15077.30479630367,-97476.9564989649,21001.489865670876,-1925.7671821163253,-10939.625585249058,-20546.97159993151,15077.30479630367,709.6636259504739,30519.385012671104
CASE_Q,11300,E1-P4-V-028,A-V-1300,SOL_4_beam_0437,beam,P4,952,188,-1518.2374952467626,10591.105861319038,-15432.66386376702,-9391.649342123212,-4409.1984755749,21594.835710001917,1518.2374952467626,-10591.105861319038,15432.66386376702,9391.649342123212,77090.32798669505,28284.662966814052
CASE_Q,11301,E1-P4-V-018,A-V-1301,SOL_4_beam_0438,beam,P4,183,953,1925.7671821163253,10939.625585249058,20546.97159993151,-15077.30479630367,-97476.9564989649,21001.489865670876,-1925.7671821163253,-10939.625585249058,-20546.97159993151,15077.30479630367,709.6636259504739,30519.385012671104
CASE_Q,11302,E1-P4-V-054,A-V-1302,SOL_4_beam_0439,beam,P4,954,201,1097.8279712333033,5643.889267502943,-19537.016746409805,-7069.949032884968,-2966.826972069117,13259.886158518148,-1097.8279712333033,-5643.889267502943,19537.016746409805,7069.949032884968,94977.67208226175,13320.375708059828
CASE_Q,11303,E1-P4-V-042,A-V-1303,SOL_4_beam_0440,beam,P4,188,955,1344.758777336642,10555.9587568792,16253.380472860244,-13838.735763961542,-80431.82791851158,28168.50117038008,-1344.758777336642,-10555.9587568792,-16253.380472860244,13838.735763961542,3885.480407180832,21545.469942803124
CASE_Q,11304,E1-P4-V-053,A-V-1304,SOL_4_beam_0441,beam,P4,954,201,1097.8279712333033,5643.889267502943,-19537.016746409805,-7069.949032884968,-2966.826972069117,13259.886158518148,-1097.8279712333033,-5643.889267502943,19537.016746409805,7069.949032884968,94977.67208226175,13320.375708059828
CASE_Q,11305,E1-P4-V-041,A-V-1305,SOL_4_beam_0442,beam,P4,188,955,1344.758777336642,10555.9587568792,16253.380472860244,-13838.735763961542,-80431.82791851158,28168.50117038008,-1344.758777336642,-10555.9587568792,-16253.380472860244,13838.735763961542,3885.480407180832,21545.469942803124
CASE_Q,11306,E1-P4-V-077,A-V-1306,SOL_4_beam_0443,beam,P4,956,196,4349.561470045609,3035.901924532987,-16335.378487873377,-8469.612425517136,-3275.872988751369,10234.903780316457,-4349.561470045609,-3035.901924532987,16335.378487873377,8469.612425517136,80208.39545998754,4062.8728645887686
CASE_Q,11307,E1-P4-V-067,A-V-1307,SOL_4_beam_0444,beam,P4,201,957,-1219.6673637658016,5647.716433572675,18045.583847768994,-9235.52859585976,-86663.39699243309,13336.60592941125,1219.6673637658016,-5647.716433572675,-18045.583847768994,9235.52859585976,1676.5516673818129,13261.680223526502
CASE_Q,11308,E1-P4-V-076,A-V-1308,SOL_4_beam_0445,beam,P4,956,196,4349.561470045609,3035.901924532987,-16335.378487873377,-8469.612425517136,-3275.872988751369,10234.903780316457,-4349.561470045609,-3035.901924532987,16335.378487873377,8469.612425517136,80208.39545998754,4062.8728645887686
CASE_Q,11309,E1-P4-V-066,A-V-1309,SOL_4_beam_0446,beam,P4,201,957,-1219.6673637658016,5647.716433572675,18045.583847768994,-9235.52859585976,-86663.39699243309,13336.60592941125,1219.6673637658016,-5647.716433572675,-18045.583847768994,9235.52859585976,1676.5516673818129,13261.680223526502
CASE_Q,11310,E1-P4-V-087,A-V-1310,SOL_4_beam_0447,beam,P4,196,225,-36268.287086795855,21103.365200459615,-21157.361430175697,-6342.578037930947,38939.208230099975,54309.11900625694,36268.287086795855,-21103.365200459615,21157.361430175697,6342.578037930947,66847.5989207785,51207.70699604113
CASE_Q,11311,E1-P4-V-086,A-V-1311,SOL_4_beam_0448,beam,P4,196,225,-36268.287086795855,21103.365200459615,-21157.361430175697,-6342.578037930947,38939.208230099975,54309.11900625694,36268.287086795855,-21103.365200459615,21157.361430175697,6342.578037930947,66847.5989207785,51207.70699604113
CASE_Q,11312,E1-P4-V-008,A-V-1312,SOL_4_beam_0449,beam,P4,185,180,-13590.399007111786,19023.55990528155,50652.52036475245,-19544.802706875093,-274891.3540925245,107477.08205375842,13590.399007111786,-19023.55990528155,-50652.52036475245,19544.802706875093,-231633.8495549999,82758.51699905706
CASE_Q,11313,E1-P4-V-007,A-V-1313,SOL_4_beam_0450,beam,P4,49,180,3679.9919773047272,10566.756949156328,91623.9545772979,-7911.96973055773,-464513.73805398436,57019.6419358164,-3679.9919773047272,-10566.756949156328,-91623.9545772979,7911.96973055773,-450866.5264180455,48548.82883533066
CASE_Q,11314,E1-P4-V-027,A-V-1314,SOL_4_beam_0451,beam,P4,958,203,-2474.38370065433,-11153.869520009212,-33549.805116163334,-19145.867653135072,-9166.436485936676,8487.357994720413,2474.38370065433,11153.869520009212,33549.805116163334,19145.867653135072,167171.41555152103,-61017.22855305213
CASE_Q,11315,E1-P4-V-017,A-V-1315,SOL_4_beam_0452,beam,P4,180,959,4299.436058717977,-12475.641631785416,22963.252678604615,-9820.910844035769,-91435.11543121072,-75386.1543825226,-4299.436058717977,12475.641631785416,-22963.252678604615,9820.910844035769,-16711.80960152609,16631.31249790272
CASE_Q,11316,E1-P4-V-023,A-V-1316,SOL_4_beam_0453,beam,P4,180,203,300326.3920691457,45797.20211551493,62943.436067814975,-43405.6795260569,-289718.5912308806,222995.79761724063,-300326.3920691457,-45797.20211551493,-62943.436067814975,43405.6795260569,-339715.76944726915,234976.2235379086
CASE_Q,11317,E1-P4-V-052,A-V-1317,SOL_4_beam_0454,beam,P4,960,200,-3661.743189588401,-2176.5983090321165,-29950.90832718705,-13502.887738673842,-6064.910798618221,13498.993538302882,3661.743189588401,2176.5983090321165,29950.90832718705,13502.887738673842,147120.65245932003,-23749.824178362796
CASE_Q,11318,E1-P4-V-040,A-V-1318,SOL_4_beam_0455,beam,P4,203,961,2653.389818497302,-10609.672135211773,27245.390997126182,-5128.948729867638,-111820.350324469,-59328.28788733939,-2653.389818497302,10609.672135211773,-27245.390997126182,5128.948729867638,-16493.582326680822,9361.350141724353
CASE_Q,11319,E1-P4-V-046,A-V-1319,SOL_4_beam_0456,beam,P4,203,200,360188.76745160687,10660.262715173592,15888.248802458105,-10917.236651353114,-64367.39068686006,46493.09846587538,-360188.76745160687,-10660.262715173592,-15888.248802458105,10917.236651353114,-94515.09733772099,60109.528685860525
CASE_Q,11320,E1-P4-V-075,A-V-1320,SOL_4_beam_0457,beam,P4,962,198,-6324.693219603498,3190.629210773375,-32550.90165359052,-18742.914730475382,-5631.363874810748,23612.50905659198,6324.693219603498,-3190.629210773375,32550.90165359052,18742.914730475382,158931.94241866696,-8586.034240754343
CASE_Q,11321,E1-P4-V-065,A-V-1321,SOL_4_beam_0458,beam,P4,200,963,3787.5604226754117,-1814.1575024898661,26503.642509784677,-1439.0444443875585,-114128.41009642906,-22633.938010642778,-3787.5604226754117,1814.1575024898661,-26503.642509784677,1439.0444443875585,-10692.210035958618,14090.045811862572
CASE_Q,11322,E1-P4-V-071,A-V-1322,SOL_4_beam_0459,beam,P4,200,198,273752.9897957658,13626.610378396232,-21218.972416135006,-11876.366282241283,117061.86055181855,66665.0828798427,-273752.9897957658,-13626.610378396232,21218.972416135006,11876.366282241283,95127.86360953152,69601.02090411962
CASE_Q,11323,E1-P4-V-085,A-V-1323,SOL_4_beam_0460,beam,P4,198,205,37447.240904207036,14361.080925468443,-22107.70717485636,-6150.895343655661,42665.801699237214,31323.856432178836,-37447.240904207036,-14361.080925468443,22107.70717485636,6150.895343655661,67872.73417504459,40481.548195163385
CASE_Q,11324,E1-P4-V-084,A-V-1324,SOL_4_beam_0461,beam,P4,198,205,37447.240904207036,14361.080925468443,-22107.70717485636,-6150.895343655661,42665.801699237214,31323.856432178836,-37447.240904207036,-14361.080925468443,22107.70717485636,6150.895343655661,67872.73417504459,40481.548195163385
CASE_Q,11325,E1-P4-V-012,A-V-1325,SOL_4_beam_0462,beam,P4,187,182,58038.56917527717,18649.03032888405,7395.23788988989,-16212.205228958215,-25041.12082707764,102345.06935350662,-58038.56917527717,-18649.03032888405,-7395.23788988989,16212.205228958215,-48911.258071821256,84145.23393533389
CASE_Q,11326,E1-P4-V-011,A-V-1326,SOL_4_beam_0463,beam,P4,187,182,58038.56917527717,18649.03032888405,7395.23788988989,-16212.205228958215,-25041.12082707764,102345.06935350662,-58038.56917527717,-18649.03032888405,-7395.23788988989,16212.205228958215,-48911.258071821256,84145.23393533389
CASE_Q,11327,E1-P4-V-024,A-V-1327,SOL_4_beam_0464,beam,P4,182,190,34800.590521619764,46746.89813528748,-119205.03196229521,-45848.99070094725,606414.859873616,229033.59439075214,-34800.590521619764,-46746.89813528748,119205.03196229521,45848.99070094725,585635.4597493361,238435.3869621227
CASE_Q,11328,E1-P4-V-030,A-V-1328,SOL_4_beam_0465,beam,P4,964,190,4191.116600278818,-10647.617221306029,-25859.019156448074,-1734.1764342730492,15674.514932631908,8948.455855690358,-4191.116600278818,10647.617221306029,25859.019156448074,1734.1764342730492,106110.20978705585,-59094.09844066901
CASE_Q,11329,E1-P4-V-020,A-V-1329,SOL_4_beam_0466,beam,P4,182,965,-6889.23220946454,-10363.622472711791,26518.998120544387,-15281.840968360142,-138609.22841847967,-66508.61287222695,6889.23220946454,10363.622472711791,-26518.998120544387,15281.840968360142,13716.290043162517,17700.461940359273
CASE_Q,11330,E1-P4-V-047,A-V-1330,SOL_4_beam_0467,beam,P4,190,192,-63839.178776038396,9452.64546067439,33235.77097245378,-9404.284448197328,-173551.59341026196,42625.72128663289,63839.178776038396,-9452.64546067439,-33235.77097245378,9404.284448197328,-158806.11631427577,51900.733320111
CASE_Q,11331,E1-P4-V-055,A-V-1331,SOL_4_beam_0468,beam,P4,966,192,295.7795851455406,-9223.639810763818,-22227.89818051992,-4014.3883434189356,10490.369160144342,-391.32724199703443,-295.7795851455406,9223.639810763818,22227.89818051992,4014.3883434189356,94193.35626015483,-43048.001545820676
CASE_Q,11332,E1-P4-V-043,A-V-1332,SOL_4_beam_0469,beam,P4,190,967,-3964.275484303307,-11096.320880061214,31500.68805652965,-18961.471779829026,-156193.4310188179,-60398.076846864904,3964.275484303307,11096.320880061214,-31500.68805652965,18961.471779829026,7838.901396660207,8139.235333821307
CASE_Q,11333,E1-P4-V-072,A-V-1333,SOL_4_beam_0470,beam,P4,192,194,64228.3500765839,11607.559402464616,-27822.44497681339,-12141.007454859095,146456.8425022343,55819.60852672931,-64228.3500765839,-11607.559402464616,27822.44497681339,12141.007454859095,131767.60726589957,60255.98549791684
CASE_Q,11334,E1-P4-V-078,A-V-1334,SOL_4_beam_0471,beam,P4,968,194,-3532.8004995371066,-8885.375811732889,-24843.773370788906,-2455.5999817560246,10062.26689914157,-9397.246620198788,3532.8004995371066,8885.375811732889,24843.773370788906,2455.5999817560246,106941.09207031067,-32449.005966416982
CASE_Q,11335,E1-P4-V-068,A-V-1335,SOL_4_beam_0472,beam,P4,192,969,-131.8200525216443,-9575.74636987288,27679.341794437856,-12340.267677492202,-137213.57783346088,-44084.687860324746,131.8200525216443,9575.74636987288,-27679.341794437856,12340.267677492202,6855.9258102515305,-1012.9095614910548
CASE_Q,11336,E1-P4-V-089,A-V-1336,SOL_4_beam_0473,beam,P4,194,207,-9287.499198533666,7466.726650618915,-19394.43724957649,-4969.238449274144,30605.92437076538,14442.200167164709,9287.499198533666,-7466.726650618915,19394.43724957649,4969.238449274144,66366.26187711707,22891.433085929864
CASE_Q,11337,E1-P4-V-088,A-V-1337,SOL_4_beam_0474,beam,P4,194,207,-9287.499198533666,7466.726650618915,-19394.43724957649,-4969.238449274144,30605.92437076538,14442.200167164709,9287.499198533666,-7466.726650618915,19394.43724957649,4969.238449274144,66366.26187711707,22891.433085929864
CASE_Q,11338,E1-P4-V-013,A-V-1338,SOL_4_beam_0475,beam,P4,180,183,16759.772783577228,-23195.514792441285,12939.082973937846,18186.2585003354,-55901.605767260975,-119049.22853997703,-16759.772783577228,23195.514792441285,-12939.082973937846,-18186.2585003354,-59256.23270078586,-87390.85311275042
CASE_Q,11339,E1-P4-V-015,A-V-1339,SOL_4_beam_0476,beam,P4,180,183,16759.772783577228,-23195.514792441285,12939.082973937846,18186.2585003354,-55901.605767260975,-119049.22853997703,-16759.772783577228,23195.514792441285,-12939.082973937846,-18186.2585003354,-59256.23270078586,-87390.85311275042
CASE_Q,11340,E1-P4-V-014,A-V-1340,SOL_4_beam_0477,beam,P4,183,182,35006.35577984225,-29967.305947811874,-11487.645887049755,15949.129107043964,46658.66651859909,-91118.06077706825,-35006.35577984225,29967.305947811874,11487.645887049755,-15949.129107043964,36626.76616251164,-126144.90734456781
CASE_Q,11341,E1-P4-V-016,A-V-1341,SOL_4_beam_0478,beam,P4,183,182,35006.35577984225,-29967.305947811874,-11487.645887049755,15949.129107043964,46658.66651859909,-91118.06077706825,-35006.35577984225,29967.305947811874,11487.645887049755,-15949.129107043964,36626.76616251164,-126144.90734456781
CASE_Q,11342,E1-P4-V-048,A-V-1342,SOL_4_beam_0481,beam,P4,215,217,3795.7765338281215,2388.330574955755,-2772.9340790843357,-9186.104525215416,12762.25646035641,10162.171584028421,-3795.7765338281215,-2388.330574955755,2772.9340790843357,9186.104525215416,14967.084330486945,13721.134165529129
CASE_Q,11343,E1-P4-V-049,A-V-1343,SOL_4_beam_0482,beam,P4,215,217,3795.7765338281215,2388.330574955755,-2772.9340790843357,-9186.104525215416,12762.25646035641,10162.171584028421,-3795.7765338281215,-2388.330574955755,2772.9340790843357,9186.104525215416,14967.084330486945,13721.134165529129
CASE_Q,11344,E1-P4-V-031,A-V-1344,SOL_4_beam_0483,beam,P4,203,188,65540.86427026897,-14389.29355954878,22633.371986643066,15508.788325267667,-91782.52535713886,-78529.02240921289,-65540.86427026897,14389.29355954878,-22633.371986643066,-15508.788325267667,-109654.48532398442,-49535.69027077124
CASE_Q,11345,E1-P4-V-037,A-V-1345,SOL_4_beam_0484,beam,P4,203,188,65540.86427026897,-14389.29355954878,22633.371986643066,15508.788325267667,-91782.52535713886,-78529.02240921289,-65540.86427026897,14389.29355954878,-22633.371986643066,-15508.788325267667,-109654.48532398442,-49535.69027077124
CASE_Q,11346,E1-P4-V-032,A-V-1346,SOL_4_beam_0485,beam,P4,188,190,48388.181948729616,-19568.426671368903,-36909.618080954046,12871.537764968385,140572.60130249377,-53279.54076390812,-48388.181948729616,19568.426671368903,36909.618080954046,-12871.537764968385,127022.12978442304,-88591.55260351645
CASE_Q,11347,E1-P4-V-038,A-V-1347,SOL_4_beam_0486,beam,P4,188,190,48388.181948729616,-19568.426671368903,-36909.618080954046,12871.537764968385,140572.60130249377,-53279.54076390812,-48388.181948729616,19568.426671368903,36909.618080954046,-12871.537764968385,127022.12978442304,-88591.55260351645
CASE_Q,11348,E1-P4-V-033,A-V-1348,SOL_4_beam_0487,beam,P4,190,217,5553.40949646866,-2457.547977512539,1779.0238881406144,-12307.363641680611,-4586.121422792225,1432.4128928528553,-5553.40949646866,2457.547977512539,-1779.0238881406144,12307.363641680611,-2743.4569963471085,-11557.510560204519
CASE_Q,11349,E1-P4-V-039,A-V-1349,SOL_4_beam_0488,beam,P4,190,217,5553.40949646866,-2457.547977512539,1779.0238881406144,-12307.363641680611,-4586.121422792225,1432.4128928528553,-5553.40949646866,2457.547977512539,-1779.0238881406144,12307.363641680611,-2743.4569963471085,-11557.510560204519
CASE_Q,11350,E1-P4-V-056,A-V-1350,SOL_4_beam_0489,beam,P4,200,201,39293.73940823019,-10432.586279458197,18020.591051132804,9582.628571855606,-76185.72921589801,-52916.72955618087,-39293.73940823019,10432.586279458197,-18020.591051132804,-9582.628571855606,-84197.53113918395,-39933.28833099708
CASE_Q,11351,E1-P4-V-061,A-V-1351,SOL_4_beam_0490,beam,P4,200,201,39293.73940823019,-10432.586279458197,18020.591051132804,9582.628571855606,-76185.72921589801,-52916.72955618087,-39293.73940823019,10432.586279458197,-18020.591051132804,-9582.628571855606,-84197.53113918395,-39933.28833099708
CASE_Q,11352,E1-P4-V-057,A-V-1352,SOL_4_beam_0491,beam,P4,201,192,44366.85849636623,-11718.681796225783,-19004.87366923381,10367.468578742657,75112.9470954083,-31656.894713095302,-44366.85849636623,11718.681796225783,19004.87366923381,-10367.468578742657,62672.38700653683,-53303.548309541635
CASE_Q,11353,E1-P4-V-062,A-V-1353,SOL_4_beam_0492,beam,P4,201,192,44366.85849636623,-11718.681796225783,-19004.87366923381,10367.468578742657,75112.9470954083,-31656.894713095302,-44366.85849636623,11718.681796225783,19004.87366923381,-10367.468578742657,62672.38700653683,-53303.548309541635
CASE_Q,11354,E1-P4-V-079,A-V-1354,SOL_4_beam_0494,beam,P4,198,196,48692.09575754608,-12964.398077941052,28709.208760774036,10841.564668233352,-123492.7748694391,-61006.943712339256,-48692.09575754608,12964.398077941052,-28709.208760774036,-10841.564668233352,-132019.18310144983,-54376.19918133612
CASE_Q,11355,E1-P4-V-082,A-V-1355,SOL_4_beam_0495,beam,P4,198,196,48692.09575754608,-12964.398077941052,28709.208760774036,10841.564668233352,-123492.7748694391,-61006.943712339256,-48692.09575754608,12964.398077941052,-28709.208760774036,-10841.564668233352,-132019.18310144983,-54376.19918133612
CASE_Q,11356,E1-P4-V-080,A-V-1356,SOL_4_beam_0496,beam,P4,196,194,51625.417438572185,-5338.475896712853,-17605.218479660725,7243.912312391339,70879.02156019001,-13462.675227175676,-51625.417438572185,5338.475896712853,17605.218479660725,-7243.912312391339,56758.81241735026,-25241.27502399251
CASE_Q,11357,E1-P4-V-083,A-V-1357,SOL_4_beam_0497,beam,P4,196,194,51625.417438572185,-5338.475896712853,-17605.218479660725,7243.912312391339,70879.02156019001,-13462.675227175676,-51625.417438572185,5338.475896712853,17605.218479660725,-7243.912312391339,56758.81241735026,-25241.27502399251
CASE_Q,11358,E1-P4-V-001,A-V-1358,SOL_4_beam_0498,beam,P4,185,970,70582.03967105143,-18386.21455362619,40019.77041978117,3710.328033657686,-183186.02988281904,-74852.10634537769,-70582.03967105143,18386.21455362619,-40019.77041978117,-3710.328033657686,30637.72010756313,4767.09776335636
CASE_Q,11359,E1-P4-V-004,A-V-1359,SOL_4_beam_0499,beam,P4,185,970,70582.03967105143,-18386.21455362619,40019.77041978117,3710.328033657686,-183186.02988281904,-74852.10634537769,-70582.03967105143,18386.21455362619,-40019.77041978117,-3710.328033657686,30637.72010756313,4767.09776335636
CASE_Q,11360,E1-P4-V-002,A-V-1360,SOL_4_beam_0500,beam,P4,970,184,144872.70974991692,-17070.64171742648,62839.15983956001,15751.841820418766,-59679.35312393708,-9534.195526699106,-144872.70974991692,17070.64171742648,-62839.15983956001,-15751.841820418766,-261354.34642148484,-77676.57046940798
CASE_Q,11361,E1-P4-V-005,A-V-1361,SOL_4_beam_0501,beam,P4,327,184,-7552.465472342216,-846.3424825616787,-13606.17771696304,-3046.64729553394,24628.356938271907,-1215.2847137624597,7552.465472342216,846.3424825616787,13606.17771696304,3046.64729553394,36716.31564763837,-2600.526278002326
CASE_Q,11362,E1-P4-V-003,A-V-1362,SOL_4_beam_0502,beam,P4,184,187,52926.9782849602,-23816.747277410548,-20435.463801956557,7911.5927040964,82387.1477295701,-86836.40450312906,-52926.9782849602,23816.747277410548,20435.463801956557,-7911.5927040964,65769.96483461495,-85835.0132580974
CASE_Q,11363,E1-P4-V-006,A-V-1363,SOL_4_beam_0503,beam,P4,184,187,52926.9782849602,-23816.747277410548,-20435.463801956557,7911.5927040964,82387.1477295701,-86836.40450312906,-52926.9782849602,23816.747277410548,20435.463801956557,-7911.5927040964,65769.96483461495,-85835.0132580974
CASE_Q,11364,E1-P4-V-090,A-V-1364,SOL_4_beam_0504,beam,P4,205,225,39705.00787359602,-11763.982602471891,18145.639922293518,10601.886936621224,-76143.94920728642,-52221.52637088341,-39705.00787359602,11763.982602471891,-18145.639922293518,-10601.886936621224,-85352.2461011259,-52477.91879111642
CASE_Q,11365,E1-P4-V-092,A-V-1365,SOL_4_beam_0505,beam,P4,205,225,39705.00787359602,-11763.982602471891,18145.639922293518,10601.886936621224,-76143.94920728642,-52221.52637088341,-39705.00787359602,11763.982602471891,-18145.639922293518,-10601.886936621224,-85352.2461011259,-52477.91879111642
CASE_Q,11366,E1-P4-V-091,A-V-1366,SOL_4_beam_0506,beam,P4,225,207,39458.482368533114,-3848.5941030361564,-21220.755837112418,6388.729860529253,80986.6618237342,-12044.834735091083,-39458.482368533114,3848.5941030361564,21220.755837112418,-6388.729860529253,72863.81799533081,-15857.472511921053
CASE_Q,11367,E1-P4-V-093,A-V-1367,SOL_4_beam_0507,beam,P4,225,207,39458.482368533114,-3848.5941030361564,-21220.755837112418,6388.729860529253,80986.6618237342,-12044.834735091083,-39458.482368533114,3848.5941030361564,21220.755837112418,-6388.729860529253,72863.81799533081,-15857.472511921053
CASE_Q,11368,E1-P4-V-021,A-V-1368,SOL_4_beam_0508,beam,P4,959,953,-12176.429897418982,-5085.40455635212,-178.67732093762223,16052.275765643853,10865.510236915137,-16631.312497903273,12176.429897418982,5085.40455635212,178.67732093762223,-16052.275765643853,-9275.2820805703,-28628.788053630597
CASE_Q,11369,E1-P4-V-025,A-V-1369,SOL_4_beam_0509,beam,P4,958,952,10973.598311804233,-3179.861641036402,10457.084115879858,7928.225490715254,-19690.887399937663,-8487.357994673497,-10973.598311804233,3179.861641036402,-10457.084115879858,-7928.225490715254,-73377.16123139307,-19813.41061055048
CASE_Q,11370,E1-P4-V-022,A-V-1370,SOL_4_beam_0510,beam,P4,953,965,9903.72965998481,-7535.405099559674,-8331.244120571057,12714.977768134426,39278.23879498658,-32409.981971712263,-9903.72965998481,7535.405099559674,8331.244120571057,-12714.977768134426,16124.534606810945,-17700.461940359564
CASE_Q,11371,E1-P4-V-026,A-V-1371,SOL_4_beam_0511,beam,P4,952,964,-10359.018019218836,-4860.85964889377,-7720.474156430518,15532.213985333854,54070.27662451402,-23376.260809453357,10359.018019218836,4860.85964889377,7720.474156430518,-15532.213985333854,-2729.1234842510894,-8948.45585569021
CASE_Q,11372,E1-P4-V-044,A-V-1372,SOL_4_beam_0512,beam,P4,961,955,-10419.103429644338,-3323.8387548928476,3935.9229970745628,16133.37040254106,6169.1759979960625,-9361.350141723233,10419.103429644338,3323.8387548928476,-3935.9229970745628,-16133.37040254106,-41198.89067195967,-20220.81477682311
CASE_Q,11373,E1-P4-V-050,A-V-1373,SOL_4_beam_0513,beam,P4,960,954,1938.9242124965012,-3792.956140516052,6641.440326887068,5192.4574359132075,-13861.800245874052,-13498.993538151237,-1938.9242124965012,3792.956140516052,-6641.440326887068,-5192.4574359132075,-45247.01866342086,-20258.316112441626
CASE_Q,11374,E1-P4-V-045,A-V-1374,SOL_4_beam_0514,beam,P4,955,967,10821.260212112133,-4663.061720692151,-13195.104056553984,6615.132560768775,68325.1401462993,-22870.125108782657,-10821.260212112133,4663.061720692151,13195.104056553984,-6615.132560768775,19422.301829784687,-8139.23533382014
CASE_Q,11375,E1-P4-V-051,A-V-1375,SOL_4_beam_0515,beam,P4,954,966,-9186.066157404744,-882.7261597892438,-3922.314180579908,10213.346933054077,30757.86288757828,-6261.456204594764,9186.066157404744,882.7261597892438,3922.314180579908,-10213.346933054077,-4674.473586721895,391.3272419962941
CASE_Q,11376,E1-P4-V-069,A-V-1376,SOL_4_beam_0516,beam,P4,963,957,-1569.2049158504715,-3895.4303140406146,3410.9215098013533,10578.827690358943,2117.217292456404,-14090.045811864691,1569.2049158504715,3895.4303140406146,-3410.9215098013533,-10578.827690358943,-32474.41872968845,-20579.283983096782
CASE_Q,11377,E1-P4-V-073,A-V-1377,SOL_4_beam_0517,beam,P4,962,956,-3587.0332407743294,-6108.604718947537,9408.971653867573,4426.000482465479,-19063.568171083807,-23612.509056592033,3587.0332407743294,6108.604718947537,-9408.971653867573,-4426.000482465479,-64676.279548337596,-30754.072942041043
CASE_Q,11378,E1-P4-V-070,A-V-1378,SOL_4_beam_0518,beam,P4,957,969,9547.90186478617,-741.5288575134786,-9540.796794456714,6055.925038799042,50694.36953526803,-5944.076463955764,-9547.90186478617,741.5288575134786,9540.796794456714,-6055.925038799042,12751.929147869105,1012.9095614911321
CASE_Q,11379,E1-P4-V-074,A-V-1379,SOL_4_beam_0519,beam,P4,956,968,-9092.370286413081,2959.6258649029655,-6656.019370693312,9885.409171311903,47354.10963011597,10284.265381406976,9092.370286413081,-2959.6258649029655,6656.019370693312,-9885.409171311903,-3091.580815005447,9397.246620197742
CASE_Q,11380,E1-P4-V-058,A-V-1380,SOL_4_beam_0520,beam,P4,192,215,-1589.3004862963692,6654.482034716931,-4089.818392912118,-7500.384496558246,5827.060178267675,35778.40662942761,1589.3004862963692,-6654.482034716931,4089.818392912118,7500.384496558246,11022.991600530255,-8361.940646393854
CASE_Q,11381,E1-P4-V-063,A-V-1381,SOL_4_beam_0521,beam,P4,192,215,-1589.3004862963692,6654.482034716931,-4089.818392912118,-7500.384496558246,5827.060178267675,35778.40662942761,1589.3004862963692,-6654.482034716931,4089.818392912118,7500.384496558246,11022.991600530255,-8361.940646393854
CASE_Q,11382,E1-P4-V-035,A-V-1382,SOL_4_beam_0522,beam,P4,971,190,0.0,4.5115012073637975e-08,0.0,2.676366440760613e-09,2.3200348078797802e-08,3.108846642558906e-08,0.0,-4.5115012073637975e-08,0.0,-2.676366440760613e-09,-2.3200348078797802e-08,3.108846642558906e-08
CASE_Q,11383,E1-P4-V-036,A-V-1383,SOL_4_beam_0523,beam,P4,190,971,0.0,4.5115012073637975e-08,0.0,2.676366440760613e-09,2.3200348078797802e-08,3.108846642558906e-08,0.0,-4.5115012073637975e-08,0.0,-2.676366440760613e-09,-2.3200348078797802e-08,3.108846642558906e-08
CASE_Q,11384,E1-P4-V-059,A-V-1384,SOL_4_beam_0524,beam,P4,972,192,-1.9333623398998172e-07,-2.0312978072956408e-08,-3.1563674491817636e-09,-1.8963559005389373e-09,-9.425141407011605e-09,-1.3997543340874679e-08,1.9333623398998172e-07,2.0312978072956408e-08,3.1563674491817636e-09,1.8963559005389373e-09,1.3775206671786197e-08,-1.3997543340874679e-08
CASE_Q,11385,E1-P4-V-060,A-V-1385,SOL_4_beam_0525,beam,P4,192,972,-1.9333623398998172e-07,-2.0312978072956408e-08,3.1563674491817636e-09,-1.8963559005389373e-09,-1.3775206671786197e-08,-1.3997543340874679e-08,1.9333623398998172e-07,2.0312978072956408e-08,-3.1563674491817636e-09,1.8963559005389373e-09,9.425141407011605e-09,-1.3997543340874679e-08
CASE_Q,11386,E1-P4-V-112,A-V-1386,SOL_4_beam_0526,beam,P4,219,973,-9.446844111853454e-08,6.473496881654616e-08,155.57099960872677,-2.5287499373220614e-08,-109.69917820658085,2.2899150127132773e-08,9.446844111853454e-08,-6.473496881654616e-08,-155.57099960872677,2.5287499373220614e-08,1.4170267093049915e-07,2.2748000621343116e-08
CASE_Q,11387,E1-P4-V-113,A-V-1387,SOL_4_beam_0527,beam,P4,973,219,-9.446844111853454e-08,6.473496881654616e-08,-155.57099960872677,-2.5287499373220614e-08,-1.4170267093049915e-07,2.2748000621343116e-08,9.446844111853454e-08,-6.473496881654616e-08,155.57099960872677,2.5287499373220614e-08,109.69917820658085,2.2899150127132773e-08
CASE_Q,11388,E1-P4-V-095,A-V-1388,SOL_4_beam_0528,beam,P4,225,223,-18488.55997758018,13578.539616630585,42098.96943441016,-13102.588963413053,-84088.8510588075,17960.19802783482,18488.55997758018,-13578.539616630585,-42098.96943441016,13102.588963413053,-23263.520998938282,16665.07799457313
CASE_Q,11389,E1-P4-V-094,A-V-1389,SOL_4_beam_0529,beam,P4,225,223,-18488.55997758018,13578.539616630585,42098.96943441016,-13102.588963413053,-84088.8510588075,17960.19802783482,18488.55997758018,-13578.539616630585,-42098.96943441016,13102.588963413053,-23263.520998938282,16665.07799457313
CASE_Q,11390,E1-P4-V-117,A-V-1390,SOL_4_beam_0530,beam,P4,223,209,-10563.249621944902,759.5010375026101,249.92693554552025,-669.6551871292768,7624.9076255640975,-10394.035229501256,10563.249621944902,-759.5010375026101,-249.92693554552025,669.6551871292768,-8212.235924096072,12178.862667632397
CASE_Q,11391,E1-P4-V-116,A-V-1391,SOL_4_beam_0531,beam,P4,223,209,-10563.249621944902,759.5010375026101,249.92693554552025,-669.6551871292768,7624.9076255640975,-10394.035229501256,10563.249621944902,-759.5010375026101,-249.92693554552025,669.6551871292768,-8212.235924096072,12178.862667632397
CASE_Q,11392,E1-P4-V-103,A-V-1392,SOL_4_beam_0532,beam,P4,223,221,-7542.579127819875,5.138830130754929,9125.214209971093,-3.6303653999532988,-51217.97517573363,-584.1441590619997,7542.579127819875,-5.138830130754929,-9125.214209971093,3.6303653999532988,-14939.827846556795,621.400677509973
CASE_Q,11393,E1-P4-V-102,A-V-1393,SOL_4_beam_0533,beam,P4,219,223,-16845.852344861396,-606.6350502785374,-11658.029225668974,-1190.3692777713268,33338.91003186012,-925.9722085930252,16845.852344861396,606.6350502785374,11658.029225668974,1190.3692777713268,70417.55007659376,-4473.079738885957
CASE_Q,11394,E1-P4-V-109,A-V-1394,SOL_4_beam_0534,beam,P4,223,221,-7542.579127819875,5.138830130754929,9125.214209971093,-3.6303653999532988,-51217.97517573363,-584.1441590619997,7542.579127819875,-5.138830130754929,-9125.214209971093,3.6303653999532988,-14939.827846556795,621.400677509973
CASE_Q,11395,E1-P4-V-108,A-V-1395,SOL_4_beam_0535,beam,P4,219,223,-16845.852344861396,-606.6350502785374,-11658.029225668974,-1190.3692777713268,33338.91003186012,-925.9722085930252,16845.852344861396,606.6350502785374,11658.029225668974,1190.3692777713268,70417.55007659376,-4473.079738885957
CASE_Q,11396,E1-P4-V-096,A-V-1396,SOL_4_beam_0536,beam,P4,974,221,0.0,6.331176360324145e-08,-196.59200004314746,5.802281172325476e-09,1.3529415809898637e-08,-8.039026131408531e-10,0.0,-6.331176360324145e-08,196.59200004314746,-5.802281172325476e-09,139.00889509972376,4.557122938242177e-08
CASE_Q,11397,E1-P4-V-097,A-V-1397,SOL_4_beam_0537,beam,P4,221,974,0.0,6.331176360324145e-08,196.59200004314746,5.802281172325476e-09,-139.00889509972376,4.557122938242177e-08,0.0,-6.331176360324145e-08,-196.59200004314746,-5.802281172325476e-09,-1.3529415809898637e-08,-8.039026131408531e-10
CASE_Q,11398,E1-P4-V-114,A-V-1398,SOL_4_beam_0538,beam,P4,221,975,0.0,-1.7170917704515488e-07,155.89699999407551,-6.025445832799532e-09,-110.23373136398062,-8.260099350022206e-08,0.0,1.7170917704515488e-07,-155.89699999407551,6.025445832799532e-09,2.1196626676101005e-09,-3.8813423040706535e-08
CASE_Q,11399,E1-P4-V-115,A-V-1399,SOL_4_beam_0539,beam,P4,975,221,0.0,-1.7170917704515488e-07,-155.89699999407551,-6.025445832799532e-09,-2.1196626676101005e-09,-3.8813423040706535e-08,0.0,1.7170917704515488e-07,155.89699999407551,6.025445832799532e-09,110.23373136398062,-8.260099350022206e-08
CASE_Q,11400,E1-P4-V-098,A-V-1400,SOL_4_beam_0540,beam,P4,976,219,4.72342205592682e-08,3.515408902620529e-08,-196.1779999378529,4.4756636058798433e-10,-2.125540277120308e-08,7.010817910210317e-08,-4.72342205592682e-08,-3.515408902620529e-08,196.1779999378529,-4.4756636058798433e-10,138.33275742282552,-4.53196601525992e-08
CASE_Q,11401,E1-P4-V-099,A-V-1401,SOL_4_beam_0541,beam,P4,219,976,4.72342205592682e-08,3.515408902620529e-08,196.1779999378529,4.4756636058798433e-10,-138.33275742282552,-4.53196601525992e-08,-4.72342205592682e-08,-3.515408902620529e-08,-196.1779999378529,-4.4756636058798433e-10,2.125540277120308e-08,7.010817910210317e-08
CASE_Q,11402,E1-P4-V-100,A-V-1402,SOL_4_beam_0542,beam,P4,977,223,0.0,-3.570612930485835e-08,-394.2700001633309,-0.0,5.608279707303154e-08,1.3314637030145278e-08,0.0,3.570612930485835e-08,394.2700001633309,0.0,278.785693598684,-3.856220347409999e-08
CASE_Q,11403,E1-P4-V-101,A-V-1403,SOL_4_beam_0543,beam,P4,223,977,0.0,-3.570612930485835e-08,394.2700001633309,-0.0,-278.785693598684,-3.856220347409999e-08,0.0,3.570612930485835e-08,-394.2700001633309,0.0,-5.608279707303154e-08,1.3314637030145278e-08
CASE_Q,11404,E1-P4-V-110,A-V-1404,SOL_4_beam_0544,beam,P4,223,978,-9.420733747744297e-08,6.341834906385292e-08,324.71200000449977,8.926586418962265e-10,-229.6016945757658,8.486196959968064e-08,9.420733747744297e-08,-6.341834906385292e-08,-324.71200000449977,-8.926586418962265e-10,-3.5327900604897877e-09,-4.0019276960417775e-08
CASE_Q,11405,E1-P4-V-111,A-V-1405,SOL_4_beam_0545,beam,P4,978,223,-9.420733747744297e-08,6.341834906385292e-08,-324.71200000449977,8.926586418962265e-10,3.5327900604897877e-09,-4.0019276960417775e-08,9.420733747744297e-08,-6.341834906385292e-08,324.71200000449977,-8.926586418962265e-10,229.6016945757658,8.486196959968064e-08
