case_name,opensees_element_tag,element_id,analysis_id,geometry_elementTag,type,floor,node_i,node_j,N_end1,Vy_end1,Vz_end1,T_end1,My_end1,Mz_end1,N_end2,Vy_end2,Vz_end2,T_end2,My_end2,Mz_end2
CASE_R,10001,E2-S1-C-002,A-C-0001,SOL2_1S_column_0001,column,S1,1,2,-7340.635320060236,90308.38977011933,-79660.73532255933,93536.89516501894,350548.1687827908,319727.6132327204,7340.635320060236,-90308.38977011933,79660.73532255933,-93536.89516501894,-35091.65690545589,37893.61025695209
CASE_R,10002,E2-S1-C-005,A-C-0002,SOL2_1S_column_0002,column,S1,3,4,127673.6415371397,-61372.41554718841,-102346.65043125159,55856.18314321491,381721.33271388983,-212956.08094371445,-127673.6415371397,61372.41554718841,102346.65043125159,-55856.18314321491,23571.402993866446,-30078.684623151625
CASE_R,10003,E2-S1-C-006,A-C-0003,SOL2_1S_column_0003,column,S1,5,6,357764.44619381253,-83586.18115361688,80258.61474850765,83144.17371109704,172408.96308197884,-242937.2561813334,-357764.44619381253,83586.18115361688,-80258.61474850765,-83144.17371109704,-490233.0774860691,-88064.02118698941
CASE_R,10004,E2-S1-C-003,A-C-0004,SOL2_1S_column_0004,column,S1,7,8,-327982.4458220126,126216.38415672482,-528486.8428870921,70857.15869728637,2276099.814221689,368335.48912454036,327982.4458220126,-126216.38415672482,528486.8428870921,-70857.15869728637,-183291.9163888041,131481.3921360899
CASE_R,10005,E2-S1-C-001,A-C-0005,SOL2_1S_column_0005,column,S1,9,10,1789346.6222936087,86092.40959135347,-115383.02232641233,17840.492258825707,803766.2815034369,298055.63531347684,-1789346.6222936087,-86092.40959135347,115383.02232641233,-17840.492258825707,-346849.51309084403,42870.30666828292
CASE_R,10006,E2-S1-C-004,A-C-0006,SOL2_1S_column_0006,column,S1,11,12,-346103.1804607055,111794.99870838059,-643195.0357943274,-37601.442740929,2226348.773805054,348508.63753187616,346103.1804607055,-111794.99870838059,643195.0357943274,37601.442740929,320703.5679404824,94199.55735331093
CASE_R,10007,E2-S1-C-007,A-C-0007,SOL2_1S_column_0007,column,S1,13,14,974071.7933687111,-53157.420784428854,-744255.8878210142,145334.9736956327,2353491.0252318205,-201794.73662242873,-974071.7933687111,53157.420784428854,744255.8878210142,-145334.9736956327,593762.2905393955,-8708.649683909534
CASE_R,10008,E2-S1-C-008,A-C-0008,SOL2_1S_column_0008,column,S1,15,16,1053903.8182444903,-26855.49932478431,-41716.43425898335,105281.14845723407,316505.4748905597,-422747.90309992,-1053903.8182444903,26855.49932478431,41716.43425898335,-105281.14845723407,-151308.39522498564,316400.12577377417
CASE_R,10009,E2-P1-C-002,A-C-0009,SOL2_1_column_0001,column,P1,2,17,-57579.61084098628,67424.12543985226,-20081.183736706214,122243.44784818868,423281.5360802305,159737.58901688075,57579.61084098628,-67424.12543985226,20081.183736706214,-122243.44784818868,-343760.0484828739,107261.94772493414
CASE_R,10010,E2-P1-C-005,A-C-0010,SOL2_1_column_0002,column,P1,4,18,86073.69703960317,-56640.12470581427,3239.1403637051667,118945.34306136478,346228.9738385476,-149614.29988989915,-86073.69703960317,56640.12470581427,-3239.1403637051667,-118945.34306136478,-359055.96967882005,-74680.59394512537
CASE_R,10011,E2-P1-C-006,A-C-0011,SOL2_1_column_0003,column,P1,6,19,339336.49533913465,-113502.88728945867,42520.03565230143,119070.53076491406,1011931.2167014875,-256084.53261818184,-339336.49533913465,113502.88728945867,-42520.03565230143,-119070.53076491406,-1180310.5578846012,-193386.90104807448
CASE_R,10012,E2-P1-C-003,A-C-0012,SOL2_1_column_0004,column,P1,8,20,-292820.81651837257,135225.13393988172,-486074.63211009686,91013.06467215257,1297768.2130092655,291844.8033550992,292820.81651837257,-135225.13393988172,486074.63211009686,-91013.06467215257,627087.3301467182,243646.72704683238
CASE_R,10013,E2-P1-C-001,A-C-0013,SOL2_1_column_0005,column,P1,10,21,1456060.2973105982,51483.879650178875,-124304.75777086732,13550.042959441054,486167.22413372225,123613.07619188722,-1456060.2973105982,-51483.879650178875,124304.75777086732,-13550.042959441054,6079.6166389122955,80263.08722282114
CASE_R,10014,E2-P1-C-004,A-C-0014,SOL2_1_column_0006,column,P1,12,22,-313331.6027985986,105235.27627644422,-683066.4986925337,-34173.62033611744,1637944.7382371179,232348.59081010637,313331.6027985986,-105235.27627644422,683066.4986925337,34173.62033611744,1066998.5965853154,184383.10324461266
CASE_R,10015,E2-P1-C-007,A-C-0015,SOL2_1_column_0007,column,P1,14,23,974463.3135318423,-57477.53226455366,-757455.7494466538,150530.62201513583,1877151.6163604537,-144287.5223706188,-974463.3135318423,57477.53226455366,757455.7494466538,-150530.62201513583,1122373.1514482952,-83323.50539701368
CASE_R,10016,E2-P1-C-008,A-C-0016,SOL2_1_column_0008,column,P1,16,24,1030457.5201369815,-23193.727279697974,-79397.80975284177,117132.47581755502,260008.69365310704,-341361.3635528035,-1030457.5201369815,23193.727279697974,79397.80975284177,-117132.47581755502,54406.63296814637,249514.20352519955
CASE_R,10017,E2-P2-C-002,A-C-0017,SOL2_2_column_0001,column,P2,17,25,-85523.80708226138,56283.70273886975,-365561.89729453734,88980.3688833892,1399242.9087371598,109933.0366013752,85523.80708226138,-56283.70273886975,365561.89729453734,-88980.3688833892,48382.20454920828,112950.42624454905
CASE_R,10018,E2-P2-C-005,A-C-0018,SOL2_2_column_0002,column,P2,18,26,24760.133030757406,-82268.11561078049,-188990.3571997133,250371.66236090352,1185681.7079577537,-140153.3959532855,-24760.133030757406,82268.11561078049,188990.3571997133,-250371.66236090352,-437279.8934468889,-185628.34186540527
CASE_R,10019,E2-P2-C-006,A-C-0019,SOL2_2_column_0003,column,P2,19,27,280657.92754803237,-154487.0492834178,-868215.2832196146,142078.0938919397,2521058.810217141,-276881.34333263576,-280657.92754803237,154487.0492834178,868215.2832196146,-142078.0938919397,917073.7113325333,-334887.37182969874
CASE_R,10020,E2-P2-C-003,A-C-0020,SOL2_2_column_0004,column,P2,20,28,-215158.36817080426,134489.87051091716,-455036.8325514973,60318.313208860425,805692.6324847608,261719.93680366292,215158.36817080426,-134489.87051091716,455036.8325514973,-60318.313208860425,996253.2244191689,270859.95041956916
CASE_R,10021,E2-P2-C-001,A-C-0021,SOL2_2_column_0005,column,P2,21,29,1124240.6255605095,30453.397331558153,-152215.4285361253,-27718.744409070026,353702.20203761914,44026.961942606,-1124240.6255605095,-30453.397331558153,152215.4285361253,27718.744409070026,249070.89496543718,76568.49149036431
CASE_R,10022,E2-P2-C-004,A-C-0022,SOL2_2_column_0006,column,P2,22,30,-203550.39402195776,93829.15089662315,-649964.7842284117,-6765.258243937257,1412283.3744470105,190586.7457128589,203550.39402195776,-93829.15089662315,649964.7842284117,6765.258243937257,1161577.1710975002,180976.69183776886
CASE_R,10023,E2-P2-C-007,A-C-0023,SOL2_2_column_0007,column,P2,23,31,777757.3407851002,-79717.60403161393,-376299.86104265123,20018.72541181977,970617.3948659401,-142209.70175471832,-777757.3407851002,79717.60403161393,376299.86104265123,-20018.72541181977,519530.054862959,-173472.0102104729
CASE_R,10024,E2-P2-C-008,A-C-0024,SOL2_2_column_0008,column,P2,24,32,2014645.3398360359,-112781.43435731629,436386.7657291875,296980.4215990106,419697.500707556,-535404.0867250758,-2014645.3398360359,112781.43435731629,-436386.7657291875,-296980.4215990106,-2147789.092995139,88789.60667010327
CASE_R,10025,E2-P3-C-002,A-C-0025,SOL2_3_column_0001,column,P3,25,33,-51931.783015226116,31705.706368217616,-1214595.1498118558,-18085.098367679795,2347798.600858162,62177.037811790884,51931.783015226116,-31705.706368217616,1214595.1498118558,18085.098367679795,2461998.192396785,63377.55940635084
CASE_R,10026,E2-P3-C-005,A-C-0026,SOL2_3_column_0002,column,P3,26,34,35523.17623608912,-65264.07378422727,-1551739.6946245786,122803.37344983089,2923551.8165861894,-91007.72722963794,-35523.17623608912,65264.07378422727,1551739.6946245786,-122803.37344983089,3221337.37412714,-167438.004955902
CASE_R,10027,E2-P3-C-006,A-C-0027,SOL2_3_column_0003,column,P3,27,35,150585.36049813632,-90027.95148910147,-248632.60090998842,56006.53577978843,479575.51711520704,-165843.40996080352,-150585.36049813632,90027.95148910147,248632.60090998842,-56006.53577978843,505009.58248834684,-190667.2779360382
CASE_R,10028,E2-P3-C-003,A-C-0028,SOL2_3_column_0004,column,P3,28,36,-121088.86993586183,105024.13641497232,-392185.97596835525,-31575.940066917097,334550.45690065407,214043.90061394713,121088.86993586183,-105024.13641497232,392185.97596835525,31575.940066917097,1218506.0079340322,201851.67958934314
CASE_R,10029,E2-P3-C-001,A-C-0029,SOL2_3_column_0005,column,P3,29,37,794346.7893518807,21748.01190903811,-145348.67037900197,-49277.76126298931,186076.90808663925,-13501.963551766443,-794346.7893518807,-21748.01190903811,145348.67037900197,49277.76126298931,389503.82661420846,99624.09071155734
CASE_R,10030,E2-P3-C-004,A-C-0030,SOL2_3_column_0006,column,P3,30,38,-39855.058586454295,117036.43307582707,-1015009.577533742,26410.094337356288,1623746.5145475303,185878.53529215514,39855.058586454295,-117036.43307582707,1015009.577533742,-26410.094337356288,2395691.4124860866,277585.73968811997
CASE_R,10031,E2-P3-C-007,A-C-0031,SOL2_3_column_0007,column,P3,31,39,352106.56567243044,-51119.47734145872,-524988.174383432,-14536.44391792415,921420.4355406286,-50693.83665305003,-352106.56567243044,51119.47734145872,524988.174383432,14536.44391792415,1157532.7350177618,-151739.29361912643
CASE_R,10032,E2-P3-C-008,A-C-0032,SOL2_3_column_0008,column,P3,32,40,1232282.0606044882,-95886.12577228592,130022.77358235905,342463.8243076293,874361.820658253,-128585.96689601532,-1232282.0606044882,95886.12577228592,-130022.77358235905,-342463.8243076293,-1389252.0040443947,-251123.09116223676
CASE_R,10033,E2-P4-C-002,A-C-0033,SOL2_4_column_0001,column,P4,33,41,-19516.581779230502,79636.7128039098,-294289.18508793344,-8877.565418650287,-136801.11214199231,129848.55462713336,19516.581779230502,-79636.7128039098,294289.18508793344,8877.565418650287,1302186.285090209,185512.82807634954
CASE_R,10034,E2-P4-C-005,A-C-0034,SOL2_4_column_0002,column,P4,34,42,156929.8587233506,-23768.753014814134,26633.221847994802,162685.105229731,-622431.8306985827,-78696.15148832955,-156929.8587233506,23768.753014814134,-26633.221847994802,-162685.105229731,516964.27218052326,-15428.110450334447
CASE_R,10035,E2-P4-C-006,A-C-0035,SOL2_4_column_0003,column,P4,35,43,47398.76217979781,-126219.27295572977,-528851.3902088412,94821.1528489389,901128.4872015978,-218061.03669116955,-47398.76217979781,126219.27295572977,528851.3902088412,-94821.1528489389,1193123.0180254139,-281767.2842135204
CASE_R,10036,E2-P4-C-003,A-C-0036,SOL2_4_column_0004,column,P4,36,44,-59160.09526284387,155745.24206436446,-207821.2074312196,-92815.15743604039,-198038.15890629368,277994.98193790595,59160.09526284387,-155745.24206436446,207821.2074312196,92815.15743604039,1021010.1403339234,338756.1766369774
CASE_R,10037,E2-P4-C-001,A-C-0037,SOL2_4_column_0005,column,P4,37,45,440762.0347866252,-56782.7371935314,-21235.502440402823,50176.25639281124,-79184.48273789306,-156230.47058853606,-440762.0347866252,56782.7371935314,21235.502440402823,-50176.25639281124,163277.07240188826,-68629.16869784833
CASE_R,10038,E2-P4-C-004,A-C-0038,SOL2_4_column_0006,column,P4,38,46,81273.93408279178,2947.6847808435696,26250.566899706308,-5931.832429033514,-63865.660838819495,4919.062174398079,-81273.93408279178,-2947.6847808435696,-26250.566899706308,5931.832429033514,-40086.5840840175,6753.769557742458
CASE_R,10039,E2-P4-C-007,A-C-0039,SOL2_4_column_0007,column,P4,39,47,16371.42149937462,-1186.9693904788846,-6314.099488394399,-453.59285224340573,14483.284746979369,-2011.5763898260616,-16371.42149937462,1186.9693904788846,6314.099488394399,453.59285224340573,10520.549227062453,-2688.822396470323
CASE_R,10040,E2-P4-C-008,A-C-0040,SOL2_4_column_0008,column,P4,40,49,388391.8493560039,2092.2957791782883,-40624.240448077144,178710.56757197718,1133115.432841626,212071.97744900643,-388391.8493560039,-2092.2957791782883,40624.240448077144,-178710.56757197718,-972238.5114630766,-203786.23229156143
CASE_R,10041,E1-S1-C-004,A-C-0041,SOL_1S_column_0001,column,S1,50,51,119332.58109650869,-13737.223780488974,-89215.49950247783,-13360.074331540796,420920.11044232186,-226365.65715395438,-119332.58109650869,13737.223780488974,89215.49950247783,13360.074331540796,-67626.73241250968,171966.25098321805
CASE_R,10042,E1-S1-C-006,A-C-0042,SOL_1S_column_0002,column,S1,52,53,1384703.5172775844,394653.601159004,-352501.99871844426,232071.97257286552,1921834.787192694,-843136.1155639724,-1384703.5172775844,-394653.601159004,352501.99871844426,-232071.97257286552,-525926.8722676546,2405964.3761536283
CASE_R,10043,E1-S1-C-005,A-C-0043,SOL_1S_column_0003,column,S1,54,55,1045331.309454238,364283.1463816532,-146868.29424835838,236029.00862218963,867289.7288527468,-717493.8354020754,-1045331.309454238,-364283.1463816532,146868.29424835838,-236029.00862218963,-285691.2836292477,2160055.095073422
CASE_R,10044,E1-S1-C-002,A-C-0044,SOL_1S_column_0004,column,S1,56,57,135421.54348061004,38831.41556976669,-211905.02604641046,148919.318611867,1040003.3334420298,35967.22704869624,-135421.54348061004,-38831.41556976669,211905.02604641046,-148919.318611867,-200859.43029824435,117805.17860757983
CASE_R,10045,E1-S1-C-001,A-C-0045,SOL_1S_column_0005,column,S1,15,16,1053903.8182444903,-26855.49932478431,-41716.43425898335,105281.14845723407,316505.4748905597,-422747.90309992,-1053903.8182444903,26855.49932478431,41716.43425898335,-105281.14845723407,-151308.39522498564,316400.12577377417
CASE_R,10046,E1-S1-C-003,A-C-0046,SOL_1S_column_0006,column,S1,60,61,651792.3855570533,94410.78127065928,-419683.0127625203,109878.81680481888,1977636.6666257726,-487865.4739685152,-651792.3855570533,-94410.78127065928,419683.0127625203,-109878.81680481888,-315691.93608619226,861732.1678003259
CASE_R,10047,E1-S1-C-009,A-C-0047,SOL_1S_column_0007,column,S1,62,63,1574609.3070275453,659132.2679554413,-283907.4533394333,342767.69778945274,1178702.710951451,-1393887.1965947305,-1574609.3070275453,-659132.2679554413,283907.4533394333,-342767.69778945274,-54429.19572729524,4004050.9776982777
CASE_R,10048,E1-S1-C-010,A-C-0048,SOL_1S_column_0008,column,S1,64,65,2472885.5458924575,-205283.91420873214,-673526.9288056013,254102.93342861344,2771286.13104259,-4154677.851042437,-2472885.5458924575,205283.91420873214,673526.9288056013,-254102.93342861344,-104119.49297240865,3341753.5507758576
CASE_R,10049,E1-S1-C-013,A-C-0049,SOL_1S_column_0009,column,S1,66,67,1643690.7864410214,-203199.90435657938,-121256.53282306716,240370.8589377902,1302547.1711796024,-5563675.557163878,-1643690.7864410214,203199.90435657938,121256.53282306716,-240370.8589377902,-822371.3012002565,4759003.935911824
CASE_R,10050,E1-S1-C-016,A-C-0050,SOL_1S_column_0010,column,S1,68,69,711856.9937551428,-944375.1938699294,121879.18373330442,13902.842533232513,-650742.3639063213,-6890941.2488756515,-711856.9937551428,944375.1938699294,-121879.18373330442,-13902.842533232513,168100.79632243584,3151215.4811507314
CASE_R,10051,E1-S1-C-014,A-C-0051,SOL_1S_column_0011,column,S1,70,71,1888509.5706448525,723524.3304837834,-216986.2189358155,174481.0668408661,992108.4561239459,-3319007.394581561,-1888509.5706448525,-723524.3304837834,216986.2189358155,-174481.0668408661,-132843.02913811652,6184163.743297343
CASE_R,10052,E1-S1-C-015,A-C-0052,SOL_1S_column_0012,column,S1,72,73,0.0,0.0,0.0,-0.0,0.0,0.0,0.0,0.0,0.0,0.0,0.0,0.0
CASE_R,10053,E1-S1-C-011,A-C-0053,SOL_1S_column_0013,column,S1,74,75,28045.94123755055,308.2683068758907,-66364.29248275778,-655.7112995179547,379133.1140669251,794.2458740404933,-28045.94123755055,-308.2683068758907,66364.29248275778,655.7112995179547,-116330.51583520428,426.4966211880338
CASE_R,10054,E1-S1-C-012,A-C-0054,SOL_1S_column_0014,column,S1,76,77,2057198.7441701302,699886.9395970772,-181590.7796836498,192649.04292734803,918400.1497093363,-2664093.3300264757,-2057198.7441701302,-699886.9395970772,181590.7796836498,-192649.04292734803,-199300.6621620832,5435645.610830901
CASE_R,10055,E1-S1-C-008,A-C-0055,SOL_1S_column_0015,column,S1,78,79,-1655.8563277492633,-2345.2703766108107,-88800.60734397463,-10808.06838891376,440641.3733699514,-24962.69843937548,1655.8563277492633,2345.2703766108107,88800.60734397463,10808.06838891376,-88990.9682878119,15675.42774799667
CASE_R,10056,E1-S1-C-017,A-C-0056,SOL_1S_column_0016,column,S1,80,81,0.0,0.0,0.0,-0.0,0.0,0.0,0.0,0.0,0.0,0.0,0.0,0.0
CASE_R,10057,E1-S1-C-019,A-C-0057,SOL_1S_column_0017,column,S1,82,83,2505924.766141559,-212723.3599291656,-220125.42409248225,-121066.621594625,327290.5852352875,-6651390.258553819,-2505924.766141559,212723.3599291656,220125.42409248225,121066.621594625,544406.0941709422,5809005.753234323
CASE_R,10058,E1-S1-C-018,A-C-0058,SOL_1S_column_0018,column,S1,84,85,2322328.5081477547,782976.1828200681,-142376.2126045424,197106.6266695099,791888.5904034246,-3446914.372067998,-2322328.5081477547,-782976.1828200681,142376.2126045424,-197106.6266695099,-228078.78848943673,6547500.056035467
CASE_R,10059,E1-S1-C-007,A-C-0059,SOL_1S_column_0026,column,S1,86,87,2790469.1832936676,15550.26508919356,-48534.58487972116,32780.653223420195,192204.3704365967,-163120.92894811297,-2790469.1832936676,-15550.26508919356,48534.58487972116,-32780.653223420195,-7.414312900946243,224699.97870131946
CASE_R,10060,E1-P1-C-004,A-C-0060,SOL_1_column_0001,column,P1,51,88,11724.25674027226,-8546.357706580995,-138311.50633538768,-48156.952592380716,236322.34471974894,-42670.788549062214,-11724.25674027226,8546.357706580995,138311.50633538768,48156.952592380716,311391.2203683862,8827.212031001476
CASE_R,10061,E1-P1-C-006,A-C-0061,SOL_1_column_0002,column,P1,53,89,1384703.5172775846,394653.6011590044,-352501.998718445,232071.97257286552,525926.8722676536,-2405964.376153623,-1384703.5172775846,-394653.6011590044,352501.998718445,-232071.97257286552,869981.0426573884,3968792.6367432806
CASE_R,10062,E1-P1-C-005,A-C-0062,SOL_1_column_0003,column,P1,55,90,1045331.309454238,364283.14638165303,-146868.29424835803,236029.00862218963,285691.2836292471,-2160055.0950734196,-1045331.309454238,-364283.14638165303,146868.29424835803,-236029.00862218963,295907.16159425065,3602616.3547447654
CASE_R,10063,E1-P1-C-002,A-C-0063,SOL_1_column_0004,column,P1,57,91,135421.54348061007,38831.41556976677,-211905.02604641012,148919.31861186697,200859.4302982424,-117805.17860757967,-135421.54348061007,-38831.41556976677,211905.02604641012,-148919.31861186697,638284.4728455417,271577.58426385606
CASE_R,10064,E1-P1-C-001,A-C-0064,SOL_1_column_0005,column,P1,16,24,1030457.5201369815,-23193.727279697974,-79397.80975284177,117132.47581755502,260008.69365310704,-341361.3635528035,-1030457.5201369815,23193.727279697974,79397.80975284177,-117132.47581755502,54406.63296814637,249514.20352519955
CASE_R,10065,E1-P1-C-003,A-C-0065,SOL_1_column_0006,column,P1,61,93,512047.3946058503,98083.34503736427,-617918.8091500691,156522.82707142562,1045088.8602921675,-917957.9835766663,-512047.3946058503,-98083.34503736427,617918.8091500691,-156522.82707142562,1401869.6239421058,1306368.0299246288
CASE_R,10066,E1-P1-C-011,A-C-0066,SOL_1_column_0007,column,P1,63,94,1574609.3070275453,622466.3515799616,-104065.1106904257,342767.69778945274,54429.195727294515,-4004050.977698274,-1574609.3070275453,-622466.3515799616,104065.1106904257,-342767.69778945274,357668.6426067912,6469017.729954922
CASE_R,10067,E1-P1-C-012,A-C-0067,SOL_1_column_0008,column,P1,65,95,2472885.545892458,-205283.91420873252,-673526.9288056016,254102.93342861344,104119.49297240679,-3341753.5507758567,-2472885.545892458,205283.91420873252,673526.9288056016,-254102.93342861344,2563047.1450977754,2528829.250509276
CASE_R,10068,E1-P1-C-015,A-C-0068,SOL_1_column_0009,column,P1,67,96,1643690.7864410214,-203199.9043565815,-121256.53282306684,240370.8589377902,822371.3012002546,-4759003.935911821,-1643690.7864410214,203199.9043565815,121256.53282306684,-240370.8589377902,-342195.43122090993,3954332.3146597585
CASE_R,10069,E1-P1-C-023,A-C-0069,SOL_1_column_0010,column,P1,69,97,711856.9937551428,-944375.1938699293,121879.18373330442,13902.842533232515,-168100.79632243587,-3151215.4811507296,-711856.9937551428,944375.1938699293,-121879.18373330442,-13902.842533232515,-314540.7712614496,-588510.28657419
CASE_R,10070,E1-P1-C-021,A-C-0070,SOL_1_column_0011,column,P1,71,98,1888509.5706448525,723524.3304837783,-216986.2189358153,174481.0668408661,132843.02913811558,-6184163.743297344,-1888509.5706448525,-723524.3304837783,216986.2189358153,-174481.0668408661,726422.397847713,9049320.092013106
CASE_R,10071,E1-P1-C-022,A-C-0071,SOL_1_column_0012,column,P1,73,99,0.0,0.0,0.0,-0.0,0.0,0.0,0.0,0.0,0.0,0.0,0.0,0.0
CASE_R,10072,E1-P1-C-013,A-C-0072,SOL_1_column_0013,column,P1,75,100,28045.94123755055,308.2683068758905,-66364.29248275788,-655.7112995179548,116330.51583520416,-426.4966211880337,-28045.94123755055,-308.2683068758905,66364.29248275788,655.7112995179548,146472.08239651704,1647.2391164165601
CASE_R,10073,E1-P1-C-014,A-C-0073,SOL_1_column_0014,column,P1,77,101,2057198.7441701302,699886.939597077,-181590.7796836492,192649.04292734803,199300.66216208204,-5435645.610830896,-2057198.7441701302,-699886.939597077,181590.7796836492,-192649.04292734803,519798.8253851686,8207197.89163532
CASE_R,10074,E1-P1-C-010,A-C-0074,SOL_1_column_0015,column,P1,79,102,-1655.8563277492633,-2345.2703766108107,-88800.60734397473,-10808.06838891376,88990.96828781176,-15675.427747996673,1655.8563277492633,2345.2703766108107,88800.60734397473,10808.06838891376,262659.43679432815,6388.157056617863
CASE_R,10075,E1-P1-C-024,A-C-0075,SOL_1_column_0016,column,P1,81,103,0.0,0.0,0.0,-0.0,0.0,0.0,0.0,0.0,0.0,0.0,0.0,0.0
CASE_R,10076,E1-P1-C-026,A-C-0076,SOL_1_column_0017,column,P1,83,104,2505924.766141559,-212723.35992916982,-220125.4240924823,-121066.621594625,-544406.0941709415,-5809005.753234324,-2505924.766141559,212723.35992916982,220125.4240924823,121066.621594625,1416102.7735771714,4966621.247914812
CASE_R,10077,E1-P1-C-025,A-C-0077,SOL_1_column_0018,column,P1,85,105,2322328.5081477547,782976.1828200709,-142376.21260454293,197106.6266695099,228078.78848943644,-6547500.056035461,-2322328.5081477547,-782976.1828200709,142376.21260454293,-197106.6266695099,335731.0134245535,9648085.740002941
CASE_R,10078,E1-P1-C-018,A-C-0078,SOL_1_column_0019,column,P1,106,107,0.0,0.0,0.0,-0.0,0.0,0.0,0.0,0.0,0.0,0.0,0.0,0.0
CASE_R,10079,E1-P1-C-019,A-C-0079,SOL_1_column_0020,column,P1,108,109,0.0,3.160314927567251e-07,-1.0382803862541968e-08,-0.0,-8.870745047608733e-11,1.1827660063479193e-10,0.0,-3.160314927567251e-07,1.0382803862541968e-08,0.0,4.1204610746142276e-08,1.2513664347159965e-06
CASE_R,10080,E1-P1-C-020,A-C-0080,SOL_1_column_0021,column,P1,110,111,0.0,-2.2400871332345137e-09,6.720261399703539e-11,-0.0,-1.3306117571413006e-10,1.18276600634782e-10,0.0,2.2400871332345137e-09,-6.720261399703539e-11,0.0,-1.3306117571413006e-10,-8.989021648243455e-09
CASE_R,10083,E1-P1-C-009,A-C-0083,SOL_1_column_0024,column,P1,116,117,0.0,-2.0111083994304263e-07,1.3789798036488679e-08,-0.0,1.5407015957258167e-11,-1.0956100236265416e-10,0.0,2.0111083994304263e-07,-1.3789798036488679e-08,0.0,-5.462300724045242e-08,-7.962893651720861e-07
CASE_R,10084,E1-P1-C-007,A-C-0084,SOL_1_column_0025,column,P1,118,119,0.0,2.3597115887662826e-07,-2.701233775818755e-07,-0.0,-1.369512529525236e-11,1.0956100236265416e-10,0.0,-2.3597115887662826e-07,2.701233775818755e-07,0.0,1.069702270349522e-06,9.343362281490852e-07
CASE_R,10085,E1-P1-C-008,A-C-0085,SOL_1_column_0026,column,P1,87,120,2790469.183293668,15550.26508919344,-48534.584879721144,32780.653223420195,7.414312900960795,-224699.97870131902,-2790469.183293668,-15550.26508919344,48534.584879721144,-32780.653223420195,192189.54181079473,286279.02845452505
CASE_R,10086,E1-P2-C-005,A-C-0086,SOL_2_column_0001,column,P2,121,122,368695.86536769674,189037.16913986293,857725.9448572941,192735.6373357153,-2030039.3262195727,3313662.4619174283,-368695.86536769674,-189037.16913986293,-857725.9448572941,-192735.6373357153,-1366555.4154153126,-2565075.272123571
CASE_R,10087,E1-P2-C-004,A-C-0087,SOL_2_column_0002,column,P2,123,124,-109357.81429999499,-15787.223691436684,-1527241.2229042712,4996.655135189388,2788845.6934007388,-26215.589031991847,109357.81429999499,15787.223691436684,1527241.2229042712,-4996.655135189388,3259029.549300176,-36301.81678609743
CASE_R,10088,E1-P2-C-006,A-C-0088,SOL_2_column_0003,column,P2,125,126,929471.51055853,557272.171940138,178464.89090778647,-54424.01666711246,-94696.20399956842,4064323.2855795524,-929471.51055853,-557272.171940138,-178464.89090778647,54424.01666711246,-612024.7639952662,-1857525.4846966057
CASE_R,10089,E1-P2-C-002,A-C-0089,SOL_2_column_0004,column,P2,127,128,195454.47957618302,96991.68881467916,236530.79151642008,-98660.07076310525,-436132.49270722223,1391080.9677397995,-195454.47957618302,-96991.68881467916,-236530.79151642008,98660.07076310525,-500529.4416978014,-1006993.88003367
CASE_R,10090,E1-P2-C-001,A-C-0090,SOL_2_column_0005,column,P2,129,130,2077602.6467387548,-393628.2712305338,-198500.68333840108,247562.03983707124,289377.5348492559,1810552.8996216739,-2077602.6467387548,393628.2712305338,198500.68333840108,-247562.03983707124,496685.1711708125,-3369320.853694588
CASE_R,10091,E1-P2-C-003,A-C-0091,SOL_2_column_0006,column,P2,131,132,380158.2290648429,-19478.125854944243,-420062.94961449096,204912.8242800735,1252068.9118491027,253002.70075668866,-380158.2290648429,19478.125854944243,420062.94961449096,-204912.8242800735,411380.36862428195,-330136.0791422679
CASE_R,10092,E1-P2-C-012,A-C-0092,SOL_2_column_0007,column,P2,133,134,232386.07967303242,-154808.6213741088,198282.18854204324,-115718.39236053012,-157105.61165473162,1390479.2947492902,-232386.07967303242,154808.6213741088,-198282.18854204324,115718.39236053012,-628091.8549717597,-2003521.4353907611
CASE_R,10093,E1-P2-C-010,A-C-0093,SOL_2_column_0008,column,P2,135,136,1192976.2123519965,-49220.32549020938,419804.83566377714,-44019.839555859486,-1351795.9513363633,-52148.839742141005,-1192976.2123519965,49220.32549020938,-419804.83566377714,44019.839555859486,-310631.1978921943,-142763.64919908816
CASE_R,10094,E1-P2-C-015,A-C-0094,SOL_2_column_0009,column,P2,137,138,260514.49722281154,-30868.35052384128,-48126.32600780323,50535.3943220037,238429.42518654122,50477.08238930392,-260514.49722281154,30868.35052384128,48126.32600780323,-50535.3943220037,-47849.1741956404,-172715.7504637154
CASE_R,10095,E1-P2-C-018,A-C-0095,SOL_2_column_0010,column,P2,139,140,71611.48749514094,-67006.56341298399,-132183.1936022781,-101453.02117554875,-248257.13560966682,-72565.7326893215,-71611.48749514094,67006.56341298399,132183.1936022781,101453.02117554875,771702.5822746882,-192780.2584260951
CASE_R,10096,E1-P2-C-017,A-C-0096,SOL_2_column_0011,column,P2,141,142,-93304.65122112696,-808955.931025011,-257054.13185707366,324152.7971822669,538042.9749392694,731761.6119448715,93304.65122112696,808955.931025011,257054.13185707366,-324152.7971822669,479891.3872147425,-3935227.0988039155
CASE_R,10097,E1-P2-C-016,A-C-0097,SOL_2_column_0012,column,P2,143,144,1751855.0008887234,712749.6222795226,-356667.6689689698,50497.04479757118,640849.3156140915,7244429.453166975,-1751855.0008887234,-712749.6222795226,356667.6689689698,-50497.04479757118,771554.6535030291,-4421940.948940065
CASE_R,10098,E1-P2-C-013,A-C-0098,SOL_2_column_0013,column,P2,145,146,1522206.5236088615,648548.4447564626,-192812.78544373618,85453.77807941697,349162.75983692624,6597404.489518431,-1522206.5236088615,-648548.4447564626,192812.78544373618,-85453.77807941697,414375.8705202692,-4029152.648282839
CASE_R,10099,E1-P2-C-014,A-C-0099,SOL_2_column_0014,column,P2,147,148,927633.0929130318,-188248.7746594784,-12549.151463993285,-87653.62822010755,84827.94524099678,2776932.0815304485,-927633.0929130318,188248.7746594784,12549.151463993285,87653.62822010755,-35133.30544358336,-3522397.229181983
CASE_R,10100,E1-P2-C-011,A-C-0100,SOL_2_column_0015,column,P2,149,150,1267786.0659398413,453898.24358098145,436132.7657019851,15627.356949640673,-1331357.476599029,4717697.993465751,-1267786.0659398413,-453898.24358098145,-436132.7657019851,-15627.356949640673,-395728.27558083227,-2920260.9488850646
CASE_R,10101,E1-P2-C-019,A-C-0101,SOL_2_column_0016,column,P2,151,152,1860159.40618199,854582.9618785486,-183378.99295701942,-57626.96120997323,392993.0311322472,8024605.302006729,-1860159.40618199,-854582.9618785486,183378.99295701942,57626.96120997323,333187.7809775498,-4640456.772967676
CASE_R,10102,E1-P2-C-021,A-C-0102,SOL_2_column_0017,column,P2,153,154,1747533.3267931833,-132664.19382097214,17451.5460153202,-272952.66563634336,-3808573.5988128805,340750.2379774441,-1747533.3267931833,132664.19382097214,-17451.5460153202,272952.66563634336,3739465.4765922124,-866100.4455084938
CASE_R,10103,E1-P2-C-009,A-C-0103,SOL_2_column_0018,column,P2,117,155,23489.462676068255,-45865.589018739156,-86000.67239762997,-25129.76604924011,190611.32135441253,-96763.39193414708,-23489.462676068255,45865.589018739156,86000.67239762997,25129.76604924011,149951.34134020223,-84864.34058006
CASE_R,10104,E1-P2-C-007,A-C-0104,SOL_2_column_0019,column,P2,119,156,-20798.525353392877,22097.714636064993,-92346.93513830885,-28010.734935951932,173054.0504689803,43407.70180947812,20798.525353392877,-22097.714636064993,92346.93513830885,28010.734935951932,192639.8126787228,44099.24814933927
CASE_R,10105,E1-P2-C-020,A-C-0105,SOL_2_column_0020,column,P2,157,158,1085723.5398184517,-192117.1641227783,-132796.8477784452,287734.9849161233,392173.868655248,3547861.981570259,-1085723.5398184517,192117.1641227783,132796.8477784452,-287734.9849161233,133701.64854739507,-4308645.951496461
CASE_R,10106,E1-P2-C-008,A-C-0106,SOL_2_column_0021,column,P2,120,159,2693940.9454502217,-36636.76124240709,-70970.6447534415,-18105.70070701029,282273.1185477616,-79333.15535048973,-2693940.9454502217,36636.76124240709,70970.6447534415,18105.70070701029,-1229.365324133163,-65748.41916944238
CASE_R,10107,E1-P3-C-004,A-C-0107,SOL_3_column_0001,column,P3,122,160,189086.60308812052,331968.6335603775,1813567.7902828767,246114.28186067723,-3684357.362638702,1387515.3578115862,-189086.60308812052,-331968.6335603775,-1813567.7902828767,-246114.28186067723,-3497371.086881487,-72919.56891249167
CASE_R,10108,E1-P3-C-006,A-C-0108,SOL_3_column_0002,column,P3,161,162,-187855.39836204972,-51199.8747637415,66918.73047775317,295800.9425907253,-451495.18212567206,-38912.70261689997,187855.39836204972,51199.8747637415,-66918.73047775317,-295800.9425907253,186497.00943376956,-163838.8014475163
CASE_R,10109,E1-P3-C-005,A-C-0109,SOL_3_column_0003,column,P3,126,163,625434.7437298325,84883.48552058582,138033.9787262492,14588.26804320889,-418870.661434451,523347.0063627419,-625434.7437298325,-84883.48552058582,-138033.9787262492,-14588.26804320889,-127743.89432149565,-187208.40370122215
CASE_R,10110,E1-P3-C-002,A-C-0110,SOL_3_column_0004,column,P3,128,164,141970.76041898676,-252834.25735402707,27878.372773734733,101343.46858200128,26645.96613911797,-312898.91952709615,-141970.76041898676,252834.25735402707,-27878.372773734733,-101343.46858200128,-137044.32232310748,-688324.7395948507
CASE_R,10111,E1-P3-C-001,A-C-0111,SOL_3_column_0005,column,P3,130,165,1187898.9962463537,13459.132062578596,722017.011495872,200633.89565616357,-1402960.8601685548,902401.7979599191,-1187898.9962463537,-13459.132062578596,-722017.011495872,-200633.89565616357,-1456226.5053550978,-849103.6349921079
CASE_R,10112,E1-P3-C-003,A-C-0112,SOL_3_column_0006,column,P3,132,166,650874.3164876522,106206.2909210828,-194569.05633672976,-41722.99035327981,737316.0096475391,525576.650110395,-650874.3164876522,-106206.2909210828,194569.05633672976,41722.99035327981,33177.45344591042,-104999.7380629073
CASE_R,10113,E1-P3-C-008,A-C-0113,SOL_3_column_0007,column,P3,134,167,312123.0578862971,8139.881687132145,112245.41269530858,-2743.6938657363035,-385301.48083009,454677.72164390166,-312123.0578862971,-8139.881687132145,-112245.41269530858,2743.6938657363035,-59190.35344333184,-422443.7901628584
CASE_R,10114,E1-P3-C-009,A-C-0114,SOL_3_column_0008,column,P3,168,169,2567963.885795795,37550.76530055556,651155.6814483876,460092.7033008329,-3304686.76018063,343993.98836283176,-2567963.885795795,-37550.76530055556,-651155.6814483876,-460092.7033008329,726110.2616450158,-195292.95777263178
CASE_R,10115,E1-P3-C-012,A-C-0115,SOL_3_column_0009,column,P3,138,170,427677.9034677319,-74399.86820243196,-484921.31383234815,107507.8449037561,975377.5725945807,-829.1408099171822,-427677.9034677319,74399.86820243196,484921.31383234815,-107507.8449037561,944910.8301815174,-293794.3372717133
CASE_R,10116,E1-P3-C-015,A-C-0116,SOL_3_column_0010,column,P3,140,171,454620.9536472192,-336202.25772667286,-1044020.7837397608,4190.53311743978,2291841.7481916207,-495223.3344934475,-454620.9536472192,336202.25772667286,1044020.7837397608,-4190.53311743978,1842480.5554178304,-836137.6061041766
CASE_R,10117,E1-P3-C-014,A-C-0117,SOL_3_column_0011,column,P3,142,172,-68347.95751610685,-202814.91505184188,-305207.66641649324,-51680.270541141705,693456.3521733128,294498.525727347,68347.95751610685,202814.91505184188,305207.66641649324,51680.270541141705,515166.0068360001,-1097645.5893326406
CASE_R,10118,E1-P3-C-013,A-C-0118,SOL_3_column_0012,column,P3,144,173,907554.2078599687,188824.98109960448,-294550.8172275729,-9904.926834478243,659590.5905312457,1517949.503269475,-907554.2078599687,-188824.98109960448,294550.8172275729,9904.926834478243,506830.64568994276,-770202.5781150414
CASE_R,10119,E1-P3-C-010,A-C-0119,SOL_3_column_0013,column,P3,146,174,809120.0971955603,431893.78289829433,152032.08642474873,95312.40888487508,-259926.65506221476,1862695.1933906963,-809120.0971955603,-431893.78289829433,-152032.08642474873,-95312.40888487508,-342120.40717979,-152395.81311345124
CASE_R,10120,E1-P3-C-011,A-C-0120,SOL_3_column_0014,column,P3,148,175,707304.2178441344,230415.9041964435,-4731.081338226444,-17212.361256859127,286938.4870873268,1103574.9656179189,-707304.2178441344,-230415.9041964435,4731.081338226444,17212.361256859127,-268203.4049879501,-191127.9850000029
CASE_R,10121,E1-P3-C-007,A-C-0121,SOL_3_column_0015,column,P3,150,176,780119.5886555125,42924.80104311148,789034.4791296244,231687.48719341523,-1490989.3187266064,796794.0035381333,-780119.5886555125,-42924.80104311148,-789034.4791296244,-231687.48719341523,-1633587.2186267052,-626811.7914074119
CASE_R,10122,E1-P3-C-016,A-C-0122,SOL_3_column_0016,column,P3,152,177,1098078.0031679485,468578.4232722674,-49815.41004617258,-62091.393903420714,152961.39066344642,2203131.0632638773,-1098078.0031679485,-468578.4232722674,49815.41004617258,62091.393903420714,44307.63311939697,-347560.50710569904
CASE_R,10123,E1-P3-C-018,A-C-0123,SOL_3_column_0017,column,P3,154,178,1146095.0515181052,-115977.55605245421,245956.88580542532,-126212.426531068,-1376030.893606647,128296.40763921262,-1146095.0515181052,115977.55605245421,-245956.88580542532,126212.426531068,402041.6258171629,-587567.5296069311
CASE_R,10124,E1-P3-C-017,A-C-0124,SOL_3_column_0018,column,P3,158,179,1045436.5799582285,154100.5237648787,-67796.24109923035,40061.94086012622,201312.87236935043,1134616.0358470913,-1045436.5799582285,-154100.5237648787,67796.24109923035,-40061.94086012622,67160.2423836017,-524377.9617381719
CASE_R,10125,E1-P4-C-004,A-C-0125,SOL_4_column_0001,column,P4,160,180,220709.56310746443,-52584.18652864281,1109997.060492042,134907.9022557275,-1257045.2287158365,-84373.35528068827,-220709.56310746443,52584.18652864281,-1109997.060492042,-134907.9022557275,-3138543.1308326507,-123860.02337273727
CASE_R,10126,E1-P4-C-006,A-C-0126,SOL_4_column_0002,column,P4,162,182,-123221.95426643643,308755.64882854477,-573707.901175542,220302.20335095367,863008.6494468221,666305.4810247289,123221.95426643643,-308755.64882854477,573707.901175542,-220302.20335095367,1408874.7116461901,556366.9273206072
CASE_R,10127,E1-P4-C-005,A-C-0127,SOL_4_column_0003,column,P4,163,183,438524.463768776,115805.58784662666,266573.88757085,-248794.98335431988,-155906.77491682663,281518.48895174876,-438524.463768776,-115805.58784662666,-266573.88757085,248794.98335431988,-899725.8198637394,177071.6389208929
CASE_R,10128,E1-P4-C-002,A-C-0128,SOL_4_column_0004,column,P4,164,184,76199.4383530893,1479.2124774613114,87015.68909866923,105230.9011525467,-165240.43060315796,134932.9773596835,-76199.4383530893,-1479.2124774613114,-87015.68909866923,-105230.9011525467,-179341.69822757225,-129075.29594893669
CASE_R,10129,E1-P4-C-001,A-C-0129,SOL_4_column_0005,column,P4,165,185,505494.72315271734,-489180.3918244628,43132.96583619184,-38580.04433912908,454238.7399829938,-694713.942155629,-505494.72315271734,489180.3918244628,-43132.96583619184,38580.04433912908,-625045.2846943135,-1242440.409469244
CASE_R,10130,E1-P4-C-003,A-C-0130,SOL_4_column_0006,column,P4,166,187,382914.16370038444,312970.9336089822,206219.29814333018,-43279.45976264272,-420362.2603096302,629373.6530293564,-382914.16370038444,-312970.9336089822,-206219.29814333018,43279.45976264272,-396266.1863757474,609991.2835787449
CASE_R,10131,E1-P4-C-008,A-C-0131,SOL_4_column_0007,column,P4,167,188,182156.70153388815,148770.95786617367,31342.06888051616,-357173.00769357575,-123378.90055390673,365692.20899532334,-182156.70153388815,-148770.95786617367,-31342.06888051616,357173.00769357575,-735.6922129372833,223440.7841547245
CASE_R,10132,E1-P4-C-009,A-C-0132,SOL_4_column_0008,column,P4,169,190,1251165.5702344524,429695.01234624407,-716913.4513083965,-65665.00517737982,1260652.207071568,857242.4367473184,-1251165.5702344524,-429695.01234624407,716913.4513083965,65665.00517737982,1578325.150629057,844349.8663982287
CASE_R,10133,E1-P4-C-013,A-C-0133,SOL_4_column_0009,column,P4,170,192,252084.1386445271,303961.8893127052,249253.22888323077,-78698.9952070087,-852332.8614824229,652993.6531540065,-252084.1386445271,-303961.8893127052,-249253.22888323077,78698.9952070087,-134709.9563665379,550695.4669033324
CASE_R,10134,E1-P4-C-017,A-C-0134,SOL_4_column_0010,column,P4,171,194,359660.3399974316,308956.83322827524,-332710.0475196518,15400.295641489403,231153.93820571486,848789.3960273378,-359660.3399974316,-308956.83322827524,332710.0475196518,-15400.295641489403,1086377.8919809505,374679.70256633306
CASE_R,10135,E1-P4-C-016,A-C-0135,SOL_4_column_0011,column,P4,172,196,-9119.079890025487,-152346.8355829617,-358910.50306157424,-74813.66708885669,560400.7818496376,-111181.1046044764,9119.079890025487,152346.8355829617,358910.50306157424,74813.66708885669,860884.8555911789,-492112.38353976334
CASE_R,10136,E1-P4-C-015,A-C-0136,SOL_4_column_0012,column,P4,173,198,446150.07888909953,-375409.6482570613,-601461.7726365047,4349.454209604971,1068858.9496008737,-533896.5701185403,-446150.07888909953,375409.6482570613,601461.7726365047,-4349.454209604971,1312929.7459818276,-952725.6843796303
CASE_R,10137,E1-P4-C-011,A-C-0137,SOL_4_column_0013,column,P4,174,200,410802.07479109796,-276567.8476184676,-233280.37373371416,-105609.27781007226,559667.0888702509,-502509.2063831682,-410802.07479109796,276567.8476184676,233280.37373371416,105609.27781007226,364123.2205698497,-592699.505106146
CASE_R,10138,E1-P4-C-012,A-C-0138,SOL_4_column_0014,column,P4,175,201,368884.0034690945,-29988.519222043105,-32274.35184867081,-352273.7325126995,27933.031365210623,-18199.434801701507,-368884.0034690945,29988.519222043105,32274.35184867081,352273.7325126995,99873.4019555258,-100555.1013175892
CASE_R,10139,E1-P4-C-007,A-C-0139,SOL_4_column_0015,column,P4,176,203,419038.7214486285,-319976.3827817209,289543.39665885264,6752.486546716821,-184512.5476585304,-449196.0538430115,-419038.7214486285,319976.3827817209,-289543.39665885264,-6752.486546716821,-962079.3396690355,-817910.4623736615
CASE_R,10140,E1-P4-C-018,A-C-0140,SOL_4_column_0016,column,P4,177,205,498455.0041281361,-215737.3919231933,-163215.25721279503,-4801.880452837559,334886.38427779765,-326469.4626380354,-498455.0041281361,215737.3919231933,163215.25721279503,4801.880452837559,311446.05489285756,-527850.6366173795
CASE_R,10141,E1-P4-C-020,A-C-0141,SOL_4_column_0017,column,P4,178,207,496649.3133013135,335655.6450961464,-16105.620577877358,-12183.696702316573,23492.94470034042,800655.0898606796,-496649.3133013135,-335655.6450961464,16105.620577877358,12183.696702316573,40285.314821591855,528541.3071008231
CASE_R,10142,E1-P4-C-025,A-C-0142,SOL_4_column_0018,column,P4,208,209,-5388.541880068913,24899.61839495758,39811.76582333236,-6981.15711256445,-78762.41859980114,49085.17820085165,5388.541880068913,-24899.61839495758,-39811.76582333236,6981.15711256445,-78892.17406059502,49517.31064318036
CASE_R,10143,E1-P4-C-026,A-C-0143,SOL_4_column_0019,column,P4,210,211,-608.1600101803008,50666.78157795737,60653.49358329177,1117.393173042155,-120209.05697890316,101347.27748955735,608.1600101803008,-50666.78157795737,-60653.49358329177,-1117.393173042155,-119978.77761093227,99293.17755915386
CASE_R,10144,E1-P4-C-024,A-C-0144,SOL_4_column_0020,column,P4,212,213,599.3326248902905,-29033.10163629212,21291.61066545824,561.3852700649381,-42841.52434767082,-56706.19718231785,-599.3326248902905,29033.10163629212,-21291.61066545824,-561.3852700649381,-41473.253887543826,-58264.885297398956
CASE_R,10145,E1-P4-C-014,A-C-0145,SOL_4_column_0021,column,P4,214,215,7740.956456030878,2322.5132125821256,11185.926239736988,9695.746232751304,-25289.54536201452,2905.7642325401457,-7740.956456030878,-2322.5132125821256,-11185.926239736988,-9695.746232751304,-19006.72254734396,6291.388089285073
CASE_R,10146,E1-P4-C-010,A-C-0146,SOL_4_column_0022,column,P4,216,217,7817.950730897754,24928.9224052535,-1155.3767073617107,12111.051135427684,2038.1560608720788,48085.40764747327,-7817.950730897754,-24928.9224052535,1155.3767073617107,-12111.051135427684,2537.135700280296,50633.125077330595
CASE_R,10147,E1-P4-C-021,A-C-0147,SOL_4_column_0023,column,P4,218,219,2145.1905545973273,119562.57588089205,4312.716839022461,-6575.606660573521,-8788.878607151259,236476.27618878213,-2145.1905545973273,-119562.57588089205,-4312.716839022461,6575.606660573521,-8289.480075377687,236991.52429955045
CASE_R,10148,E1-P4-C-023,A-C-0148,SOL_4_column_0024,column,P4,220,221,3152.465718695743,-53494.697703623075,23.80628221038919,4403.007501955448,-316.19224803391046,-106238.13605463857,-3152.465718695743,53494.697703623075,-23.80628221038919,-4403.007501955448,221.91937048076926,-105600.86685170885
CASE_R,10149,E1-P4-C-022,A-C-0149,SOL_4_column_0025,column,P4,222,223,19775.31153124027,25008.29088173902,51879.08655754361,8645.566201310945,-103202.68346064974,50109.510597556124,-19775.31153124027,-25008.29088173902,-51879.08655754361,-8645.566201310945,-102238.49930722298,48923.32129413041
CASE_R,10150,E1-P4-C-019,A-C-0150,SOL_4_column_0026,column,P4,179,225,455769.14738013415,61886.67410516005,61061.95168968693,36439.095104328626,-112702.01064883822,211235.3495127114,-455769.14738013415,-61886.67410516005,-61061.95168968693,-36439.095104328626,-129103.3257521644,33835.88775769634
CASE_R,10151,E2-S1-M-019,A-M-0151,SOL2_1S_wall_0001,wall,S1,226,227,2632200.5667328048,-654717.1490379906,25089.269145631548,-27599.076308026226,-298305.57310800825,-10228872.198929107,-2632200.5667328048,654717.1490379906,-25089.269145631548,27599.076308026226,198952.06729130732,7636192.288738664
CASE_R,10152,E2-S1-M-020,A-M-0152,SOL2_1S_wall_0002,wall,S1,228,229,0.0,0.0,0.0,-0.0,0.0,0.0,0.0,0.0,0.0,0.0,0.0,0.0
CASE_R,10153,E2-S1-M-012,A-M-0153,SOL2_1S_wall_0003,wall,S1,230,231,0.0,0.0,0.0,-0.0,0.0,0.0,0.0,0.0,0.0,0.0,0.0,0.0
CASE_R,10154,E2-S1-M-017,A-M-0154,SOL2_1S_wall_0004,wall,S1,232,233,0.0,0.0,0.0,-0.0,0.0,0.0,0.0,0.0,0.0,0.0,0.0,0.0
CASE_R,10155,E2-S1-M-018,A-M-0155,SOL2_1S_wall_0005,wall,S1,234,235,0.0,0.0,0.0,-0.0,0.0,0.0,0.0,0.0,0.0,0.0,0.0,0.0
CASE_R,10156,E2-S1-M-014,A-M-0156,SOL2_1S_wall_0006,wall,S1,236,237,0.0,0.0,0.0,-0.0,0.0,0.0,0.0,0.0,0.0,0.0,0.0,0.0
CASE_R,10157,E2-S1-M-013,A-M-0157,SOL2_1S_wall_0007,wall,S1,238,239,0.0,0.0,0.0,-0.0,0.0,0.0,0.0,0.0,0.0,0.0,0.0,0.0
CASE_R,10158,E2-S1-M-016,A-M-0158,SOL2_1S_wall_0008,wall,S1,240,241,0.0,0.0,0.0,-0.0,0.0,0.0,0.0,0.0,0.0,0.0,0.0,0.0
CASE_R,10159,E2-S1-M-015,A-M-0159,SOL2_1S_wall_0009,wall,S1,242,243,0.0,0.0,0.0,-0.0,0.0,0.0,0.0,0.0,0.0,0.0,0.0,0.0
CASE_R,10160,E2-S1-M-011,A-M-0160,SOL2_1S_wall_0010,wall,S1,244,245,919411.6718759402,-103513.04734030414,-1389.6973022996237,-9434.068097670031,10633.607687346674,-1509188.9576008352,-919411.6718759402,103513.04734030414,1389.6973022996237,9434.068097670031,-5130.406370240164,1099277.2901332309
CASE_R,10161,E2-S1-M-007,A-M-0161,SOL2_1S_wall_0011,wall,S1,246,247,-859865.9962021348,99571.17067224825,7239.220883579721,-33149.38684600927,18472.27063463896,1094327.8841146417,859865.9962021348,-99571.17067224825,-7239.220883579721,33149.38684600927,-47139.585333614654,-700026.0482525387
CASE_R,10162,E2-S1-M-008,A-M-0162,SOL2_1S_wall_0012,wall,S1,248,249,-825292.8905331158,65379.931285163875,-5997.476372625225,-25935.820673565035,87708.05286096472,817855.4284271376,825292.8905331158,-65379.931285163875,5997.476372625225,25935.820673565035,-63958.046425368826,-558950.9005378886
CASE_R,10163,E2-S1-M-006,A-M-0163,SOL2_1S_wall_0013,wall,S1,250,251,0.0,0.0,0.0,-0.0,0.0,0.0,0.0,0.0,0.0,0.0,0.0,0.0
CASE_R,10164,E2-S1-M-001,A-M-0164,SOL2_1S_wall_0014,wall,S1,252,253,0.0,0.0,0.0,-0.0,0.0,0.0,0.0,0.0,0.0,0.0,0.0,0.0
CASE_R,10165,E2-S1-M-002,A-M-0165,SOL2_1S_wall_0015,wall,S1,254,255,0.0,0.0,0.0,-0.0,0.0,0.0,0.0,0.0,0.0,0.0,0.0,0.0
CASE_R,10166,E2-S1-M-005,A-M-0166,SOL2_1S_wall_0016,wall,S1,256,257,-23033.222484456423,-48441.33893498375,-6515.246896565995,2119.1050519548207,16436.61623197191,-217101.4164856567,23033.222484456423,48441.33893498375,6515.246896565995,-2119.1050519548207,9363.761478429422,25273.714303121058
CASE_R,10167,E2-S1-M-004,A-M-0167,SOL2_1S_wall_0017,wall,S1,258,259,41280.95311653906,-16220.106706187313,-11353.643062956266,-817.6888470976264,22544.955733689145,-113482.01460757294,-41280.95311653906,16220.106706187313,11353.643062956266,817.6888470976264,22415.470795617664,49250.39205107119
CASE_R,10168,E2-S1-M-003,A-M-0168,SOL2_1S_wall_0018,wall,S1,260,261,0.0,0.0,0.0,-0.0,0.0,0.0,0.0,0.0,0.0,0.0,0.0,0.0
CASE_R,10169,E2-S1-M-010,A-M-0169,SOL2_1S_wall_0019,wall,S1,262,263,836117.0549385838,-124956.96935265495,937.06065370233,-5106.666284935758,-4350.157358614325,-1727414.7768507465,-836117.0549385838,124956.96935265495,-937.06065370233,5106.666284935758,639.3971699530985,1232585.178214233
CASE_R,10170,E2-S1-M-009,A-M-0170,SOL2_1S_wall_0020,wall,S1,264,265,0.0,0.0,0.0,-0.0,0.0,0.0,0.0,0.0,0.0,0.0,0.0,0.0
CASE_R,10171,E2-P1-M-019,A-M-0171,SOL2_1_wall_0021,wall,P1,227,266,2632200.5667328048,-654717.1490379892,25089.26914563135,-27599.076308026226,-198952.06729130787,-7636192.288738656,-2632200.5667328048,654717.1490379892,-25089.26914563135,27599.076308026226,99598.56147460773,5043512.378548219
CASE_R,10172,E2-P1-M-020,A-M-0172,SOL2_1_wall_0022,wall,P1,229,267,0.0,0.0,0.0,-0.0,0.0,0.0,0.0,0.0,0.0,0.0,0.0,0.0
CASE_R,10173,E2-P1-M-012,A-M-0173,SOL2_1_wall_0023,wall,P1,231,268,0.0,0.0,0.0,-0.0,0.0,0.0,0.0,0.0,0.0,0.0,0.0,0.0
CASE_R,10174,E2-P1-M-017,A-M-0174,SOL2_1_wall_0024,wall,P1,233,269,0.0,0.0,0.0,-0.0,0.0,0.0,0.0,0.0,0.0,0.0,0.0,0.0
CASE_R,10175,E2-P1-M-018,A-M-0175,SOL2_1_wall_0025,wall,P1,235,270,0.0,0.0,0.0,-0.0,0.0,0.0,0.0,0.0,0.0,0.0,0.0,0.0
CASE_R,10176,E2-P1-M-014,A-M-0176,SOL2_1_wall_0026,wall,P1,237,271,0.0,0.0,0.0,-0.0,0.0,0.0,0.0,0.0,0.0,0.0,0.0,0.0
CASE_R,10177,E2-P1-M-013,A-M-0177,SOL2_1_wall_0027,wall,P1,239,272,0.0,0.0,0.0,-0.0,0.0,0.0,0.0,0.0,0.0,0.0,0.0,0.0
CASE_R,10178,E2-P1-M-016,A-M-0178,SOL2_1_wall_0028,wall,P1,241,273,0.0,0.0,0.0,-0.0,0.0,0.0,0.0,0.0,0.0,0.0,0.0,0.0
CASE_R,10179,E2-P1-M-015,A-M-0179,SOL2_1_wall_0029,wall,P1,243,274,0.0,0.0,0.0,-0.0,0.0,0.0,0.0,0.0,0.0,0.0,0.0,0.0
CASE_R,10180,E2-P1-M-011,A-M-0180,SOL2_1_wall_0030,wall,P1,245,275,919411.6718759402,-103513.0473403039,-1389.6973022996233,-9434.068097670031,5130.406370240153,-1099277.2901332327,-919411.6718759402,103513.0473403039,1389.6973022996233,9434.068097670031,372.79494686635553,689365.6226656293
CASE_R,10181,E2-P1-M-007,A-M-0181,SOL2_1_wall_0031,wall,P1,247,276,-920023.8670745561,90464.61502039351,9993.74327158153,-36064.3725145987,19629.387139561237,708151.6280187276,920023.8670745561,-90464.61502039351,-9993.74327158153,36064.3725145987,-59204.61049502409,-349911.7525379694
CASE_R,10182,E2-P1-M-008,A-M-0182,SOL2_1_wall_0032,wall,P1,249,277,-851447.0062576989,65683.87519802066,-3826.139809840885,-31375.294593528728,36883.10205798308,530941.2144689849,851447.0062576989,-65683.87519802066,3826.139809840885,31375.294593528728,-21731.588411013177,-270833.06868482305
CASE_R,10183,E2-P1-M-006,A-M-0183,SOL2_1_wall_0033,wall,P1,251,278,0.0,0.0,0.0,-0.0,0.0,0.0,0.0,0.0,0.0,0.0,0.0,0.0
CASE_R,10184,E2-P1-M-001,A-M-0184,SOL2_1_wall_0034,wall,P1,253,279,0.0,0.0,0.0,-0.0,0.0,0.0,0.0,0.0,0.0,0.0,0.0,0.0
CASE_R,10185,E2-P1-M-002,A-M-0185,SOL2_1_wall_0035,wall,P1,255,280,0.0,0.0,0.0,-0.0,0.0,0.0,0.0,0.0,0.0,0.0,0.0,0.0
CASE_R,10186,E2-P1-M-005,A-M-0186,SOL2_1_wall_0036,wall,P1,257,281,-32443.60616773348,-46689.56229462132,-3560.923810819094,1344.3224282020292,8512.784046851373,-127976.83897943278,32443.60616773348,46689.56229462132,3560.923810819094,-1344.3224282020292,5588.4742439922375,-56913.82770726763
CASE_R,10187,E2-P1-M-004,A-M-0187,SOL2_1_wall_0037,wall,P1,259,282,26239.807234859287,-25073.27243840336,-18394.281869197275,-1939.4064166508497,34669.956212766425,-111468.64128090025,-26239.807234859287,25073.27243840336,18394.281869197275,1939.4064166508497,38171.39998925478,12178.482424822942
CASE_R,10188,E2-P1-M-003,A-M-0188,SOL2_1_wall_0038,wall,P1,261,283,0.0,0.0,0.0,-0.0,0.0,0.0,0.0,0.0,0.0,0.0,0.0,0.0
CASE_R,10189,E2-P1-M-010,A-M-0189,SOL2_1_wall_0039,wall,P1,263,284,836117.0549385838,-124956.96935265372,937.06065370233,-5106.666284935757,-639.397169953098,-1232585.1782142336,-836117.0549385838,124956.96935265372,-937.06065370233,5106.666284935757,-3071.3630187081285,737755.5795777249
CASE_R,10190,E2-P1-M-009,A-M-0190,SOL2_1_wall_0040,wall,P1,265,285,0.0,0.0,0.0,-0.0,0.0,0.0,0.0,0.0,0.0,0.0,0.0,0.0
CASE_R,10191,E2-P2-M-019,A-M-0191,SOL2_2_wall_0041,wall,P2,266,286,0.0,1.4838724346252872e-08,-2.3398956811998744e-08,2.292315946931402e-11,1.8870148499393204e-07,1.1752269682232278e-07,0.0,-1.4838724346252872e-08,2.3398956811998744e-08,-2.292315946931402e-11,-9.6041616018417e-08,-5.87613484111614e-08
CASE_R,10192,E2-P2-M-020,A-M-0192,SOL2_2_wall_0042,wall,P2,267,287,0.0,0.0,0.0,-0.0,0.0,0.0,0.0,0.0,0.0,0.0,0.0,0.0
CASE_R,10193,E2-P2-M-012,A-M-0193,SOL2_2_wall_0043,wall,P2,268,288,0.0,0.0,0.0,-0.0,0.0,0.0,0.0,0.0,0.0,0.0,0.0,0.0
CASE_R,10194,E2-P2-M-017,A-M-0194,SOL2_2_wall_0044,wall,P2,269,289,0.0,0.0,0.0,-0.0,0.0,0.0,0.0,0.0,0.0,0.0,0.0,0.0
CASE_R,10195,E2-P2-M-018,A-M-0195,SOL2_2_wall_0045,wall,P2,270,290,0.0,0.0,0.0,-0.0,0.0,0.0,0.0,0.0,0.0,0.0,0.0,0.0
CASE_R,10196,E2-P2-M-014,A-M-0196,SOL2_2_wall_0046,wall,P2,271,291,0.0,0.0,0.0,-0.0,0.0,0.0,0.0,0.0,0.0,0.0,0.0,0.0
CASE_R,10197,E2-P2-M-013,A-M-0197,SOL2_2_wall_0047,wall,P2,272,292,0.0,0.0,0.0,-0.0,0.0,0.0,0.0,0.0,0.0,0.0,0.0,0.0
CASE_R,10198,E2-P2-M-016,A-M-0198,SOL2_2_wall_0048,wall,P2,273,293,0.0,0.0,0.0,-0.0,0.0,0.0,0.0,0.0,0.0,0.0,0.0,0.0
CASE_R,10199,E2-P2-M-015,A-M-0199,SOL2_2_wall_0049,wall,P2,274,294,0.0,0.0,0.0,-0.0,0.0,0.0,0.0,0.0,0.0,0.0,0.0,0.0
CASE_R,10200,E2-P2-M-011,A-M-0200,SOL2_2_wall_0050,wall,P2,275,295,919411.6718759405,-103513.04734030632,-1389.6973022996444,-9434.068097670035,-372.794946866331,-689365.6226656315,-919411.6718759405,103513.04734030632,1389.6973022996444,9434.068097670035,5875.996263972924,279453.95519801835
CASE_R,10201,E2-P2-M-007,A-M-0201,SOL2_2_wall_0051,wall,P2,276,296,-940240.6195982925,33752.13661137247,-80721.8892537322,-18721.556962278253,226111.4571581776,328576.3176296068,940240.6195982925,-33752.13661137247,80721.8892537322,18721.556962278253,93547.22428660195,-194917.8566485718
CASE_R,10202,E2-P2-M-008,A-M-0202,SOL2_2_wall_0052,wall,P2,277,297,-870645.3497454925,58053.855256319446,-4089.545911820364,-28816.397497722508,21931.91147860224,233757.39067582364,870645.3497454925,-58053.855256319446,4089.545911820364,28816.397497722508,-5737.309667793597,-3864.1238607986015
CASE_R,10203,E2-P2-M-006,A-M-0203,SOL2_2_wall_0053,wall,P2,278,298,0.0,0.0,0.0,-0.0,0.0,0.0,0.0,0.0,0.0,0.0,0.0,0.0
CASE_R,10204,E2-P2-M-001,A-M-0204,SOL2_2_wall_0054,wall,P2,279,299,0.0,0.0,0.0,-0.0,0.0,0.0,0.0,0.0,0.0,0.0,0.0,0.0
CASE_R,10205,E2-P2-M-002,A-M-0205,SOL2_2_wall_0055,wall,P2,280,300,0.0,0.0,0.0,-0.0,0.0,0.0,0.0,0.0,0.0,0.0,0.0,0.0
CASE_R,10206,E2-P2-M-005,A-M-0206,SOL2_2_wall_0056,wall,P2,281,301,-23072.55761945146,-39049.70624608057,4336.507455574044,-1636.915851290136,-9126.137300389222,-74472.98267581276,23072.55761945146,39049.70624608057,-4336.507455574044,1636.915851290136,-8046.432223683993,-80163.85405866629
CASE_R,10207,E2-P2-M-004,A-M-0207,SOL2_2_wall_0057,wall,P2,282,302,26817.57762640217,-47617.87902310547,-16842.556156719664,2353.4644939328023,32576.805617788545,-135703.79657634193,-26817.57762640217,47617.87902310547,16842.556156719664,-2353.4644939328023,34119.71676282134,-52863.00435515579
CASE_R,10208,E2-P2-M-003,A-M-0208,SOL2_2_wall_0058,wall,P2,283,303,0.0,0.0,0.0,-0.0,0.0,0.0,0.0,0.0,0.0,0.0,0.0,0.0
CASE_R,10209,E2-P2-M-010,A-M-0209,SOL2_2_wall_0059,wall,P2,284,304,836117.0549385839,-124956.96935265507,937.0606537023259,-5106.666284935758,3071.36301870813,-737755.5795777286,-836117.0549385839,124956.96935265507,-937.0606537023259,5106.666284935758,-6782.123207369341,242925.98094121448
CASE_R,10210,E2-P2-M-009,A-M-0210,SOL2_2_wall_0060,wall,P2,285,305,0.0,0.0,0.0,-0.0,0.0,0.0,0.0,0.0,0.0,0.0,0.0,0.0
CASE_R,10211,E2-P3-M-019,A-M-0211,SOL2_3_wall_0061,wall,P3,286,306,0.0,1.1129043259689664e-08,-2.4338330990582654e-08,-0.0,9.604161601841707e-08,5.876134841116142e-08,0.0,-1.1129043259689664e-08,2.4338330990582654e-08,0.0,3.381747042902092e-10,-1.469033710279036e-08
CASE_R,10212,E2-P3-M-020,A-M-0212,SOL2_3_wall_0062,wall,P3,287,307,0.0,0.0,0.0,-0.0,0.0,0.0,0.0,0.0,0.0,0.0,0.0,0.0
CASE_R,10213,E2-P3-M-012,A-M-0213,SOL2_3_wall_0063,wall,P3,288,308,0.0,0.0,0.0,-0.0,0.0,0.0,0.0,0.0,0.0,0.0,0.0,0.0
CASE_R,10214,E2-P3-M-017,A-M-0214,SOL2_3_wall_0064,wall,P3,289,309,0.0,0.0,0.0,-0.0,0.0,0.0,0.0,0.0,0.0,0.0,0.0,0.0
CASE_R,10215,E2-P3-M-018,A-M-0215,SOL2_3_wall_0065,wall,P3,290,310,0.0,0.0,0.0,-0.0,0.0,0.0,0.0,0.0,0.0,0.0,0.0,0.0
CASE_R,10216,E2-P3-M-014,A-M-0216,SOL2_3_wall_0066,wall,P3,291,311,0.0,0.0,0.0,-0.0,0.0,0.0,0.0,0.0,0.0,0.0,0.0,0.0
CASE_R,10217,E2-P3-M-013,A-M-0217,SOL2_3_wall_0067,wall,P3,292,312,0.0,0.0,0.0,-0.0,0.0,0.0,0.0,0.0,0.0,0.0,0.0,0.0
CASE_R,10218,E2-P3-M-016,A-M-0218,SOL2_3_wall_0068,wall,P3,293,313,0.0,0.0,0.0,-0.0,0.0,0.0,0.0,0.0,0.0,0.0,0.0,0.0
CASE_R,10219,E2-P3-M-015,A-M-0219,SOL2_3_wall_0069,wall,P3,294,314,0.0,0.0,0.0,-0.0,0.0,0.0,0.0,0.0,0.0,0.0,0.0,0.0
CASE_R,10220,E2-P3-M-011,A-M-0220,SOL2_3_wall_0070,wall,P3,295,315,919411.6718759405,-103513.04734029293,-1389.6973023004653,-9434.068097670033,-5875.9962639729165,-279453.95519801596,-919411.6718759405,103513.04734029293,1389.6973023004653,9434.068097670033,11379.197581082757,-130457.71226954399
CASE_R,10221,E2-P3-M-007,A-M-0221,SOL2_3_wall_0071,wall,P3,296,316,-887297.393047077,-38245.895112630846,-215992.87334161886,6466.24842807769,418518.7125319614,122052.51645400494,887297.393047077,38245.895112630846,215992.87334161886,-6466.24842807769,436813.065900849,-273506.26110002305
CASE_R,10222,E2-P3-M-008,A-M-0222,SOL2_3_wall_0072,wall,P3,297,317,-883558.0050754945,40986.15531013503,-12232.640645616912,-18993.85835654148,29210.74507401651,-38034.78790575566,883558.0050754945,-40986.15531013503,12232.640645616912,18993.85835654148,19230.51188262645,200339.96293389032
CASE_R,10223,E2-P3-M-006,A-M-0223,SOL2_3_wall_0073,wall,P3,298,318,0.0,0.0,0.0,-0.0,0.0,0.0,0.0,0.0,0.0,0.0,0.0,0.0
CASE_R,10224,E2-P3-M-001,A-M-0224,SOL2_3_wall_0074,wall,P3,299,319,0.0,0.0,0.0,-0.0,0.0,0.0,0.0,0.0,0.0,0.0,0.0,0.0
CASE_R,10225,E2-P3-M-002,A-M-0225,SOL2_3_wall_0075,wall,P3,300,320,0.0,0.0,0.0,-0.0,0.0,0.0,0.0,0.0,0.0,0.0,0.0,0.0
CASE_R,10226,E2-P3-M-005,A-M-0226,SOL2_3_wall_0076,wall,P3,301,321,-7563.561296360328,-29681.973000570466,9970.100186210937,-3463.1914215818183,-20649.781706578702,-46667.477914797026,7563.561296360328,29681.973000570466,-9970.100186210937,3463.1914215818183,-18831.8150308166,-70873.13516746198
CASE_R,10227,E2-P3-M-004,A-M-0227,SOL2_3_wall_0077,wall,P3,302,322,24596.239888410815,-59871.89260910267,-11029.875216139726,8363.571778152555,22124.20468385994,-108038.70180789573,-24596.239888410815,59871.89260910267,11029.875216139726,-8363.571778152555,21554.10117205336,-129053.99292415076
CASE_R,10228,E2-P3-M-003,A-M-0228,SOL2_3_wall_0078,wall,P3,303,323,0.0,0.0,0.0,-0.0,0.0,0.0,0.0,0.0,0.0,0.0,0.0,0.0
CASE_R,10229,E2-P3-M-010,A-M-0229,SOL2_3_wall_0079,wall,P3,304,324,836117.054938584,-124956.96935264677,937.0606537047807,-5106.666284935759,6782.123207369339,-242925.9809412164,-836117.054938584,124956.96935264677,-937.0606537047807,5106.666284935759,-10492.88339604027,-251903.6176952647
CASE_R,10230,E2-P3-M-009,A-M-0230,SOL2_3_wall_0080,wall,P3,305,325,0.0,0.0,0.0,-0.0,0.0,0.0,0.0,0.0,0.0,0.0,0.0,0.0
CASE_R,10231,E2-P4-M-019,A-M-0231,SOL2_4_wall_0081,wall,P4,326,327,-21210.10816697079,22719.327818217018,43561.65934777374,119544.8482542795,-83477.20291313341,14136.457169618076,21210.10816697079,-22719.327818217018,-43561.65934777374,-119544.8482542795,-89026.96810405064,75832.08099052132
CASE_R,10232,E2-P4-M-020,A-M-0232,SOL2_4_wall_0082,wall,P4,307,328,0.0,0.0,0.0,-0.0,0.0,0.0,0.0,0.0,0.0,0.0,0.0,0.0
CASE_R,10233,E2-P4-M-012,A-M-0233,SOL2_4_wall_0083,wall,P4,308,329,0.0,0.0,0.0,-0.0,0.0,0.0,0.0,0.0,0.0,0.0,0.0,0.0
CASE_R,10235,E2-P4-M-018,A-M-0235,SOL2_4_wall_0085,wall,P4,310,332,0.0,0.0,0.0,-0.0,0.0,0.0,0.0,0.0,0.0,0.0,0.0,0.0
CASE_R,10236,E2-P4-M-014,A-M-0236,SOL2_4_wall_0086,wall,P4,311,333,0.0,0.0,0.0,-0.0,0.0,0.0,0.0,0.0,0.0,0.0,0.0,0.0
CASE_R,10237,E2-P4-M-013,A-M-0237,SOL2_4_wall_0087,wall,P4,312,334,0.0,0.0,0.0,-0.0,0.0,0.0,0.0,0.0,0.0,0.0,0.0,0.0
CASE_R,10238,E2-P4-M-016,A-M-0238,SOL2_4_wall_0088,wall,P4,313,335,0.0,0.0,0.0,-0.0,0.0,0.0,0.0,0.0,0.0,0.0,0.0,0.0
CASE_R,10240,E2-P4-M-011,A-M-0240,SOL2_4_wall_0090,wall,P4,315,338,919411.6718759403,-103513.04734030015,-1389.697302300334,-9434.068097670035,-11379.197581082732,130457.71226954262,-919411.6718759403,103513.04734030015,1389.697302300334,9434.068097670035,16882.398898192056,-540369.3797371313
CASE_R,10241,E2-P4-M-007,A-M-0241,SOL2_4_wall_0091,wall,P4,316,339,-844172.4236660635,-13365.482145192402,-38155.32412384986,17551.544857546378,30002.637504030557,206602.07370181684,844172.4236660635,13365.482145192402,38155.32412384986,-17551.544857546378,121092.44602641492,-259529.38299677876
CASE_R,10242,E2-P4-M-008,A-M-0242,SOL2_4_wall_0092,wall,P4,317,340,-888873.3676539644,7134.4071508829575,-38277.398814224296,5359.87259375107,30271.616366617527,-245612.0552125646,888873.3676539644,-7134.4071508829575,38277.398814224296,-5359.87259375107,121306.88293771072,273864.3075300611
CASE_R,10243,E2-P4-M-006,A-M-0243,SOL2_4_wall_0093,wall,P4,318,341,0.0,0.0,0.0,-0.0,0.0,0.0,0.0,0.0,0.0,0.0,0.0,0.0
CASE_R,10244,E2-P4-M-001,A-M-0244,SOL2_4_wall_0094,wall,P4,319,342,0.0,0.0,0.0,-0.0,0.0,0.0,0.0,0.0,0.0,0.0,0.0,0.0
CASE_R,10245,E2-P4-M-002,A-M-0245,SOL2_4_wall_0095,wall,P4,320,343,0.0,0.0,0.0,-0.0,0.0,0.0,0.0,0.0,0.0,0.0,0.0,0.0
CASE_R,10246,E2-P4-M-005,A-M-0246,SOL2_4_wall_0096,wall,P4,321,344,4250.22309621651,-33422.32803201261,8827.58090357484,-7087.7824597686595,-17638.395642840715,-47773.916028242835,-4250.22309621651,33422.32803201261,-8827.58090357484,7087.7824597686595,-17318.824735315662,-84578.50297852713
CASE_R,10247,E2-P4-M-004,A-M-0247,SOL2_4_wall_0097,wall,P4,322,345,14281.219104423126,-28260.767101834248,-8331.129396692259,-274.8974033271299,16293.884280244301,-16758.961286714002,-14281.219104423126,28260.767101834248,8331.129396692259,274.8974033271299,16697.388130657047,-95153.67643654965
CASE_R,10248,E2-P4-M-003,A-M-0248,SOL2_4_wall_0098,wall,P4,323,346,0.0,0.0,0.0,-0.0,0.0,0.0,0.0,0.0,0.0,0.0,0.0,0.0
CASE_R,10249,E2-P4-M-010,A-M-0249,SOL2_4_wall_0099,wall,P4,324,347,836117.0549385843,-124956.96935265587,937.0606537049682,-5106.666284935757,10492.88339604027,251903.61769526033,-836117.0549385843,124956.96935265587,-937.0606537049682,5106.666284935757,-14203.643584711945,-746733.2163317776
CASE_R,10250,E2-P4-M-009,A-M-0250,SOL2_4_wall_0100,wall,P4,325,348,0.0,0.0,0.0,-0.0,0.0,0.0,0.0,0.0,0.0,0.0,0.0,0.0
CASE_R,10251,E1-S1-M-001,A-M-0251,SOL_1S_wall_0001,wall,S1,349,350,0.0,0.0,0.0,-0.0,0.0,0.0,0.0,0.0,0.0,0.0,0.0,0.0
CASE_R,10252,E1-S1-M-002,A-M-0252,SOL_1S_wall_0002,wall,S1,351,352,0.0,0.0,0.0,-0.0,0.0,0.0,0.0,0.0,0.0,0.0,0.0,0.0
CASE_R,10253,E1-S1-M-003,A-M-0253,SOL_1S_wall_0003,wall,S1,353,354,0.0,0.0,0.0,-0.0,0.0,0.0,0.0,0.0,0.0,0.0,0.0,0.0
CASE_R,10254,E1-S1-M-004,A-M-0254,SOL_1S_wall_0004,wall,S1,355,356,0.0,0.0,0.0,-0.0,0.0,0.0,0.0,0.0,0.0,0.0,0.0,0.0
CASE_R,10255,E1-S1-M-005,A-M-0255,SOL_1S_wall_0005,wall,S1,357,358,0.0,0.0,0.0,-0.0,0.0,0.0,0.0,0.0,0.0,0.0,0.0,0.0
CASE_R,10256,E1-S1-M-015,A-M-0256,SOL_1S_wall_0006,wall,S1,359,360,0.0,0.0,0.0,-0.0,0.0,0.0,0.0,0.0,0.0,0.0,0.0,0.0
CASE_R,10257,E1-S1-M-052,A-M-0257,SOL_1S_wall_0007,wall,S1,361,362,0.0,-126489.8146866569,0.0,-0.0,0.0,-500899.6661591612,0.0,126489.8146866569,0.0,0.0,0.0,-1.1641532182693481e-10
CASE_R,10258,E1-S1-M-051,A-M-0258,SOL_1S_wall_0008,wall,S1,363,364,0.0,0.0,0.0,-0.0,0.0,0.0,0.0,0.0,0.0,0.0,0.0,0.0
CASE_R,10259,E1-S1-M-033,A-M-0259,SOL_1S_wall_0009,wall,S1,365,366,8644.641693194522,-384.44088826959853,-11912.485054748955,1172.6517530555764,23583.686738079086,-30547.691273997483,-8644.641693194522,384.44088826959853,11912.485054748955,-1172.6517530555764,23589.75407872677,29025.305356449873
CASE_R,10260,E1-S1-M-060,A-M-0260,SOL_1S_wall_0010,wall,S1,367,368,0.0,0.0,0.0,-0.0,0.0,0.0,0.0,0.0,0.0,0.0,0.0,0.0
CASE_R,10261,E1-S1-M-059,A-M-0261,SOL_1S_wall_0011,wall,S1,369,370,0.0,0.0,0.0,-0.0,0.0,0.0,0.0,0.0,0.0,0.0,0.0,0.0
CASE_R,10262,E1-S1-M-016,A-M-0262,SOL_1S_wall_0012,wall,S1,371,372,0.0,0.0,0.0,-0.0,0.0,0.0,0.0,0.0,0.0,0.0,0.0,0.0
CASE_R,10263,E1-S1-M-040,A-M-0263,SOL_1S_wall_0013,wall,S1,373,374,0.0,0.0,0.0,-0.0,0.0,0.0,0.0,0.0,0.0,0.0,0.0,0.0
CASE_R,10264,E1-S1-M-056,A-M-0264,SOL_1S_wall_0014,wall,S1,375,376,2504.2787862603705,-1030.2236875502456,-2644.957314414128,-1108.8451628749356,-10204.693301613694,-13537.245529438263,-2504.2787862603705,1030.2236875502456,2644.957314414128,1108.8451628749356,20678.72426669364,9457.559726739291
CASE_R,10265,E1-S1-M-050,A-M-0265,SOL_1S_wall_0015,wall,S1,377,378,0.0,0.0,0.0,-0.0,0.0,0.0,0.0,0.0,0.0,0.0,0.0,0.0
CASE_R,10266,E1-S1-M-008,A-M-0266,SOL_1S_wall_0016,wall,S1,379,380,210.1770961288432,-1537.1741483415822,1033.0737887486027,2032.7930066552437,-2130.393105590222,-8515.72221502956,-210.1770961288432,1537.1741483415822,-1033.0737887486027,-2032.7930066552437,-1960.5790978542445,2428.512587596895
CASE_R,10267,E1-S1-M-044,A-M-0267,SOL_1S_wall_0017,wall,S1,381,382,36.79838599004101,-353.8300157012121,-244.21071043271317,1138.4653982232949,519.0843846776918,-3432.337375825902,-36.79838599004101,353.8300157012121,244.21071043271317,-1138.4653982232949,447.99002863585235,2031.1705136491023
CASE_R,10268,E1-S1-M-057,A-M-0268,SOL_1S_wall_0018,wall,S1,383,384,0.0,-790.0297968731925,-51438.5685584929,-0.0,203696.73149163186,-3128.5179956178426,0.0,790.0297968731925,51438.5685584929,0.0,2.9103830456733704e-11,4.547473508864641e-13
CASE_R,10269,E1-S1-M-041,A-M-0269,SOL_1S_wall_0019,wall,S1,385,386,3134.299913303936,-210.9292369860689,-9013.376724547918,-425.6827679774297,18527.859140257347,-2380.153810212111,-3134.299913303936,210.9292369860689,9013.376724547918,425.6827679774297,17165.11268895241,1544.874031747278
CASE_R,10270,E1-S1-M-042,A-M-0270,SOL_1S_wall_0020,wall,S1,387,388,0.0,0.0,0.0,-0.0,0.0,0.0,0.0,0.0,0.0,0.0,0.0,0.0
CASE_R,10271,E1-S1-M-043,A-M-0271,SOL_1S_wall_0021,wall,S1,389,390,0.0,0.0,0.0,-0.0,0.0,0.0,0.0,0.0,0.0,0.0,0.0,0.0
CASE_R,10272,E1-S1-M-010,A-M-0272,SOL_1S_wall_0022,wall,S1,391,392,73600.53103320608,-182949.47148129027,5905.50043248286,2091.7202944471833,-12147.690498874492,-392529.996268763,-73600.53103320608,182949.47148129027,-5905.50043248286,-2091.7202944471833,-11238.091213757634,-331949.9107971464
CASE_R,10273,E1-S1-M-047,A-M-0273,SOL_1S_wall_0023,wall,S1,393,394,-1395.1640264543566,1240.4574626956403,2363.158192157382,-197.0632617609018,-4761.626953276429,3525.5704028893197,1395.1640264543566,-1240.4574626956403,-2363.158192157382,197.0632617609018,-4596.479487666805,1386.641149385416
CASE_R,10274,E1-S1-M-031,A-M-0274,SOL_1S_wall_0024,wall,S1,395,396,0.0,0.0,0.0,-0.0,0.0,0.0,0.0,0.0,0.0,0.0,0.0,0.0
CASE_R,10275,E1-S1-M-006,A-M-0275,SOL_1S_wall_0025,wall,S1,397,398,26715.90191667527,-75371.79915159738,1725.5650950064476,-1138.926450888042,-3276.307717801211,-181561.0895666564,-26715.90191667527,75371.79915159738,-1725.5650950064476,1138.926450888042,-3556.930058424321,-116911.23507366922
CASE_R,10276,E1-S1-M-045,A-M-0276,SOL_1S_wall_0026,wall,S1,399,400,2151.4962968183745,-18457.73863150677,-358.9322416119341,995.7403669802404,670.9831804548814,-41957.58847187105,-2151.4962968183745,18457.73863150677,358.9322416119341,-995.7403669802404,750.3884963283774,-31135.05650889576
CASE_R,10277,E1-S1-M-009,A-M-0277,SOL_1S_wall_0027,wall,S1,401,402,610.8326369353437,-9208.742703426025,6397.384475880765,7675.372514288249,-12775.332142134008,-23820.443419591702,-610.8326369353437,9208.742703426025,-6397.384475880765,-7675.372514288249,-12558.310382353822,-12646.177685975357
CASE_R,10278,E1-S1-M-046,A-M-0278,SOL_1S_wall_0028,wall,S1,403,404,5405.104816965178,-8329.363119923139,2367.5530981888646,-1891.0927835510256,-4771.105468708807,-16913.17554948375,-5405.104816965178,8329.363119923139,-2367.5530981888646,1891.0927835510256,-4604.404800119097,-16071.102405411873
CASE_R,10279,E1-S1-M-012,A-M-0279,SOL_1S_wall_0029,wall,S1,405,406,-3210.1021001504223,-2395.579010154691,-13677.094184683903,536.388833307434,27386.79735107324,-21247.19861278196,3210.1021001504223,2395.579010154691,13677.094184683903,-536.388833307434,26774.49562027501,11760.705732569382
CASE_R,10280,E1-S1-M-013,A-M-0280,SOL_1S_wall_0030,wall,S1,407,408,13892.488588306005,-15830.904920244977,-17122.117653142235,-6671.653147830698,31851.518353216637,-52233.672334131435,-13892.488588306005,15830.904920244977,17122.117653142235,6671.653147830698,35952.06755322661,-10456.71115003867
CASE_R,10281,E1-S1-M-014,A-M-0281,SOL_1S_wall_0031,wall,S1,409,410,0.0,0.0,0.0,-0.0,0.0,0.0,0.0,0.0,0.0,0.0,0.0,0.0
CASE_R,10282,E1-S1-M-048,A-M-0282,SOL_1S_wall_0032,wall,S1,411,412,0.0,0.0,0.0,-0.0,0.0,0.0,0.0,0.0,0.0,0.0,0.0,0.0
CASE_R,10283,E1-S1-M-049,A-M-0283,SOL_1S_wall_0033,wall,S1,413,414,0.0,0.0,0.0,-0.0,0.0,0.0,0.0,0.0,0.0,0.0,0.0,0.0
CASE_R,10284,E1-S1-M-030,A-M-0284,SOL_1S_wall_0034,wall,S1,415,416,0.0,0.0,0.0,-0.0,0.0,0.0,0.0,0.0,0.0,0.0,0.0,0.0
CASE_R,10285,E1-S1-M-029,A-M-0285,SOL_1S_wall_0035,wall,S1,417,418,0.0,0.0,0.0,-0.0,0.0,0.0,0.0,0.0,0.0,0.0,0.0,0.0
CASE_R,10286,E1-S1-M-028,A-M-0286,SOL_1S_wall_0036,wall,S1,419,420,0.0,-270590.0013326357,-6562.070974003306,-0.0,77957.4031711597,-5124324.107907075,0.0,270590.0013326357,6562.070974003306,0.0,-51971.602114106616,4052787.702629838
CASE_R,10287,E1-S1-M-019,A-M-0287,SOL_1S_wall_0037,wall,S1,421,422,0.0,0.0,0.0,-0.0,0.0,0.0,0.0,0.0,0.0,0.0,0.0,0.0
CASE_R,10288,E1-S1-M-020,A-M-0288,SOL_1S_wall_0038,wall,S1,423,424,0.0,0.0,0.0,-0.0,0.0,0.0,0.0,0.0,0.0,0.0,0.0,0.0
CASE_R,10289,E1-S1-M-021,A-M-0289,SOL_1S_wall_0039,wall,S1,425,426,0.0,0.0,0.0,-0.0,0.0,0.0,0.0,0.0,0.0,0.0,0.0,0.0
CASE_R,10290,E1-S1-M-034,A-M-0290,SOL_1S_wall_0040,wall,S1,427,428,0.0,0.0,0.0,-0.0,0.0,0.0,0.0,0.0,0.0,0.0,0.0,0.0
CASE_R,10291,E1-S1-M-035,A-M-0291,SOL_1S_wall_0041,wall,S1,429,430,0.0,0.0,0.0,-0.0,0.0,0.0,0.0,0.0,0.0,0.0,0.0,0.0
CASE_R,10292,E1-S1-M-038,A-M-0292,SOL_1S_wall_0042,wall,S1,431,432,0.0,0.0,0.0,-0.0,0.0,0.0,0.0,0.0,0.0,0.0,0.0,0.0
CASE_R,10293,E1-S1-M-022,A-M-0293,SOL_1S_wall_0043,wall,S1,433,434,0.0,0.0,0.0,-0.0,0.0,0.0,0.0,0.0,0.0,0.0,0.0,0.0
CASE_R,10294,E1-S1-M-032,A-M-0294,SOL_1S_wall_0044,wall,S1,435,436,0.0,0.0,0.0,-0.0,0.0,0.0,0.0,0.0,0.0,0.0,0.0,0.0
CASE_R,10295,E1-S1-M-026,A-M-0295,SOL_1S_wall_0045,wall,S1,437,438,0.0,0.0,0.0,-0.0,0.0,0.0,0.0,0.0,0.0,0.0,0.0,0.0
CASE_R,10296,E1-S1-M-027,A-M-0296,SOL_1S_wall_0046,wall,S1,439,440,0.0,0.0,0.0,-0.0,0.0,0.0,0.0,0.0,0.0,0.0,0.0,0.0
CASE_R,10297,E1-S1-M-011,A-M-0297,SOL_1S_wall_0047,wall,S1,441,442,-71611.68984144722,-43850.834073772516,1939.110428838649,1993.1355943003973,-1835.8051713631091,-81489.04169280574,71611.68984144722,43850.834073772516,-1939.110428838649,-1993.1355943003973,-5843.07212683794,-92160.26123933338
CASE_R,10298,E1-S1-M-024,A-M-0298,SOL_1S_wall_0048,wall,S1,443,444,206812.85085984963,17947.74997535033,13347.925300388626,1835.5709105709122,-20479.863531018647,4861.349691544339,-206812.85085984963,-17947.74997535033,-13347.925300388626,-1835.5709105709122,-32377.920658520314,66211.74021084295
CASE_R,10299,E1-S1-M-037,A-M-0299,SOL_1S_wall_0049,wall,S1,445,446,0.0,0.0,0.0,-0.0,0.0,0.0,0.0,0.0,0.0,0.0,0.0,0.0
CASE_R,10300,E1-S1-M-053,A-M-0300,SOL_1S_wall_0050,wall,S1,447,448,1.1319759670115662e-11,-7.453155675452257e-12,-4032.1712057876725,1866.8952682797208,15967.397974919193,-3.092874287498097e-11,-1.1319759670115662e-11,7.453155675452257e-12,4032.1712057876725,-1866.8952682797208,-1.0913936421275139e-11,1.4142464001900289e-12
CASE_R,10301,E1-S1-M-007,A-M-0301,SOL_1S_wall_0051,wall,S1,449,450,32049.972624671685,4881.952382099544,-3662.1856990872366,-2259.3496967242363,-18937.149864196814,-8109.221333563182,-32049.972624671685,-4881.952382099544,3662.1856990872366,2259.3496967242363,33439.40523258227,27441.752766677375
CASE_R,10302,E1-S1-M-023,A-M-0302,SOL_1S_wall_0052,wall,S1,451,452,116204.4837065755,18110.904214566704,1112.4397324324848,1506.7638101823322,-3326.94694666766,5789.003366024503,-116204.4837065755,-18110.904214566704,-1112.4397324324848,-1506.7638101823322,-1078.3143937649795,65930.17732365965
CASE_R,10303,E1-S1-M-036,A-M-0303,SOL_1S_wall_0053,wall,S1,453,454,0.0,0.0,0.0,-0.0,0.0,0.0,0.0,0.0,0.0,0.0,0.0,0.0
CASE_R,10304,E1-S1-M-054,A-M-0304,SOL_1S_wall_0054,wall,S1,455,456,0.0,0.0,0.0,-0.0,0.0,0.0,0.0,0.0,0.0,0.0,0.0,0.0
CASE_R,10305,E1-S1-M-025,A-M-0305,SOL_1S_wall_0055,wall,S1,457,458,47801.34360162586,18274.147657469275,-10552.599679616666,1009.9657141623466,20502.4779140629,10489.404685911639,-47801.34360162586,-18274.147657469275,10552.599679616666,-1009.9657141623466,21285.816817219096,61876.22003766669
CASE_R,10306,E1-S1-M-055,A-M-0306,SOL_1S_wall_0056,wall,S1,459,460,0.0,0.0,0.0,-0.0,0.0,0.0,0.0,0.0,0.0,0.0,0.0,0.0
CASE_R,10307,E1-S1-M-058,A-M-0307,SOL_1S_wall_0057,wall,S1,461,462,0.0,0.0,0.0,-0.0,0.0,0.0,0.0,0.0,0.0,0.0,0.0,0.0
CASE_R,10308,E1-S1-M-018,A-M-0308,SOL_1S_wall_0058,wall,S1,463,464,0.0,0.0,0.0,-0.0,0.0,0.0,0.0,0.0,0.0,0.0,0.0,0.0
CASE_R,10309,E1-S1-M-039,A-M-0309,SOL_1S_wall_0059,wall,S1,465,466,0.0,0.0,0.0,-0.0,0.0,0.0,0.0,0.0,0.0,0.0,0.0,0.0
CASE_R,10310,E1-S1-M-017,A-M-0310,SOL_1S_wall_0060,wall,S1,467,468,95342.46419999689,4.134066826240583e-12,-2.2886193950067867e-08,1.1909206733339527e-08,-466437.76956248714,-9867.673161799132,-95342.46419999689,-4.134066826240583e-12,2.2886193950067867e-08,-1.1909206733339527e-08,466437.76956257777,9867.673161799148
CASE_R,10311,E1-P1-M-010,A-M-0311,SOL_1_wall_0061,wall,P1,420,469,0.0,-270590.00133263326,-6562.07097400333,-0.0,51971.60211410662,-4052787.7026298256,0.0,270590.00133263326,6562.07097400333,0.0,-25985.80105705344,2981251.297352598
CASE_R,10333,E1-P1-M-016,A-M-0333,SOL_1_wall_0083,wall,P1,512,513,0.0,1.1011181904478575e-05,-4.381783002249967e-09,-0.0,0.0,-6.459893383960763e-07,0.0,-1.1011181904478575e-05,4.381783002249967e-09,0.0,1.735186068890987e-08,4.425026968013123e-05
CASE_R,10350,E1-P2-M-007,A-M-0350,SOL_2_wall_0100,wall,P2,469,546,0.0,-270590.00133262225,-6562.070974003403,-0.0,25985.80105705348,-2981251.297352588,0.0,270590.00133262225,6562.070974003403,0.0,0.0,1909714.8920754036
CASE_R,10362,E1-P3-M-007,A-M-0362,SOL_3_wall_0112,wall,P3,546,568,0.0,-241125.61768629,7.067391939664892e-11,-0.0,-2.798687208107296e-10,-1909714.8920754257,0.0,241125.61768629,-7.067391939664892e-11,0.0,0.0,954857.4460377176
CASE_R,10374,E1-P4-M-007,A-M-0374,SOL_4_wall_0124,wall,P4,568,580,0.0,-241125.61768629085,7.067391939664823e-11,-0.0,-2.176756717416766e-10,-954857.4460377119,0.0,241125.61768629085,-7.067391939664823e-11,0.0,-6.219304906905046e-11,0.0
CASE_R,10385,E2-S1-V-030,A-V-0385,SOL2_1S_beam_0001,beam,S1,595,596,0.0,9.29366241778966e-11,-17998.86330000004,2.6072986129857128e-11,-7086.740640000491,-2.1438789441037527e-11,0.0,-9.29366241778966e-11,17998.86330000004,-2.6072986129857128e-11,85381.79599500066,4.2571310461488766e-10
CASE_R,10386,E2-S1-V-029,A-V-0386,SOL2_1S_beam_0002,beam,S1,597,598,-1190.58570488154,9390.827366310503,-38069.023095381475,33622.299397539675,-5859.402913693324,1726.2129378718037,1190.58570488154,-9390.827366310503,38069.023095381475,-33622.299397539675,125776.82566414498,27854.893266006286
CASE_R,10387,E2-S1-V-056,A-V-0387,SOL2_1S_beam_0003,beam,S1,12,599,-53462.90983528403,3090.3969621478886,-124808.23928425965,759.54852411523,633160.1244352577,14844.46821966971,53462.90983528403,-3090.3969621478886,124808.23928425965,-759.54852411523,-45367.64197397535,-290.0436673412569
CASE_R,10388,E2-S1-V-055,A-V-0388,SOL2_1S_beam_0004,beam,S1,12,600,95505.89406699364,4353.016067494787,-114696.90117978714,-34335.29294983377,592533.1036866512,20445.642121598772,-95505.89406699364,-4353.016067494787,114696.90117978714,34335.29294983377,-52360.6225932017,55.16884392616157
CASE_R,10389,E2-S1-V-078,A-V-0389,SOL2_1S_beam_0005,beam,S1,14,601,-198126.53374584392,7536.26697199217,-139744.99095118145,-18131.985453930778,672108.2463922706,9668.72091009079,198126.53374584392,-7536.26697199217,139744.99095118145,18131.985453930778,69725.77084861638,30337.430042295102
CASE_R,10390,E2-S1-V-077,A-V-0390,SOL2_1S_beam_0006,beam,S1,14,602,226509.80563188362,-11087.644608349105,-83010.20335723282,4655.8637440943185,471693.0956390025,-30630.112838763987,-226509.80563188362,11087.644608349105,83010.20335723282,-4655.8637440943185,-80751.16920228081,-21587.867210986675
CASE_R,10391,E2-S1-V-072,A-V-0391,SOL2_1S_beam_0007,beam,S1,14,6,-10134.673918156199,10068.153560602042,-23543.623779500012,-27243.26345161659,88349.97014558702,32542.196355704764,10134.673918156199,-10068.153560602042,23543.623779500012,27243.26345161659,82341.30225578806,40451.91695866005
CASE_R,10392,E2-S1-V-070,A-V-0392,SOL2_1S_beam_0008,beam,S1,14,6,-10134.673918156199,10068.153560602042,-23543.623779500012,-27243.26345161659,88349.97014558702,32542.196355704764,10134.673918156199,-10068.153560602042,23543.623779500012,27243.26345161659,82341.30225578806,40451.91695866005
CASE_R,10393,E2-S1-V-076,A-V-0393,SOL2_1S_beam_0009,beam,S1,6,603,9386.236869633636,-7380.415842895808,-11291.884374530295,11240.498084173914,119376.42878463675,-12766.822658424106,-9386.236869633636,7380.415842895808,11291.884374530295,-11240.498084173914,-66196.5683344461,-21991.72353027627
CASE_R,10394,E2-S1-V-075,A-V-0394,SOL2_1S_beam_0010,beam,S1,6,604,78019.59831702235,-2923.3075441301526,-36532.24551645282,10547.448297834944,192529.89306871284,-17307.70063849162,-78019.59831702235,2923.3075441301526,36532.24551645282,-10547.448297834944,-20478.917867518612,3540.194516972577
CASE_R,10395,E2-S1-V-061,A-V-0395,SOL2_1S_beam_0012,beam,S1,606,607,16267.27087949431,-3003.9468754017935,6044.499371654768,7569.571846525342,-54643.84699737619,-15704.023764146805,-16267.27087949431,3003.9468754017935,-6044.499371654768,-7569.571846525342,4474.502212641608,-9228.735301688084
CASE_R,10396,E2-S1-V-057,A-V-0396,SOL2_1S_beam_0013,beam,S1,608,605,-26223.09056863288,11099.64689174783,-38241.84028928121,-23385.84959035106,244133.61419937757,50748.594504344015,26223.09056863288,-11099.64689174783,38241.84028928121,23385.84959035106,96218.7643752252,48038.26283221169
CASE_R,10397,E2-S1-V-083,A-V-0397,SOL2_1S_beam_0015,beam,S1,604,610,1913.8996862213105,-153.58460474482686,-8095.1157953804,9689.076250210615,31220.371951448775,2078.381922724227,-1913.8996862213105,153.58460474482686,8095.1157953804,-9689.076250210615,36144.41712294635,-3356.460552509093
CASE_R,10398,E2-S1-V-080,A-V-0398,SOL2_1S_beam_0016,beam,S1,604,609,3208.6000582586403,781.1493073903332,-1511.0507082680979,772.0359099766684,-13526.413958781359,5131.916306252989,-3208.6000582586403,-781.1493073903332,1511.0507082680979,-772.0359099766684,26974.76526236743,1820.3125295209763
CASE_R,10399,E2-S1-V-081,A-V-0399,SOL2_1S_beam_0017,beam,S1,603,602,4230.119937251036,13048.189236290453,2394.4494482924506,10530.195838186113,-6598.884691886219,41228.47472904307,-4230.119937251036,-13048.189236290453,-2394.4494482924506,-10530.195838186113,-9324.204139258576,45541.983692288435
CASE_R,10400,E2-S1-V-084,A-V-0400,SOL2_1S_beam_0018,beam,S1,603,602,4230.119937251036,13048.189236290453,2394.4494482924506,10530.195838186113,-6598.884691886219,41228.47472904307,-4230.119937251036,-13048.189236290453,-2394.4494482924506,-10530.195838186113,-9324.204139258576,45541.983692288435
CASE_R,10401,E2-S1-V-088,A-V-0401,SOL2_1S_beam_0019,beam,S1,603,408,36252.28265101236,-14452.907952495587,-16080.783271114433,-7176.771784624201,45574.20429744514,-60465.225927809726,-36252.28265101236,14452.907952495587,16080.783271114433,7176.771784624201,44322.007002773185,-20330.69335641975
CASE_R,10402,E2-S1-V-087,A-V-0402,SOL2_1S_beam_0020,beam,S1,604,398,76843.87623542761,-4197.493020330821,-26926.07901280411,-5956.5362494610745,28066.71813663494,-10750.492745949716,-76843.87623542761,4197.493020330821,26926.07901280411,5956.5362494610745,114370.25981888006,-11453.936666924743
CASE_R,10403,E2-S1-V-090,A-V-0403,SOL2_1S_beam_0021,beam,S1,601,61,-197598.88678984248,-16297.197103882781,-139744.9909512023,-9632.488217230475,-71397.94946411025,-30337.430042294513,197598.88678984248,16297.197103882781,139744.9909512023,9632.488217230475,731497.3893128976,-46644.01026660946
CASE_R,10404,E2-S1-V-089,A-V-0404,SOL2_1S_beam_0022,beam,S1,602,392,198482.83861224318,-24374.596226274673,-78221.30446065222,-5112.058834277191,101608.8340835579,-69496.10017359005,-198482.83861224318,24374.596226274673,78221.30446065222,5112.058834277191,320213.0818902287,-61948.12658980597
CASE_R,10405,E2-S1-V-071,A-V-0405,SOL2_1S_beam_0023,beam,S1,6,4,5571.205199873028,-4507.599725619709,-14765.228079336484,-6159.454156338521,63911.732151116,-21472.412346540787,-5571.205199873028,4507.599725619709,14765.228079336484,6159.454156338521,67498.79775497873,-18645.225211474626
CASE_R,10406,E2-S1-V-069,A-V-0406,SOL2_1S_beam_0024,beam,S1,6,4,5571.205199873028,-4507.599725619709,-14765.228079336484,-6159.454156338521,63911.732151116,-21472.412346540787,-5571.205199873028,4507.599725619709,14765.228079336484,6159.454156338521,67498.79775497873,-18645.225211474626
CASE_R,10407,E2-S1-V-074,A-V-0407,SOL2_1S_beam_0025,beam,S1,4,609,-37917.13982191235,-3519.952375935822,-18643.21485568285,387.53656065833883,106795.37197335865,-12912.214105364475,37917.13982191235,3519.952375935822,18643.21485568285,-387.53656065833883,-18993.944728459493,-3665.2294757801074
CASE_R,10408,E2-S1-V-073,A-V-0408,SOL2_1S_beam_0026,beam,S1,4,609,-37917.13982191235,-3519.952375935822,-18643.21485568285,387.53656065833883,106795.37197335865,-12912.214105364475,37917.13982191235,3519.952375935822,18643.21485568285,-387.53656065833883,-18993.944728459493,-3665.2294757801074
CASE_R,10409,E2-S1-V-086,A-V-0409,SOL2_1S_beam_0028,beam,S1,610,16,107.95299269588921,-1917.0149689295863,-8095.1157953775355,-34492.23983792939,-14511.460253973695,3356.460552509079,-107.95299269588921,1917.0149689295863,8095.1157953775355,34492.23983792939,52385.49657512794,-12325.460675137889
CASE_R,10410,E2-S1-V-085,A-V-0410,SOL2_1S_beam_0029,beam,S1,609,16,-75532.88901315429,-1111.7025598547184,-38797.480419633495,-21634.644792860727,38381.207898977416,5510.146422035496,75532.88901315429,1111.7025598547184,38797.480419633495,21634.644792860727,166373.7989817542,-11377.194045498929
CASE_R,10411,E2-S1-V-063,A-V-0411,SOL2_1S_beam_0030,beam,S1,4,605,41521.61289914031,-371.1097492232865,55400.41742188577,-38339.90161720717,-187984.98796557833,-368.41566721417973,-41521.61289914031,371.1097492232865,-55400.41742188577,38339.90161720717,-106107.22910184185,-1601.6144156511345
CASE_R,10412,E2-S1-V-064,A-V-0412,SOL2_1S_beam_0031,beam,S1,4,607,-3140.480969228948,2043.2609432951801,-6044.499371656513,-3983.231975372384,20627.73593150158,394.1343827424589,3140.480969228948,-2043.2609432951801,6044.499371656513,3983.231975372384,7839.225154373811,9228.735301688084
CASE_R,10413,E2-S1-V-051,A-V-0413,SOL2_1S_beam_0032,beam,S1,605,2,15929.715668497623,-11131.423334440185,8579.288566302374,23358.81452273325,41765.32648868793,-23218.324208280286,-15929.715668497623,11131.423334440185,-8579.288566302374,-23358.81452273325,-82170.04137816842,-29205.834586043933
CASE_R,10414,E2-S1-V-052,A-V-0414,SOL2_1S_beam_0033,beam,S1,605,2,15929.715668497623,-11131.423334440185,8579.288566302374,23358.81452273325,41765.32648868793,-23218.324208280286,-15929.715668497623,11131.423334440185,-8579.288566302374,-23358.81452273325,-82170.04137816842,-29205.834586043933
CASE_R,10415,E2-S1-V-054,A-V-0415,SOL2_1S_beam_0034,beam,S1,8,608,-2298.9239630986135,-5185.411890483781,-55419.20575160011,-21214.056025150785,294753.0478243916,-15544.98346318796,2298.9239630986135,5185.411890483781,55419.20575160011,21214.056025150785,-33752.71073467634,-8876.049516452098
CASE_R,10416,E2-S1-V-053,A-V-0416,SOL2_1S_beam_0035,beam,S1,8,608,-2298.9239630986135,-5185.411890483781,-55419.20575160011,-21214.056025150785,294753.0478243916,-15544.98346318796,2298.9239630986135,5185.411890483781,55419.20575160011,21214.056025150785,-33752.71073467634,-8876.049516452098
CASE_R,10417,E2-S1-V-066,A-V-0417,SOL2_1S_beam_0036,beam,S1,606,6,9775.763514206852,-8715.320330957285,-24347.64467266936,-20637.518510590482,-10547.249750934818,-19139.943800671703,-9775.763514206852,8715.320330957285,24347.64467266936,20637.518510590482,125214.05849934119,-21905.421490566212
CASE_R,10418,E2-S1-V-065,A-V-0418,SOL2_1S_beam_0037,beam,S1,606,6,9775.763514206852,-8715.320330957285,-24347.64467266936,-20637.518510590482,-10547.249750934818,-19139.943800671703,-9775.763514206852,8715.320330957285,24347.64467266936,20637.518510590482,125214.05849934119,-21905.421490566212
CASE_R,10419,E2-S1-V-058,A-V-0419,SOL2_1S_beam_0039,beam,S1,608,600,-34932.97688230644,-9624.327096347919,-72596.57121391877,46685.15124283506,282175.4525112078,-32996.495471439746,34932.97688230644,9624.327096347919,72596.57121391877,-46685.15124283506,244149.6887897033,-36779.87597708267
CASE_R,10420,E2-S1-V-062,A-V-0420,SOL2_1S_beam_0040,beam,S1,606,600,33759.72187878396,14884.52960506296,42650.78997368693,23350.65609752786,-96746.83596042595,53983.91136549017,-33759.72187878396,-14884.52960506296,-42650.78997368693,-23350.65609752786,-213528.50056988778,54297.844615009904
CASE_R,10421,E2-S1-V-040,A-V-0421,SOL2_1S_beam_0041,beam,S1,598,612,6391.429825741559,-5333.177752437632,-41675.449328388575,66469.20831369176,259245.55100225157,-27195.56894540266,-6391.429825741559,5333.177752437632,41675.449328388575,-66469.20831369176,-85937.68010348207,5017.483374767999
CASE_R,10422,E2-S1-V-036,A-V-0422,SOL2_1S_beam_0042,beam,S1,598,613,-28396.311360968048,12632.741476636882,92319.89441054752,-16007.55413546326,-261776.0248828815,34405.13150195224,28396.311360968048,-12632.741476636882,-92319.89441054752,16007.55413546326,-90424.37229335742,13788.77723141749
CASE_R,10423,E2-S1-V-044,A-V-0423,SOL2_1S_beam_0043,beam,S1,614,8,-3724.27703390075,-7444.657193662794,-61379.69042838503,-44233.60743770045,-57422.23407033761,6022.958104920104,3724.27703390075,7444.657193662794,61379.69042838503,44233.60743770045,269981.2629706279,-31803.9467761945
CASE_R,10424,E2-S1-V-043,A-V-0424,SOL2_1S_beam_0044,beam,S1,615,8,-2809.5779812295978,1740.578249290267,-32967.4809895513,48074.43268527123,-37498.29955576363,-11758.755864402987,2809.5779812295978,-1740.578249290267,32967.4809895513,-48074.43268527123,151665.3097755997,17786.41126331343
CASE_R,10425,E2-S1-V-038,A-V-0425,SOL2_1S_beam_0045,beam,S1,615,616,1490.6420362125039,2949.8012465874513,21134.00168955066,-33192.65834528945,-51142.16440039819,11758.75586440299,-1490.6420362125039,-2949.8012465874513,-21134.00168955066,33192.65834528945,-43643.833177236535,1471.1027265417324
CASE_R,10426,E2-S1-V-034,A-V-0426,SOL2_1S_beam_0046,beam,S1,617,618,-863.5527169373235,2518.105038192724,-3340.0583733396024,-6063.899655215596,89833.99216973393,3774.540711532787,863.5527169373235,-2518.105038192724,3340.0583733396024,6063.899655215596,-75855.8478773077,6763.728873303763
CASE_R,10427,E2-S1-V-042,A-V-0427,SOL2_1S_beam_0047,beam,S1,619,2,3067.8454766965365,-1229.4979486029035,-10113.689010449742,39059.00672893771,36714.349472604394,-12724.594482272341,-3067.8454766965365,1229.4979486029035,10113.689010449742,-39059.00672893771,-1690.4531372364254,8466.81983130937
CASE_R,10428,E2-S1-V-041,A-V-0428,SOL2_1S_beam_0048,beam,S1,620,2,23351.479549066436,-22104.7507252632,-101917.53744910797,-14551.419441483493,104769.04610920283,-34785.68312319575,-23351.479549066436,22104.7507252632,101917.53744910797,14551.419441483493,309127.8485053771,-54983.82966536014
CASE_R,10429,E2-S1-V-023,A-V-0429,SOL2_1S_beam_0049,beam,S1,620,621,4388.643560092609,4904.812620161259,17350.652145041317,21625.620806214825,58051.43487079331,9039.125176325979,-4388.643560092609,-4904.812620161259,-17350.652145041317,-21625.620806214825,-123116.38041469824,9353.922149278742
CASE_R,10430,E2-S1-V-024,A-V-0430,SOL2_1S_beam_0050,beam,S1,620,622,9430.968529432554,-7362.992228247729,11939.840175942672,40957.2599992504,7432.2967678944915,-7245.453274485029,-9430.968529432554,7362.992228247729,-11939.840175942672,-40957.2599992504,-45718.99123331799,-16364.966097979617
CASE_R,10431,E2-S1-V-015,A-V-0431,SOL2_1S_beam_0051,beam,S1,621,623,-14011.368272018904,7143.165948104035,23634.10771746188,-2465.81995154453,-4639.068259254505,22730.700974195257,14011.368272018904,-7143.165948104035,-23634.10771746188,2465.81995154453,-99705.5173133397,8806.37668668406
CASE_R,10432,E2-S1-V-019,A-V-0432,SOL2_1S_beam_0052,beam,S1,622,623,10113.654700987014,6393.028276608663,-14694.513824057496,-29215.656001554464,53983.04132259743,16364.96609797986,-10113.654700987014,-6393.028276608663,14694.513824057496,29215.656001554464,2765.6129390305214,8324.23122409254
CASE_R,10433,E2-S1-V-032,A-V-0433,SOL2_1S_beam_0053,beam,S1,10,617,-4845.546305530035,-9526.547672165678,16108.52621036787,-27387.549889676113,-6201.622167154652,-12123.79577083236,4845.546305530035,9526.547672165678,-16108.52621036787,27387.549889676113,-49582.50877898701,-20866.819004758272
CASE_R,10434,E2-S1-V-031,A-V-0434,SOL2_1S_beam_0054,beam,S1,10,617,-4845.546305530035,-9526.547672165678,16108.52621036787,-27387.549889676113,-6201.622167154652,-12123.79577083236,4845.546305530035,9526.547672165678,-16108.52621036787,27387.549889676113,-49582.50877898701,-20866.819004758272
CASE_R,10435,E2-S1-V-017,A-V-0435,SOL2_1S_beam_0055,beam,S1,10,624,-4663.56117278595,-2377.9638233557157,56996.54112850691,34300.65145175604,-153781.38023269316,-2709.34639420116,4663.56117278595,2377.9638233557157,-56996.54112850691,-34300.65145175604,-8706.002247206547,-4069.821422628197
CASE_R,10436,E2-S1-V-021,A-V-0436,SOL2_1S_beam_0056,beam,S1,10,624,-4663.56117278595,-2377.9638233557157,56996.54112850691,34300.65145175604,-153781.38023269316,-2709.34639420116,4663.56117278595,2377.9638233557157,-56996.54112850691,-34300.65145175604,-8706.002247206547,-4069.821422628197
CASE_R,10437,E2-S1-V-046,A-V-0437,SOL2_1S_beam_0057,beam,S1,596,12,4.808909735134591e-09,4.921363851496627e-10,-27139.300800000095,7396.592231588162,-85060.81066326358,-4.270311844799517e-10,-4.808909735134591e-09,-4.921363851496627e-10,27139.300800000095,-7396.592231588162,179044.72265140805,2.1313087946116506e-09
CASE_R,10438,E2-S1-V-045,A-V-0438,SOL2_1S_beam_0058,beam,S1,598,12,-10322.172872460116,-11179.47578843889,-115625.40177754033,20816.87876324467,-115267.9478518673,-35064.45582255434,10322.172872460116,11179.47578843889,115625.40177754033,-20816.87876324467,584833.7942419867,-10336.467591281911
CASE_R,10439,E2-S1-V-047,A-V-0439,SOL2_1S_beam_0059,beam,S1,2,8,-10223.582484874998,8828.300312408515,-22649.23550301342,-41949.13212829838,103669.84616994923,38111.06316148457,10223.582484874998,-8828.300312408515,22649.23550301342,41949.13212829838,97908.34980687022,40460.80961895122
CASE_R,10440,E2-S1-V-049,A-V-0440,SOL2_1S_beam_0060,beam,S1,2,8,-10223.582484874998,8828.300312408515,-22649.23550301342,-41949.13212829838,103669.84616994923,38111.06316148457,10223.582484874998,-8828.300312408515,22649.23550301342,41949.13212829838,97908.34980687022,40460.80961895122
CASE_R,10441,E2-S1-V-048,A-V-0441,SOL2_1S_beam_0061,beam,S1,8,12,8205.06487348926,-5817.343995055976,-31984.4301122023,13750.838962741067,114571.2303239542,-27985.01138675583,-8205.06487348926,5817.343995055976,31984.4301122023,-13750.838962741067,117315.88798951247,-14190.732577399995
CASE_R,10442,E2-S1-V-050,A-V-0442,SOL2_1S_beam_0062,beam,S1,8,12,8205.06487348926,-5817.343995055976,-31984.4301122023,13750.838962741067,114571.2303239542,-27985.01138675583,-8205.06487348926,5817.343995055976,31984.4301122023,-13750.838962741067,117315.88798951247,-14190.732577399995
CASE_R,10443,E2-S1-V-068,A-V-0443,SOL2_1S_beam_0063,beam,S1,599,14,-53447.439180271525,-3347.316314900739,-124808.23928426659,-4689.9157010952285,45130.970995046955,290.0436673414806,53447.439180271525,3347.316314900739,124808.23928426659,4689.9157010952285,617411.5423559588,-18059.21801811475
CASE_R,10444,E2-S1-V-067,A-V-0444,SOL2_1S_beam_0064,beam,S1,600,14,87214.85596711615,-9198.967280781224,-144642.6824200184,4529.8876937284085,106701.1054844812,-17573.137481853264,-87214.85596711615,9198.967280781224,144642.6824200184,-4529.8876937284085,661132.2274585543,-31259.431084080843
CASE_R,10445,E2-S1-V-006,A-V-0445,SOL2_1S_beam_0065,beam,S1,257,625,1355.1398524465349,-1054.8850901773142,-4983.3060583615825,-52068.268454766636,-2402.310277899516,387.39131187545127,-1355.1398524465349,1054.8850901773142,4983.3060583615825,52068.268454766636,14277.326813413836,-2901.1397636495913
CASE_R,10446,E2-S1-V-003,A-V-0446,SOL2_1S_beam_0066,beam,S1,257,625,1355.1398524465349,-1054.8850901773142,-4983.3060583615825,-52068.268454766636,-2402.310277899516,387.39131187545127,-1355.1398524465349,1054.8850901773142,4983.3060583615825,52068.268454766636,14277.326813413836,-2901.1397636495913
CASE_R,10447,E2-S1-V-005,A-V-0447,SOL2_1S_beam_0067,beam,S1,625,626,5712.617782788527,893.962366967957,8587.177582435605,-3316.857905270606,-49793.16519185327,1240.9915422522654,-5712.617782788527,-893.962366967957,-8587.177582435605,3316.857905270606,-15641.12798630602,5571.001694043565
CASE_R,10448,E2-S1-V-002,A-V-0448,SOL2_1S_beam_0068,beam,S1,625,626,5712.617782788527,893.962366967957,8587.177582435605,-3316.857905270606,-49793.16519185327,1240.9915422522654,-5712.617782788527,-893.962366967957,-8587.177582435605,3316.857905270606,-15641.12798630602,5571.001694043565
CASE_R,10449,E2-S1-V-004,A-V-0449,SOL2_1S_beam_0069,beam,S1,626,259,4001.727146817503,-3996.681675207633,1926.0861591598475,27654.625187739257,26829.523215550664,-11084.703741574316,-4001.727146817503,3996.681675207633,-1926.0861591598475,-27654.625187739257,-31901.18860190562,560.8587847779281
CASE_R,10450,E2-S1-V-001,A-V-0450,SOL2_1S_beam_0070,beam,S1,626,259,4001.727146817503,-3996.681675207633,1926.0861591598475,27654.625187739257,26829.523215550664,-11084.703741574316,-4001.727146817503,3996.681675207633,-1926.0861591598475,-27654.625187739257,-31901.18860190562,560.8587847779281
CASE_R,10451,E2-S1-V-011,A-V-0451,SOL2_1S_beam_0071,beam,S1,625,624,-2175.9523051275933,4041.8674620485754,-30419.80349079735,24379.032766346583,49162.239994423675,1660.1482213964764,2175.9523051275933,-4041.8674620485754,30419.80349079735,-24379.032766346583,44065.89708984336,10727.038104192314
CASE_R,10452,E2-S1-V-010,A-V-0452,SOL2_1S_beam_0072,beam,S1,625,624,-2175.9523051275933,4041.8674620485754,-30419.80349079735,24379.032766346583,49162.239994423675,1660.1482213964764,2175.9523051275933,-4041.8674620485754,30419.80349079735,-24379.032766346583,44065.89708984336,10727.038104192314
CASE_R,10453,E2-S1-V-018,A-V-0453,SOL2_1S_beam_0073,beam,S1,624,627,-303.9439128551946,-2171.3365627764206,10247.328575419262,-26093.2819760134,-15362.414587017376,-13314.433363127284,303.9439128551946,2171.3365627764206,-10247.328575419262,26093.2819760134,-26805.342500832892,4379.383407302314
CASE_R,10454,E2-S1-V-022,A-V-0454,SOL2_1S_beam_0074,beam,S1,628,597,9390.827366310064,1190.5857048729454,-11573.573295377555,-5859.402913693509,10530.882724325338,6268.297401962211,-9390.827366310064,-1190.5857048729454,11573.573295377555,5859.402913693509,33622.29939754005,-1726.212937871922
CASE_R,10455,E2-S1-V-028,A-V-0455,SOL2_1S_beam_0075,beam,S1,628,613,595.2928524354833,-4695.413683155963,-18942.92360231143,5265.44136216246,2929.701456846822,-3134.1487009811603,-595.2928524354833,4695.413683155963,18942.92360231143,-5265.44136216246,56740.507890434186,-11656.404400960122
CASE_R,10456,E2-S1-V-027,A-V-0456,SOL2_1S_beam_0076,beam,S1,628,613,595.2928524354833,-4695.413683155963,-18942.92360231143,5265.44136216246,2929.701456846822,-3134.1487009811603,-595.2928524354833,4695.413683155963,18942.92360231143,-5265.44136216246,56740.507890434186,-11656.404400960122
CASE_R,10457,E2-S1-V-039,A-V-0457,SOL2_1S_beam_0077,beam,S1,612,614,7094.036970846726,-4355.203739521351,-56674.78972838351,53374.41980298514,94628.81076137496,-5017.483374768184,-7094.036970846726,4355.203739521351,56674.78972838351,-53374.41980298514,49041.781200077254,-6022.958104918443
CASE_R,10458,E2-S1-V-035,A-V-0458,SOL2_1S_beam_0078,beam,S1,613,617,-19005.483994656715,13823.327181509936,10147.681905924406,97473.46164540487,100955.2550176821,9524.03157050275,19005.483994656715,-13823.327181509936,-10147.681905924406,-97473.46164540487,-135812.54236453242,37959.09729798387
CASE_R,10459,E2-S1-V-009,A-V-0459,SOL2_1S_beam_0079,beam,S1,626,623,5509.593135936752,-1660.9507034013081,-9946.389626724009,-11138.519132290969,32915.907886348905,5513.702047531931,-5509.593135936752,1660.9507034013081,9946.389626724009,11138.519132290969,-2433.0227521868474,-10604.048535593618
CASE_R,10460,E2-S1-V-008,A-V-0460,SOL2_1S_beam_0080,beam,S1,626,623,5509.593135936752,-1660.9507034013081,-9946.389626724009,-11138.519132290969,32915.907886348905,5513.702047531931,-5509.593135936752,1660.9507034013081,9946.389626724009,11138.519132290969,-2433.0227521868474,-10604.048535593618
CASE_R,10461,E2-S1-V-026,A-V-0461,SOL2_1S_beam_0081,beam,S1,629,618,5063.572529919894,-8545.053835538438,3942.121572607965,29650.375792069648,7409.860267666512,-10219.883649836018,-5063.572529919894,8545.053835538438,-3942.121572607965,-29650.375792069648,-19827.543221381602,-16697.035932110062
CASE_R,10462,E2-S1-V-025,A-V-0462,SOL2_1S_beam_0082,beam,S1,629,618,5063.572529919894,-8545.053835538438,3942.121572607965,29650.375792069648,7409.860267666512,-10219.883649836018,-5063.572529919894,8545.053835538438,-3942.121572607965,-29650.375792069648,-19827.543221381602,-16697.035932110062
CASE_R,10463,E2-S1-V-016,A-V-0463,SOL2_1S_beam_0083,beam,S1,623,10,-9654.567306796474,3792.089757107919,-75217.70796004256,-30968.268478575694,112410.64402203308,4077.4891604103036,9654.567306796474,-3792.089757107919,75217.70796004256,30968.268478575694,248212.77135828993,14103.28763703551
CASE_R,10464,E2-S1-V-020,A-V-0464,SOL2_1S_beam_0084,beam,S1,629,10,17727.89366680734,8963.963041562936,-49718.583945215956,-10828.916622035915,60157.608163740835,20439.767299672083,-17727.89366680734,-8963.963041562936,49718.583945215956,10828.916622035915,163328.5327536736,19853.44599241713
CASE_R,10465,E2-S1-V-037,A-V-0465,SOL2_1S_beam_0085,beam,S1,616,619,1490.642036212692,2949.801246587293,-406.58331044928354,-33192.65834528945,43643.833177236476,-1471.1027265417615,-1490.642036212692,-2949.801246587293,406.58331044928354,33192.65834528945,-42092.71784787246,12724.594482272281
CASE_R,10466,E2-S1-V-033,A-V-0466,SOL2_1S_beam_0086,beam,S1,618,620,16226.554954142439,12645.250098042672,-46799.1339281242,-45718.986097978675,135156.59946144588,26630.342990916724,-16226.554954142439,-12645.250098042672,46799.1339281242,45718.986097978675,85501.31700965976,32992.01122135448
CASE_R,10467,E2-S1-V-014,A-V-0467,SOL2_1S_beam_0087,beam,S1,630,595,0.0,-5.2041704279304205e-12,-4429.212900002161,-0.0,1.6389094525948167e-09,-1.6653345369377348e-11,0.0,5.2041704279304205e-12,4429.212900002161,0.0,7086.74064000182,8.326672684688676e-12
CASE_R,10468,E2-S1-V-012,A-V-0468,SOL2_1S_beam_0088,beam,S1,249,627,-2163.896687897377,353.0375264947922,17710.934824582964,27389.370437984802,-27702.301586446705,5439.4739199637825,2163.896687897377,-353.0375264947922,-17710.934824582964,-27389.370437984802,-25479.563141416707,-4379.383407302341
CASE_R,10469,E2-S1-V-013,A-V-0469,SOL2_1S_beam_0089,beam,S1,621,631,0.0,3.707971429900425e-11,4429.212900000112,-0.0,-7086.740640000122,-1.7000290064572716e-11,0.0,-3.707971429900425e-11,-4429.212900000112,0.0,-5.820766091346741e-11,7.632783294297951e-11
CASE_R,10470,E2-S1-V-007,A-V-0470,SOL2_1S_beam_0090,beam,S1,621,247,-719.798404786737,-9486.761285220946,-51714.689972421256,-1983.466311025535,130394.47015198423,-32084.623123473753,719.798404786737,9486.761285220946,51714.689972421256,1983.466311025535,28616.462265729213,2914.985668589845
CASE_R,10471,E2-P1-V-030,A-V-0471,SOL2_1_beam_0091,beam,P1,632,633,0.0,-1.5348624296046556e-10,-17998.863299997884,2.1538553759447192e-11,-7086.740640001524,1.837610523517506e-11,0.0,1.5348624296046556e-10,17998.863299997884,-2.1538553759447192e-11,85381.79599499231,-6.860412621132002e-10
CASE_R,10472,E2-P1-V-029,A-V-0472,SOL2_1_beam_0092,beam,P1,634,635,-3083.20968003156,26442.507075353224,-39141.55726646971,42487.206925570674,-5704.200300268596,5315.179299833049,3083.20968003156,-26442.507075353224,39141.55726646971,-42487.206925570674,129000.10568964819,77978.71798752961
CASE_R,10473,E2-P1-V-056,A-V-0473,SOL2_1_beam_0093,beam,P1,22,636,-114757.85586885123,8588.652932686073,-169413.11522005877,1098.4863017968812,846089.2418816544,40485.027398692095,114757.85586885123,-8588.652932686073,169413.11522005877,-1098.4863017968812,-48227.20867167029,-36.210419518516574
CASE_R,10474,E2-P1-V-055,A-V-0474,SOL2_1_beam_0094,beam,P1,22,637,93523.81446143556,24676.758157193057,-174241.39911271507,-22311.520054637513,840126.7907656565,77941.44752843074,-93523.81446143556,-24676.758157193057,174241.39911271507,22311.520054637513,-19525.64200074144,38275.342480740546
CASE_R,10475,E2-P1-V-078,A-V-0475,SOL2_1_beam_0095,beam,P1,23,638,-918460.0246186721,36440.26238564517,88150.17757242269,-23665.57856835916,-413833.6200002937,107749.31177814698,918460.0246186721,-36440.26238564517,-88150.17757242269,23665.57856835916,-54110.16749397278,85693.22988904397
CASE_R,10476,E2-P1-V-077,A-V-0476,SOL2_1_beam_0096,beam,P1,23,639,487122.9853926044,2486.913828835467,-178817.6237241995,-83991.03796285245,799090.152794814,15479.151108191607,-487122.9853926044,-2486.913828835467,178817.6237241995,83991.03796285245,43063.02202311327,-3766.8694391171503
CASE_R,10477,E2-P1-V-072,A-V-0477,SOL2_1_beam_0097,beam,P1,23,19,-6301.979985433925,14203.83600253232,-32520.752588191426,8452.358286586626,120755.76350437096,45533.423475913645,6301.979985433925,-14203.83600253232,32520.752588191426,-8452.358286586626,115019.69276001689,57444.38754244568
CASE_R,10478,E2-P1-V-070,A-V-0478,SOL2_1_beam_0098,beam,P1,23,19,-6301.979985433925,14203.83600253232,-32520.752588191426,8452.358286586626,120755.76350437096,45533.423475913645,6301.979985433925,-14203.83600253232,32520.752588191426,-8452.358286586626,115019.69276001689,57444.38754244568
CASE_R,10479,E2-P1-V-076,A-V-0479,SOL2_1_beam_0099,beam,P1,19,640,618012.7792087663,12730.371660330376,63942.41585744141,-77898.91666957595,-281153.2696739265,49440.59125120897,-618012.7792087663,-12730.371660330376,-63942.41585744141,77898.91666957595,-19987.677165448084,10513.918192976893
CASE_R,10480,E2-P1-V-075,A-V-0480,SOL2_1_beam_0100,beam,P1,19,641,358040.4385716806,-28646.126509671947,-164065.27950024433,19658.13851696153,826265.8205351111,-66427.68748645997,-358040.4385716806,28646.126509671947,164065.27950024433,-19658.13851696153,-53589.765843624016,-68483.09973865536
CASE_R,10481,E2-P1-V-061,A-V-0481,SOL2_1_beam_0102,beam,P1,643,644,46165.06441682339,2438.5399025960783,29848.87872488465,8361.054475186727,-232600.51921920356,6360.494685716677,-46165.06441682339,-2438.5399025960783,-29848.87872488465,-8361.054475186727,-15145.174197339045,13879.386505830773
CASE_R,10482,E2-P1-V-057,A-V-0482,SOL2_1_beam_0103,beam,P1,645,642,-106347.13728199292,27947.28517220087,-49463.62765103716,-30569.617778863656,319637.14278651617,127388.46249269968,106347.13728199292,-27947.28517220087,49463.62765103716,30569.617778863656,120589.1433077146,121342.37553988807
CASE_R,10483,E2-P1-V-083,A-V-0483,SOL2_1_beam_0105,beam,P1,641,647,132133.65128130055,63141.60572609595,-44921.401514502235,103494.54789536788,111678.62087475427,256770.21976951743,-132133.65128130055,-63141.60572609595,44921.401514502235,-103494.54789536788,262141.94135581423,268672.65950151277
CASE_R,10484,E2-P1-V-080,A-V-0484,SOL2_1_beam_0106,beam,P1,641,646,-132434.22117743772,595.7322635044906,198.79443187111175,8876.723869323649,-50316.43405931683,-3078.3897401053327,132434.22117743772,-595.7322635044906,-198.79443187111175,-8876.723869323649,48547.163615663936,8380.406885295299
CASE_R,10485,E2-P1-V-081,A-V-0485,SOL2_1_beam_0107,beam,P1,640,639,32069.00315007884,-1148.4106394352636,-5305.553681534767,130053.05498857502,23237.661541308276,-4294.617072301,-32069.00315007884,1148.4106394352636,5305.553681534767,-130053.05498857502,12044.270440897926,-3342.313679943503
CASE_R,10486,E2-P1-V-084,A-V-0486,SOL2_1_beam_0108,beam,P1,640,639,32069.00315007884,-1148.4106394352636,-5305.553681534767,130053.05498857502,23237.661541308276,-4294.617072301,-32069.00315007884,1148.4106394352636,5305.553681534767,-130053.05498857502,12044.270440897926,-3342.313679943503
CASE_R,10487,E2-P1-V-088,A-V-0487,SOL2_1_beam_0109,beam,P1,640,127,613765.7041857555,1856.399090548273,74553.52322050503,-26970.20800394872,-245796.19807925107,-1924.6840483618016,-613765.7041857555,-1856.399090548273,-74553.52322050503,26970.20800394872,-148618.8640756283,11745.705658799634
CASE_R,10488,E2-P1-V-087,A-V-0488,SOL2_1_beam_0110,beam,P1,641,91,278763.3875830103,-72366.7659039756,-119342.67241761123,-36650.48801110755,158587.85168787767,-185208.73029075185,-278763.3875830103,72366.7659039756,119342.67241761123,36650.48801110755,476602.20730277547,-199956.52009562883
CASE_R,10489,E2-P1-V-090,A-V-0489,SOL2_1_beam_0111,beam,P1,638,131,-918361.8903469574,-38834.879987045344,88150.17757244023,-28013.783051936985,51992.2859116621,-85693.22988902414,918361.8903469574,38834.879987045344,-88150.17757244023,28013.783051936985,-465461.55595892615,-96462.15451075614
CASE_R,10490,E2-P1-V-089,A-V-0490,SOL2_1_beam_0112,beam,P1,639,93,489816.6976020214,8086.098621301721,-189428.73108726906,-49877.93946673406,225639.1421886856,10451.496799016957,-489816.6976020214,-8086.098621301721,189428.73108726906,49877.93946673406,782577.3191689459,32585.99646488398
CASE_R,10491,E2-P1-V-071,A-V-0491,SOL2_1_beam_0113,beam,P1,19,18,34375.7801706455,-1649.9433650857723,-20908.35527609904,-36238.53373549212,90464.98604513574,-8762.326612292274,-34375.7801706455,1649.9433650857723,20908.35527609904,36238.53373549212,95619.37591214571,-5922.169336971099
CASE_R,10492,E2-P1-V-069,A-V-0492,SOL2_1_beam_0114,beam,P1,19,18,34375.7801706455,-1649.9433650857723,-20908.35527609904,-36238.53373549212,90464.98604513574,-8762.326612292274,-34375.7801706455,1649.9433650857723,20908.35527609904,36238.53373549212,95619.37591214571,-5922.169336971099
CASE_R,10493,E2-P1-V-074,A-V-0493,SOL2_1_beam_0115,beam,P1,18,646,445570.2059297419,-9949.115571281935,-42291.418259938575,-2820.8279876425268,264491.4890590131,-30543.92419154542,-445570.2059297419,9949.115571281935,42291.418259938575,2820.8279876425268,-65317.316998140246,-16312.079654632887
CASE_R,10494,E2-P1-V-073,A-V-0494,SOL2_1_beam_0116,beam,P1,18,646,445570.2059297419,-9949.115571281935,-42291.418259938575,-2820.8279876425268,264491.4890590131,-30543.92419154542,-445570.2059297419,9949.115571281935,42291.418259938575,2820.8279876425268,-65317.316998140246,-16312.079654632887
CASE_R,10495,E2-P1-V-086,A-V-0495,SOL2_1_beam_0118,beam,P1,647,129,75735.67191683245,-125340.62459514804,-44921.40151449009,-250790.07664963594,-128584.04378434521,-268672.6595015124,-75735.67191683245,125340.62459514804,44921.40151449009,250790.07664963594,339289.46139551327,-319241.9593343752
CASE_R,10496,E2-P1-V-085,A-V-0496,SOL2_1_beam_0119,beam,P1,646,24,890394.3973692829,5204.8023768100065,-84384.04208800678,-38855.124599591654,124261.61283767794,24243.75242396768,-890394.3973692829,-5204.8023768100065,84384.04208800678,38855.124599591654,321078.00539202034,3224.7670507474413
CASE_R,10497,E2-P1-V-063,A-V-0497,SOL2_1_beam_0120,beam,P1,18,642,697091.479209634,-12695.927453882756,133928.5687014215,-48010.4343963485,-500850.657358619,-30977.285056931934,-697091.479209634,12695.927453882756,-133928.5687014215,48010.4343963485,-210106.9767350817,-36418.83985321162
CASE_R,10498,E2-P1-V-064,A-V-0498,SOL2_1_beam_0121,beam,P1,18,644,3004.5548941327293,-8789.821568306508,-29848.878724895087,15647.016063083905,133195.902709512,-27516.847185595056,-3004.5548941327293,8789.821568306508,29848.878724895087,-15647.016063083905,7379.323934235217,-13879.38650583076
CASE_R,10499,E2-P1-V-051,A-V-0499,SOL2_1_beam_0122,beam,P1,642,17,336230.8785203164,-18433.39107892857,42232.47052519084,24707.909277095783,90000.85537879294,-42461.767843337875,-336230.8785203164,18433.39107892857,-42232.47052519084,-24707.909277095783,-288897.4092668467,-44351.480741842286
CASE_R,10500,E2-P1-V-052,A-V-0500,SOL2_1_beam_0123,beam,P1,642,17,336230.8785203164,-18433.39107892857,42232.47052519084,24707.909277095783,90000.85537879294,-42461.767843337875,-336230.8785203164,18433.39107892857,-42232.47052519084,-24707.909277095783,-288897.4092668467,-44351.480741842286
CASE_R,10501,E2-P1-V-054,A-V-0501,SOL2_1_beam_0124,beam,P1,20,645,2426.7553748080873,-5545.453119838676,-81975.89773899372,-33831.59512486706,427191.84178780456,-14438.500129362406,-2426.7553748080873,5545.453119838676,81975.89773899372,33831.59512486706,-41121.04461670597,-11678.170327455138
CASE_R,10502,E2-P1-V-053,A-V-0502,SOL2_1_beam_0125,beam,P1,20,645,2426.7553748080873,-5545.453119838676,-81975.89773899372,-33831.59512486706,427191.84178780456,-14438.500129362406,-2426.7553748080873,5545.453119838676,81975.89773899372,33831.59512486706,-41121.04461670597,-11678.170327455138
CASE_R,10503,E2-P1-V-066,A-V-0503,SOL2_1_beam_0126,beam,P1,643,19,13202.470029247934,-20730.356711395747,-67788.31840485445,-46119.13601924658,-35316.53002061174,-45938.66255097852,-13202.470029247934,20730.356711395747,67788.31840485445,46119.13601924658,354570.0038743238,-51692.2943760451
CASE_R,10504,E2-P1-V-065,A-V-0504,SOL2_1_beam_0127,beam,P1,643,19,13202.470029247934,-20730.356711395747,-67788.31840485445,-46119.13601924658,-35316.53002061174,-45938.66255097852,-13202.470029247934,20730.356711395747,67788.31840485445,46119.13601924658,354570.0038743238,-51692.2943760451
CASE_R,10505,E2-P1-V-058,A-V-0505,SOL2_1_beam_0129,beam,P1,645,637,-115016.96025843758,-28401.122047591914,-114488.16782694636,55815.600240478016,381924.08093569055,-104032.12183778902,115016.96025843758,28401.122047591914,114488.16782694636,-55815.600240478016,448115.13580967055,-101876.01300725238
CASE_R,10506,E2-P1-V-062,A-V-0506,SOL2_1_beam_0130,beam,P1,643,637,88159.36825062324,24242.41114335494,105727.75808482117,58032.51548679879,-326049.3054951603,85516.8304162403,-88159.36825062324,-24242.41114335494,-105727.75808482117,-58032.51548679879,-443097.4263848846,90841.50387138277
CASE_R,10507,E2-P1-V-040,A-V-0507,SOL2_1_beam_0131,beam,P1,635,649,11520.819393420745,-15412.002873583735,-55604.52724335582,74598.00426346569,343304.2432505161,-75952.71726493025,-11520.819393420745,15412.002873583735,55604.52724335582,-74598.00426346569,-112072.12975979794,11861.712912229443
CASE_R,10508,E2-P1-V-036,A-V-0508,SOL2_1_beam_0132,beam,P1,635,650,-76088.10657580306,34337.45750626111,119742.15349558005,-16452.45068012999,-350316.5592520896,94444.3061315808,76088.10657580306,-34337.45750626111,-119742.15349558005,16452.45068012999,-106499.75633354843,36553.09425480539
CASE_R,10509,E2-P1-V-044,A-V-0509,SOL2_1_beam_0133,beam,P1,651,20,-12357.16671511293,-14749.89975707794,-75308.76834335797,-52108.7019852634,-62396.15002927199,22585.10719493783,12357.16671511293,14749.89975707794,75308.76834335797,52108.7019852634,323191.839206264,-73664.28903602497
CASE_R,10510,E2-P1-V-043,A-V-0510,SOL2_1_beam_0134,beam,P1,652,20,-8628.170501635512,4450.012263392081,-33158.70636391067,48930.46205691525,-35880.05791584849,-36012.37234243877,8628.170501635512,-4450.012263392081,33158.70636391067,-48930.46205691525,150709.28522396306,51422.84897891879
CASE_R,10511,E2-P1-V-038,A-V-0511,SOL2_1_beam_0135,beam,P1,652,653,3685.82773427189,8981.236510795363,21325.22706391315,-31506.34284603532,-51854.78795266611,36012.372342438735,-3685.82773427189,-8981.236510795363,-21325.22706391315,31506.34284603532,-43788.855428984396,4268.4734084784795
CASE_R,10512,E2-P1-V-034,A-V-0512,SOL2_1_beam_0136,beam,P1,654,655,-10442.44598510129,4763.617928942333,-20755.104148851253,-5656.285323605579,178302.63311750063,4862.774473084211,10442.44598510129,-4763.617928942333,20755.104148851253,5656.285323605579,-91442.52225455813,15072.966559539454
CASE_R,10513,E2-P1-V-042,A-V-0513,SOL2_1_beam_0137,beam,P1,656,17,9266.774186844681,-2893.930116571495,-9922.463636088953,40076.35086612689,35110.13520360642,-38531.89069716136,-9266.774186844681,2893.930116571495,9922.463636088953,-40076.35086612689,-748.4559565218842,28510.155967145947
CASE_R,10514,E2-P1-V-041,A-V-0514,SOL2_1_beam_0138,beam,P1,657,17,167410.0583284015,-57701.05477848039,-156186.63651615297,-26263.466075259203,75419.15748632653,-94143.63020395297,-167410.0583284015,57701.05477848039,156186.63651615297,26263.466075259203,558869.753454169,-140185.88742910707
CASE_R,10515,E2-P1-V-023,A-V-0515,SOL2_1_beam_0139,beam,P1,657,658,113266.66056999279,14113.68592293401,54916.68230795527,34126.29963946052,1878.0950212758908,26598.4044779421,-113266.66056999279,-14113.68592293401,-54916.68230795527,-34126.29963946052,-207815.65367610817,26327.917733060443
CASE_R,10516,E2-P1-V-024,A-V-0516,SOL2_1_beam_0140,beam,P1,657,659,29356.370667225783,-20603.093690299214,14606.203951102349,51432.68558637547,16740.55006233364,-18901.822986841064,-29356.370667225783,20603.093690299214,-14606.203951102349,-51432.68558637547,-63577.296596201326,-47164.75257355597
CASE_R,10517,E2-P1-V-015,A-V-0517,SOL2_1_beam_0141,beam,P1,658,660,-70826.16433194808,22551.028044687184,21259.019531692364,-12651.285638497104,4961.439601308855,66254.23126916199,70826.16433194808,-22551.028044687184,-21259.019531692364,12651.285638497104,-98820.01083373064,33308.557548131925
CASE_R,10518,E2-P1-V-019,A-V-0518,SOL2_1_beam_0142,beam,P1,659,660,29301.120577720998,20681.593295837574,-12028.150048895832,-42491.34892781672,69870.44479179257,47164.75257355666,-29301.120577720998,-20681.593295837574,12028.150048895832,42491.34892781672,-23419.00470302505,32705.36777051446
CASE_R,10519,E2-P1-V-032,A-V-0519,SOL2_1_beam_0143,beam,P1,21,654,-14569.061905800807,-20942.420183012746,-6846.393305449494,-37528.65725489335,70364.27721690704,-20654.20347541241,14569.061905800807,20942.420183012746,6846.393305449494,37528.65725489335,-46655.0877061889,-51869.793727161195
CASE_R,10520,E2-P1-V-031,A-V-0520,SOL2_1_beam_0144,beam,P1,21,654,-14569.061905800807,-20942.420183012746,-6846.393305449494,-37528.65725489335,70364.27721690704,-20654.20347541241,14569.061905800807,20942.420183012746,6846.393305449494,37528.65725489335,-46655.0877061889,-51869.793727161195
CASE_R,10521,E2-P1-V-017,A-V-0521,SOL2_1_beam_0145,beam,P1,21,661,-5143.018462771255,-7383.6812007460085,70801.81752426653,50103.399849367095,-202272.4087818425,-9377.956418568408,5143.018462771255,7383.6812007460085,-70801.81752426653,-50103.399849367095,428.5463902768388,-11671.654796790104
CASE_R,10522,E2-P1-V-021,A-V-0522,SOL2_1_beam_0146,beam,P1,21,661,-5143.018462771255,-7383.6812007460085,70801.81752426653,50103.399849367095,-202272.4087818425,-9377.956418568408,5143.018462771255,7383.6812007460085,-70801.81752426653,-50103.399849367095,428.5463902768388,-11671.654796790104
CASE_R,10523,E2-P1-V-046,A-V-0523,SOL2_1_beam_0147,beam,P1,633,22,0.0,8.331880109757269e-10,-27139.30079999792,7396.592231587428,-85060.81066325534,6.92483001859381e-10,0.0,-8.331880109757269e-10,27139.30079999792,-7396.592231587428,179044.72265139228,2.1928628392213733e-09
CASE_R,10524,E2-P1-V-045,A-V-0524,SOL2_1_beam_0148,beam,P1,635,22,-26428.04243116015,-34162.70415943673,-130191.11711869424,33261.96523630363,-123963.66898941912,-96470.30685417716,26428.04243116015,34162.70415943673,130191.11711869424,-33261.96523630363,652682.2823952639,-42267.7113233923
CASE_R,10525,E2-P1-V-047,A-V-0525,SOL2_1_beam_0149,beam,P1,17,20,9812.518914650753,26879.456094134515,-27182.38003029229,-39999.888442003234,124116.29692647008,116820.88595522278,-9812.518914650753,-26879.456094134515,27182.38003029229,39999.888442003234,117806.88534313129,122406.27328257443
CASE_R,10526,E2-P1-V-049,A-V-0526,SOL2_1_beam_0150,beam,P1,17,20,9812.518914650753,26879.456094134515,-27182.38003029229,-39999.888442003234,124116.29692647008,116820.88595522278,-9812.518914650753,-26879.456094134515,27182.38003029229,39999.888442003234,117806.88534313129,122406.27328257443
CASE_R,10527,E2-P1-V-048,A-V-0527,SOL2_1_beam_0151,beam,P1,20,22,33679.02497821324,-18383.895205650984,-38271.443818718515,16227.489025707815,137379.94137760796,-81499.67739301303,-33679.02497821324,18383.895205650984,38271.443818718515,-16227.489025707815,140088.0263081013,-51783.56284795662
CASE_R,10528,E2-P1-V-050,A-V-0528,SOL2_1_beam_0152,beam,P1,20,22,33679.02497821324,-18383.895205650984,-38271.443818718515,16227.489025707815,137379.94137760796,-81499.67739301303,-33679.02497821324,18383.895205650984,38271.443818718515,-16227.489025707815,140088.0263081013,-51783.56284795662
CASE_R,10529,E2-P1-V-068,A-V-0529,SOL2_1_beam_0153,beam,P1,636,23,-114959.25795330982,-5243.992150192266,-169413.11522006447,-4696.566106757146,48010.54670820187,36.21041951805819,114959.25795330982,5243.992150192266,169413.11522006447,4696.566106757146,851316.2268782478,-27873.85767025778
CASE_R,10530,E2-P1-V-067,A-V-0530,SOL2_1_beam_0154,beam,P1,637,23,91136.44682672921,-15663.679577485607,-183001.80885483162,-13711.582888067222,98945.45353737491,-27240.83334487102,-91136.44682672921,15663.679577485607,183001.80885483162,13711.582888067222,872516.6797461999,-55909.55556459237
CASE_R,10531,E2-P1-V-006,A-V-0531,SOL2_1_beam_0155,beam,P1,281,662,3436.392995420611,-4286.654691413354,-14374.02217414126,-64948.04469956899,10025.155377249881,1490.6191397434104,-3436.392995420611,4286.654691413354,14374.02217414126,64948.04469956899,24227.55738025175,-11705.543679078231
CASE_R,10532,E2-P1-V-003,A-V-0532,SOL2_1_beam_0156,beam,P1,281,662,3436.392995420611,-4286.654691413354,-14374.02217414126,-64948.04469956899,10025.155377249881,1490.6191397434104,-3436.392995420611,4286.654691413354,14374.02217414126,64948.04469956899,24227.55738025175,-11705.543679078231
CASE_R,10533,E2-P1-V-005,A-V-0533,SOL2_1_beam_0157,beam,P1,662,663,12101.184544137774,4195.672345091958,9523.851744022708,-3216.222911280084,-66505.0732770972,10557.057545498636,-12101.184544137774,-4195.672345091958,-9523.851744022708,3216.222911280084,-6066.677012355831,21413.965724102076
CASE_R,10534,E2-P1-V-002,A-V-0534,SOL2_1_beam_0158,beam,P1,662,663,12101.184544137774,4195.672345091958,9523.851744022708,-3216.222911280084,-66505.0732770972,10557.057545498636,-12101.184544137774,-4195.672345091958,-9523.851744022708,3216.222911280084,-6066.677012355831,21413.965724102076
CASE_R,10535,E2-P1-V-004,A-V-0535,SOL2_1_beam_0159,beam,P1,663,282,513.4671366085407,-11287.299773904642,9735.54429577174,57330.24309641539,16545.412932359985,-27574.668814360768,-513.4671366085407,11287.299773904642,-9735.54429577174,-57330.24309641539,-42180.51901906192,-2146.4354552917066
CASE_R,10536,E2-P1-V-001,A-V-0536,SOL2_1_beam_0160,beam,P1,663,282,513.4671366085407,-11287.299773904642,9735.54429577174,57330.24309641539,16545.412932359985,-27574.668814360768,-513.4671366085407,11287.299773904642,-9735.54429577174,-57330.24309641539,-42180.51901906192,-2146.4354552917066
CASE_R,10537,E2-P1-V-011,A-V-0537,SOL2_1_beam_0161,beam,P1,662,661,-8775.135811448412,7328.682699870724,-40747.193768163765,28435.348921957684,61242.585714780595,1148.4861335786318,8775.135811448412,-7328.682699870724,40747.193768163765,-28435.348921957684,63636.096278243385,21311.86393401266
CASE_R,10538,E2-P1-V-010,A-V-0538,SOL2_1_beam_0162,beam,P1,662,661,-8775.135811448412,7328.682699870724,-40747.193768163765,28435.348921957684,61242.585714780595,1148.4861335786318,8775.135811448412,-7328.682699870724,40747.193768163765,-28435.348921957684,63636.096278243385,21311.86393401266
CASE_R,10539,E2-P1-V-018,A-V-0539,SOL2_1_beam_0163,beam,P1,661,664,7630.01994169262,263.4061019802688,17203.10081220454,-32487.321156144986,-34446.43288919103,-19280.418274446023,-7630.01994169262,-263.4061019802688,-17203.10081220454,32487.321156144986,-36344.32695303066,20364.33438409483
CASE_R,10540,E2-P1-V-022,A-V-0540,SOL2_1_beam_0164,beam,P1,665,634,26442.50707535502,3083.2096799953606,-12646.10746647151,-5704.200300268558,5757.693059017754,17077.624229015786,-26442.50707535502,-3083.2096799953606,12646.10746647151,5704.200300268558,42487.20692557108,-5315.17929983348
CASE_R,10541,E2-P1-V-028,A-V-0541,SOL2_1_beam_0165,beam,P1,665,650,1541.6048399946328,-13221.253537678393,-18406.656516764364,2878.8465295087585,2852.100150134349,-8538.812114507899,-1541.6048399946328,13221.253537678393,18406.656516764364,-2878.8465295087585,55128.8678776734,-33108.13652917904
CASE_R,10542,E2-P1-V-027,A-V-0542,SOL2_1_beam_0166,beam,P1,665,650,1541.6048399946328,-13221.253537678393,-18406.656516764364,2878.8465295087585,2852.100150134349,-8538.812114507899,-1541.6048399946328,13221.253537678393,18406.656516764364,-2878.8465295087585,55128.8678776734,-33108.13652917904
CASE_R,10543,E2-P1-V-039,A-V-0543,SOL2_1_beam_0167,beam,P1,649,651,13623.952197931038,-13588.489194147416,-70603.86764335597,57647.42034405628,121662.6460203163,-11861.712912229912,-13623.952197931038,13588.489194147416,70603.86764335597,-57647.42034405628,57318.15845559112,-22585.107194933786
CASE_R,10544,E2-P1-V-035,A-V-0544,SOL2_1_beam_0168,beam,P1,650,654,-49645.59950044799,37420.667186256665,38642.47516205103,93805.28507521669,112257.4493925653,29663.178803552728,49645.59950044799,-37420.667186256665,-38642.47516205103,-93805.28507521669,-244994.35157421054,98876.81298123888
CASE_R,10545,E2-P1-V-009,A-V-0545,SOL2_1_beam_0169,beam,P1,663,660,16654.201197601225,-11301.070858227957,-16819.173601748324,-9895.57507901156,61384.35983293396,6160.703090258783,-16654.201197601225,11301.070858227957,16819.173601748324,9895.57507901156,-9838.325925705125,-40795.304970202604
CASE_R,10546,E2-P1-V-008,A-V-0546,SOL2_1_beam_0170,beam,P1,663,660,16654.201197601225,-11301.070858227957,-16819.173601748324,-9895.57507901156,61384.35983293396,6160.703090258783,-16654.201197601225,11301.070858227957,16819.173601748324,9895.57507901156,-9838.325925705125,-40795.304970202604
CASE_R,10547,E2-P1-V-026,A-V-0547,SOL2_1_beam_0171,beam,P1,666,655,14101.020914512676,-22000.262070338296,5631.29189587879,37926.22045190992,11720.119149594379,-27271.323718779415,-14101.020914512676,22000.262070338296,-5631.29189587879,-37926.22045190992,-29458.688621612568,-42029.501802786224
CASE_R,10548,E2-P1-V-025,A-V-0548,SOL2_1_beam_0172,beam,P1,666,655,14101.020914512676,-22000.262070338296,5631.29189587879,37926.22045190992,11720.119149594379,-27271.323718779415,-14101.020914512676,22000.262070338296,-5631.29189587879,-37926.22045190992,-29458.688621612568,-42029.501802786224
CASE_R,10549,E2-P1-V-016,A-V-0549,SOL2_1_beam_0173,beam,P1,660,21,-71747.8586894146,12132.174518456652,-88672.00032069918,-45003.58007843685,130562.83985708855,15576.684621756973,71747.8586894146,-12132.174518456652,88672.00032069918,45003.58007843685,294565.76976822317,42589.75423277639
CASE_R,10550,E2-P1-V-020,A-V-0550,SOL2_1_beam_0174,beam,P1,666,21,45784.63732014957,25202.544979557308,-53096.924591756404,-18325.54589864027,77247.73090587893,54542.64743755868,-45784.63732014957,-25202.544979557308,53096.924591756404,18325.54589864027,161424.12637529403,58743.35292369628
CASE_R,10551,E2-P1-V-037,A-V-0551,SOL2_1_beam_0175,beam,P1,653,656,3685.827734277104,8981.236510794943,-215.3579360869534,-31506.342846035328,43788.855428984614,-4268.473408478618,-3685.827734277104,-8981.236510794943,215.3579360869534,31506.342846035328,-42967.26490281289,38531.89069716132
CASE_R,10552,E2-P1-V-033,A-V-0552,SOL2_1_beam_0176,beam,P1,655,657,33558.07815557626,32965.6597579818,-60835.83905709432,-64573.662566830455,167294.96315837654,68986.03704603174,-33558.07815557626,-32965.6597579818,60835.83905709432,64573.662566830455,119546.0179958232,86447.04871285247
CASE_R,10553,E2-P1-V-014,A-V-0553,SOL2_1_beam_0177,beam,P1,667,632,0.0,-1.0408340855860846e-11,-4429.212899996893,-0.0,-2.6539055397734046e-09,5.551115123125783e-12,0.0,1.0408340855860846e-11,4429.212899996893,0.0,7086.740639997683,-2.2204460492503137e-11
CASE_R,10554,E2-P1-V-012,A-V-0554,SOL2_1_beam_0178,beam,P1,277,664,90.55097700025404,-7634.028268599767,10755.162587793544,37070.70649184189,-639.335087565225,-2558.897095806222,-90.55097700025404,7634.028268599767,-10755.162587793544,-37070.70649184189,-31655.94506197832,-20364.33438409495
CASE_R,10555,E2-P1-V-013,A-V-0555,SOL2_1_beam_0179,beam,P1,658,668,0.0,5.204170427930421e-12,4429.212900000424,-0.0,-7086.740640000347,-1.207367539279858e-10,0.0,-5.204170427930421e-12,-4429.212900000424,0.0,-3.319655661471188e-10,1.2906342661267447e-10
CASE_R,10556,E2-P1-V-007,A-V-0556,SOL2_1_beam_0180,beam,P1,658,276,100834.15166195376,-35750.595105209606,-11773.571623736978,-15267.493710876932,203771.94031111366,-92582.14900222393,-100834.15166195376,35750.595105209606,11773.571623736978,15267.493710876932,-167570.88017180839,-17342.815552317807
CASE_R,10557,E2-P2-V-030,A-V-0557,SOL2_2_beam_0181,beam,P2,669,670,0.0,6.674539372776211e-10,-17998.863300002435,2.9473810407664577e-11,-7086.74064000159,1.8580284182232517e-10,0.0,-6.674539372776211e-10,17998.863300002435,-2.9473810407664577e-11,85381.79599501217,2.717621785335326e-09
CASE_R,10558,E2-P2-V-029,A-V-0558,SOL2_2_beam_0182,beam,P2,671,672,-5610.787729283727,41974.477894852134,-39878.82106474386,42744.60523122064,-5772.528977845563,7276.013014279277,5610.787729283727,-41974.477894852134,39878.82106474386,-42744.60523122064,131390.81533178873,124943.59235450493
CASE_R,10559,E2-P2-V-056,A-V-0559,SOL2_2_beam_0183,beam,P2,30,673,39768.820557757004,3166.630999466103,-192724.4912835169,2313.2414732864213,951403.083947765,40693.3504769688,-39768.820557757004,-3166.630999466103,192724.4912835169,-2313.2414732864213,-43754.61608805624,-25779.896790824416
CASE_R,10560,E2-P2-V-055,A-V-0560,SOL2_2_beam_0184,beam,P2,30,674,341166.8518959977,56106.110676031145,-212144.83041544165,-4491.153404935105,982249.5372835677,149974.8591831716,-341166.8518959977,-56106.110676031145,212144.83041544165,4491.153404935105,16860.274907706073,114260.50111544106
CASE_R,10561,E2-P2-V-078,A-V-0561,SOL2_2_beam_0185,beam,P2,31,675,236194.87120701256,-5322.281706654482,44031.96329402396,-13825.705754017235,-216314.62113308528,11579.144521962695,-236194.87120701256,5322.281706654482,-44031.96329402396,13825.705754017235,-17428.34163843948,-39832.39061301193
CASE_R,10562,E2-P2-V-077,A-V-0562,SOL2_2_beam_0186,beam,P2,31,676,362202.6702945971,68588.7050069064,44718.43962622242,-2740.801307057836,-223878.25671215839,162235.28776305483,-362202.6702945971,-68588.7050069064,-44718.43962622242,2740.801307057836,13273.870411780052,160787.65860662947
CASE_R,10563,E2-P2-V-072,A-V-0563,SOL2_2_beam_0187,beam,P2,31,27,-1079.1231704623337,-19427.370353243943,-27441.11919539848,37081.5427860476,104444.7113872206,-68617.65516258587,1079.1231704623337,19427.370353243943,27441.11919539848,-37081.5427860476,94503.4027794184,-72230.77989843272
CASE_R,10564,E2-P2-V-070,A-V-0564,SOL2_2_beam_0188,beam,P2,31,27,-1079.1231704623337,-19427.370353243943,-27441.11919539848,37081.5427860476,104444.7113872206,-68617.65516258587,1079.1231704623337,19427.370353243943,27441.11919539848,-37081.5427860476,94503.4027794184,-72230.77989843272
CASE_R,10565,E2-P2-V-076,A-V-0565,SOL2_2_beam_0189,beam,P2,27,677,-119028.31688729936,55754.41390418662,-23440.803428181785,-5251.5128657414125,115967.44004930745,136463.83297810284,119028.31688729936,-55754.41390418662,23440.803428181785,5251.5128657414125,-5571.4588468421425,126115.18860616208
CASE_R,10566,E2-P2-V-075,A-V-0566,SOL2_2_beam_0190,beam,P2,27,678,-568999.549503041,32870.18123139456,-45702.1700164849,93825.48568529339,204088.91609933652,111451.58293891707,568999.549503041,-32870.18123139456,45702.1700164849,-93825.48568529339,11148.4121564846,43352.66344540275
CASE_R,10567,E2-P2-V-061,A-V-0567,SOL2_2_beam_0192,beam,P2,680,681,94879.32216604256,19969.3930524108,38873.94942835139,21911.743217195348,-308288.905744254,87067.4676049336,-94879.32216604256,-19969.3930524108,-38873.94942835139,-21911.743217195348,-14364.874511062575,78678.49473007604
CASE_R,10568,E2-P2-V-057,A-V-0568,SOL2_2_beam_0193,beam,P2,682,679,-151311.5523900313,34431.34561708886,-46134.93182202661,-37667.46554382795,301090.3303779962,156073.59865278497,151311.5523900313,-34431.34561708886,46134.93182202661,37667.46554382795,109510.56283804058,150365.37733930588
CASE_R,10569,E2-P2-V-083,A-V-0569,SOL2_2_beam_0195,beam,P2,678,684,22073.6762370669,5660.6039627177115,-38406.24439854887,19873.241041076682,161940.3444008148,11032.092978713845,-22073.6762370669,-5660.6039627177115,38406.24439854887,-19873.241041076682,157663.30531156546,36073.52003793663
CASE_R,10570,E2-P2-V-080,A-V-0570,SOL2_2_beam_0196,beam,P2,678,683,-137072.23957553506,-3748.5073797045497,-25789.60321526482,-99465.39617036379,21651.939575357945,-27613.362059879197,137072.23957553506,3748.5073797045497,25789.60321526482,99465.39617036379,207875.52904049895,-5748.353619491296
CASE_R,10571,E2-P2-V-081,A-V-0571,SOL2_2_beam_0197,beam,P2,677,676,-179.1486453018995,-32714.473584603264,1123.4106149405345,752.2183770743181,-1326.5422824589364,-113897.05787978687,179.1486453018995,32714.473584603264,-1123.4106149405345,-752.2183770743181,-6144.138306895619,-103654.19145782485
CASE_R,10572,E2-P2-V-084,A-V-0572,SOL2_2_beam_0198,beam,P2,677,676,-179.1486453018995,-32714.473584603264,1123.4106149405345,752.2183770743181,-1326.5422824589364,-113897.05787978687,179.1486453018995,32714.473584603264,-1123.4106149405345,-752.2183770743181,-6144.138306895619,-103654.19145782485
CASE_R,10573,E2-P2-V-088,A-V-0573,SOL2_2_beam_0199,beam,P2,677,128,-188817.0215019872,44145.823134960694,-25687.624658088334,-8331.119259574494,3533.1209766448155,101678.92715341237,188817.0215019872,-44145.823134960694,25687.624658088334,8331.119259574494,132363.6903137511,131868.4200880516
CASE_R,10574,E2-P2-V-087,A-V-0574,SOL2_2_beam_0200,beam,P2,678,128,-571104.3321290395,5224.108483741062,18493.677597343776,-101103.21286537722,-99692.4362116117,-26771.394364233784,571104.3321290395,-5224.108483741062,-18493.677597343776,101103.21286537722,1477.3896175573027,54515.257392143234
CASE_R,10575,E2-P2-V-090,A-V-0575,SOL2_2_beam_0201,beam,P2,675,132,235838.33824854883,14022.199517618408,44031.96329401907,-15205.417466320474,16238.61174909302,39832.390613011674,-235838.33824854883,-14022.199517618408,-44031.96329401907,15205.417466320474,-222770.9662297716,25938.87336705571
CASE_R,10576,E2-P2-V-089,A-V-0576,SOL2_2_beam_0202,beam,P2,676,132,433570.0107902921,5774.168794713663,46965.26085608808,-16851.539208457412,-10083.087486194243,46520.72430901916,-433570.0107902921,-5774.168794713663,-46965.26085608808,16851.539208457412,-239341.2816342424,-15855.113545576067
CASE_R,10577,E2-P2-V-071,A-V-0577,SOL2_2_beam_0203,beam,P2,27,26,44171.557375950164,9018.852658034048,-16643.17117109977,-35854.665342336484,70682.36077922874,44323.722781848446,-44171.557375950164,-9018.852658034048,16643.17117109977,35854.665342336484,77441.86264355923,35944.06587465457
CASE_R,10578,E2-P2-V-069,A-V-0578,SOL2_2_beam_0204,beam,P2,27,26,44171.557375950164,9018.852658034048,-16643.17117109977,-35854.665342336484,70682.36077922874,44323.722781848446,-44171.557375950164,-9018.852658034048,16643.17117109977,35854.665342336484,77441.86264355923,35944.06587465457
CASE_R,10579,E2-P2-V-074,A-V-0579,SOL2_2_beam_0205,beam,P2,26,683,1351518.223157761,51254.13281386645,-141643.06032674163,32717.417876604235,799026.5227885976,126164.03857781037,-1351518.223157761,-51254.13281386645,141643.06032674163,-32717.417876604235,-131949.36081337277,115220.6178826252
CASE_R,10580,E2-P2-V-073,A-V-0580,SOL2_2_beam_0206,beam,P2,26,683,1351518.223157761,51254.13281386645,-141643.06032674163,32717.417876604235,799026.5227885976,126164.03857781037,-1351518.223157761,-51254.13281386645,141643.06032674163,-32717.417876604235,-131949.36081337277,115220.6178826252
CASE_R,10581,E2-P2-V-086,A-V-0581,SOL2_2_beam_0208,beam,P2,684,130,7787.845997078138,-21415.86035093756,-38406.244398553565,-154971.15146929244,-35165.40577795269,-36073.52003793308,-7787.845997078138,21415.86035093756,38406.244398553565,154971.15146929244,215311.24922995368,-64378.32800361118
CASE_R,10582,E2-P2-V-085,A-V-0582,SOL2_2_beam_0209,beam,P2,683,32,2699781.0521445405,-86419.59565437876,-309075.723868748,-105171.91155279346,365228.9857224652,-224692.88214578488,-2699781.0521445405,86419.59565437876,309075.723868748,105171.91155279346,1265928.5348929013,-231389.4384444944
CASE_R,10583,E2-P2-V-063,A-V-0583,SOL2_2_beam_0210,beam,P2,26,679,1303522.5192584204,-33281.90408161333,278110.6845343,-44466.90968547931,-1127426.5790427187,-98100.2057723268,-1303522.5192584204,33281.90408161333,-278110.6845343,44466.90968547931,-348919.47773842013,-78576.24207913259
CASE_R,10584,E2-P2-V-064,A-V-0584,SOL2_2_beam_0211,beam,P2,26,681,22412.018331180036,-37631.1228099675,-38873.949428345586,15731.482063538971,162127.18380553205,-98547.71422154552,-22412.018331180036,37631.1228099675,38873.949428345586,-15731.482063538971,20952.19756062534,-78678.49473007604
CASE_R,10585,E2-P2-V-051,A-V-0585,SOL2_2_beam_0212,beam,P2,679,25,636687.2450893329,-14910.151574460928,115987.87635613482,12836.361767799182,155223.63090671797,-35894.5676300862,-636687.2450893329,14910.151574460928,-115987.87635613482,-12836.361767799182,-701476.043165393,-34325.75642933413
CASE_R,10586,E2-P2-V-052,A-V-0586,SOL2_2_beam_0213,beam,P2,679,25,636687.2450893329,-14910.151574460928,115987.87635613482,12836.361767799182,155223.63090671797,-35894.5676300862,-636687.2450893329,14910.151574460928,-115987.87635613482,-12836.361767799182,-701476.043165393,-34325.75642933413
CASE_R,10587,E2-P2-V-054,A-V-0587,SOL2_2_beam_0214,beam,P2,28,682,-2436.2354351893055,610.7651396227631,-85896.9578619634,-38637.327587507774,447260.6674766509,4912.443625769793,2436.2354351893055,-610.7651396227631,85896.9578619634,38637.327587507774,-42723.38382375031,-2036.005662391266
CASE_R,10588,E2-P2-V-053,A-V-0588,SOL2_2_beam_0215,beam,P2,28,682,-2436.2354351893055,610.7651396227631,-85896.9578619634,-38637.327587507774,447260.6674766509,4912.443625769793,2436.2354351893055,-610.7651396227631,85896.9578619634,38637.327587507774,-42723.38382375031,-2036.005662391266
CASE_R,10589,E2-P2-V-066,A-V-0589,SOL2_2_beam_0216,beam,P2,680,27,-7000.385890054189,-18517.990867115655,-88809.82222298301,-67963.61015728953,-47201.246958820906,-34196.804978432665,7000.385890054189,18517.990867115655,88809.82222298301,67963.61015728953,465456.85388633434,-53014.87178584333
CASE_R,10590,E2-P2-V-065,A-V-0590,SOL2_2_beam_0217,beam,P2,680,27,-7000.385890054189,-18517.990867115655,-88809.82222298301,-67963.61015728953,-47201.246958820906,-34196.804978432665,7000.385890054189,18517.990867115655,88809.82222298301,67963.61015728953,465456.85388633434,-53014.87178584333
CASE_R,10591,E2-P2-V-058,A-V-0591,SOL2_2_beam_0219,beam,P2,682,674,-145713.661483274,-39233.27559660413,-125658.98390188957,52528.174251368066,372765.0748544083,-152001.58732800235,145713.661483274,39233.27559660413,125658.98390188957,-52528.174251368066,538262.5584342912,-132439.66074737758
CASE_R,10592,E2-P2-V-062,A-V-0592,SOL2_2_beam_0220,beam,P2,680,674,132968.91589431366,-2619.5035314147926,138745.69501760934,88237.24336403144,-446726.1265600096,-18673.857648068457,-132968.91589431366,2619.5035314147926,-138745.69501760934,-88237.24336403144,-562619.0049200867,-382.4679265223149
CASE_R,10593,E2-P2-V-040,A-V-0593,SOL2_2_beam_0221,beam,P2,672,686,545.9979139458746,-27520.523715443753,-54199.86406987916,68552.00275002867,342399.20816960855,-130780.73157652604,-545.9979139458746,27520.523715443753,54199.86406987916,-68552.00275002867,-117008.4038392771,16336.293711911698
CASE_R,10594,E2-P2-V-036,A-V-0594,SOL2_2_beam_0222,beam,P2,672,687,-102050.89941882309,57758.505722757436,124873.77129131905,-17001.75380104055,-356289.1077636168,156226.30604964518,102050.89941882309,-57758.505722757436,-124873.77129131905,17001.75380104055,-120104.32971276555,64122.39328267456
CASE_R,10595,E2-P2-V-044,A-V-0595,SOL2_2_beam_0223,beam,P2,688,28,-26660.9170004786,-6846.374514390907,-73904.10516987424,-45144.04057462911,-55070.306393220875,52498.55489323182,26660.9170004786,6846.374514390907,73904.10516987424,45144.04057462911,311001.62043238024,-76207.67933015866
CASE_R,10596,E2-P2-V-043,A-V-0596,SOL2_2_beam_0224,beam,P2,689,28,-11327.262668586865,6654.767295885278,-26869.966098165714,24991.89575645539,-8573.183737029321,-47291.99142400039,11327.262668586865,-6654.767295885278,26869.966098165714,-24991.89575645539,101624.38455847508,70337.57643914795
CASE_R,10597,E2-P2-V-038,A-V-0597,SOL2_2_beam_0225,beam,P2,689,690,5648.4728657070655,11861.178761437079,15036.486798166205,-6375.915267275713,-25640.632546700457,47291.99142400068,-5648.4728657070655,-11861.178761437079,-15036.486798166205,6375.915267275713,-41798.01074307498,5905.395321044638
CASE_R,10598,E2-P2-V-034,A-V-0598,SOL2_2_beam_0226,beam,P2,691,692,6326.429256949725,750.6733740288843,-29596.395248370714,-10651.239166288642,219092.09387201437,-10903.149464774377,-6326.429256949725,-750.6733740288843,29596.395248370714,10651.239166288642,-95231.17975758293,14044.717535085258
CASE_R,10599,E2-P2-V-042,A-V-0599,SOL2_2_beam_0227,beam,P2,693,25,12305.912743385605,-4599.708564413038,-16211.203901839219,16368.679865786184,7823.338876971728,-51155.79229592639,-12305.912743385605,4599.708564413038,16211.203901839219,-16368.679865786184,48316.366856800014,35226.91453762733
CASE_R,10600,E2-P2-V-041,A-V-0600,SOL2_2_beam_0228,beam,P2,694,25,198618.6609272181,-63988.095686646644,-235028.0973415996,-38699.13223179052,-11106.534350419883,-92968.54965113068,-198618.6609272181,63988.095686646644,235028.0973415996,38699.13223179052,965578.1794825081,-166893.24410765726
CASE_R,10601,E2-P2-V-023,A-V-0601,SOL2_2_beam_0229,beam,P2,694,695,155788.99006251313,18036.86426687624,120218.18801583057,46363.8255017089,-103114.9509847121,30470.680977889417,-155788.99006251313,-18036.86426687624,-120218.18801583057,-46363.8255017089,-347703.25407465256,37167.56002289648
CASE_R,10602,E2-P2-V-024,A-V-0602,SOL2_2_beam_0230,beam,P2,694,696,21232.56365793994,-15587.224224662803,19282.107974316303,56920.810417831744,23072.814789230797,-13308.731817838547,-21232.56365793994,15587.224224662803,-19282.107974316303,-56920.810417831744,-84903.4729708566,-36673.787433646765
CASE_R,10603,E2-P2-V-015,A-V-0603,SOL2_2_beam_0231,beam,P2,695,697,-90034.89599080107,20518.005974457854,13400.54616461734,-27006.053064632346,14320.446262198377,63827.52140365687,90034.89599080107,-20518.005974457854,-13400.54616461734,27006.053064632346,-73483.85757898394,26759.474973574554
CASE_R,10604,E2-P2-V-019,A-V-0604,SOL2_2_beam_0232,beam,P2,696,697,21838.020968403678,14726.987427827034,-7352.246025680287,-60714.502670492926,82233.372462828,36673.787433638725,-21838.020968403678,-14726.987427827034,7352.246025680287,60714.502670492926,-53839.77790411045,20200.27644242163
CASE_R,10605,E2-P2-V-032,A-V-0605,SOL2_2_beam_0233,beam,P2,29,691,-28315.37870476219,-35788.921077261024,-14201.47965221907,-35391.06094154226,97052.30609242545,-40260.54577981536,28315.37870476219,35788.921077261024,14201.47965221907,35391.06094154226,-47872.313447383654,-83677.164828998
CASE_R,10606,E2-P2-V-031,A-V-0606,SOL2_2_beam_0234,beam,P2,29,691,-28315.37870476219,-35788.921077261024,-14201.47965221907,-35391.06094154226,97052.30609242545,-40260.54577981536,28315.37870476219,35788.921077261024,14201.47965221907,35391.06094154226,-47872.313447383654,-83677.164828998
CASE_R,10607,E2-P2-V-017,A-V-0607,SOL2_2_beam_0235,beam,P2,29,698,1305.5633971348252,-4053.6527684438806,76041.36929007147,53719.53357908365,-226053.59196750453,-785.8982058439906,-1305.5633971348252,4053.6527684438806,-76041.36929007147,-53719.53357908365,9272.664362208365,-10770.371960476885
CASE_R,10608,E2-P2-V-021,A-V-0608,SOL2_2_beam_0236,beam,P2,29,698,1305.5633971348252,-4053.6527684438806,76041.36929007147,53719.53357908365,-226053.59196750453,-785.8982058439906,-1305.5633971348252,4053.6527684438806,-76041.36929007147,-53719.53357908365,9272.664362208365,-10770.371960476885
CASE_R,10609,E2-P2-V-046,A-V-0609,SOL2_2_beam_0237,beam,P2,670,30,1.9235638940538365e-08,1.8352354588425342e-09,-27139.300800002417,7396.592231589168,-85060.81066327539,-2.700683707251587e-09,-1.9235638940538365e-08,-1.8352354588425342e-09,27139.300800002417,-7396.592231589168,179044.7226514279,9.056138813205462e-09
CASE_R,10610,E2-P2-V-045,A-V-0610,SOL2_2_beam_0238,beam,P2,672,30,-40221.267882004344,-52738.29147226999,-137464.6618861861,40588.464138948904,-133322.6324844499,-150389.16682761995,40221.267882004344,52738.29147226999,137464.6618861861,-40588.464138948904,691579.808805517,-63786.09303431449
CASE_R,10611,E2-P2-V-047,A-V-0611,SOL2_2_beam_0239,beam,P2,25,28,15753.226759489833,35498.679202970954,-26760.184899101005,-8819.068083053771,122629.65342015677,153691.65483988382,-15753.226759489833,-35498.679202970954,26760.184899101005,8819.068083053771,115535.99218184219,162246.59006655766
CASE_R,10612,E2-P2-V-049,A-V-0612,SOL2_2_beam_0240,beam,P2,25,28,15753.226759489833,35498.679202970954,-26760.184899101005,-8819.068083053771,122629.65342015677,153691.65483988382,-15753.226759489833,-35498.679202970954,26760.184899101005,8819.068083053771,115535.99218184219,162246.59006655766
CASE_R,10613,E2-P2-V-048,A-V-0613,SOL2_2_beam_0241,beam,P2,28,30,36155.69537625751,-27352.495201723825,-38285.01178863233,5269.788398443194,135954.9755684747,-118276.85560893298,-36155.69537625751,27352.495201723825,38285.01178863233,-5269.788398443194,141611.35989910967,-80028.73460356478
CASE_R,10614,E2-P2-V-050,A-V-0614,SOL2_2_beam_0242,beam,P2,28,30,36155.69537625751,-27352.495201723825,-38285.01178863233,5269.788398443194,135954.9755684747,-118276.85560893298,-36155.69537625751,27352.495201723825,38285.01178863233,-5269.788398443194,141611.35989910967,-80028.73460356478
CASE_R,10615,E2-P2-V-068,A-V-0615,SOL2_2_beam_0243,beam,P2,673,31,39101.4758323961,7915.884546116196,-192724.49128350947,-2953.891232021056,43716.038723973325,25779.89679082472,-39101.4758323961,-7915.884546116196,192724.49128350947,2953.891232021056,979358.7964913875,16241.44789488105
CASE_R,10616,E2-P2-V-067,A-V-0616,SOL2_2_beam_0244,beam,P2,674,31,375528.2660503013,55.80256924310745,-199058.11929971806,-30835.75727815789,79391.42021800892,18561.627558459633,-375528.2660503013,-55.80256924310745,199058.11929971806,30835.75727815789,977305.3765645813,-18265.40052497377
CASE_R,10617,E2-P2-V-006,A-V-0617,SOL2_2_beam_0245,beam,P2,301,699,2204.7150238462054,-5001.217848390161,-17442.99606154539,-61104.774138726745,22217.593107233253,913.1377851427442,-2204.7150238462054,5001.217848390161,17442.99606154539,61104.774138726745,19348.360144264414,-12830.837390947945
CASE_R,10618,E2-P2-V-003,A-V-0618,SOL2_2_beam_0246,beam,P2,301,699,2204.7150238462054,-5001.217848390161,-17442.99606154539,-61104.774138726745,22217.593107233253,913.1377851427442,-2204.7150238462054,5001.217848390161,17442.99606154539,61104.774138726745,19348.360144264414,-12830.837390947945
CASE_R,10619,E2-P2-V-005,A-V-0619,SOL2_2_beam_0247,beam,P2,699,700,9625.755662742336,3281.4384032805383,8551.585543529776,-351.3161212938078,-63702.86026603212,9453.270856911733,-9625.755662742336,-3281.4384032805383,-8551.585543529776,351.3161212938078,-1460.2215756647565,15551.289776085965
CASE_R,10620,E2-P2-V-002,A-V-0620,SOL2_2_beam_0248,beam,P2,699,700,9625.755662742336,3281.4384032805383,8551.585543529776,-351.3161212938078,-63702.86026603212,9453.270856911733,-9625.755662742336,-3281.4384032805383,-8551.585543529776,351.3161212938078,-1460.2215756647565,15551.289776085965
CASE_R,10621,E2-P2-V-004,A-V-0621,SOL2_2_beam_0249,beam,P2,700,302,-2189.3527379057086,-6418.236655003003,8335.99023100477,76723.00377682528,15154.909389167377,-13895.09826947374,2189.3527379057086,6418.236655003003,-8335.99023100477,-76723.00377682528,-37104.78578203922,-3005.053642116779
CASE_R,10622,E2-P2-V-001,A-V-0622,SOL2_2_beam_0250,beam,P2,700,302,-2189.3527379057086,-6418.236655003003,8335.99023100477,76723.00377682528,15154.909389167377,-13895.09826947374,2189.3527379057086,6418.236655003003,-8335.99023100477,-76723.00377682528,-37104.78578203922,-3005.053642116779
CASE_R,10623,E2-P2-V-011,A-V-0623,SOL2_2_beam_0251,beam,P2,699,698,-8593.568184354672,5996.548735139727,-42843.90145507481,30977.893053272954,61157.53793038589,3377.566534031809,8593.568184354672,-5996.548735139727,42843.90145507481,-30977.893053272954,70146.96307623279,15000.167815278452
CASE_R,10624,E2-P2-V-010,A-V-0624,SOL2_2_beam_0252,beam,P2,699,698,-8593.568184354672,5996.548735139727,-42843.90145507481,30977.893053272954,61157.53793038589,3377.566534031809,8593.568184354672,-5996.548735139727,42843.90145507481,-30977.893053272954,70146.96307623279,15000.167815278452
CASE_R,10625,E2-P2-V-018,A-V-0625,SOL2_2_beam_0253,beam,P2,698,701,17067.6999461734,8143.094733791168,23488.788969992645,-36890.797645090315,-55061.37910620573,-8459.591709596494,-17067.6999461734,-8143.094733791168,-23488.788969992645,36890.797645090315,-41594.98750531401,41968.426539147156
CASE_R,10626,E2-P2-V-022,A-V-0626,SOL2_2_beam_0254,beam,P2,702,671,41974.477894852804,5610.78772923408,-13383.37126475071,-5772.528977845781,8312.95614380301,28681.168201307548,-41974.477894852804,-5610.78772923408,13383.37126475071,5772.528977845781,42744.60523122097,-7276.013014279524
CASE_R,10627,E2-P2-V-028,A-V-0627,SOL2_2_beam_0255,beam,P2,702,687,2805.393864599569,-20987.23894742925,-18038.024617624757,4156.478071901315,2886.2644889229487,-14340.584100653929,-2805.393864599569,20987.23894742925,18038.024617624757,-4156.478071901315,53933.51305659504,-51769.2185837482
CASE_R,10628,E2-P2-V-027,A-V-0628,SOL2_2_beam_0256,beam,P2,702,687,2805.393864599569,-20987.23894742925,-18038.024617624757,4156.478071901315,2886.2644889229487,-14340.584100653929,-2805.393864599569,20987.23894742925,18038.024617624757,-4156.478071901315,53933.51305659504,-51769.2185837482
CASE_R,10629,E2-P2-V-039,A-V-0629,SOL2_2_beam_0257,beam,P2,686,688,4511.011161538433,-27153.786432010307,-69199.20446988841,50952.463517154174,125674.93827962899,-16336.293711911094,-4511.011161538433,27153.786432010307,69199.20446988841,-50952.463517154174,49745.04505153814,-52498.55489323504
CASE_R,10630,E2-P2-V-035,A-V-0630,SOL2_2_beam_0258,beam,P2,687,691,-60076.42152397501,63369.293451991936,44511.3567560695,90865.27231214935,128417.28585656823,39416.04388482189,60076.42152397501,-63369.293451991936,-44511.3567560695,-90865.27231214935,-281313.7963136669,178257.47912277037
CASE_R,10631,E2-P2-V-009,A-V-0631,SOL2_2_beam_0259,beam,P2,700,697,10590.00550862289,-11550.933201494896,-16391.885737474582,-12496.258998611136,77450.09594819846,-1656.1915066177353,-10590.00550862289,11550.933201494896,16391.885737474582,12496.258998611136,-27213.579099388728,-33744.16814021414
CASE_R,10632,E2-P2-V-008,A-V-0632,SOL2_2_beam_0260,beam,P2,700,697,10590.00550862289,-11550.933201494896,-16391.885737474582,-12496.258998611136,77450.09594819846,-1656.1915066177353,-10590.00550862289,11550.933201494896,16391.885737474582,12496.258998611136,-27213.579099388728,-33744.16814021414
CASE_R,10633,E2-P2-V-026,A-V-0633,SOL2_2_beam_0261,beam,P2,703,692,14161.111628187482,-20783.301504249957,5619.911898458347,44517.164100818234,15554.282588728765,-27808.98741003745,-14161.111628187482,20783.301504249957,-5619.911898458347,-44517.164100818234,-33257.00506887256,-37658.41232834992
CASE_R,10634,E2-P2-V-025,A-V-0634,SOL2_2_beam_0262,beam,P2,703,692,14161.111628187482,-20783.301504249957,5619.911898458347,44517.164100818234,15554.282588728765,-27808.98741003745,-14161.111628187482,20783.301504249957,-5619.911898458347,-44517.164100818234,-33257.00506887256,-37658.41232834992
CASE_R,10635,E2-P2-V-016,A-V-0635,SOL2_2_beam_0263,beam,P2,697,29,-96855.5958309126,13608.238757791352,-90999.99393601193,-47218.79159561797,134089.862836657,20528.584864433058,96855.5958309126,-13608.238757791352,90999.99393601193,47218.79159561797,302200.06812250405,44714.689242676875
CASE_R,10636,E2-P2-V-020,A-V-0636,SOL2_2_beam_0264,beam,P2,703,29,43364.16390487528,25484.899542377567,-53074.164596914525,-25097.009572879822,90912.0153566931,55617.97482007535,-43364.16390487528,-25484.899542377567,53074.164596914525,25097.009572879822,147657.53524132658,58937.21558256644
CASE_R,10637,E2-P2-V-037,A-V-0637,SOL2_2_beam_0265,beam,P2,690,693,5648.472865715867,11861.178761436744,-6504.098201833074,-6375.915267275706,41798.01074307512,-5905.39532104478,-5648.472865715867,-11861.178761436744,6504.098201833074,6375.915267275706,-16984.87610308195,51155.79229592595
CASE_R,10638,E2-P2-V-033,A-V-0638,SOL2_2_beam_0266,beam,P2,692,694,47893.032265458285,29072.89663047475,-69699.89015144661,-77165.24930403371,184265.5079592134,61272.10712160938,-47893.032265458285,-29072.89663047475,69699.89015144661,77165.24930403371,144369.47410485742,75806.60049107908
CASE_R,10639,E2-P2-V-014,A-V-0639,SOL2_2_beam_0267,beam,P2,704,669,0.0,-4.1633363423443364e-11,-4429.212899996893,-0.0,-2.6539055397734046e-09,6.106226635438362e-11,0.0,4.1633363423443364e-11,4429.212899996893,0.0,7086.740639997683,-1.27675647831893e-10
CASE_R,10640,E2-P2-V-012,A-V-0640,SOL2_2_beam_0268,beam,P2,297,701,7754.495473252917,-17247.72951005462,4469.474430002236,42419.74057965416,22518.583129194263,-9822.539141181003,-7754.495473252917,17247.72951005462,-4469.474430002236,-42419.74057965416,-35939.38710680815,-41968.42653914702
CASE_R,10641,E2-P2-V-013,A-V-0641,SOL2_2_beam_0269,beam,P2,695,705,0.0,-1.6653345369377348e-10,4429.212900000186,-0.0,-7086.740640000122,-3.1086244689504383e-10,0.0,1.6653345369377348e-10,-4429.212900000186,0.0,-1.7553247744217515e-10,4.440892098500629e-11
CASE_R,10642,E2-P2-V-007,A-V-0642,SOL2_2_beam_0270,beam,P2,695,296,147640.87799823208,-41038.11462736209,61386.40745121557,-39606.857719285115,326956.24688681815,-100995.0814265589,-147640.87799823208,41038.11462736209,-61386.40745121557,39606.857719285115,-515705.5150695517,-25187.80539035554
CASE_R,10643,E2-P3-V-030,A-V-0643,SOL2_3_beam_0271,beam,P3,706,707,0.0,4.4356116084905206e-10,-17998.863300005585,2.6072986129857128e-11,-7086.740640000695,4.900294729380003e-10,0.0,-4.4356116084905206e-10,17998.863300005585,-2.6072986129857128e-11,85381.795995025,1.4394615767553757e-09
CASE_R,10644,E2-P3-V-029,A-V-0644,SOL2_3_beam_0272,beam,P3,708,709,-8885.798942828043,52658.08777779052,-36971.280811647965,31071.580219469084,-3469.1754990042828,6097.684314545695,8885.798942828043,-52658.08777779052,36971.280811647965,-31071.580219469084,119928.71005569538,159775.29218549444
CASE_R,10645,E2-P3-V-056,A-V-0645,SOL2_3_beam_0273,beam,P3,38,710,-677729.8529482977,54163.88697888156,-157869.50766275477,1539.5241721743687,746609.4901099856,172644.1782833683,677729.8529482977,-54163.88697888156,157869.50766275477,-1539.5241721743687,-3112.823974948027,82444.153782256
CASE_R,10646,E2-P3-V-055,A-V-0646,SOL2_3_beam_0274,beam,P3,38,711,-369032.1568174052,20414.85716258474,-182084.7527117022,7516.076683343522,794244.0300991144,59961.06452550246,369032.1568174052,-20414.85716258474,182084.7527117022,-7516.076683343522,63295.900185425184,36184.026852303185
CASE_R,10647,E2-P3-V-078,A-V-0647,SOL2_3_beam_0275,beam,P3,39,712,-821674.1589557742,38355.70295338151,28357.393507372897,-6348.368499221144,-192206.02830372326,133302.91387741335,821674.1589557742,-38355.70295338151,-28357.393507372897,6348.368499221144,41671.26494033396,70307.71296748826
CASE_R,10648,E2-P3-V-077,A-V-0648,SOL2_3_beam_0276,beam,P3,39,713,-582623.039130807,59843.53710383172,31185.92251094086,-9162.40906035424,-204200.17290828272,132128.51405610298,582623.039130807,-59843.53710383172,-31185.92251094086,9162.40906035424,57328.05199965174,149708.4979492522
CASE_R,10649,E2-P3-V-072,A-V-0649,SOL2_3_beam_0277,beam,P3,39,35,-6967.898849874477,-50242.87411214086,-19546.74489675266,42313.18278857027,69834.98438919672,-175837.86109277367,6967.898849874477,50242.87411214086,19546.74489675266,-42313.18278857027,71878.9161122601,-188422.97622024757
CASE_R,10650,E2-P3-V-070,A-V-0650,SOL2_3_beam_0278,beam,P3,39,35,-6967.898849874477,-50242.87411214086,-19546.74489675266,42313.18278857027,69834.98438919672,-175837.86109277367,6967.898849874477,50242.87411214086,19546.74489675266,-42313.18278857027,71878.9161122601,-188422.97622024757
CASE_R,10651,E2-P3-V-076,A-V-0651,SOL2_3_beam_0279,beam,P3,35,714,-461151.2273477461,43446.308325322505,-31582.795419717288,-10436.871693861449,138474.24836459217,87429.46837203899,461151.2273477461,-43446.308325322505,31582.795419717288,10436.871693861449,10266.971199777545,117183.73321440702
CASE_R,10652,E2-P3-V-075,A-V-0652,SOL2_3_beam_0280,beam,P3,35,715,567889.871873117,-32847.48585679673,-47873.12499242778,97345.13445364394,213026.34683483737,-52035.76066154911,-567889.871873117,32847.48585679673,47873.12499242778,-97345.13445364394,12435.23441853466,-102661.60038690064
CASE_R,10653,E2-P3-V-061,A-V-0653,SOL2_3_beam_0282,beam,P3,717,718,83493.17702788908,9533.075977760795,40131.35710083848,15443.180027478187,-310614.13765463774,49244.04746842418,-83493.17702788908,-9533.075977760795,-40131.35710083848,-15443.180027478187,-22476.126282321726,29880.48314699043
CASE_R,10654,E2-P3-V-057,A-V-0654,SOL2_3_beam_0283,beam,P3,719,716,-2333.7261043914627,34280.907105467115,-31482.105481187024,-27661.49131384449,212673.97899898075,159639.62562583588,2333.7261043914627,-34280.907105467115,31482.105481187024,27661.49131384449,67516.75978358381,145460.44761282147
CASE_R,10655,E2-P3-V-083,A-V-0655,SOL2_3_beam_0285,beam,P3,715,721,-25125.202881749858,-13346.061192894924,-26342.88575702485,26360.13689613355,118857.38994752365,-50128.88048823836,25125.202881749858,13346.061192894924,26342.88575702485,-26360.13689613355,100359.10892523604,-60932.482926278295
CASE_R,10656,E2-P3-V-080,A-V-0656,SOL2_3_beam_0286,beam,P3,715,720,206222.55408657246,6693.8171559127095,-31692.21451905547,-110122.68036919192,59309.12615904547,20011.03702009584,-206222.55408657246,-6693.8171559127095,31692.21451905547,110122.68036919192,222751.58306054818,39563.93566752728
CASE_R,10657,E2-P3-V-081,A-V-0657,SOL2_3_beam_0287,beam,P3,714,713,-41644.213177851554,-51439.57053841064,-2961.977139380955,3514.4548117757076,8889.808417273485,-173585.93447878052,41644.213177851554,51439.57053841064,2961.977139380955,-3514.4548117757076,10807.339559609865,-168487.20960165028
CASE_R,10658,E2-P3-V-084,A-V-0658,SOL2_3_beam_0288,beam,P3,714,713,-41644.213177851554,-51439.57053841064,-2961.977139380955,3514.4548117757076,8889.808417273485,-173585.93447878052,41644.213177851554,51439.57053841064,2961.977139380955,-3514.4548117757076,10807.339559609865,-168487.20960165028
CASE_R,10659,E2-P3-V-088,A-V-0659,SOL2_3_beam_0289,beam,P3,714,164,-567922.1333432168,84410.77001314277,-25658.841140997927,8422.811858553163,-17753.37487093096,229988.13574313,567922.1333432168,-84410.77001314277,25658.841140997927,-8422.811858553163,153497.9109610165,216575.3217987147
CASE_R,10660,E2-P3-V-087,A-V-0660,SOL2_3_beam_0290,beam,P3,715,164,580956.2646248956,60910.32253259384,10161.975283638476,-93094.66599250786,-103019.24655917636,132779.44385501803,-580956.2646248956,-60910.32253259384,-10161.975283638476,93094.66599250786,49051.67462997111,190699.22252212357
CASE_R,10661,E2-P3-V-090,A-V-0661,SOL2_3_beam_0291,beam,P3,712,166,-822057.3059805398,-29006.363579808174,28357.393507361696,-2917.3313467504768,-42050.984318352144,-70307.71296750565,822057.3059805398,29006.363579808174,-28357.393507361696,2917.3313467504768,-90959.64727449455,-65746.9190973362
CASE_R,10662,E2-P3-V-089,A-V-0662,SOL2_3_beam_0292,beam,P3,713,166,-471570.5110267551,56488.91370660325,25261.96823214945,4290.654407091056,-50193.961472304865,187265.92125403445,471570.5110267551,-56488.91370660325,-25261.96823214945,-4290.654407091056,-83967.97810154078,112736.91928681309
CASE_R,10663,E2-P3-V-071,A-V-0663,SOL2_3_beam_0293,beam,P3,35,34,-45643.028333820635,14234.362758817027,-12362.538716698182,-41363.959247344406,54938.69046055479,70993.0041162722,45643.028333820635,-14234.362758817027,12362.538716698182,41363.959247344406,55087.90411805903,55692.82443719935
CASE_R,10664,E2-P3-V-069,A-V-0664,SOL2_3_beam_0294,beam,P3,35,34,-45643.028333820635,14234.362758817027,-12362.538716698182,-41363.959247344406,54938.69046055479,70993.0041162722,45643.028333820635,-14234.362758817027,12362.538716698182,41363.959247344406,55087.90411805903,55692.82443719935
CASE_R,10665,E2-P3-V-074,A-V-0665,SOL2_3_beam_0295,beam,P3,34,720,-1193976.162739395,-30449.226340255333,-178813.32941303254,40433.601859891394,922091.6715147676,-79320.55399705755,1193976.162739395,30449.226340255333,178813.32941303254,-40433.601859891394,-79958.72103327664,-64082.04860516802
CASE_R,10666,E2-P3-V-073,A-V-0666,SOL2_3_beam_0296,beam,P3,34,720,-1193976.162739395,-30449.226340255333,-178813.32941303254,40433.601859891394,922091.6715147676,-79320.55399705755,1193976.162739395,30449.226340255333,178813.32941303254,-40433.601859891394,-79958.72103327664,-64082.04860516802
CASE_R,10667,E2-P3-V-086,A-V-0667,SOL2_3_beam_0298,beam,P3,721,165,-15734.426541725777,23702.76335402656,-26342.88575702598,-97307.42512319182,-36028.774297008276,60932.48292627578,15734.426541725777,-23702.76335402656,26342.88575702598,97307.42512319182,159591.00871943656,50246.164281288926
CASE_R,10668,E2-P3-V-085,A-V-0668,SOL2_3_beam_0299,beam,P3,720,40,-2382969.7363638612,20608.210610063004,-389318.87334511406,-116609.55604098775,271631.9498463443,88600.16154281152,2382969.7363638612,-20608.210610063004,389318.87334511406,116609.55604098775,1783011.4890672215,20160.36258461783
CASE_R,10669,E2-P3-V-063,A-V-0669,SOL2_3_beam_0300,beam,P3,34,716,-847096.7761095809,15354.492896720785,251626.25600625208,-29956.92994252392,-1019457.2387493374,16467.685901363668,847096.7761095809,-15354.492896720785,-251626.25600625208,29956.92994252392,-316296.65887416515,65041.39052950598
CASE_R,10670,E2-P3-V-064,A-V-0670,SOL2_3_beam_0301,beam,P3,34,718,10080.705616043015,-8275.593158931786,-40131.35710084247,23414.212081779937,175021.14070103216,-9093.958561535208,-10080.705616043015,8275.593158931786,40131.35710084247,-23414.212081779937,13980.083497948668,-29880.48314699061
CASE_R,10671,E2-P3-V-051,A-V-0671,SOL2_3_beam_0302,beam,P3,716,33,-438440.4998055233,-45459.05927757286,110072.07526253308,723.2978119804263,143555.98017053085,-105250.91907116302,438440.4998055233,45459.05927757286,-110072.07526253308,-723.2978119804263,-661947.544215206,-108841.46342180137
CASE_R,10672,E2-P3-V-052,A-V-0672,SOL2_3_beam_0303,beam,P3,716,33,-438440.4998055233,-45459.05927757286,110072.07526253308,723.2978119804263,143555.98017053085,-105250.91907116302,438440.4998055233,45459.05927757286,-110072.07526253308,-723.2978119804263,-661947.544215206,-108841.46342180137
CASE_R,10673,E2-P3-V-054,A-V-0673,SOL2_3_beam_0304,beam,P3,36,719,-21824.39925682881,-16466.508344464863,-67477.95616230936,-36765.13934234817,347751.40053879283,-44563.89061696848,21824.39925682881,16466.508344464863,67477.95616230936,36765.13934234817,-29959.597757872078,-32986.196402671805
CASE_R,10674,E2-P3-V-053,A-V-0674,SOL2_3_beam_0305,beam,P3,36,719,-21824.39925682881,-16466.508344464863,-67477.95616230936,-36765.13934234817,347751.40053879283,-44563.89061696848,21824.39925682881,16466.508344464863,67477.95616230936,36765.13934234817,-29959.597757872078,-32986.196402671805
CASE_R,10675,E2-P3-V-066,A-V-0675,SOL2_3_beam_0306,beam,P3,717,35,-22885.39743486609,30804.765696804316,-84137.05318521538,-60243.03414584647,-48247.74133567931,64751.2285038368,22885.39743486609,-30804.765696804316,84137.05318521538,60243.03414584647,444496.63998472696,80325.80971415469
CASE_R,10676,E2-P3-V-065,A-V-0676,SOL2_3_beam_0307,beam,P3,717,35,-22885.39743486609,30804.765696804316,-84137.05318521538,-60243.03414584647,-48247.74133567931,64751.2285038368,22885.39743486609,-30804.765696804316,84137.05318521538,60243.03414584647,444496.63998472696,80325.80971415469
CASE_R,10677,E2-P3-V-058,A-V-0677,SOL2_3_beam_0309,beam,P3,719,711,-26990.22268651474,-24748.626909959043,-103473.80684342116,36819.903373377616,282238.0617852331,-93667.23282049311,26990.22268651474,24748.626909959043,103473.80684342116,-36819.903373377616,467947.0378295703,-85760.31227670994
CASE_R,10678,E2-P3-V-062,A-V-0678,SOL2_3_beam_0310,beam,P3,717,711,21534.676729125837,-41988.46194594888,128142.74926961008,83982.25465579216,-433110.91811123246,-178746.5044760979,-21534.676729125837,41988.46194594888,-128142.74926961008,-83982.25465579216,-499100.0603507659,-126710.53790710468
CASE_R,10679,E2-P3-V-040,A-V-0679,SOL2_3_beam_0311,beam,P3,709,723,-26837.09286644241,-36882.86103539722,-40903.88036704305,59494.70129505896,265403.0825684679,-173489.25109944484,26837.09286644241,36882.86103539722,40903.88036704305,-59494.70129505896,-95303.79072756786,20111.4178256546
CASE_R,10680,E2-P3-V-036,A-V-0680,SOL2_3_beam_0312,beam,P3,709,724,-101950.26992011591,80865.0521692053,102722.15555317422,-12005.951892753352,-276633.4372112651,212374.93385519148,101950.26992011591,-80865.0521692053,-102722.15555317422,12005.951892753352,-115251.58622409473,96125.24017032687
CASE_R,10681,E2-P3-V-044,A-V-0681,SOL2_3_beam_0313,beam,P3,725,36,-42056.85188744249,17657.75186752178,-60608.121467026154,-34769.22737495876,-48315.20712744634,82224.14570403445,42056.85188744249,-17657.75186752178,60608.121467026154,34769.22737495876,258202.27812095312,-21075.0170048288
CASE_R,10682,E2-P3-V-043,A-V-0682,SOL2_3_beam_0314,beam,P3,726,36,-10035.871203003935,7468.429947948508,-23824.359032797074,13741.467966082602,5020.910969443306,-41930.0500466538,10035.871203003935,-7468.429947948508,23824.359032797074,-13741.467966082602,77483.29497945671,67793.36421566189
CASE_R,10683,E2-P3-V-038,A-V-0683,SOL2_3_beam_0315,beam,P3,726,727,6570.949372022523,10645.129451555764,11990.87973278659,6192.45339566773,-13254.848538117503,41930.05004665408,-6570.949372022523,-10645.129451555764,-11990.87973278659,-6192.45339566773,-40524.24706343037,5813.355543573529
CASE_R,10684,E2-P3-V-034,A-V-0684,SOL2_3_beam_0316,beam,P3,728,729,65343.88061478505,-7738.71071297482,-18418.38513518993,-16643.0000370279,161992.34647424042,-38274.51866628247,-65343.88061478505,7738.71071297482,18418.38513518993,16643.0000370279,-84911.40468347055,5888.014332482846
CASE_R,10685,E2-P3-V-042,A-V-0685,SOL2_3_beam_0317,beam,P3,730,33,11174.34884949419,-5624.062986871901,-19256.81096720805,4613.187361293426,-5814.6745002933385,-46424.52440125939,-11174.34884949419,5624.062986871901,19256.81096720805,-4613.187361293426,72501.37510661146,26948.28790315669
CASE_R,10686,E2-P3-V-041,A-V-0686,SOL2_3_beam_0318,beam,P3,731,33,-216378.6980517948,-23847.025483296544,-222386.47558106642,-35467.463200943406,-14705.261036102893,-4777.667972674732,216378.6980517948,23847.025483296544,222386.47558106642,35467.463200943406,917838.0677254988,-92067.38971192477
CASE_R,10687,E2-P3-V-023,A-V-0687,SOL2_3_beam_0319,beam,P3,731,732,-185250.93666376336,12171.786722945297,112397.99773358116,41067.186058500265,-90679.70341691183,9348.647368248849,185250.93666376336,-12171.786722945297,-112397.99773358116,-41067.186058500265,-330812.7880840175,36295.552842796016
CASE_R,10688,E2-P3-V-024,A-V-0688,SOL2_3_beam_0320,beam,P3,731,733,-27212.07933487527,12876.97820468333,20545.404774854233,51495.43018273196,15736.190482668462,10180.116422070543,27212.07933487527,-12876.97820468333,-20545.404774854233,-51495.43018273196,-81617.77881985843,31111.63647375109
CASE_R,10689,E2-P3-V-015,A-V-0689,SOL2_3_beam_0321,beam,P3,732,734,12708.626244495239,-7413.387446096625,15398.613052562447,-25891.41246274974,8455.818597164114,-3809.8787706910953,-12708.626244495239,7413.387446096625,-15398.613052562447,25891.41246274974,-76440.69522422731,-28920.226803825506
CASE_R,10690,E2-P3-V-019,A-V-0690,SOL2_3_beam_0322,beam,P3,733,734,-21304.60766507363,-21270.34371247053,-6088.949225140275,-59452.39845433919,76017.45501671685,-31111.636473761373,21304.60766507363,21270.34371247053,6088.949225140275,59452.39845433919,-52502.57874851505,-51032.17555143184
CASE_R,10691,E2-P3-V-032,A-V-0691,SOL2_3_beam_0323,beam,P3,37,728,-43596.090138577805,-61325.29096502894,3917.1033999953743,-19800.74606429378,46930.181881261604,-92236.17960239755,43596.090138577805,61325.29096502894,-3917.1033999953743,19800.74606429378,-60495.18504426223,-120134.46292736914
CASE_R,10692,E2-P3-V-031,A-V-0692,SOL2_3_beam_0324,beam,P3,37,728,-43596.090138577805,-61325.29096502894,3917.1033999953743,-19800.74606429378,46930.181881261604,-92236.17960239755,43596.090138577805,61325.29096502894,-3917.1033999953743,19800.74606429378,-60495.18504426223,-120134.46292736914
CASE_R,10693,E2-P3-V-017,A-V-0693,SOL2_3_beam_0325,beam,P3,37,735,25312.244451782186,15521.194147992166,77231.43566611786,45076.8191171354,-241377.98676970418,36774.08629698383,-25312.244451782186,-15521.194147992166,-77231.43566611786,-45076.8191171354,21204.383633709804,7474.181407250644
CASE_R,10694,E2-P3-V-021,A-V-0694,SOL2_3_beam_0326,beam,P3,37,735,25312.244451782186,15521.194147992166,77231.43566611786,45076.8191171354,-241377.98676970418,36774.08629698383,-25312.244451782186,-15521.194147992166,-77231.43566611786,-45076.8191171354,21204.383633709804,7474.181407250644
CASE_R,10695,E2-P3-V-046,A-V-0695,SOL2_3_beam_0327,beam,P3,707,38,3.847127788107673e-08,3.330530209206973e-09,-27139.300800005527,7396.592231590266,-85060.81066328796,-1.2823759293692232e-09,-3.847127788107673e-08,-3.330530209206973e-09,27139.300800005527,-7396.592231590266,179044.72265145124,1.2816065038116027e-08
CASE_R,10696,E2-P3-V-045,A-V-0696,SOL2_3_beam_0328,beam,P3,709,38,-54456.8118069478,-66686.30708291815,-125701.48959777938,28169.199495860135,-113747.15603654733,-198660.974941255,54456.8118069478,66686.30708291815,125701.48959777938,-28169.199495860135,624232.9614743746,-72158.51408649588
CASE_R,10697,E2-P3-V-047,A-V-0697,SOL2_3_beam_0329,beam,P3,33,36,18234.97242622343,31859.231116509487,-27289.567229601438,6752.030067475118,124127.66358180111,136797.24785167063,-18234.97242622343,-31859.231116509487,27289.567229601438,-6752.030067475118,118749.48476165169,146749.9090852638
CASE_R,10698,E2-P3-V-049,A-V-0698,SOL2_3_beam_0330,beam,P3,33,36,18234.97242622343,31859.231116509487,-27289.567229601438,6752.030067475118,124127.66358180111,136797.24785167063,-18234.97242622343,-31859.231116509487,27289.567229601438,-6752.030067475118,118749.48476165169,146749.9090852638
CASE_R,10699,E2-P3-V-048,A-V-0699,SOL2_3_beam_0331,beam,P3,36,38,119689.42926399621,-21927.9978437449,-32992.238653712724,2488.2983411916994,124937.35324819863,-94925.58338915108,-119689.42926399621,21927.9978437449,32992.238653712724,-2488.2983411916994,114256.37699121863,-64052.40097799945
CASE_R,10700,E2-P3-V-050,A-V-0700,SOL2_3_beam_0332,beam,P3,36,38,119689.42926399621,-21927.9978437449,-32992.238653712724,2488.2983411916994,124937.35324819863,-94925.58338915108,-119689.42926399621,21927.9978437449,32992.238653712724,-2488.2983411916994,114256.37699121863,-64052.40097799945
CASE_R,10701,E2-P3-V-068,A-V-0701,SOL2_3_beam_0333,beam,P3,710,39,-679332.2563805475,-27552.961197652865,-157869.50766273635,1154.8707872776022,3275.069654293242,-82444.15378225606,679332.2563805475,27552.961197652865,157869.50766273635,-1154.8707872776022,834772.6504976291,-63820.29371609834
CASE_R,10702,E2-P3-V-067,A-V-0702,SOL2_3_beam_0334,beam,P3,711,39,-299318.3209616611,58824.43526455691,-157415.81028553296,-31970.12689139315,17540.56690056395,176286.82333151263,299318.3209616611,-58824.43526455691,157415.81028553296,31970.12689139315,818098.7080852628,135981.73690244398
CASE_R,10703,E2-P3-V-006,A-V-0703,SOL2_3_beam_0335,beam,P3,321,736,-331.2706472120048,1927.2159392223946,-15595.390096288445,-56555.84270685322,25558.490012554103,1812.2955190960658,331.2706472120048,-1927.2159392223946,15595.390096288445,56555.84270685322,11604.693043497322,2780.1820204627006
CASE_R,10704,E2-P3-V-003,A-V-0704,SOL2_3_beam_0336,beam,P3,321,736,-331.2706472120048,1927.2159392223946,-15595.390096288445,-56555.84270685322,25558.490012554103,1812.2955190960658,331.2706472120048,-1927.2159392223946,15595.390096288445,56555.84270685322,11604.693043497322,2780.1820204627006
CASE_R,10705,E2-P3-V-005,A-V-0705,SOL2_3_beam_0337,beam,P3,736,737,-7183.752419900946,-3206.13044126391,7790.611509060132,958.6851816105316,-55577.11402299479,-5676.112482324562,7183.752419900946,3206.13044126391,-7790.611509060132,-958.6851816105316,-3787.345676043402,-18754.601480106427
CASE_R,10706,E2-P3-V-002,A-V-0706,SOL2_3_beam_0338,beam,P3,736,737,-7183.752419900946,-3206.13044126391,7790.611509060132,958.6851816105316,-55577.11402299479,-5676.112482324562,7183.752419900946,3206.13044126391,-7790.611509060132,-958.6851816105316,-3787.345676043402,-18754.601480106427
CASE_R,10707,E2-P3-V-004,A-V-0707,SOL2_3_beam_0339,beam,P3,737,322,-3141.348586728479,15548.9083303297,4289.148708006086,70275.69723623445,15813.209687507311,36623.305699845165,3141.348586728479,-15548.9083303297,-4289.148708006086,-70275.69723623445,-27107.162938701527,4319.234590739408
CASE_R,10708,E2-P3-V-001,A-V-0708,SOL2_3_beam_0340,beam,P3,737,322,-3141.348586728479,15548.9083303297,4289.148708006086,70275.69723623445,15813.209687507311,36623.305699845165,3141.348586728479,-15548.9083303297,-4289.148708006086,-70275.69723623445,-27107.162938701527,4319.234590739408
CASE_R,10709,E2-P3-V-011,A-V-0709,SOL2_3_beam_0341,beam,P3,736,735,5699.214013370122,-6083.824689200657,-40235.321455348574,31324.34728157328,58953.00698264707,2895.9304618662845,-5699.214013370122,6083.824689200657,40235.321455348574,-31324.34728157328,64356.93042058323,-21541.14104953601
CASE_R,10710,E2-P3-V-010,A-V-0710,SOL2_3_beam_0342,beam,P3,736,735,5699.214013370122,-6083.824689200657,-40235.321455348574,31324.34728157328,58953.00698264707,2895.9304618662845,-5699.214013370122,6083.824689200657,40235.321455348574,-31324.34728157328,64356.93042058323,-21541.14104953601
CASE_R,10711,E2-P3-V-018,A-V-0711,SOL2_3_beam_0343,beam,P3,735,738,33851.7481592487,26044.758168604327,31086.081721536353,-40112.41764801308,-82434.44235958222,28133.919284563483,-33851.7481592487,-26044.758168604327,-31086.081721536353,40112.41764801308,-45484.78392453988,79040.26057924333
CASE_R,10712,E2-P3-V-022,A-V-0712,SOL2_3_beam_0344,beam,P3,739,708,52658.08777779676,8885.798942758373,-10475.831011650325,-3469.1754990043296,8893.715089976824,39997.00728116971,-52658.08777779676,-8885.798942758373,10475.831011650325,3469.1754990043296,31071.580219469186,-6097.684314546499
CASE_R,10713,E2-P3-V-028,A-V-0713,SOL2_3_beam_0345,beam,P3,739,724,4442.8994713717275,-26329.043888900018,-19491.794744174826,4446.8575449883,1734.5877495019886,-19998.503640584575,-4442.8994713717275,26329.043888900018,19491.794744174826,-4446.8575449883,59664.565694648714,-62937.98460945049
CASE_R,10714,E2-P3-V-027,A-V-0714,SOL2_3_beam_0346,beam,P3,739,724,4442.8994713717275,-26329.043888900018,-19491.794744174826,4446.8575449883,1734.5877495019886,-19998.503640584575,-4442.8994713717275,26329.043888900018,19491.794744174826,-4446.8575449883,59664.565694648714,-62937.98460945049
CASE_R,10715,E2-P3-V-039,A-V-0715,SOL2_3_beam_0347,beam,P3,723,725,-21234.738051235003,-40369.05859159614,-55903.220767044404,45121.52553864634,102890.62125528073,-20111.41782565566,21234.738051235003,40369.05859159614,55903.220767044404,-45121.52553864634,38824.04338917684,-82224.14570404057
CASE_R,10716,E2-P3-V-035,A-V-0716,SOL2_3_beam_0348,beam,P3,724,728,-49292.18214231935,89750.85111196438,19452.20076482399,107323.17949654441,124145.30131407164,29750.729048574896,49292.18214231935,-89750.85111196438,-19452.20076482399,-107323.17949654441,-190963.61094124202,278543.44452102267
CASE_R,10717,E2-P3-V-009,A-V-0717,SOL2_3_beam_0349,beam,P3,737,734,-19491.505160365676,3945.337627432726,-13106.018248945342,-10814.313639195345,69938.33796021543,-17868.704219741423,19491.505160365676,-3945.337627432726,13106.018248945342,10814.313639195345,-29772.080268537116,29960.053767258636
CASE_R,10718,E2-P3-V-008,A-V-0718,SOL2_3_beam_0350,beam,P3,737,734,-19491.505160365676,3945.337627432726,-13106.018248945342,-10814.313639195345,69938.33796021543,-17868.704219741423,19491.505160365676,-3945.337627432726,13106.018248945342,10814.313639195345,-29772.080268537116,29960.053767258636
CASE_R,10719,E2-P3-V-026,A-V-0719,SOL2_3_beam_0351,beam,P3,740,729,1642.902746692326,-2167.648315449973,3073.2709812830267,43076.131844540534,15783.561973259199,-7006.261173819552,-1642.902746692326,2167.648315449973,-3073.2709812830267,-43076.131844540534,-25464.365564300733,178.168980152137
CASE_R,10720,E2-P3-V-025,A-V-0720,SOL2_3_beam_0352,beam,P3,740,729,1642.902746692326,-2167.648315449973,3073.2709812830267,43076.131844540534,15783.561973259199,-7006.261173819552,-1642.902746692326,2167.648315449973,-3073.2709812830267,-43076.131844540534,-25464.365564300733,178.168980152137
CASE_R,10721,E2-P3-V-016,A-V-0721,SOL2_3_beam_0353,beam,P3,734,37,6229.662104500984,6690.883077007601,-81166.89527046794,-39774.65667929744,132535.95180639063,20032.294820738975,-6229.662104500984,-6690.883077007601,81166.89527046794,39774.65667929744,256610.2184518472,12046.442654519778
CASE_R,10722,E2-P3-V-020,A-V-0722,SOL2_3_beam_0354,beam,P3,740,37,4544.926791318647,2989.1395214888316,-47980.882762564375,-25746.896330399526,88066.98122656121,14012.522347637994,-4544.926791318647,-2989.1395214888316,47980.882762564375,25746.896330399526,127608.15421639425,-576.2736994995485
CASE_R,10723,E2-P3-V-037,A-V-0723,SOL2_3_beam_0355,beam,P3,727,730,6570.949372038147,10645.129451555797,-9549.705267209856,6192.453395667729,40524.2470634304,-5813.355543573831,-6570.949372038147,-10645.129451555797,9549.705267209856,-6192.453395667729,-4092.1214690248016,46424.52440125919
CASE_R,10724,E2-P3-V-033,A-V-0724,SOL2_3_beam_0356,beam,P3,729,731,69679.17724573487,-4452.905219610983,-63615.16187262647,-67571.7311656293,171063.66837254897,-6244.3522927944805,-69679.17724573487,4452.905219610983,63615.16187262647,67571.7311656293,128881.81985688486,-14751.095817671308
CASE_R,10725,E2-P3-V-014,A-V-0725,SOL2_3_beam_0357,beam,P3,741,706,0.0,6.245004513516504e-11,-4429.212899998649,-0.0,-1.1714291758835316e-09,2.609024107869118e-10,0.0,-6.245004513516504e-11,4429.212899998649,0.0,7086.7406399990095,-1.6098233857064772e-10
CASE_R,10726,E2-P3-V-012,A-V-0726,SOL2_3_beam_0358,beam,P3,317,738,25271.480589866187,-34432.87020121432,-3127.818321530294,46381.49549093019,48464.2127401096,-24353.730950291407,-25271.480589866187,34432.87020121432,3127.818321530294,-46381.49549093019,-39072.09354840715,-79040.26057924256
CASE_R,10727,E2-P3-V-013,A-V-0727,SOL2_3_beam_0359,beam,P3,732,742,4.163336342344337e-08,-1.2490009027033008e-10,4429.212900000479,-0.0,-7086.7406400003565,-2.886579864025407e-10,-4.163336342344337e-08,1.2490009027033008e-10,-4429.212900000479,0.0,-4.1018211049959064e-10,8.881784197001255e-11
CASE_R,10728,E2-P3-V-007,A-V-0728,SOL2_3_beam_0360,beam,P3,732,316,-179009.57157472963,-14170.46738250616,51568.150281017915,-35640.37807138161,311676.642293792,-32485.674072119502,179009.57157472963,14170.46738250616,-51568.150281017915,35640.37807138161,-470236.99842498655,-11085.296429467817
CASE_R,10729,E2-P4-V-057,A-V-0729,SOL2_4_beam_0361,beam,P4,743,744,0.0,5.114330591123038e-09,-16205.312599998231,-6.699623827280679e-10,-6126.246945001316,-2.0907924178688006e-09,0.0,-5.114330591123038e-09,16205.312599998231,6.699623827280679e-10,76619.35675499361,2.4338130489254013e-08
CASE_R,10730,E2-P4-V-056,A-V-0730,SOL2_4_beam_0362,beam,P4,745,746,-151431.14289034324,31333.99423210199,18801.55671482151,-30135.968010085235,108982.6662058305,-12885.290726124673,151431.14289034324,-31333.99423210199,-18801.55671482151,30135.968010085235,-168207.56985751825,111587.37255724595
CASE_R,10731,E2-P4-V-093,A-V-0731,SOL2_4_beam_0363,beam,P4,46,747,3.013563205456172e-08,-1.317516462206362e-08,1.993861574893216e-09,-6.357932004608751e-10,-4.294327567775045e-09,-2.8673049378846997e-08,-3.013563205456172e-08,1.317516462206362e-08,-1.993861574893216e-09,6.357932004608751e-10,-1.130086202046067e-10,-4.500254386814558e-10
CASE_R,10732,E2-P4-V-101,A-V-0732,SOL2_4_beam_0364,beam,P4,748,749,0.0,1.8235945290070616e-08,1.1235179874769678e-09,-0.0,4.3255442517863284e-10,1.537971289524025e-11,0.0,-1.8235945290070616e-08,-1.1235179874769678e-09,0.0,-3.0278809762504274e-09,4.210965390716786e-08
CASE_R,10733,E2-P4-V-092,A-V-0733,SOL2_4_beam_0365,beam,P4,46,750,-6.027126410912347e-08,4.72037355002412e-08,6.134958691979128e-10,-9.369584006791846e-11,-2.0341551636829165e-09,2.3851348250117124e-08,6.027126410912347e-08,-4.72037355002412e-08,-6.134958691979128e-10,9.369584006791846e-11,6.78051721227639e-10,8.049026417559741e-08
CASE_R,10734,E2-P4-V-100,A-V-0734,SOL2_4_beam_0366,beam,P4,751,752,-7.791038769299348e-08,-3.64493041838566e-11,1.0251366801709672e-09,-0.0,-1.168655815394902e-09,2.1814908554038176e-10,7.791038769299348e-08,3.64493041838566e-11,-1.0251366801709672e-09,0.0,-5.84327907697451e-10,-2.804773956947765e-10
CASE_R,10735,E2-P4-V-132,A-V-0735,SOL2_4_beam_0367,beam,P4,753,754,-33631.06892073639,9719.658421784989,8431.961695157745,-4210.703721180392,-38844.17384013012,42597.060584948,33631.06892073639,-9719.658421784989,-8431.961695157745,4210.703721180392,32098.604484003918,-34821.33384752
CASE_R,10736,E2-P4-V-126,A-V-0736,SOL2_4_beam_0368,beam,P4,47,753,-32000.75335462293,14194.0952985129,8431.961695199432,-9443.62923230333,-56551.74263698678,73972.43320483343,32000.75335462293,-14194.0952985129,-8431.961695199432,9443.62923230333,37913.2923138238,-42597.060584937215
CASE_R,10737,E2-P4-V-136,A-V-0737,SOL2_4_beam_0369,beam,P4,754,755,-33631.068920674436,9719.65842175332,8431.961695210073,-4210.703721180148,-32098.604483991618,34821.33384752038,33631.068920674436,-9719.65842175332,-8431.961695210073,4210.703721180148,12620.772968056357,-12368.92289327022
CASE_R,10738,E2-P4-V-131,A-V-0738,SOL2_4_beam_0370,beam,P4,756,757,233182.434192347,92445.0971018565,9462.900539670964,-11842.887822914854,-45756.62767342061,-12371.644986983192,-233182.434192347,-92445.0971018565,-9462.900539670964,11842.887822914854,38186.30724168383,86327.72266846846
CASE_R,10739,E2-P4-V-125,A-V-0739,SOL2_4_beam_0371,beam,P4,47,756,218478.34972267481,123236.98428815106,9462.900539647098,-5523.274690789685,-67857.85407681807,260037.8479236355,-218478.34972267481,-123236.98428815106,-9462.900539647098,5523.274690789685,46940.56246700686,12371.644986992935
CASE_R,10740,E2-P4-V-133,A-V-0740,SOL2_4_beam_0372,beam,P4,757,758,233182.43419240165,92445.0971018667,9462.900539656883,-11842.887822914861,-38186.30724168674,-86327.72266847023,-233182.43419240165,-92445.0971018667,-9462.900539656883,11842.887822914861,22004.747318873466,244408.83871266237
CASE_R,10741,E2-P4-V-124,A-V-0741,SOL2_4_beam_0373,beam,P4,47,43,16840.110400045767,-71551.62897474474,-9013.575348313512,20295.498508701414,28670.700757167157,-242723.63630694768,-16840.110400045767,71551.62897474474,9013.575348313512,-20295.498508701414,36677.7205181058,-276025.6737599517
CASE_R,10742,E2-P4-V-122,A-V-0742,SOL2_4_beam_0374,beam,P4,47,43,16840.110400045767,-71551.62897474474,-9013.575348313512,20295.498508701414,28670.700757167157,-242723.63630694768,-16840.110400045767,71551.62897474474,9013.575348313512,-20295.498508701414,36677.7205181058,-276025.6737599517
CASE_R,10743,E2-P4-V-130,A-V-0743,SOL2_4_beam_0375,beam,P4,43,759,-449703.58374372066,79158.93906682266,-19710.417015955845,-7045.232388556878,68459.9247996304,146774.52588251975,449703.58374372066,-79158.93906682266,19710.417015955845,7045.232388556878,24367.560105181754,226029.62206412284
CASE_R,10744,E2-P4-V-129,A-V-0744,SOL2_4_beam_0376,beam,P4,43,760,-393081.228992562,16388.118568568283,-71202.93609400721,160411.41907004974,218432.94672783985,36993.27214070931,393081.228992562,-16388.118568568283,71202.93609400721,-160411.41907004974,116901.89018069474,40187.63315472698
CASE_R,10745,E2-P4-V-105,A-V-0745,SOL2_4_beam_0378,beam,P4,762,763,52402.13996786686,35280.739875541054,48576.28256995158,-45642.5558754846,-300857.97045055684,165974.9431060473,-52402.13996786686,-35280.739875541054,-48576.28256995158,45642.5558754846,-102325.17488004133,126855.19786094347
CASE_R,10746,E2-P4-V-102,A-V-0746,SOL2_4_beam_0379,beam,P4,764,761,18173.627152873556,17558.54125608632,-39076.49241841581,-4022.6570952948396,268094.3563894785,78968.98934550924,-18173.627152873556,-17558.54125608632,39076.49241841581,4022.6570952948396,79686.42613442219,77302.02783365898
CASE_R,10747,E2-P4-V-140,A-V-0747,SOL2_4_beam_0381,beam,P4,760,766,-15754.57276427768,-15446.757990247903,-84.12527207272943,49491.394814859355,-92002.00144415497,-64853.136639861215,15754.57276427768,15446.757990247903,84.12527207272943,-49491.394814859355,92702.0632286003,-63689.50811021056
CASE_R,10748,E2-P4-V-137,A-V-0748,SOL2_4_beam_0382,beam,P4,760,765,-23228.17457945574,-17644.360053983,-67392.92390078357,28123.049666319577,377930.9903441752,-66265.42241040789,23228.17457945574,17644.360053983,67392.92390078357,-28123.049666319577,221866.03237279857,-90769.38207004081
CASE_R,10749,E2-P4-V-138,A-V-0749,SOL2_4_beam_0383,beam,P4,759,758,-13662.110935516326,-64857.77832139411,-1993.8933316759083,7762.715538834601,8006.215090498487,-213039.13670374232,13662.110935516326,64857.77832139411,1993.8933316759083,-7762.715538834601,5253.175565146303,-218265.08913352853
CASE_R,10750,E2-P4-V-141,A-V-0750,SOL2_4_beam_0384,beam,P4,759,758,-13662.110935516326,-64857.77832139411,-1993.8933316759083,7762.715538834601,8006.215090498487,-213039.13670374232,13662.110935516326,64857.77832139411,1993.8933316759083,-7762.715538834601,5253.175565146303,-218265.08913352853
CASE_R,10751,E2-P4-V-149,A-V-0751,SOL2_4_beam_0385,beam,P4,759,184,-585160.0378567558,64419.73683114137,-15722.630352616789,11444.953515699437,-40042.98446284668,200048.65134328447,585160.0378567558,-64419.73683114137,15722.630352616789,-11444.953515699437,123221.3771113643,140755.02108822047
CASE_R,10752,E2-P4-V-148,A-V-0752,SOL2_4_beam_0386,beam,P4,760,184,-355268.4485478634,35822.9833685779,-3725.8869211386104,-140401.82386079818,-30197.296366470997,90930.92589562133,355268.4485478634,-35822.9833685779,3725.8869211386104,140401.82386079818,49984.49962215908,99315.49546452239
CASE_R,10753,E2-P4-V-151,A-V-0753,SOL2_4_beam_0387,beam,P4,767,768,-33631.06892073639,9719.658421763012,8431.961695237382,-4210.703721180099,9218.007822512838,-12804.992419099552,33631.06892073639,-9719.658421763012,-8431.961695237382,4210.703721180099,-15963.57717870275,20580.719156509967
CASE_R,10754,E2-P4-V-145,A-V-0754,SOL2_4_beam_0388,beam,P4,755,767,-33631.06892077886,9719.658421763763,8431.961695208398,-4210.703721180101,-12620.772968048463,12368.92289327225,33631.06892077886,-9719.658421763763,-8431.961695208398,4210.703721180101,-9218.007822541287,12804.992419095894
CASE_R,10755,E2-P4-V-155,A-V-0755,SOL2_4_beam_0389,beam,P4,768,187,-34382.56296825781,6584.825004057541,8431.961695215248,-5661.29411815587,15508.564442754938,-20580.719156511383,34382.56296825781,-6584.825004057541,-8431.961695215248,5661.29411815587,-26508.319444968052,29170.827175880288
CASE_R,10756,E2-P4-V-150,A-V-0756,SOL2_4_beam_0390,beam,P4,769,770,362897.9908353311,65120.875229773534,5475.113876211064,-1336.5366926225852,10986.297024234274,-15614.252431681467,-362897.9908353311,-65120.875229773534,-5475.113876211064,1336.5366926225852,-15366.38812520313,67710.95261550034
CASE_R,10757,E2-P4-V-144,A-V-0757,SOL2_4_beam_0391,beam,P4,758,769,362897.9908352617,65120.87523079846,5475.113876306629,-1336.5366926198942,-6479.316241192559,192121.33955453077,-362897.9908352617,-65120.87523079846,-5475.113876306629,1336.5366926198942,-10986.297024225574,15614.252431716144
CASE_R,10758,E2-P4-V-154,A-V-0758,SOL2_4_beam_0392,beam,P4,770,187,362973.33797337813,-64699.58317601393,5475.113876212205,4072.439374311751,14877.078069576772,-67710.95261549926,-362973.33797337813,64699.58317601393,-5475.113876212205,-4072.439374311751,-22459.272673842013,-21888.066061855774
CASE_R,10759,E2-P4-V-123,A-V-0759,SOL2_4_beam_0393,beam,P4,43,42,-20574.553752503696,36226.725019338606,-12256.828357497041,-58505.72072204113,46336.18253256939,172374.55706213147,20574.553752503696,-36226.725019338606,12256.828357497041,58505.72072204113,62749.589849154276,150043.29560998216
CASE_R,10760,E2-P4-V-121,A-V-0760,SOL2_4_beam_0394,beam,P4,43,42,-20574.553752503696,36226.725019338606,-12256.828357497041,-58505.72072204113,46336.18253256939,172374.55706213147,20574.553752503696,-36226.725019338606,12256.828357497041,58505.72072204113,62749.589849154276,150043.29560998216
CASE_R,10761,E2-P4-V-128,A-V-0761,SOL2_4_beam_0395,beam,P4,42,771,0.0,-3.004442817334069e-09,-6.742017625334098e-10,1.666209930304464e-08,2.901859076537635e-10,-7.924009851665435e-09,0.0,3.004442817334069e-09,6.742017625334098e-10,-1.666209930304464e-08,1.4509295382688172e-09,1.6508353857636392e-10
CASE_R,10762,E2-P4-V-135,A-V-0762,SOL2_4_beam_0396,beam,P4,772,765,0.0,-3.980213483234113e-10,-2.7985876053989835e-09,5.390631385913066e-10,0.0,1.4563941200666812e-08,0.0,3.980213483234113e-10,2.7985876053989835e-09,-5.390631385913066e-10,4.096108462687539e-09,-1.5146498848693485e-08
CASE_R,10763,E2-P4-V-127,A-V-0763,SOL2_4_beam_0397,beam,P4,42,773,5.158860580511351e-08,5.433566797306295e-09,-4.831779298156103e-09,1.8922920478245747e-09,1.2961637208534768e-08,1.381198939422239e-08,-5.158860580511351e-08,-5.433566797306295e-09,4.831779298156103e-09,-1.8922920478245747e-09,-4.836431794229376e-10,2.2011138476848357e-10
CASE_R,10764,E2-P4-V-134,A-V-0764,SOL2_4_beam_0398,beam,P4,774,765,0.0,-9.568391004638799e-10,-3.363887462568326e-09,-0.0,2.4699343693907954e-08,-4.2579339970642686e-10,0.0,9.568391004638799e-10,3.363887462568326e-09,0.0,-2.0208553931379236e-08,-8.515867994128537e-10
CASE_R,10765,E2-P4-V-147,A-V-0765,SOL2_4_beam_0399,beam,P4,775,776,-16542.475898106964,14599.842004610915,-84.1252720328702,-88892.41116138033,-56211.80404723807,35000.818571124415,16542.475898106964,-14599.842004610915,84.1252720328702,88892.41116138033,56279.10426486436,-23320.944967435673
CASE_R,10766,E2-P4-V-143,A-V-0766,SOL2_4_beam_0400,beam,P4,766,775,-16542.475897877306,14599.842004625352,-84.12527202713865,-88892.41116138028,-56046.497887713405,63689.508110220675,16542.475897877306,-14599.842004625352,84.12527202713865,88892.41116138028,56211.80404724673,-35000.81857113186
CASE_R,10767,E2-P4-V-153,A-V-0767,SOL2_4_beam_0401,beam,P4,776,185,-17419.22123913511,13541.773399811551,-84.12527200619121,-85216.69327598091,-61703.43204430788,23320.944967428684,17419.22123913511,-13541.773399811551,84.12527200619121,85216.69327598091,61865.60357599108,2784.053941729113
CASE_R,10768,E2-P4-V-146,A-V-0768,SOL2_4_beam_0402,beam,P4,777,778,-17644.360054191995,23228.174579460214,-67392.92390077867,-221866.03237280174,-200985.89947182877,31189.114273735875,17644.360054191995,-23228.174579460214,67392.92390077867,221866.03237280174,254900.23859245176,-12606.574610167689
CASE_R,10769,E2-P4-V-142,A-V-0769,SOL2_4_beam_0403,beam,P4,765,777,-17644.36005401316,23228.174579460403,-67392.92390078948,-221866.03237280186,-28123.04966629602,90769.3820700545,17644.36005401316,-23228.174579460403,67392.92390078948,221866.03237280186,200985.89947182089,-31189.114273738625
CASE_R,10770,E2-P4-V-152,A-V-0770,SOL2_4_beam_0404,beam,P4,778,49,-13877.298628327715,25657.204033021328,-67392.9239007767,-258299.5084554036,-217899.13236869627,12606.574610184854,13877.298628327715,-25657.204033021328,67392.9239007767,258299.5084554036,349862.41076887073,37633.25121729569
CASE_R,10771,E2-P4-V-113,A-V-0771,SOL2_4_beam_0405,beam,P4,779,780,-49543.33594359147,-32458.93025989394,66208.10100418505,35173.10432274329,-188875.18136919622,-20755.71372525776,49543.33594359147,32458.93025989394,-66208.10100418505,-35173.10432274329,135908.70056584812,-5211.430482657416
CASE_R,10772,E2-P4-V-117,A-V-0772,SOL2_4_beam_0406,beam,P4,42,779,-53931.40214409505,-24485.263992957203,66208.10100418165,5820.591042779986,-321677.37277855165,-68700.74299511983,53931.40214409505,24485.263992957203,-66208.10100418165,-5820.591042779986,192034.1170856346,20755.713725256974
CASE_R,10773,E2-P4-V-107,A-V-0773,SOL2_4_beam_0407,beam,P4,780,761,-134367.41176229104,-12515.720551920704,180992.4845783204,-61124.735776525864,-412912.35225713876,-34630.57578411966,134367.41176229104,12515.720551920704,-180992.4845783204,61124.735776525864,-51333.37068625295,2527.752568443062
CASE_R,10774,E2-P4-V-114,A-V-0774,SOL2_4_beam_0408,beam,P4,779,780,-49543.33594359147,-32458.93025989394,66208.10100418505,35173.10432274329,-188875.18136919622,-20755.71372525776,49543.33594359147,32458.93025989394,-66208.10100418505,-35173.10432274329,135908.70056584812,-5211.430482657416
CASE_R,10775,E2-P4-V-118,A-V-0775,SOL2_4_beam_0409,beam,P4,42,779,-53931.40214409505,-24485.263992957203,66208.10100418165,5820.591042779986,-321677.37277855165,-68700.74299511983,53931.40214409505,24485.263992957203,-66208.10100418165,-5820.591042779986,192034.1170856346,20755.713725256974
CASE_R,10776,E2-P4-V-108,A-V-0776,SOL2_4_beam_0410,beam,P4,780,763,49045.94652171381,-39814.69589443834,-48576.282569951676,84535.50457842267,173338.23273005182,45053.43674943455,-49045.94652171381,39814.69589443834,48576.282569951676,-84535.50457842267,-73535.2486005814,-126855.19786094304
CASE_R,10777,E2-P4-V-094,A-V-0777,SOL2_4_beam_0411,beam,P4,781,782,-75962.9765078595,2828.953300493901,70957.99607995157,9280.845178949277,153863.27960219223,-45106.0195074079,75962.9765078595,-2828.953300493901,-70957.99607995157,-9280.845178949277,-210629.67646615353,47369.182147803025
CASE_R,10778,E2-P4-V-098,A-V-0778,SOL2_4_beam_0412,beam,P4,761,781,-75962.97650942464,2828.953300472605,70957.99607995231,9280.84517894948,23655.35679547595,-39914.89020104973,75962.97650942464,-2828.953300472605,-70957.99607995231,-9280.84517894948,-153863.27960218838,45106.01950741696
CASE_R,10779,E2-P4-V-090,A-V-0779,SOL2_4_beam_0413,beam,P4,782,41,-177191.19774554623,-71529.57592953062,70957.99607996321,-21097.628876098603,209775.79639052605,-47369.182147790394,177191.19774554623,71529.57592953062,-70957.99607996321,21097.628876098603,-357842.2844478451,-101890.00899649861
CASE_R,10780,E2-P4-V-095,A-V-0780,SOL2_4_beam_0414,beam,P4,781,782,-75962.9765078595,2828.953300493901,70957.99607995157,9280.845178949277,153863.27960219223,-45106.0195074079,75962.9765078595,-2828.953300493901,-70957.99607995157,-9280.845178949277,-210629.67646615353,47369.182147803025
CASE_R,10781,E2-P4-V-099,A-V-0781,SOL2_4_beam_0415,beam,P4,761,781,-75962.97650942464,2828.953300472605,70957.99607995231,9280.84517894948,23655.35679547595,-39914.89020104973,75962.97650942464,-2828.953300472605,-70957.99607995231,-9280.84517894948,-153863.27960218838,45106.01950741696
CASE_R,10782,E2-P4-V-091,A-V-0782,SOL2_4_beam_0416,beam,P4,782,41,-177191.19774554623,-71529.57592953062,70957.99607996321,-21097.628876098603,209775.79639052605,-47369.182147790394,177191.19774554623,71529.57592953062,-70957.99607996321,21097.628876098603,-357842.2844478451,-101890.00899649861
CASE_R,10783,E2-P4-V-086,A-V-0783,SOL2_4_beam_0417,beam,P4,41,44,-29917.286219169866,32340.870567585906,-22294.129171891083,2302.966387318822,102224.39769121628,134592.34342498484,29917.286219169866,-32340.870567585906,22294.129171891083,-2302.966387318822,96193.35193861437,153241.40462652972
CASE_R,10784,E2-P4-V-088,A-V-0784,SOL2_4_beam_0418,beam,P4,41,44,-29917.286219169866,32340.870567585906,-22294.129171891083,2302.966387318822,102224.39769121628,134592.34342498484,29917.286219169866,-32340.870567585906,22294.129171891083,-2302.966387318822,96193.35193861437,153241.40462652972
CASE_R,10785,E2-P4-V-097,A-V-0785,SOL2_4_beam_0419,beam,P4,44,764,7677.983223194604,-3036.8150750943537,-75901.270558831,-55816.000533492996,324159.98830634396,21234.47301364715,-7677.983223194604,3036.8150750943537,75901.270558831,55816.000533492996,33301.95891437374,-35536.55020023459
CASE_R,10786,E2-P4-V-096,A-V-0786,SOL2_4_beam_0420,beam,P4,44,764,7677.983223194604,-3036.8150750943537,-75901.270558831,-55816.000533492996,324159.98830634396,21234.47301364715,-7677.983223194604,3036.8150750943537,75901.270558831,55816.000533492996,33301.95891437374,-35536.55020023459
CASE_R,10787,E2-P4-V-112,A-V-0787,SOL2_4_beam_0421,beam,P4,762,43,-48944.23150201215,23343.26938996598,-72399.31065402021,-815.4765622804039,-39690.591350206756,50758.84422500292,48944.23150201215,-23343.26938996598,72399.31065402021,815.4765622804039,380659.8316972988,59177.794110548115
CASE_R,10788,E2-P4-V-111,A-V-0788,SOL2_4_beam_0422,beam,P4,762,43,-48944.23150201215,23343.26938996598,-72399.31065402021,-815.4765622804039,-39690.591350206756,50758.84422500292,48944.23150201215,-23343.26938996598,72399.31065402021,815.4765622804039,380659.8316972988,59177.794110548115
CASE_R,10789,E2-P4-V-089,A-V-0789,SOL2_4_beam_0423,beam,P4,46,44,-25018.699460686326,-51308.966822756054,9578.709559096367,60826.97202551744,-12513.43775791656,-119854.28155575438,25018.699460686326,51308.966822756054,-9578.709559096367,-60826.97202551744,-56932.2065455321,-252135.727909227
CASE_R,10790,E2-P4-V-087,A-V-0790,SOL2_4_beam_0424,beam,P4,46,44,-25018.699460686326,-51308.966822756054,9578.709559096367,60826.97202551744,-12513.43775791656,-119854.28155575438,25018.699460686326,51308.966822756054,-9578.709559096367,-60826.97202551744,-56932.2065455321,-252135.727909227
CASE_R,10791,E2-P4-V-103,A-V-0791,SOL2_4_beam_0425,beam,P4,764,752,55251.637463095176,2620.652682515021,-112726.04869925787,-63380.33220152243,383742.32195022475,-7895.8889450444985,-55251.637463095176,-2620.652682515021,112726.04869925787,63380.33220152243,433521.53111939476,26895.6208932784
CASE_R,10792,E2-P4-V-106,A-V-0792,SOL2_4_beam_0426,beam,P4,762,752,6612.327361555775,-66153.60776590572,96222.33873809944,9035.597376740903,-299193.5972668816,-267492.63155605335,-6612.327361555775,66153.60776590572,-96222.33873809944,-9035.597376740903,-400803.25043785514,-213760.65648208198
CASE_R,10793,E2-P4-V-077,A-V-0793,SOL2_4_beam_0427,beam,P4,783,44,-71689.56785229383,35527.98519304514,-43461.119404905774,-44074.39026676473,-23964.266476004894,175349.05351453405,71689.56785229383,-35527.98519304514,43461.119404905774,44074.39026676473,174470.94500682715,-52314.96880814977
CASE_R,10794,E2-P4-V-076,A-V-0794,SOL2_4_beam_0428,beam,P4,784,44,23403.309326813218,37402.40999111167,-23750.487224329932,14422.914928384473,841.9229173690401,14705.741325096096,-23403.309326813218,-37402.40999111167,23750.487224329932,-14422.914928384473,81406.46356158426,114819.51191020917
CASE_R,10795,E2-P4-V-081,A-V-0795,SOL2_4_beam_0429,beam,P4,785,786,48949.69656910054,-39289.21863814741,-19079.800575672045,2956.0166710115077,-34810.067356805106,-44030.68533014977,-48949.69656910054,39289.21863814741,19079.800575672045,-2956.0166710115077,50073.90781734274,12599.310419631845
CASE_R,10796,E2-P4-V-075,A-V-0796,SOL2_4_beam_0430,beam,P4,787,785,48949.69656875385,-39289.21863814657,-19079.800575674326,2956.016671011513,-2088.20936952392,-111411.69529457242,-48949.69656875385,39289.21863814657,19079.800575674326,-2956.016671011513,34810.067356805404,44030.68533015101
CASE_R,10797,E2-P4-V-085,A-V-0797,SOL2_4_beam_0431,beam,P4,786,41,58612.7153462689,-22455.847682691754,-19079.80057567186,18112.99489183568,-46776.636205561954,-12599.310419635876,-58612.7153462689,22455.847682691754,19079.80057567186,-18112.99489183568,65512.03858434456,-9451.200036345033
CASE_R,10798,E2-P4-V-080,A-V-0798,SOL2_4_beam_0432,beam,P4,788,789,-190610.55514268958,-31532.317282301035,-147907.86814879425,596.0837568433836,-258730.80297924875,67305.6302973432,190610.55514268958,31532.317282301035,147907.86814879425,-596.0837568433836,377057.0974982841,-92531.48412318403
CASE_R,10799,E2-P4-V-072,A-V-0799,SOL2_4_beam_0433,beam,P4,790,788,-190610.55514288592,-31532.317282264263,-147243.07094880624,596.0837568436594,82136.90626723794,-5691.684211096268,190610.55514288592,31532.317282264263,147243.07094880624,-596.0837568436594,258730.80297924855,-67305.6302973455
CASE_R,10800,E2-P4-V-084,A-V-0800,SOL2_4_beam_0434,beam,P4,789,41,-191130.5487497213,28209.6455126186,-147907.86814880552,-114628.88922771631,-359211.1187645746,92531.48412318736,191130.5487497213,-28209.6455126186,147907.86814880552,114628.88922771631,504449.1894543263,-64831.0342392599
CASE_R,10801,E2-P4-V-060,A-V-0801,SOL2_4_beam_0435,beam,P4,791,792,-89843.75151777077,11658.618552548092,42061.921541386146,34371.56166067489,56736.47405316416,4602.713716989724,89843.75151777077,-11658.618552548092,-42061.921541386146,-34371.56166067489,-90386.01128627309,4724.181125048753
CASE_R,10802,E2-P4-V-062,A-V-0802,SOL2_4_beam_0436,beam,P4,790,791,-89843.751517609,11658.618552562157,45796.25164139414,34371.561660674815,16206.79135052133,14920.591136010837,89843.751517609,-11658.618552562157,-45796.25164139414,-34371.561660674815,-56736.474053155136,-4602.71371699333
CASE_R,10803,E2-P4-V-048,A-V-0803,SOL2_4_beam_0437,beam,P4,792,793,-171899.03518900854,25709.505523578133,53354.58953033557,20866.12530568998,155460.62333574216,10284.06351697859,171899.03518900854,-25709.505523578133,-53354.58953033557,-20866.12530568998,-265637.8507158851,42806.06538921026
CASE_R,10804,E2-P4-V-061,A-V-0804,SOL2_4_beam_0438,beam,P4,791,792,-89843.75151777077,11658.618552548092,42061.921541386146,34371.56166067489,56736.47405316416,4602.713716989724,89843.75151777077,-11658.618552548092,-42061.921541386146,-34371.56166067489,-90386.01128627309,4724.181125048753
CASE_R,10805,E2-P4-V-063,A-V-0805,SOL2_4_beam_0439,beam,P4,790,791,-89843.751517609,11658.618552562157,45796.25164139414,34371.561660674815,16206.79135052133,14920.591136010837,89843.751517609,-11658.618552562157,-45796.25164139414,-34371.561660674815,-56736.474053155136,-4602.71371699333
CASE_R,10806,E2-P4-V-049,A-V-0806,SOL2_4_beam_0440,beam,P4,792,794,-6300.7426935620415,-5165.638498189225,19230.07265246213,34712.1154520733,41568.53270393833,-19732.425767070938,6300.7426935620415,5165.638498189225,-19230.07265246213,-34712.1154520733,-72011.77848594953,11554.67182596666
CASE_R,10807,E2-P4-V-059,A-V-0807,SOL2_4_beam_0441,beam,P4,45,795,45697.64054937932,44536.409395486386,7331.836915860766,-7076.966603336396,4324.384586584194,98651.45216529981,-45697.64054937932,-44536.409395486386,-7331.836915860766,7076.966603336396,-29714.674501926613,55578.97594113647
CASE_R,10808,E2-P4-V-058,A-V-0808,SOL2_4_beam_0442,beam,P4,45,796,26541.0447376551,-43344.332387978495,33862.367286337896,7085.765846262562,-78856.8482008929,-100471.32421695543,-26541.0447376551,43344.332387978495,-33862.367286337896,-7085.765846262562,-38409.170190759716,-49630.91866531648
CASE_R,10809,E2-P4-V-079,A-V-0809,SOL2_4_beam_0443,beam,P4,797,798,0.0,3.3306690738754667e-09,-23848.43519999325,-6.718753463843339e-10,-113345.94696299171,-3.339550858072468e-08,0.0,-3.3306690738754667e-09,23848.43519999325,6.718753463843339e-10,132424.69512298633,3.606004383982506e-08
CASE_R,10810,E2-P4-V-074,A-V-0810,SOL2_4_beam_0444,beam,P4,744,797,0.0,4.853597705900501e-09,-23848.43519999665,-6.692336346685377e-10,-76619.35675499534,-2.4638300058174903e-08,0.0,-4.853597705900501e-09,23848.43519999665,6.692336346685377e-10,113345.94696299019,3.2112840525261674e-08
CASE_R,10811,E2-P4-V-083,A-V-0811,SOL2_4_beam_0445,beam,P4,798,46,-1.7380032422760743e-07,-4.095254251941583e-08,-23848.435199992065,34550.79810936752,-127837.95300466183,-3.744817652690849e-08,1.7380032422760743e-07,4.095254251941583e-08,23848.435199992065,-34550.79810936752,155259.50561704277,-9.640124650491294e-09
CASE_R,10812,E2-P4-V-078,A-V-0812,SOL2_4_beam_0446,beam,P4,799,800,-128868.50054513721,52985.08370214186,-38268.07976461041,-22598.99932747414,150421.13057835645,-93914.67064779795,128868.50054513721,-52985.08370214186,38268.07976461041,22598.99932747414,-119806.66676666809,136302.73760951147
CASE_R,10813,E2-P4-V-073,A-V-0813,SOL2_4_beam_0447,beam,P4,746,799,-128868.50054533112,52985.08370215195,-38268.07976458879,-22598.999327473914,232314.82127457697,19473.40847481206,128868.50054533112,-52985.08370215195,38268.07976458879,22598.999327473914,-150421.13057835697,93914.67064779309
CASE_R,10814,E2-P4-V-082,A-V-0814,SOL2_4_beam_0448,beam,P4,800,46,-110580.64640494974,84772.81503146986,-38268.079764607966,9442.393961882255,121553.25322101297,-136302.73760951948,110580.64640494974,-84772.81503146986,38268.079764607966,-9442.393961882255,-77551.61731324757,233776.73068248475
CASE_R,10815,E2-P4-V-116,A-V-0815,SOL2_4_beam_0449,beam,P4,801,802,0.0,1.9151347174784026e-08,-2.341876692568696e-09,-0.0,5.620504062164862e-09,-8.748557434046247e-08,0.0,-1.9151347174784026e-08,2.341876692568696e-09,0.0,-3.7470027081099075e-09,1.0280665208028967e-07
CASE_R,10816,E2-P4-V-110,A-V-0816,SOL2_4_beam_0450,beam,P4,749,801,-5.3504724078320795e-08,1.8221689164022507e-08,9.669528447889296e-10,-0.0,4.614782451755168e-09,-4.201904330950793e-08,5.3504724078320795e-08,-1.8221689164022507e-08,-9.669528447889296e-10,0.0,-7.022495035279603e-09,8.739104932792397e-08
CASE_R,10817,E2-P4-V-120,A-V-0817,SOL2_4_beam_0451,beam,P4,802,47,3.696734375766272e-07,7.370072984605627e-08,2.163708796367779e-09,-2.5860729334997288e-09,3.465688477280879e-09,-1.0291708502133301e-07,-3.696734375766272e-07,-7.370072984605627e-08,-2.163708796367779e-09,2.5860729334997288e-09,-6.584808106833671e-09,2.0916123098085567e-07
CASE_R,10818,E2-P4-V-115,A-V-0818,SOL2_4_beam_0452,beam,P4,803,804,62762.20680950804,67297.56533299212,-16503.709961165172,33338.5929320865,-138428.89703816056,-21084.441289849245,-62762.20680950804,-67297.56533299212,16503.709961165172,-33338.5929320865,151631.86500709268,74922.49355624286
CASE_R,10819,E2-P4-V-109,A-V-0819,SOL2_4_beam_0453,beam,P4,752,803,62762.20680932311,67297.5653328994,-16503.709961171986,33338.59293208652,-87432.43325813352,186865.03558877876,-62762.20680932311,-67297.5653328994,16503.709961171986,-33338.59293208652,138428.89703815494,21084.441289880328
CASE_R,10820,E2-P4-V-119,A-V-0820,SOL2_4_beam_0454,beam,P4,804,47,75393.22439613882,52762.85263792653,-16503.70996116201,1052.9251584459962,-155250.04223133766,-74922.49355623938,-75393.22439613882,-52762.85263792653,16503.70996116201,-1052.9251584459962,179041.15764701695,150983.39863294282
CASE_R,10821,E2-P4-V-015,A-V-0821,SOL2_4_beam_0455,beam,P4,344,805,-10829.901007545583,-32028.32532683709,-4594.678785441495,-41055.723661653465,45170.0045599041,-21803.222167565396,10829.901007545583,32028.32532683709,4594.678785441495,41055.723661653465,-36295.65397209724,-40057.59574016014
CASE_R,10822,E2-P4-V-008,A-V-0822,SOL2_4_beam_0457,beam,P4,344,806,-3083.73764963694,-367.238583531298,-1978.8475183423054,-35067.45112324694,-24032.175168512167,14715.439707796653,3083.73764963694,367.238583531298,1978.8475183423054,35067.45112324694,26332.20897119804,-15142.284701128956
CASE_R,10823,E2-P4-V-007,A-V-0823,SOL2_4_beam_0458,beam,P4,806,807,-3103.89893612572,-100.56571650725036,-11912.644118341492,-37202.93026603792,-23217.522202088527,15142.28470113025,3103.89893612572,100.56571650725036,11912.644118341492,37202.93026603792,41157.96424431082,-15293.736670190168
CASE_R,10824,E2-P4-V-012,A-V-0824,SOL2_4_beam_0459,beam,P4,808,809,-75977.41049193736,-3045.7918437648527,4537.130869283872,1807.8088549643567,-29468.753213142907,3162.6593278859846,75977.41049193736,3045.7918437648527,-4537.130869283872,-1807.8088549643567,22436.200365752902,-7883.636685721509
CASE_R,10825,E2-P4-V-013,A-V-0825,SOL2_4_beam_0460,beam,P4,807,808,-11364.366051500305,-221.48620460567645,2799.6189309671768,-1172.5986250400854,-33825.95471431667,10555.14830031765,11364.366051500305,221.48620460567645,-2799.6189309671768,1172.5986250400854,24283.30872115279,-11310.095489573607
CASE_R,10826,E2-P4-V-011,A-V-0826,SOL2_4_beam_0461,beam,P4,809,810,-75977.4104919161,-3045.7918437707763,4537.130869283722,1807.8088549644056,-22436.200365752917,7883.636685726862,75977.4104919161,3045.7918437707763,-4537.130869283722,-1807.8088549644056,11615.14324251124,-15147.850233120163
CASE_R,10827,E2-P4-V-005,A-V-0827,SOL2_4_beam_0462,beam,P4,808,811,47841.477900689686,23852.11453723449,1062.10699264905,9911.445992424258,-16328.850670993588,19457.531651256686,-47841.477900689686,-23852.11453723449,-1062.10699264905,-9911.445992424258,15378.87329701713,1876.448153690235
CASE_R,10828,E2-P4-V-006,A-V-0828,SOL2_4_beam_0463,beam,P4,807,808,-11364.366051500305,-221.48620460567645,2799.6189309671768,-1172.5986250400854,-33825.95471431667,10555.14830031765,11364.366051500305,221.48620460567645,-2799.6189309671768,1172.5986250400854,24283.30872115279,-11310.095489573607
CASE_R,10829,E2-P4-V-004,A-V-0829,SOL2_4_beam_0464,beam,P4,811,810,53020.04566422036,-6826.795249641928,438.0487926502829,-330.5094586420859,-18293.093479348605,-1876.4481536943567,-53020.04566422036,6826.795249641928,-438.0487926502829,330.5094586420859,16908.67736379506,-19699.060145295498
CASE_R,10830,E2-P4-V-009,A-V-0830,SOL2_4_beam_0465,beam,P4,812,345,-57160.05380321424,13501.915380783632,51143.20068435377,39157.981229912366,-23719.225486482777,20133.654493895734,57160.05380321424,-13501.915380783632,-51143.20068435377,-39157.981229912366,-62906.07947828163,2735.6130102525403
CASE_R,10831,E2-P4-V-010,A-V-0831,SOL2_4_beam_0466,beam,P4,810,812,-4165.564698323176,14130.383550943054,8835.29804778858,46861.37510393816,844.9879203132932,35852.862661378604,4165.564698323176,-14130.383550943054,-8835.29804778858,-46861.37510393816,-9229.685767664656,-22443.128671533643
CASE_R,10832,E2-P4-V-002,A-V-0832,SOL2_4_beam_0467,beam,P4,812,813,38558.442056201995,24699.68473665156,-48649.258088775976,31318.723288622332,70151.43755132623,24752.60284916823,-38558.442056201995,-24699.68473665156,48649.258088775976,-31318.723288622332,-26638.218294752376,-2660.5332115814635
CASE_R,10833,E2-P4-V-003,A-V-0833,SOL2_4_beam_0468,beam,P4,810,812,-4165.564698323176,14130.383550943054,8835.29804778858,46861.37510393816,844.9879203132932,35852.862661378604,4165.564698323176,-14130.383550943054,-8835.29804778858,-46861.37510393816,-9229.685767664656,-22443.128671533643
CASE_R,10834,E2-P4-V-001,A-V-0834,SOL2_4_beam_0469,beam,P4,813,345,45789.3773057515,-401.00603887098094,-55476.69258877539,40787.4985986247,5180.449827511289,2660.533211588215,-45789.3773057515,401.00603887098094,55476.69258877539,-40787.4985986247,43236.720403362226,-3010.510413573629
CASE_R,10835,E2-P4-V-022,A-V-0835,SOL2_4_beam_0470,beam,P4,805,814,-33801.806683555486,733.6511452283981,-18636.744885441563,22323.538362898107,50046.044575015985,40057.59574016135,33801.806683555486,-733.6511452283981,18636.744885441563,-22323.538362898107,7427.803277797768,-37795.089355216514
CASE_R,10836,E2-P4-V-021,A-V-0836,SOL2_4_beam_0471,beam,P4,807,814,1313.3190374576752,-19603.272058115457,-30663.995280276253,29911.70684907825,40373.55818664604,-5816.559930439551,-1313.3190374576752,19603.272058115457,30663.995280276253,-29911.70684907825,65816.43745341669,-62069.94198671995
CASE_R,10837,E2-P4-V-020,A-V-0837,SOL2_4_beam_0472,beam,P4,810,815,-15683.969243384496,7094.286250408432,-16262.603016821311,-15059.825980424615,45051.36764705891,-18429.4074721723,15683.969243384496,-7094.286250408432,16262.603016821311,15059.825980424615,4549.571554246078,40066.98053591802
CASE_R,10838,E2-P4-V-019,A-V-0838,SOL2_4_beam_0473,beam,P4,810,815,-15683.969243384496,7094.286250408432,-16262.603016821311,-15059.825980424615,45051.36764705891,-18429.4074721723,15683.969243384496,-7094.286250408432,16262.603016821311,15059.825980424615,4549.571554246078,40066.98053591802
CASE_R,10839,E2-P4-V-055,A-V-0839,SOL2_4_beam_0474,beam,P4,814,816,-91724.81716602121,8061.943208940189,11229.84381589968,-36396.17243172727,-22436.545173907714,23599.146925382687,91724.81716602121,-8061.943208940189,-11229.84381589968,36396.17243172727,-19675.369135716086,6633.140108143025
CASE_R,10840,E2-P4-V-054,A-V-0840,SOL2_4_beam_0475,beam,P4,817,816,4909.221409521637,6429.783434104424,-10292.768516050372,-41855.03048570288,46310.402879686255,15975.63204378384,-4909.221409521637,-6429.783434104424,10292.768516050372,41855.03048570288,-13741.474423310232,4369.83247616397
CASE_R,10841,E2-P4-V-053,A-V-0841,SOL2_4_beam_0476,beam,P4,815,818,-43063.78904942676,-10509.590549971908,3628.611634994731,39417.83856704678,6350.018458954131,-24591.170736198663,43063.78904942676,10509.590549971908,-3628.611634994731,-39417.83856704678,-19957.312090184372,-14819.793826195997
CASE_R,10842,E2-P4-V-052,A-V-0842,SOL2_4_beam_0477,beam,P4,819,818,9519.93124978553,239.16114351682484,-1716.9171873322841,43871.852788993776,-6666.114761393192,3895.791077587153,-9519.93124978553,-239.16114351682484,1716.9171873322841,-43871.852788993776,12098.875923033005,-3139.024600171658
CASE_R,10843,E2-P4-V-028,A-V-0843,SOL2_4_beam_0478,beam,P4,793,815,-11406.962724681413,-8786.74171205396,-1751.8626971552467,-17797.840252168222,65197.2342798044,-9927.605857306917,11406.962724681413,8786.74171205396,1751.8626971552467,17797.840252168222,-56937.20166271741,-31501.88131502751
CASE_R,10844,E2-P4-V-038,A-V-0844,SOL2_4_beam_0479,beam,P4,794,819,2392.2684184939612,-7788.467846663615,-3440.7533475381997,-53483.45567266292,59415.04160713668,-11554.671825967514,-2392.2684184939612,7788.467846663615,3440.7533475381997,53483.45567266292,-46288.56758627845,-18158.33300905417
CASE_R,10845,E2-P4-V-033,A-V-0845,SOL2_4_beam_0480,beam,P4,820,821,34239.21100694641,33386.42575050724,95154.42312921262,36085.94781495766,-125260.64217717556,24246.059513505228,-34239.21100694641,-33386.42575050724,-95154.42312921262,-36085.94781495766,49137.103673805395,2463.0810869005854
CASE_R,10846,E2-P4-V-032,A-V-0846,SOL2_4_beam_0481,beam,P4,45,820,40415.50684486425,25564.89392173811,98792.69992921069,9340.349256938489,-273015.5285764305,61249.47507408452,-40415.50684486425,-25564.89392173811,-98792.69992921069,-9340.349256938489,130019.92918049367,-24246.059513502318
CASE_R,10847,E2-P4-V-034,A-V-0847,SOL2_4_beam_0482,beam,P4,821,814,112439.2243275072,82154.44779752142,150995.6613849136,42497.10857907161,-97461.53157251203,18230.20957270304,-112439.2243275072,-82154.44779752142,-150995.6613849136,-42497.10857907161,-41303.48124022338,57269.727953219044
CASE_R,10848,E2-P4-V-043,A-V-0848,SOL2_4_beam_0483,beam,P4,820,821,34239.21100694641,33386.42575050724,95154.42312921262,36085.94781495766,-125260.64217717556,24246.059513505228,-34239.21100694641,-33386.42575050724,-95154.42312921262,-36085.94781495766,49137.103673805395,2463.0810869005854
CASE_R,10849,E2-P4-V-042,A-V-0849,SOL2_4_beam_0484,beam,P4,45,820,40415.50684486425,25564.89392173811,98792.69992921069,9340.349256938489,-273015.5285764305,61249.47507408452,-40415.50684486425,-25564.89392173811,-98792.69992921069,-9340.349256938489,130019.92918049367,-24246.059513502318
CASE_R,10850,E2-P4-V-044,A-V-0850,SOL2_4_beam_0485,beam,P4,821,817,-20860.050155075234,-41641.3730827237,33782.60207350628,21873.334413845016,20070.1437475813,-23156.371746490135,20860.050155075234,41641.3730827237,-33782.60207350628,-21873.334413845016,-49193.03931548997,-12741.317749238471
CASE_R,10851,E2-P4-V-036,A-V-0851,SOL2_4_beam_0486,beam,P4,822,823,19929.04934263599,4820.348368024861,21107.803996420524,-5954.198144278891,29209.034511067388,-14768.659046335652,-19929.04934263599,-4820.348368024861,-21107.803996420524,5954.198144278891,-46095.27770820382,18624.937740755544
CASE_R,10852,E2-P4-V-035,A-V-0852,SOL2_4_beam_0487,beam,P4,814,822,90685.16012477553,20744.787278636948,50963.80390329385,-8691.130991309818,-51573.43906463729,18996.15646332418,-90685.16012477553,-20744.787278636948,-50963.80390329385,8691.130991309818,-44289.47607745846,20024.78840779193
CASE_R,10853,E2-P4-V-037,A-V-0853,SOL2_4_beam_0488,beam,P4,823,824,8524.10445318278,-141790.4461545703,-7548.980521967608,-102769.69814549644,96303.9660257386,-214887.89733253163,-8524.10445318278,141790.4461545703,7548.980521967608,102769.69814549644,-87743.42211382733,54097.53139324888
CASE_R,10854,E2-P4-V-046,A-V-0854,SOL2_4_beam_0489,beam,P4,822,823,19929.04934263599,4820.348368024861,21107.803996420524,-5954.198144278891,29209.034511067388,-14768.659046335652,-19929.04934263599,-4820.348368024861,-21107.803996420524,5954.198144278891,-46095.27770820382,18624.937740755544
CASE_R,10855,E2-P4-V-045,A-V-0855,SOL2_4_beam_0490,beam,P4,817,822,-51951.782383757716,2775.48347081973,18380.091089558282,645.571820413966,-27100.358976782045,-3234.3142945450063,51951.782383757716,-2775.48347081973,-18380.091089558282,-645.571820413966,-14475.882412264767,9512.529684873834
CASE_R,10856,E2-P4-V-047,A-V-0856,SOL2_4_beam_0491,beam,P4,823,745,-43124.061973032934,148504.294586477,30202.273914818434,82236.18487464514,38857.511747947385,177638.02185102724,43124.061973032934,-148504.294586477,-30202.273914818434,-82236.18487464514,-77605.46371551021,12885.290726121239
CASE_R,10857,E2-P4-V-030,A-V-0857,SOL2_4_beam_0492,beam,P4,825,826,7271.404432615537,-9408.343156885823,-77770.00066300022,-29071.24320311457,-76194.90317062923,19707.513674145055,-7271.404432615537,9408.343156885823,77770.00066300022,29071.24320311457,138410.9037010294,-27234.188199653712
CASE_R,10858,E2-P4-V-029,A-V-0858,SOL2_4_beam_0493,beam,P4,815,825,13291.20032610594,-20482.592274722923,-93506.72916579264,-33247.00181961459,126474.69219061288,-24040.909020609593,-13291.20032610594,20482.592274722923,93506.72916579264,33247.00181961459,116736.31036961376,-29234.31348594473
CASE_R,10859,E2-P4-V-031,A-V-0859,SOL2_4_beam_0494,beam,P4,826,45,9517.433311720939,-7128.02262456017,-81943.7464630008,8899.817240930512,-141150.65957262955,27234.188199629327,-9517.433311720939,7128.02262456017,81943.7464630008,-8899.817240930512,233316.6493508623,-35251.41085188938
CASE_R,10860,E2-P4-V-040,A-V-0860,SOL2_4_beam_0495,beam,P4,825,826,7271.404432615537,-9408.343156885823,-77770.00066300022,-29071.24320311457,-76194.90317062923,19707.513674145055,-7271.404432615537,9408.343156885823,77770.00066300022,29071.24320311457,138410.9037010294,-27234.188199653712
CASE_R,10861,E2-P4-V-039,A-V-0861,SOL2_4_beam_0496,beam,P4,819,825,1563.0783536421852,1377.8797720092102,-43518.89096020583,-31600.71780514329,99048.01480604816,14262.541931458825,-1563.0783536421852,-1377.8797720092102,43518.89096020583,31600.71780514329,29872.25404957185,-10180.71386234326
CASE_R,10862,E2-P4-V-041,A-V-0862,SOL2_4_beam_0497,beam,P4,826,45,9517.433311720939,-7128.02262456017,-81943.7464630008,8899.817240930512,-141150.65957262955,27234.188199629327,-9517.433311720939,7128.02262456017,81943.7464630008,-8899.817240930512,233316.6493508623,-35251.41085188938
CASE_R,10863,E2-P4-V-071,A-V-0863,SOL2_4_beam_0498,beam,P4,746,827,-51030.11661714565,-61624.33828245893,-23875.621904885862,27386.700993669692,148108.79670695678,-254164.20219797548,51030.11661714565,61624.33828245893,23875.621904885862,-27386.700993669692,-48821.728051378464,-2101.369868777867
CASE_R,10864,E2-P4-V-067,A-V-0864,SOL2_4_beam_0499,beam,P4,746,816,63255.95009657581,45779.63917193968,55580.27138429367,58376.59715058965,-158047.4555430869,123103.42116591794,-63255.95009657581,-45779.63917193968,-55580.27138429367,-58376.59715058965,-53991.27978799356,51545.902275032
CASE_R,10865,E2-P4-V-069,A-V-0865,SOL2_4_beam_0500,beam,P4,784,828,39289.21863813764,-20075.17022076294,11921.75282432957,2088.209369523742,-14295.757792409551,-14705.74132509595,-39289.21863813764,20075.17022076294,-11921.75282432957,-2088.209369523742,-39173.30362470858,-75331.39711502586
CASE_R,10866,E2-P4-V-065,A-V-0866,SOL2_4_beam_0501,beam,P4,796,818,45480.62371669435,22686.36313438003,7834.6442863330685,-37650.9371260377,10386.499213014722,49630.91866531714,-45480.62371669435,-22686.36313438003,-7834.6442863330685,37650.9371260377,-43174.48555131862,45311.5110520633
CASE_R,10867,E2-P4-V-070,A-V-0867,SOL2_4_beam_0502,beam,P4,827,783,-41604.860626529095,-68342.28151706449,-38756.2187048842,20056.027409409206,52262.30272187266,2101.369868776703,41604.860626529095,68342.28151706449,38756.2187048842,-20056.027409409206,45984.711695008795,-175349.0535145352
CASE_R,10868,E2-P4-V-066,A-V-0868,SOL2_4_beam_0503,beam,P4,816,795,48327.74776186359,-41667.67224003063,12345.232784139025,28989.889901968603,-25374.202718977016,-62548.87485934868,-48327.74776186359,41667.67224003063,-12345.232784139025,-28989.889901968603,-9624.53222405711,-55578.97594113814
CASE_R,10869,E2-P4-V-068,A-V-0869,SOL2_4_beam_0504,beam,P4,828,787,39289.21863814489,48949.69656870175,-9493.391075674233,2088.209369523752,39173.303624708686,75331.39711502567,-39289.21863814489,-48949.69656870175,9493.391075674233,-2088.209369523752,-2956.0166710114936,111411.69529457146
CASE_R,10870,E2-P4-V-064,A-V-0870,SOL2_4_beam_0505,beam,P4,818,790,54849.554387378324,-10923.052107447715,-41476.28376600418,-49723.323566201034,127413.63839220293,-27352.69262569884,-54849.554387378324,10923.052107447715,41476.28376600418,49723.323566201034,68147.03956450679,-24149.49806091714
CASE_R,10871,E2-P4-V-025,A-V-0871,SOL2_4_beam_0506,beam,P4,829,743,0.0,1.4573377900020658e-09,-4281.094999999628,-0.0,-2.0945662981830537e-09,-2.97921482498994e-10,0.0,-1.4573377900020658e-09,4281.094999999628,0.0,6126.246945001562,2.3833718599919505e-09
CASE_R,10872,E2-P4-V-017,A-V-0872,SOL2_4_beam_0507,beam,P4,340,338,-36332.62506812808,13999.977894023792,-891565.5357539646,-169560.48517437745,246913.46794861543,5359.8725937433155,36332.62506812808,-13999.977894023792,891565.5357539646,169560.48517437745,461989.3461921937,5771.809070678236
CASE_R,10873,E2-P4-V-024,A-V-0873,SOL2_4_beam_0508,beam,P4,338,824,-138954.15809938236,-29477.668231044638,19218.62502197516,71515.69954445439,69472.20354180099,-15205.877168305658,138954.15809938236,29477.668231044638,-19218.62502197516,-71515.69954445439,-114656.11060832503,-54097.531393253535
CASE_R,10874,E2-P4-V-027,A-V-0874,SOL2_4_beam_0510,beam,P4,793,830,0.0,1.9297721143474438e-10,2932.6443000014892,-0.0,-3082.2091593008217,1.352126994786109e-10,0.0,-1.9297721143474438e-10,-2932.6443000014892,0.0,-7.430571713484824e-10,6.760634973930545e-11
CASE_R,10875,E2-P4-V-018,A-V-0875,SOL2_4_beam_0511,beam,P4,831,347,-151706.40100933655,61606.41936213003,15326.693027494697,52021.59708879923,276532.98887492315,45737.6939469827,151706.40100933655,-61606.41936213003,-15326.693027494697,-52021.59708879923,-292231.0095690633,17361.295789662203
CASE_R,10876,E2-P4-V-026,A-V-0876,SOL2_4_beam_0512,beam,P4,793,831,-154803.9954813066,-53347.03362729835,21313.38862749214,-142652.28189771154,211133.92430585984,-32878.45953190337,154803.9954813066,53347.03362729835,-21313.38862749214,142652.28189771154,-242542.91778805252,-45737.693946985564
CASE_R,10877,E2-P4-V-016,A-V-0877,SOL2_4_beam_0513,beam,P4,347,339,-39920.60695299103,-6388.271479685289,846692.4507660718,170713.96034054158,-421667.9677041513,-22467.962074621893,39920.60695299103,6388.271479685289,-846692.4507660718,-170713.96034054158,-229947.00447753686,17551.54485753454
CASE_R,10880,E1-S1-V-020,A-V-0880,SOL_1S_beam_0001,beam,S1,402,404,7088.905657227383,-4730.711290346224,-4009.9407905108214,7.198286812853437,24412.46145145406,-35849.259781772475,-7088.905657227383,4730.711290346224,4009.9407905108214,-7.198286812853437,14684.461256026449,-10275.175299103208
CASE_R,10881,E1-S1-V-019,A-V-0881,SOL_1S_beam_0002,beam,S1,408,400,18772.572492961655,1352.559937940184,-2188.294682808418,2655.4409591143035,-8106.259809444859,13659.040208589042,-18772.572492961655,-1352.559937940184,2188.294682808418,-2655.4409591143035,29021.098572008617,-731.8173619762874
CASE_R,10882,E1-S1-V-018,A-V-0882,SOL_1S_beam_0003,beam,S1,406,386,9010.587779847789,-307.8294711282863,-3134.299913303936,1360.2242950652844,11969.943206777187,-2437.2968084477875,-9010.587779847789,307.8294711282863,3134.299913303936,-1360.2242950652844,17180.731045724347,-425.6827679774301
CASE_R,10883,E1-S1-V-011,A-V-0883,SOL_1S_beam_0004,beam,S1,406,458,-22833.816883910884,517.84344844686,-4801.6500868464855,-14291.910963977392,13538.820131062674,2973.6856417552276,22833.816883910884,-517.84344844686,4801.6500868464855,14291.910963977392,7436.4780710405885,-711.5631303849723
CASE_R,10884,E1-S1-V-021,A-V-0884,SOL_1S_beam_0005,beam,S1,410,390,0.0,0.0,0.0,-0.0,0.0,0.0,0.0,0.0,0.0,0.0,0.0,0.0
CASE_R,10885,E1-S1-V-038,A-V-0885,SOL_1S_beam_0006,beam,S1,382,400,-244.2107104327245,353.83001570121303,36.79838599004105,-2031.1705136491012,447.990028635852,1138.4653982232958,244.2107104327245,-353.83001570121303,-36.79838599004105,2031.1705136491012,-746.0569551551845,1727.5577289565294
CASE_R,10886,E1-S1-V-039,A-V-0886,SOL_1S_beam_0007,beam,S1,404,394,-2363.158192157308,1240.4574626956492,1395.1640264543566,1386.641149385416,-4611.60308693195,8384.082515552185,2363.158192157308,-1240.4574626956492,-1395.1640264543566,-1386.641149385416,-4596.479487666805,-197.06326176089897
CASE_R,10887,E1-S1-V-003,A-V-0887,SOL_1S_beam_0008,beam,S1,380,398,1051.9710819227353,1524.303991376859,210.1770961288433,-2452.530372761017,-1930.4503510176696,2032.7930066552408,-1051.9710819227353,-1524.303991376859,-210.1770961288433,2452.530372761017,227.88613836900072,10315.010216036702
CASE_R,10888,E1-S1-V-004,A-V-0888,SOL_1S_beam_0009,beam,S1,402,392,11128.095766227734,16297.648360653608,4620.7734274461645,-11766.283765478705,-12551.112095540971,43524.63229606068,-11128.095766227734,-16297.648360653608,-4620.7734274461645,11766.283765478705,-17945.992525603717,64039.84688425315
CASE_R,10889,E1-S1-V-001,A-V-0889,SOL_1S_beam_0010,beam,S1,450,836,1250.643068183236,2783.371643338937,13806.651812335494,17056.231945514664,-13300.220153248443,-1129.67484836115,-1250.643068183236,-2783.371643338937,-13806.651812335494,-17056.231945514664,-13432.488486000651,6518.893334312181
CASE_R,10890,E1-S1-V-002,A-V-0890,SOL_1S_beam_0011,beam,S1,836,450,1250.643068183236,2783.371643338937,-13806.651812335494,17056.231945514664,13432.488486000651,6518.893334312181,-1250.643068183236,-2783.371643338937,13806.651812335494,-17056.231945514664,13300.220153248443,-1129.67484836115
CASE_R,10891,E1-S1-V-048,A-V-0891,SOL_1S_beam_0012,beam,S1,837,838,21429.046085826714,1557.1878683770021,2711.7044321573435,-2328.945708911366,13386.478078414126,5435.308641001468,-21429.046085826714,-1557.1878683770021,-2711.7044321573435,2328.945708911366,-17454.03472665014,-3099.5268384359642
CASE_R,10892,E1-S1-V-027,A-V-0892,SOL_1S_beam_0013,beam,S1,836,837,28077.338774040873,-1280.025189242332,896.8633670937252,7530.257112580042,-17408.275135601754,-5347.470600987895,-28077.338774040873,1280.025189242332,-896.8633670937252,-7530.257112580042,6653.387449236128,-10002.166424137182
CASE_R,10893,E1-S1-V-063,A-V-0893,SOL_1S_beam_0014,beam,S1,838,839,-6933.516277092465,674.150785630518,-1575.0290127669716,-2147.5563922574274,13819.044431316208,3118.791161523369,6933.516277092465,-674.150785630518,1575.0290127669716,2147.5563922574274,-888.0562364993693,2415.986788503185
CASE_R,10894,E1-S1-V-005,A-V-0894,SOL_1S_beam_0015,beam,S1,840,836,-23170.132492701367,-1914.0577591298018,-5001.136757575437,11483.255110379332,-4577.081775219958,1157.6369357243148,23170.132492701367,1914.0577591298018,5001.136757575437,-11483.255110379332,21645.961528824926,-7690.316067634329
CASE_R,10895,E1-S1-V-014,A-V-0895,SOL_1S_beam_0016,beam,S1,841,840,-23170.132492701367,-1914.0577591297924,3419.995642424534,11483.255110379332,-16249.526902814685,-5375.042196185675,23170.132492701367,1914.0577591297924,-3419.995642424534,-11483.255110379332,4577.081775219749,-1157.6369357243072
CASE_R,10896,E1-S1-V-037,A-V-0896,SOL_1S_beam_0017,beam,S1,842,841,-23170.132492701556,-1914.0577591294195,12047.572642421084,11483.255110379367,-57500.41563046423,-11928.775963444952,23170.132492701556,1914.0577591294195,-12047.572642421084,-11483.255110379367,16249.526902814447,5375.042196185821
CASE_R,10897,E1-S1-V-055,A-V-0897,SOL_1S_beam_0018,beam,S1,838,843,-19696.005011005065,-5418.725330788469,5215.983218299519,-5996.313465114964,7680.8316088107495,-5347.709242661105,19696.005011005065,5418.725330788469,-5215.983218299519,5996.313465114964,-10979.709050219102,1920.6064306329217
CASE_R,10898,E1-S1-V-047,A-V-0898,SOL_1S_beam_0019,beam,S1,843,837,-19677.09614425099,5486.992339513301,5215.983218336854,507.2173254635482,12500.100662959198,-1920.6064306282624,19677.09614425099,-5486.992339513301,-5215.983218336854,-507.2173254635482,-17308.999579954216,6979.363411725093
CASE_R,10899,E1-S1-V-046,A-V-0899,SOL_1S_beam_0020,beam,S1,837,842,-27346.756549569127,1278.7049282806865,-9849.672646761483,-17166.444075967785,35442.97383430439,-2412.5056285891255,27346.756549569127,-1278.7049282806865,9849.672646761483,17166.444075967785,-18191.700292635822,4652.1017337554
CASE_R,10900,E1-S1-V-059,A-V-0900,SOL_1S_beam_0021,beam,S1,844,838,8065.2126474098895,1502.5237270643595,929.2497734989138,-2686.9260912568097,9813.433075649864,-181.03458403511695,-8065.2126474098895,-1502.5237270643595,-929.2497734989138,2686.9260912568097,-12996.89687209257,5328.444919574081
CASE_R,10901,E1-S1-V-070,A-V-0901,SOL_1S_beam_0022,beam,S1,845,844,7963.7399646394815,1970.8065287916063,929.2497734861508,-3255.2495753788344,6536.139300355986,6401.459222128799,-7963.7399646394815,-1970.8065287916063,-929.2497734861508,3255.2495753788344,-9639.833543799727,181.0345840351597
CASE_R,10902,E1-S1-V-077,A-V-0902,SOL_1S_beam_0023,beam,S1,839,845,6960.601932665886,279.5496045664527,-1575.0290127583453,2248.7564310840166,-586.2907561980351,-2415.9867885049252,-6960.601932665886,-279.5496045664527,1575.0290127583453,-2248.7564310840166,2891.705006996126,2825.171404757675
CASE_R,10905,E1-S1-V-041,A-V-0905,SOL_1S_beam_0026,beam,S1,848,849,-3294.731752928638,2255.966680463949,4287.870326589877,12218.59406336723,-15592.188173557566,7182.030255549746,3294.731752928638,-2255.966680463949,-4287.870326589877,-12218.59406336723,-1988.0801654609286,2067.4331343524436
CASE_R,10906,E1-S1-V-044,A-V-0906,SOL_1S_beam_0027,beam,S1,848,849,-3294.731752928638,2255.966680463949,4287.870326589877,12218.59406336723,-15592.188173557566,7182.030255549746,3294.731752928638,-2255.966680463949,-4287.870326589877,-12218.59406336723,-1988.0801654609286,2067.4331343524436
CASE_R,10907,E1-S1-V-050,A-V-0907,SOL_1S_beam_0028,beam,S1,850,851,6.870191984066564e-10,-1.6107539226009537e-10,-1.6325208675009649e-10,-0.0,3.421355608065148e-09,-1.1241466137128652e-09,-6.870191984066564e-10,1.6107539226009537e-10,1.6325208675009649e-10,0.0,-2.9267017852123557e-09,6.360881751647763e-10
CASE_R,10908,E1-S1-V-053,A-V-0908,SOL_1S_beam_0029,beam,S1,850,851,6.870191984066564e-10,-1.6107539226009537e-10,-1.6325208675009649e-10,-0.0,3.421355608065148e-09,-1.1241466137128652e-09,-6.870191984066564e-10,1.6107539226009537e-10,1.6325208675009649e-10,0.0,-2.9267017852123557e-09,6.360881751647763e-10
CASE_R,10909,E1-S1-V-072,A-V-0909,SOL_1S_beam_0030,beam,S1,852,853,1322.4786572033222,-515.1118437754343,-1252.1393931271255,4853.993802682664,-48.02846121619905,-3547.033796829497,-1322.4786572033222,515.1118437754343,1252.1393931271255,-4853.993802682664,1168.6932180649758,3086.0086966504837
CASE_R,10910,E1-S1-V-075,A-V-0910,SOL_1S_beam_0031,beam,S1,852,853,1322.4786572033222,-515.1118437754343,-1252.1393931271255,4853.993802682664,-48.02846121619905,-3547.033796829497,-1322.4786572033222,515.1118437754343,1252.1393931271255,-4853.993802682664,1168.6932180649758,3086.0086966504837
CASE_R,10911,E1-S1-V-071,A-V-0911,SOL_1S_beam_0032,beam,S1,845,852,1322.478657212153,-515.1118437748422,-1252.1393931223336,4853.993802682669,2543.900082544627,-4613.315313443287,-1322.478657212153,515.1118437748422,1252.1393931223336,-4853.993802682669,48.02846121860398,3547.0337968293634
CASE_R,10912,E1-S1-V-074,A-V-0912,SOL_1S_beam_0033,beam,S1,845,852,1322.478657212153,-515.1118437748422,-1252.1393931223336,4853.993802682669,2543.900082544627,-4613.315313443287,-1322.478657212153,515.1118437748422,1252.1393931223336,-4853.993802682669,48.02846121860398,3547.0337968293634
CASE_R,10913,E1-S1-V-078,A-V-0913,SOL_1S_beam_0034,beam,S1,839,854,-2.0089307634954395e-09,-1.8922052993681244e-09,5.234584332268376e-10,-2.5983539139384617e-09,-2.049109378765348e-09,-1.9478592682851783e-09,2.0089307634954395e-09,1.8922052993681244e-09,-5.234584332268376e-10,2.5983539139384617e-09,9.642867664778108e-10,-1.97357358205792e-09
CASE_R,10914,E1-S1-V-079,A-V-0914,SOL_1S_beam_0035,beam,S1,839,854,-2.0089307634954395e-09,-1.8922052993681244e-09,5.234584332268376e-10,-2.5983539139384617e-09,-2.049109378765348e-09,-1.9478592682851783e-09,2.0089307634954395e-09,1.8922052993681244e-09,-5.234584332268376e-10,2.5983539139384617e-09,9.642867664778108e-10,-1.97357358205792e-09
CASE_R,10917,E1-S1-V-049,A-V-0917,SOL_1S_beam_0038,beam,S1,843,850,-5.016723325216904e-09,-1.3339699113396003e-09,-2.5244065172537366e-09,2.9472197825613057e-10,8.789299265780012e-09,-3.880669605810452e-09,5.016723325216904e-09,1.3339699113396003e-09,2.5244065172537366e-09,-2.9472197825613057e-10,-3.551840114253568e-09,1.11304368175479e-09
CASE_R,10918,E1-S1-V-052,A-V-0918,SOL_1S_beam_0039,beam,S1,843,850,-5.016723325216904e-09,-1.3339699113396003e-09,-2.5244065172537366e-09,2.9472197825613057e-10,8.789299265780012e-09,-3.880669605810452e-09,5.016723325216904e-09,1.3339699113396003e-09,2.5244065172537366e-09,-2.9472197825613057e-10,-3.551840114253568e-09,1.11304368175479e-09
CASE_R,10919,E1-S1-V-040,A-V-0919,SOL_1S_beam_0040,beam,S1,842,848,-3153.571506753055,-1925.8643472727151,-15284.08869459268,-38766.684555841966,-13230.044219774943,3638.337114844763,3153.571506753055,1925.8643472727151,15284.08869459268,38766.684555841966,44868.1078175818,-7624.876313699284
CASE_R,10920,E1-S1-V-043,A-V-0920,SOL_1S_beam_0041,beam,S1,842,848,-3153.571506753055,-1925.8643472727151,-15284.08869459268,-38766.684555841966,-13230.044219774943,3638.337114844763,3153.571506753055,1925.8643472727151,15284.08869459268,38766.684555841966,44868.1078175818,-7624.876313699284
CASE_R,10921,E1-S1-V-009,A-V-0921,SOL_1S_beam_0042,beam,S1,856,857,0.0,-7.273668523268289e-10,-25097.539684780637,1167.1193816213572,-12113.621555258462,-2.836884867334624e-09,0.0,7.273668523268289e-10,25097.539684780637,-1167.1193816213572,170353.60926780035,-1.7491631365860318e-09
CASE_R,10922,E1-S1-V-013,A-V-0922,SOL_1S_beam_0043,beam,S1,856,468,8.410584059345203e-09,3.8175402957475944e-10,-27530.324915215955,-1275.1270568004452,-6233.06405306331,-2.046953213840822e-10,-8.410584059345203e-09,-3.8175402957475944e-10,27530.324915215955,1275.1270568004452,224278.32973700645,3.228257849646795e-09
CASE_R,10923,E1-S1-V-008,A-V-0923,SOL_1S_beam_0044,beam,S1,858,856,0.0,7.346436295366488e-10,-4436.668999998765,2.977774880930437e-13,-2.4137989385053515e-09,5.818134920587716e-16,0.0,-7.346436295366488e-10,4436.668999998765,-2.977774880930437e-13,9183.904829999858,1.5207117313273712e-09
CASE_R,10924,E1-S1-V-012,A-V-0924,SOL_1S_beam_0045,beam,S1,858,856,0.0,7.346436295366488e-10,-4436.668999998765,2.977774880930437e-13,-2.4137989385053515e-09,5.818134920587716e-16,0.0,-7.346436295366488e-10,4436.668999998765,-2.977774880930437e-13,9183.904829999858,1.5207117313273712e-09
CASE_R,10925,E1-S1-V-010,A-V-0925,SOL_1S_beam_0046,beam,S1,857,468,0.0,4.823389876869014e-09,-44496.48648477975,-13245.252994359023,-169841.91953499586,-2.3694524343145784e-09,0.0,-4.823389876869014e-09,44496.48648477975,13245.252994359023,241917.50635074452,1.0182398652784902e-08
CASE_R,10928,E1-S1-V-042,A-V-0928,SOL_1S_beam_0049,beam,S1,849,51,-3346.659015325413,2178.191089474978,-14585.305373410205,12168.685783598163,2273.6732240383863,-2067.433134352348,3346.659015325413,-2178.191089474978,14585.305373410205,-12168.685783598163,60008.07588486033,11368.681717960177
CASE_R,10929,E1-S1-V-045,A-V-0929,SOL_1S_beam_0050,beam,S1,849,51,-3346.659015325413,2178.191089474978,-14585.305373410205,12168.685783598163,2273.6732240383863,-2067.433134352348,3346.659015325413,-2178.191089474978,14585.305373410205,-12168.685783598163,60008.07588486033,11368.681717960177
CASE_R,10930,E1-S1-V-051,A-V-0930,SOL_1S_beam_0051,beam,S1,851,860,0.0,-1.3408808862474367e-10,-7.081344200023987e-10,-0.0,3.3778011834114417e-09,-6.396001827400273e-10,0.0,1.3408808862474367e-10,7.081344200023987e-10,0.0,0.0,0.0
CASE_R,10931,E1-S1-V-054,A-V-0931,SOL_1S_beam_0052,beam,S1,851,860,0.0,-1.3408808862474367e-10,-7.081344200023987e-10,-0.0,3.3778011834114417e-09,-6.396001827400273e-10,0.0,1.3408808862474367e-10,7.081344200023987e-10,0.0,0.0,0.0
CASE_R,10932,E1-S1-V-073,A-V-0932,SOL_1S_beam_0053,beam,S1,853,376,1329.3879514080568,-497.00873736598743,-1252.139393130196,4869.496961363782,-1102.315298674961,-3086.008696650806,-1329.3879514080568,497.00873736598743,1252.139393130196,-4869.496961363782,10273.838993480695,-554.4225814374672
CASE_R,10933,E1-S1-V-076,A-V-0933,SOL_1S_beam_0054,beam,S1,853,376,1329.3879514080568,-497.00873736598743,-1252.139393130196,4869.496961363782,-1102.315298674961,-3086.008696650806,-1329.3879514080568,497.00873736598743,1252.139393130196,-4869.496961363782,10273.838993480695,-554.4225814374672
CASE_R,10934,E1-S1-V-029,A-V-0934,SOL_1S_beam_0055,beam,S1,848,444,-6427.647165863915,-1258.9273804741676,-43710.17053524547,-36550.619044766,44989.11060239062,-2499.2106193856494,6427.647165863915,1258.9273804741676,43710.17053524547,36550.619044766,196469.6734928831,-4455.213736118263
CASE_R,10935,E1-S1-V-028,A-V-0935,SOL_1S_beam_0056,beam,S1,452,848,-1908.9755990540425,1075.7508174657835,48065.52050712269,-19864.861246259712,-207787.57332281073,2560.7338837537936,1908.9755990540425,-1075.7508174657835,-48065.52050712269,19864.861246259712,-57868.85400182892,3384.902735684701
CASE_R,10936,E1-S1-V-016,A-V-0936,SOL_1S_beam_0057,beam,S1,444,861,16655.685843885374,1094.0919492722405,70396.34318260968,-2106.739830300033,-81647.01944897273,2091.860028009853,-16655.685843885374,-1094.0919492722405,-70396.34318260968,2106.739830300033,-288439.1975242896,3659.9778121564273
CASE_R,10937,E1-S1-V-023,A-V-0937,SOL_1S_beam_0058,beam,S1,862,861,1.6001001399370163e-09,-1.0843123543310985e-09,-43200.80469999973,-2479.2887019503537,-18286.03303969404,4.582686800779616e-10,-1.6001001399370163e-09,1.0843123543310985e-09,43200.80469999973,2479.2887019503537,243096.3130176817,-6.100861813551856e-09
CASE_R,10938,E1-S1-V-015,A-V-0938,SOL_1S_beam_0059,beam,S1,863,862,-5.004877719095014e-10,-6.160917614512183e-11,-4436.669000000142,-9.484712055796657e-12,6.011759978719056e-10,6.833326379137725e-11,5.004877719095014e-10,6.160917614512183e-11,4436.669000000142,9.484712055796657e-12,9226.671620856254,-1.964581334002096e-10
CASE_R,10939,E1-S1-V-022,A-V-0939,SOL_1S_beam_0060,beam,S1,863,862,-5.004877719095014e-10,-6.160917614512183e-11,-4436.669000000142,-9.484712055796657e-12,6.011759978719056e-10,6.833326379137725e-11,5.004877719095014e-10,6.160917614512183e-11,4436.669000000142,9.484712055796657e-12,9226.671620856254,-1.964581334002096e-10
CASE_R,10940,E1-S1-V-017,A-V-0940,SOL_1S_beam_0061,beam,S1,861,458,8286.977976123897,-989.0515932767111,-25073.349758695094,18565.82091683135,20606.257677397058,-1829.988906075252,-8286.977976123897,989.0515932767111,25073.349758695094,-18565.82091683135,53625.25644624225,-1098.171791314912
CASE_R,10941,E1-S1-V-024,A-V-0941,SOL_1S_beam_0062,beam,S1,861,458,8286.977976123897,-989.0515932767111,-25073.349758695094,18565.82091683135,20606.257677397058,-1829.988906075252,-8286.977976123897,989.0515932767111,25073.349758695094,-18565.82091683135,53625.25644624225,-1098.171791314912
CASE_R,10942,E1-S1-V-057,A-V-0942,SOL_1S_beam_0063,beam,S1,448,864,-1993.4110264879434,301.51888443773004,4.88700897543468e-12,-1.6924104240042328e-12,-2.395471086282738e-11,933.447634139886,1993.4110264879434,-301.51888443773004,-4.88700897543468e-12,1.6924104240042328e-12,8.825419791567985e-12,-9.777068044058979e-12
CASE_R,10943,E1-S1-V-061,A-V-0943,SOL_1S_beam_0064,beam,S1,448,864,-1993.4110264879434,301.51888443773004,4.88700897543468e-12,-1.6924104240042328e-12,-2.395471086282738e-11,933.447634139886,1993.4110264879434,-301.51888443773004,-4.88700897543468e-12,1.6924104240042328e-12,8.825419791567985e-12,-9.777068044058979e-12
CASE_R,10944,E1-S1-V-056,A-V-0944,SOL_1S_beam_0065,beam,S1,865,448,0.0,-2.3426498384376256e-11,5.3566688378909105e-12,7.370001955736235e-14,-7.466862468047512e-12,-1.2212468392184377e-11,0.0,2.3426498384376256e-11,-5.3566688378909105e-12,-7.370001955736235e-14,-3.733431234023756e-12,-3.6770149398207314e-11
CASE_R,10945,E1-S1-V-060,A-V-0945,SOL_1S_beam_0066,beam,S1,865,448,0.0,-2.3426498384376256e-11,5.3566688378909105e-12,7.370001955736235e-14,-7.466862468047512e-12,-1.2212468392184377e-11,0.0,2.3426498384376256e-11,-5.3566688378909105e-12,-7.370001955736235e-14,-3.733431234023756e-12,-3.6770149398207314e-11
CASE_R,10946,E1-S1-V-058,A-V-0946,SOL_1S_beam_0067,beam,S1,864,866,-2016.0856028939143,1.902996890962519e-12,3.602428008733133e-12,-0.0,-1.6365315811101948e-11,8.728168432587709e-12,2016.0856028939143,-1.902996890962519e-12,-3.602428008733133e-12,0.0,-8.182657905550974e-13,3.4912673730350854e-13
CASE_R,10947,E1-S1-V-062,A-V-0947,SOL_1S_beam_0068,beam,S1,864,866,-2016.0856028939143,1.902996890962519e-12,3.602428008733133e-12,-0.0,-1.6365315811101948e-11,8.728168432587709e-12,2016.0856028939143,-1.902996890962519e-12,-3.602428008733133e-12,0.0,-8.182657905550974e-13,3.4912673730350854e-13
CASE_R,10954,E1-S1-V-006,A-V-0954,SOL_1S_beam_0075,beam,S1,452,442,-20037.753322437788,-815.3093649757185,45105.4784994528,-9037.64411071177,-142809.92673881917,-1053.970073571264,20037.753322437788,815.3093649757185,-45105.4784994528,9037.64411071177,-46798.93944976193,-2373.327217773366
CASE_R,10955,E1-S1-V-007,A-V-0955,SOL_1S_beam_0076,beam,S1,444,442,-23796.748926154367,2038.892509105744,44218.723741994465,13205.032000652469,-140694.22375488427,4198.9246186794735,23796.748926154367,-2038.892509105744,-44218.723741994465,-13205.032000652469,-45068.634685234494,4366.462812073758
CASE_R,10956,E1-S1-V-030,A-V-0956,SOL_1S_beam_0077,beam,S1,458,51,-44489.56383399621,3220.930299230954,-50229.632609416025,955.0843397660859,78539.45117454669,5186.893526380018,44489.56383399621,-3220.930299230954,50229.632609416025,-955.0843397660859,190414.1351618645,12059.514824920218
CASE_R,10957,E1-S1-V-026,A-V-0957,SOL_1S_beam_0078,beam,S1,458,366,5959.283321266167,-26.758941143895687,-1756.0553465972573,14834.566042921631,-8225.236504015505,-634.5105496015932,-5959.283321266167,26.758941143895687,1756.0553465972573,-14834.566042921631,11387.355375621117,586.3258765277881
CASE_R,10958,E1-S1-V-025,A-V-0958,SOL_1S_beam_0079,beam,S1,458,366,5959.283321266167,-26.758941143895687,-1756.0553465972573,14834.566042921631,-8225.236504015505,-634.5105496015932,-5959.283321266167,26.758941143895687,1756.0553465972573,-14834.566042921631,11387.355375621117,586.3258765277881
CASE_R,10959,E1-P1-V-009,A-V-0959,SOL_1_beam_0080,beam,P1,127,125,387319.9936788235,7573.288090135198,73404.19492205234,-115695.59589018612,-356621.76497437083,53557.72312102703,-387319.9936788235,-7573.288090135198,-73404.19492205234,115695.59589018612,-377420.1842461525,22175.15778032495
CASE_R,10960,E1-P1-V-008,A-V-0960,SOL_1_beam_0081,beam,P1,91,90,30673.393630121664,28669.792420615573,-65870.26570773913,-147438.92743768173,309137.7273040755,151043.01250414932,-30673.393630121664,-28669.792420615573,65870.26570773913,147438.92743768173,347918.17313062254,134938.16689149104
CASE_R,10961,E1-P1-V-031,A-V-0961,SOL_1_beam_0082,beam,P1,871,872,68469.24248818077,217070.8904367376,-47051.17991617851,-109749.9731662968,147245.36418496788,210565.58179212266,-68469.24248818077,-217070.8904367376,47051.17991617851,109749.9731662968,-58318.634143390474,199698.40113331153
CASE_R,10962,E1-P1-V-021,A-V-0962,SOL_1_beam_0083,beam,P1,125,871,174750.60678446043,63496.047599441845,18360.242080912034,-208943.73718605767,174983.32065837434,183916.09196549005,-174750.60678446043,-63496.047599441845,-18360.242080912034,208943.73718605767,-272317.1288407948,152697.77674875665
CASE_R,10963,E1-P1-V-036,A-V-0963,SOL_1_beam_0084,beam,P1,873,94,848895.5695648869,62320.574227940255,-234192.29968574116,116679.87017182719,427779.24953231023,119196.5995808805,-848895.5695648869,-62320.574227940255,234192.29968574116,-116679.87017182719,675164.5464463837,174306.17911326204
CASE_R,10964,E1-P1-V-020,A-V-0964,SOL_1_beam_0085,beam,P1,90,873,311387.7847876349,-31036.893275148934,-45177.351022229,-352171.6092278719,168471.68609934792,-39392.82105946324,-311387.7847876349,31036.893275148934,45177.351022229,352171.6092278719,71351.54884457664,-125366.02334894687
CASE_R,10965,E1-P1-V-058,A-V-0965,SOL_1_beam_0086,beam,P1,874,147,-253481.7884853287,5503.356364009861,62355.103032398256,-22873.71924868378,15948.354812568403,17562.05498041548,253481.7884853287,-5503.356364009861,-62355.103032398256,22873.71924868378,-309111.2613141852,8312.009349957389
CASE_R,10966,E1-P1-V-048,A-V-0966,SOL_1_beam_0087,beam,P1,133,874,-223459.47575545902,24366.650388589707,152225.40447693228,-156894.67754397224,-492452.7674623769,61248.640773143256,223459.47575545902,-24366.650388589707,-152225.40447693228,156894.67754397224,-314545.215165153,67927.1546504255
CASE_R,10967,E1-P1-V-057,A-V-0967,SOL_1_beam_0088,beam,P1,875,101,729741.1402230236,-27590.230175530596,-264589.7124894836,250213.69698366005,465998.529457918,-114361.09662615295,-729741.1402230236,27590.230175530596,264589.7124894836,-250213.69698366005,780103.8499186072,-15576.878459107254
CASE_R,10968,E1-P1-V-047,A-V-0968,SOL_1_beam_0089,beam,P1,94,875,738856.9480823164,40410.19012772594,48780.82529092983,-424728.4554732385,-96889.93791264204,125002.19066084312,-738856.9480823164,-40410.19012772594,-48780.82529092983,424728.4554732385,-162062.2817238956,89514.6480170551
CASE_R,10969,E1-P1-V-087,A-V-0969,SOL_1_beam_0090,beam,P1,876,141,-273480.4984319975,-30234.732459396528,-163173.295909143,-89720.47744993606,243904.4014598251,-101110.8359688957,273480.4984319975,30234.732459396528,163173.295909143,89720.47744993606,523251.7560209551,-41037.18553656687
CASE_R,10970,E1-P1-V-066,A-V-0970,SOL_1_beam_0091,beam,P1,147,876,-237597.40834405058,48031.37140284626,-89297.23089270914,40335.99427834286,377893.461365615,105570.43290328147,237597.40834405058,-48031.37140284626,89297.23089270914,-40335.99427834286,95501.14338027773,149059.9946401336
CASE_R,10971,E1-P1-V-086,A-V-0971,SOL_1_beam_0092,beam,P1,877,98,466239.86200492125,-31145.065235114776,-187742.99397000883,355576.2806978759,268334.78841506346,-99510.87099480459,-466239.86200492125,31145.065235114776,187742.99397000883,-355576.2806978759,599553.1508287771,-44464.81572955192
CASE_R,10972,E1-P1-V-065,A-V-0972,SOL_1_beam_0093,beam,P1,101,877,506341.6038285347,-13797.17547605126,39657.97920980825,-414771.3819006751,-70585.12708203723,-15809.178637045588,-506341.6038285347,13797.17547605126,-39657.97920980825,414771.3819006751,-139938.61214196877,-57432.90353212581
CASE_R,10973,E1-P1-V-102,A-V-0973,SOL_1_beam_0094,beam,P1,141,157,-68778.2203805315,-12166.85572488429,-45810.11152798547,-138772.26325207355,117302.46584056938,-40477.69241716344,68778.2203805315,12166.85572488429,45810.11152798547,138772.26325207355,111748.09179935796,-20356.586207258006
CASE_R,10974,E1-P1-V-101,A-V-0974,SOL_1_beam_0095,beam,P1,98,105,192246.60120308286,-12754.800917792083,-187117.92326881108,-51435.53330751376,433249.4597957011,-28340.63940362027,-192246.60120308286,12754.800917792083,187117.92326881108,51435.53330751376,518619.4158727415,-36543.0328651881
CASE_R,10975,E1-P1-V-007,A-V-0975,SOL_1_beam_0096,beam,P1,129,121,335904.32597703225,9758.268883222952,215246.097050091,-56545.16420613868,-1138312.1184049274,82462.0311333649,-335904.32597703225,-9758.268883222952,-215246.097050091,56545.16420613868,-1014148.8520959825,15120.657698864634
CASE_R,10976,E1-P1-V-006,A-V-0976,SOL_1_beam_0097,beam,P1,24,88,293477.4609241193,-10554.070661264688,-38114.34165007355,15814.443443889408,205744.80456040605,-65940.23701464503,-293477.4609241193,10554.070661264688,38114.34165007355,-15814.443443889408,176160.9006752441,-39811.551537877385
CASE_R,10977,E1-P1-V-035,A-V-0977,SOL_1_beam_0098,beam,P1,878,149,-495828.5167570468,30370.775101137708,294604.85341425263,-65425.525441587844,-132968.0868477848,107566.32088063998,495828.5167570468,-30370.775101137708,-294604.85341425263,65425.525441587844,-1252111.0467275444,35221.30252604181
CASE_R,10978,E1-P1-V-019,A-V-0978,SOL_1_beam_0099,beam,P1,121,878,-506378.0278103966,-71007.62380432815,303849.1166507364,-331623.49715705187,-1248876.9810632842,-217035.1679308799,506378.0278103966,71007.62380432815,-303849.1166507364,331623.49715705187,-361929.2112596203,-159400.08844546875
CASE_R,10979,E1-P1-V-028,A-V-0979,SOL_1_beam_0100,beam,P1,88,102,155164.899826733,-2037.0020697349134,-26390.08490980129,6969.650406007512,135228.7422826734,-8345.401054503342,-155164.899826733,2037.0020697349134,26390.08490980129,-6969.650406007512,128672.10681533949,-12024.619642845792
CASE_R,10980,E1-P1-V-056,A-V-0980,SOL_1_beam_0101,beam,P1,879,145,-920918.5127083373,-51573.89850745365,51646.38940729014,98917.43169474811,30386.40283236277,-125010.07098088494,920918.5127083373,51573.89850745365,-51646.38940729014,-98917.43169474811,-273200.9235828303,-117463.63517819348
CASE_R,10981,E1-P1-V-046,A-V-0981,SOL_1_beam_0102,beam,P1,149,879,-931815.1541552204,12660.13874337604,120195.75762825036,-274185.5537260169,-307931.9734563182,-212.13110738580872,931815.1541552204,-12660.13874337604,-120195.75762825036,274185.5537260169,-329263.4097453126,67327.49455408432
CASE_R,10982,E1-P1-V-052,A-V-0982,SOL_1_beam_0103,beam,P1,102,100,66364.98474886436,56.083590519345236,-28045.94123755055,1090.6373289367073,133984.15294216885,1216.5512539320248,-66364.98474886436,-56.083590519345236,28045.94123755055,-1090.6373289367073,146477.28434298412,-655.7112995179546
CASE_R,10983,E1-P1-V-085,A-V-0983,SOL_1_beam_0104,beam,P1,513,143,-649716.5468684955,-36400.059178412455,-29160.77655054493,152969.52318600853,-164265.53993164215,-85545.31739271799,649716.5468684955,36400.059178412455,29160.77655054493,-152969.52318600853,310165.9828666056,-96575.51014368096
CASE_R,10984,E1-P1-V-064,A-V-0984,SOL_1_beam_0105,beam,P1,145,513,-684312.4195972952,-43363.089767696925,-82565.39393150114,-305213.80242674175,413216.1595525311,-124697.57258463316,684312.4195972952,43363.089767696925,82565.39393150114,305213.80242674175,-115.79081490053795,-92261.46460593631
CASE_R,10985,E1-P1-V-100,A-V-0985,SOL_1_beam_0106,beam,P1,143,151,-233249.38155556697,-58851.97814056488,-84091.22809821017,-58244.878992041886,210351.5118069789,-150766.46364538211,233249.38155556697,58851.97814056488,84091.22809821017,58244.878992041886,210104.62868407188,-143493.42705744228
CASE_R,10986,E1-P1-V-011,A-V-0986,SOL_1_beam_0107,beam,P1,131,123,-499361.0474157486,-29210.506395477893,-341744.4838928844,-249249.90638047177,1721098.5658515412,-108450.66976936183,499361.0474157486,29210.506395477893,341744.4838928844,249249.90638047177,1696234.4695405408,-183644.8378119289
CASE_R,10987,E1-P1-V-010,A-V-0987,SOL_1_beam_0108,beam,P1,93,89,-139530.77874983367,14859.136183111206,-137967.1900590664,-109192.77687618631,678559.3385419028,83249.59435311542,139530.77874983367,-14859.136183111206,137967.1900590664,109192.77687618631,697663.3822972848,64970.289073418884
CASE_R,10988,E1-P1-V-024,A-V-0988,SOL_1_beam_0109,beam,P1,123,120,1090453.7827772265,13620.404142312695,-212831.52667501953,23193.18304225896,952212.0802248569,36000.2082727827,-1090453.7827772265,-13620.404142312695,212831.52667501953,-23193.18304225896,642300.0280921152,66042.47151426834
CASE_R,10989,E1-P1-V-032,A-V-0989,SOL_1_beam_0110,beam,P1,880,120,-350310.0090026621,44313.94429429886,-186240.1212020456,72773.08434489102,196603.97907403292,114044.2481582656,350310.0090026621,-44313.94429429886,186240.1212020456,-72773.08434489102,221023.61944636883,-14674.004962828825
CASE_R,10990,E1-P1-V-022,A-V-0990,SOL_1_beam_0111,beam,P1,89,880,-462378.1455884038,91664.2626817882,-37255.604899044716,-195143.09594937786,274202.6420302419,266905.8869555564,462378.1455884038,-91664.2626817882,37255.604899044716,195143.09594937786,-76431.86785879076,219692.36432924154
CASE_R,10991,E1-P1-V-053,A-V-0991,SOL_1_beam_0112,beam,P1,135,137,-266079.44434505986,7359.256202366598,117838.70287685965,-7698.473858650981,-541709.1573771815,19230.883543616987,266079.44434505986,-7359.256202366598,-117838.70287685965,7698.473858650981,-636874.9813801288,54373.98838224222
CASE_R,10992,E1-P1-V-059,A-V-0992,SOL_1_beam_0113,beam,P1,881,96,175499.4819775756,26073.882435668238,-269221.93323093606,57402.87749937448,164685.73106371902,32318.648422610506,-175499.4819775756,-26073.882435668238,269221.93323093606,-57402.87749937448,1103232.391764852,90477.98881989511
CASE_R,10993,E1-P1-V-049,A-V-0993,SOL_1_beam_0114,beam,P1,95,881,142258.00258244688,37873.27377855243,-72524.89047542252,-252785.4956166858,244072.1645274861,123938.3682699259,-142258.00258244688,-37873.27377855243,72524.89047542252,252785.4956166858,140925.0399170939,77111.29112732882
CASE_R,10994,E1-P1-V-078,A-V-0994,SOL_1_beam_0115,beam,P1,137,139,-217849.8688030417,-20423.583948127554,-182048.61674562958,-50788.52421607812,875350.8578699443,-104909.38270419587,217849.8688030417,20423.583948127554,182048.61674562958,50788.52421607812,945135.3095863515,-99326.45677707967
CASE_R,10995,E1-P1-V-088,A-V-0995,SOL_1_beam_0116,beam,P1,882,139,94139.17241210642,78234.43056170197,264944.0251396104,100084.0720869839,-62380.32913000451,168850.87719683288,-94139.17241210642,-78234.43056170197,-264944.0251396104,-100084.0720869839,-1189387.638061261,200779.47795831223
CASE_R,10996,E1-P1-V-067,A-V-0996,SOL_1_beam_0117,beam,P1,96,882,48840.65293140401,24181.796943963935,323136.1906232806,-21797.05881007106,-1427328.132154337,108844.4458053433,-48840.65293140401,-24181.796943963935,-323136.1906232806,21797.05881007106,-288035.09320610994,19524.230946089796
CASE_R,10997,E1-P1-V-104,A-V-0997,SOL_1_beam_0118,beam,P1,97,153,16901.040930078892,132735.44965819555,1761124.7314929876,324947.50982546847,-4680500.968718446,366970.44369469146,-16901.040930078892,-132735.44965819555,-1761124.7314929876,-324947.50982546847,-3809954.4220521073,272952.66563634516
CASE_R,10998,E1-P1-V-103,A-V-0998,SOL_1_beam_0119,beam,P1,97,104,156323.2439321346,-1896.7977718319362,-1230654.3951953303,170513.02950533142,4247317.943716345,-73191.12374539943,-156323.2439321346,1896.7977718319362,1230654.3951953303,-170513.02950533142,1690872.6206274922,64038.63814494532
CASE_R,10999,E1-P1-V-012,A-V-0999,SOL_1_beam_0120,beam,P1,121,90,140575.9625710477,8582.551650788504,-371296.5268843643,120057.91896481259,1533350.7226658282,4589.43644814811,-140575.9625710477,-8582.551650788504,371296.5268843643,-120057.91896481259,1703983.6952389448,70241.83139507688
CASE_R,11000,E1-P1-V-016,A-V-1000,SOL_1_beam_0121,beam,P1,121,90,140575.9625710477,8582.551650788504,-371296.5268843643,120057.91896481259,1533350.7226658282,4589.43644814811,-140575.9625710477,-8582.551650788504,371296.5268843643,-120057.91896481259,1703983.6952389448,70241.83139507688
CASE_R,11001,E1-P1-V-013,A-V-1001,SOL_1_beam_0122,beam,P1,125,89,248721.3772198019,-17786.917282134717,-556362.2999587817,56237.473109190505,1983599.9554546643,-75833.61653935269,-248721.3772198019,17786.917282134717,556362.2999587817,-56237.473109190505,1949325.142953963,-49902.10172805759
CASE_R,11002,E1-P1-V-017,A-V-1002,SOL_1_beam_0123,beam,P1,125,89,248721.3772198019,-17786.917282134717,-556362.2999587817,56237.473109190505,1983599.9554546643,-75833.61653935269,-248721.3772198019,17786.917282134717,556362.2999587817,-56237.473109190505,1949325.142953963,-49902.10172805759
CASE_R,11003,E1-P1-V-014,A-V-1003,SOL_1_beam_0124,beam,P1,123,119,-23769.471427425666,31134.727542787678,-43477.29800894858,69017.43846306694,120654.47032059681,71323.98720197918,23769.471427425666,-31134.727542787678,43477.29800894858,-69017.43846306694,53428.636336466276,53339.46576729564
CASE_R,11004,E1-P1-V-018,A-V-1004,SOL_1_beam_0126,beam,P1,123,119,-23769.471427425666,31134.727542787678,-43477.29800894858,69017.43846306694,120654.47032059681,71323.98720197918,23769.471427425666,-31134.727542787678,43477.29800894858,-69017.43846306694,53428.636336466276,53339.46576729564
CASE_R,11005,E1-P1-V-023,A-V-1005,SOL_1_beam_0127,beam,P1,117,119,15032.804566021772,-12712.837462443891,33078.03533222227,31742.02088690815,-92223.36690759283,-55885.05429438467,-15032.804566021772,12712.837462443891,-33078.03533222227,-31742.02088690815,-155531.11773075207,-39334.0982993201
CASE_R,11006,E1-P1-V-025,A-V-1006,SOL_1_beam_0128,beam,P1,117,119,15032.804566021772,-12712.837462443891,33078.03533222227,31742.02088690815,-92223.36690759283,-55885.05429438467,-15032.804566021772,12712.837462443891,-33078.03533222227,-31742.02088690815,-155531.11773075207,-39334.0982993201
CASE_R,11007,E1-P1-V-042,A-V-1007,SOL_1_beam_0129,beam,P1,149,94,252393.9608672672,-411.6311282814009,-594428.4727254342,117979.94687573508,2242206.6772094863,-25318.264184144493,-252393.9608672672,411.6311282814009,594428.4727254342,-117979.94687573508,2940020.7480108496,21729.66400778724
CASE_R,11008,E1-P1-V-044,A-V-1008,SOL_1_beam_0130,beam,P1,149,94,252393.9608672672,-411.6311282814009,-594428.4727254342,117979.94687573508,2242206.6772094863,-25318.264184144493,-252393.9608672672,411.6311282814009,594428.4727254342,-117979.94687573508,2940020.7480108496,21729.66400778724
CASE_R,11009,E1-P1-V-043,A-V-1009,SOL_1_beam_0131,beam,P1,133,95,-53718.37200720331,1820.8628302330662,-263717.76688189636,91838.17650488627,666212.1766445717,-8020.441048671546,53718.37200720331,-1820.8628302330662,263717.76688189636,-91838.17650488627,1198008.717443553,20892.12039558909
CASE_R,11010,E1-P1-V-045,A-V-1010,SOL_1_beam_0132,beam,P1,133,95,-53718.37200720331,1820.8628302330662,-263717.76688189636,91838.17650488627,666212.1766445717,-8020.441048671546,53718.37200720331,-1820.8628302330662,263717.76688189636,-91838.17650488627,1198008.717443553,20892.12039558909
CASE_R,11011,E1-P1-V-060,A-V-1011,SOL_1_beam_0133,beam,P1,145,101,319273.1733079985,21836.575459232656,-785236.4481854178,97874.91526635544,3100840.300366978,78353.7148418428,-319273.1733079985,-21836.575459232656,785236.4481854178,-97874.91526635544,3744851.0549134943,112017.55001174747
CASE_R,11012,E1-P1-V-062,A-V-1012,SOL_1_beam_0134,beam,P1,145,101,319273.1733079985,21836.575459232656,-785236.4481854178,97874.91526635544,3100840.300366978,78353.7148418428,-319273.1733079985,-21836.575459232656,785236.4481854178,-97874.91526635544,3744851.0549134943,112017.55001174747
CASE_R,11013,E1-P1-V-061,A-V-1013,SOL_1_beam_0135,beam,P1,147,96,-109508.5866613773,1048.211223602145,-463160.44824340317,7857.729820803109,1411908.8684788821,-13114.407016605233,109508.5866613773,-1048.211223602145,463160.44824340317,-7857.729820803109,1862172.3401537342,20524.212156248796
CASE_R,11014,E1-P1-V-063,A-V-1014,SOL_1_beam_0136,beam,P1,147,96,-109508.5866613773,1048.211223602145,-463160.44824340317,7857.729820803109,1411908.8684788821,-13114.407016605233,109508.5866613773,-1048.211223602145,463160.44824340317,-7857.729820803109,1862172.3401537342,20524.212156248796
CASE_R,11015,E1-P1-V-094,A-V-1015,SOL_1_beam_0137,beam,P1,143,98,356067.6989382648,25470.826889741216,-896202.2623218274,98083.54367614865,3510212.8719460787,98422.46449576248,-356067.6989382648,-25470.826889741216,896202.2623218274,-98083.54367614865,4303267.484357557,123643.26098701546
CASE_R,11016,E1-P1-V-096,A-V-1016,SOL_1_beam_0138,beam,P1,143,98,356067.6989382648,25470.826889741216,-896202.2623218274,98083.54367614865,3510212.8719460787,98422.46449576248,-356067.6989382648,-25470.826889741216,896202.2623218274,-98083.54367614865,4303267.484357557,123643.26098701546
CASE_R,11017,E1-P1-V-095,A-V-1017,SOL_1_beam_0139,beam,P1,141,883,0.0,1.3151353984248831e-09,25740.626798545632,1.1732743601878044e-11,-173097.86654336582,1.0238619032444327e-08,0.0,-1.3151353984248831e-09,-25740.626798545632,-1.1732743601878044e-11,-5.966285243630409e-10,-1.3947344811998456e-09
CASE_R,11018,E1-P1-V-097,A-V-1018,SOL_1_beam_0140,beam,P1,141,97,-818629.8083953413,-71850.90601593119,-128463.22125748296,-129167.4907330966,865822.8747873051,-242637.91922854987,818629.8083953413,71850.90601593119,128463.22125748296,129167.4907330966,68387.7882138305,-279876.47741604934
CASE_R,11019,E1-P1-V-001,A-V-1019,SOL_1_beam_0141,beam,P1,129,884,126958.06176561686,29422.388445566525,116141.07372925869,56871.22427086707,-920783.7881422476,152374.0697352365,-126958.06176561686,-29422.388445566525,-116141.07372925869,-56871.22427086707,499027.5731984691,-45529.223317379074
CASE_R,11020,E1-P1-V-003,A-V-1020,SOL_1_beam_0142,beam,P1,129,266,-652296.3707350586,-61591.08211876817,-2596041.152732805,567309.7426159239,3027768.9515663106,-163156.18137134783,652296.3707350586,61591.08211876817,2596041.152732805,-567309.7426159239,5012494.054056452,-27599.076308026182
CASE_R,11021,E1-P1-V-002,A-V-1021,SOL_1_beam_0143,beam,P1,884,91,121310.44308960342,47621.45300732169,116141.07372926647,129033.66440465003,-485400.00866575446,45529.223317378885,-121310.44308960342,-47621.45300732169,-116141.07372926647,-129033.66440465003,-108120.93518171634,197832.82620336013
CASE_R,11022,E1-P1-V-004,A-V-1022,SOL_1_beam_0144,beam,P1,885,91,-8.483255305028793e-10,-2.721439338770293e-09,-47684.25930000092,-1.6076563380764598e-11,0.0,-2.8956178107832014e-11,8.483255305028793e-10,2.721439338770293e-09,47684.25930000092,1.6076563380764598e-11,234020.55291649737,-1.3327080974129503e-08
CASE_R,11023,E1-P1-V-005,A-V-1023,SOL_1_beam_0145,beam,P1,127,93,77315.86146775488,10474.383250252124,-353938.13217764685,65087.327813720374,1299215.863626282,33356.64198327888,-77315.86146775488,-10474.383250252124,353938.13217764685,-65087.327813720374,1202788.4392674877,40687.236253428266
CASE_R,11024,E1-P1-V-105,A-V-1024,SOL_1_beam_0146,beam,P1,151,105,397865.4918689472,24935.1942992722,-1019865.3047894724,91444.20122409408,4041425.0904993936,100560.19413370578,-397865.4918689472,-24935.1942992722,1019865.3047894724,-91444.20122409408,4849760.636655225,116824.82976734928
CASE_R,11025,E1-P1-V-107,A-V-1025,SOL_1_beam_0147,beam,P1,151,105,397865.4918689472,24935.1942992722,-1019865.3047894724,91444.20122409408,4041425.0904993936,100560.19413370578,-397865.4918689472,-24935.1942992722,1019865.3047894724,-91444.20122409408,4849760.636655225,116824.82976734928
CASE_R,11026,E1-P1-V-106,A-V-1026,SOL_1_beam_0148,beam,P1,157,104,-102142.00992384873,-32009.313698955502,-605098.8563231145,140212.88842793956,1843317.122411179,-133689.19935443197,102142.00992384873,32009.313698955502,605098.8563231145,-140212.88842793956,2433521.5940805934,-92552.62986978548
CASE_R,11027,E1-P1-V-108,A-V-1027,SOL_1_beam_0149,beam,P1,157,104,-102142.00992384873,-32009.313698955502,-605098.8563231145,140212.88842793956,1843317.122411179,-133689.19935443197,102142.00992384873,32009.313698955502,605098.8563231145,-140212.88842793956,2433521.5940805934,-92552.62986978548
CASE_R,11028,E1-P1-V-026,A-V-1028,SOL_1_beam_0150,beam,P1,878,873,-29421.525820490253,3494.1681525832723,-43117.856031756346,242839.06253667592,135461.0071307443,25916.883782412282,29421.525820490253,-3494.1681525832723,43117.856031756346,-242839.06253667592,222417.19793283328,3084.711884028875
CASE_R,11029,E1-P1-V-029,A-V-1029,SOL_1_beam_0151,beam,P1,878,873,-29421.525820490253,3494.1681525832723,-43117.856031756346,242839.06253667592,135461.0071307443,25916.883782412282,29421.525820490253,-3494.1681525832723,43117.856031756346,-242839.06253667592,222417.19793283328,3084.711884028875
CASE_R,11030,E1-P1-V-027,A-V-1030,SOL_1_beam_0152,beam,P1,871,880,-74834.09242300555,-52406.012859277376,-24404.38620147426,60156.47643603518,52626.93310083667,-181631.67927044022,74834.09242300555,52406.012859277376,24404.38620147426,-60156.47643603518,109662.23513896717,-166868.30624375434
CASE_R,11031,E1-P1-V-030,A-V-1031,SOL_1_beam_0153,beam,P1,871,880,-74834.09242300555,-52406.012859277376,-24404.38620147426,60156.47643603518,52626.93310083667,-181631.67927044022,74834.09242300555,52406.012859277376,24404.38620147426,-60156.47643603518,109662.23513896717,-166868.30624375434
CASE_R,11032,E1-P1-V-050,A-V-1032,SOL_1_beam_0154,beam,P1,879,875,10180.035654899577,4971.62801421802,-61205.29239022652,147592.34161001456,190547.75029422835,28841.28821347416,-10180.035654899577,-4971.62801421802,61205.29239022652,-147592.34161001456,317456.1765446517,12423.2243045354
CASE_R,11033,E1-P1-V-054,A-V-1033,SOL_1_beam_0155,beam,P1,879,875,10180.035654899577,4971.62801421802,-61205.29239022652,147592.34161001456,190547.75029422835,28841.28821347416,-10180.035654899577,-4971.62801421802,61205.29239022652,-147592.34161001456,317456.1765446517,12423.2243045354
CASE_R,11034,E1-P1-V-051,A-V-1034,SOL_1_beam_0156,beam,P1,874,881,3713.4985263851772,-14655.575126371947,-33728.91057774486,147210.95725738574,70726.53699435359,-42744.60481539955,-3713.4985263851772,14655.575126371947,33728.91057774486,-147210.95725738574,153570.71834764973,-54714.9697749739
CASE_R,11035,E1-P1-V-055,A-V-1035,SOL_1_beam_0157,beam,P1,874,881,3713.4985263851772,-14655.575126371947,-33728.91057774486,147210.95725738574,70726.53699435359,-42744.60481539955,-3713.4985263851772,14655.575126371947,33728.91057774486,-147210.95725738574,153570.71834764973,-54714.9697749739
CASE_R,11036,E1-P1-V-076,A-V-1036,SOL_1_beam_0158,beam,P1,513,877,20118.18666973612,19450.410906979272,-70201.39763990616,76768.15974960415,234744.62130210543,88903.39099932852,-20118.18666973612,-19450.410906979272,70201.39763990616,-76768.15974960415,369354.61961419496,78471.88726346495
CASE_R,11037,E1-P1-V-079,A-V-1037,SOL_1_beam_0159,beam,P1,513,877,20118.18666973612,19450.410906979272,-70201.39763990616,76768.15974960415,234744.62130210543,88903.39099932852,-20118.18666973612,-19450.410906979272,70201.39763990616,-76768.15974960415,369354.61961419496,78471.88726346495
CASE_R,11038,E1-P1-V-077,A-V-1038,SOL_1_beam_0160,beam,P1,876,882,33023.57185927633,-17768.74186572638,1099.9946581650556,-170325.53281977665,-63020.07362194883,-23974.579335619237,-33023.57185927633,17768.74186572638,-1099.9946581650556,170325.53281977665,55705.10914515121,-94187.55407146119
CASE_R,11039,E1-P1-V-080,A-V-1039,SOL_1_beam_0161,beam,P1,876,882,33023.57185927633,-17768.74186572638,1099.9946581650556,-170325.53281977665,-63020.07362194883,-23974.579335619237,-33023.57185927633,17768.74186572638,-1099.9946581650556,170325.53281977665,55705.10914515121,-94187.55407146119
CASE_R,11040,E1-P1-V-070,A-V-1040,SOL_1_beam_0162,beam,P1,107,109,2.8267931880971517e-07,-2.917360930809362e-09,-3.190263731697166e-07,2.0854613577634584e-06,1.8945167946627105e-06,1.1346370951263556e-07,-2.8267931880971517e-07,2.917360930809362e-09,3.190263731697166e-07,-2.0854613577634584e-06,-3.90945497913836e-07,-1.2721323157954008e-07
CASE_R,11041,E1-P1-V-073,A-V-1041,SOL_1_beam_0163,beam,P1,107,109,2.8267931880971517e-07,-2.917360930809362e-09,-3.190263731697166e-07,2.0854613577634584e-06,1.8945167946627105e-06,1.1346370951263556e-07,-2.8267931880971517e-07,2.917360930809362e-09,3.190263731697166e-07,-2.0854613577634584e-06,-3.90945497913836e-07,-1.2721323157954008e-07
CASE_R,11042,E1-P1-V-071,A-V-1042,SOL_1_beam_0164,beam,P1,109,111,0.0,2.0929429412023367e-09,-3.74785596638467e-07,2.106097564043466e-06,1.0144686449121547e-06,1.2754181789174296e-07,0.0,-2.0929429412023367e-09,3.74785596638467e-07,-2.106097564043466e-06,7.515210864483019e-07,-1.1767987075279755e-07
CASE_R,11043,E1-P1-V-074,A-V-1043,SOL_1_beam_0165,beam,P1,109,111,0.0,2.0929429412023367e-09,-3.74785596638467e-07,2.106097564043466e-06,1.0144686449121547e-06,1.2754181789174296e-07,0.0,-2.0929429412023367e-09,3.74785596638467e-07,-2.106097564043466e-06,7.515210864483019e-07,-1.1767987075279755e-07
CASE_R,11044,E1-P1-V-084,A-V-1044,SOL_1_beam_0166,beam,P1,111,886,0.0,1.9710090703645504e-08,-3.7414188414605034e-07,-4.0088549811957914e-09,2.2365198918235582e-06,1.17784703502488e-07,0.0,-1.9710090703645504e-08,3.7414188414605034e-07,4.0088549811957914e-09,2.004050082279105e-09,1.4251022807317597e-10
CASE_R,11045,E1-P1-V-083,A-V-1045,SOL_1_beam_0167,beam,P1,886,111,0.0,1.9710090703645504e-08,3.7414188414605034e-07,-4.0088549811957914e-09,-2.004050082279105e-09,1.4251022807317597e-10,0.0,-1.9710090703645504e-08,-3.7414188414605034e-07,4.0088549811957914e-09,-2.2365198918235582e-06,1.17784703502488e-07
CASE_R,11046,E1-P1-V-091,A-V-1046,SOL_1_beam_0168,beam,P1,139,887,-5.421887872293826e-08,-5.474309535338817e-07,-6.141321107245486e-07,2.6997524020396825e-06,5.481528638889056e-07,-2.8373679029611456e-06,5.421887872293826e-08,5.474309535338817e-07,6.141321107245486e-07,-2.6997524020396825e-06,9.60894078167273e-07,1.4922192093965368e-06
CASE_R,11047,E1-P1-V-092,A-V-1047,SOL_1_beam_0169,beam,P1,139,887,-5.421887872293826e-08,-5.474309535338817e-07,-6.141321107245486e-07,2.6997524020396825e-06,5.481528638889056e-07,-2.8373679029611456e-06,5.421887872293826e-08,5.474309535338817e-07,6.141321107245486e-07,-2.6997524020396825e-06,9.60894078167273e-07,1.4922192093965368e-06
CASE_R,11048,E1-P1-V-081,A-V-1048,SOL_1_beam_0170,beam,P1,888,107,7.144898979074374e-07,-7.77632738282127e-07,-9.183607989131248e-08,2.85165929906791e-06,-1.3997506636277518e-06,-1.7688171727104852e-06,-7.144898979074374e-07,7.77632738282127e-07,9.183607989131248e-08,-2.85165929906791e-06,1.6822989414366023e-06,-6.236933877297214e-07
CASE_R,11049,E1-P1-V-093,A-V-1049,SOL_1_beam_0171,beam,P1,889,888,7.069175177205071e-07,-2.404895663423934e-07,5.053849883358217e-07,-1.1036860211662e-06,-4.374052140895636e-07,-1.1194673306261167e-08,-7.069175177205071e-07,2.404895663423934e-07,-5.053849883358217e-07,1.1036860211662e-06,-8.007880073332011e-07,-5.780047642326033e-07
CASE_R,11050,E1-P1-V-082,A-V-1050,SOL_1_beam_0172,beam,P1,889,107,-7.354550916163274e-07,7.424310282809529e-08,-5.053281168260329e-07,1.0916995946159724e-06,4.6785794803559966e-07,1.1934466885594786e-08,7.354550916163274e-07,-7.424310282809529e-08,5.053281168260329e-07,-1.0916995946159724e-06,2.324098372711825e-06,3.9826139063911567e-07
CASE_R,11051,E1-P1-V-090,A-V-1051,SOL_1_beam_0173,beam,P1,888,887,4.753854164318242e-07,-1.4164025788423667e-07,3.0294688391033386e-07,1.1689527996581522e-06,1.9360071084186034e-06,1.1724905910874513e-06,-4.753854164318242e-07,1.4164025788423667e-07,-3.0294688391033386e-07,-1.1689527996581522e-06,-2.615214022145572e-06,-1.49004804926391e-06
CASE_R,11052,E1-P1-V-089,A-V-1052,SOL_1_beam_0174,beam,P1,888,887,4.753854164318242e-07,-1.4164025788423667e-07,3.0294688391033386e-07,1.1689527996581522e-06,1.9360071084186034e-06,1.1724905910874513e-06,-4.753854164318242e-07,1.4164025788423667e-07,-3.0294688391033386e-07,-1.1689527996581522e-06,-2.615214022145572e-06,-1.49004804926391e-06
CASE_R,11053,E1-P1-V-038,A-V-1053,SOL_1_beam_0175,beam,P1,117,120,35645.63197155168,58033.140764813106,-44822.76667015174,-3082.293769586316,80123.71685438263,68449.93731900495,-35645.63197155168,-58033.140764813106,44822.76667015174,3082.293769586316,104546.08182664256,170646.6026320251
CASE_R,11054,E1-P1-V-034,A-V-1054,SOL_1_beam_0176,beam,P1,117,120,35645.63197155168,58033.140764813106,-44822.76667015174,-3082.293769586316,80123.71685438263,68449.93731900495,-35645.63197155168,-58033.140764813106,44822.76667015174,3082.293769586316,104546.08182664256,170646.6026320251
CASE_R,11055,E1-P1-V-037,A-V-1055,SOL_1_beam_0177,beam,P1,120,890,-67889.20059160207,-26479.901673377226,7354.383785204091,88784.60258632092,-140679.3116700247,-115577.00293387401,67889.20059160207,26479.901673377226,-7354.383785204091,-88784.60258632092,88181.46387131569,-73444.65929845131
CASE_R,11056,E1-P1-V-033,A-V-1056,SOL_1_beam_0178,beam,P1,120,872,219756.64633718383,-59285.959826487546,82710.27571619196,53654.67153239051,-478307.3723360228,-223502.96916136757,-219756.64633718383,59285.959826487546,-82710.27571619196,-53654.67153239051,-112103.9514071815,-199698.40113330894
CASE_R,11057,E1-P1-V-041,A-V-1057,SOL_1_beam_0179,beam,P1,120,135,156420.0824127116,52496.969207201626,1342328.9048288728,-28639.96953595376,-2559098.7043581083,107066.63764240214,-156420.0824127116,-52496.969207201626,-1342328.9048288728,28639.96953595376,-812402.113667208,24788.95601219045
CASE_R,11058,E1-P1-V-040,A-V-1058,SOL_1_beam_0180,beam,P1,120,95,824112.0618780451,-8496.283120344104,-1917291.0207040824,74487.64992110427,2335146.4044651687,-109761.98343221765,-824112.0618780451,8496.283120344104,1917291.0207040824,-74487.64992110427,2489888.5375079284,88380.32436749096
CASE_R,11062,E1-P1-V-039,A-V-1062,SOL_1_beam_0184,beam,P1,890,133,-32854.49457945672,65043.91543832857,-28351.320914825992,-79281.33414362148,-96815.01063012882,73444.65929845486,32854.49457945672,-65043.91543832857,28351.320914825992,79281.33414362148,159562.19737695638,70510.63368471558
CASE_R,11066,E1-P2-V-010,A-V-1066,SOL_2_beam_0188,beam,P2,128,126,-232267.76127078352,45404.90003087369,53919.11900333744,-52255.44223059719,-285013.60039383016,244755.26254445736,232267.76127078352,-45404.90003087369,-53919.11900333744,52255.44223059719,-254177.58963954423,209293.73776427942
CASE_R,11067,E1-P2-V-009,A-V-1067,SOL_2_beam_0189,beam,P2,128,126,-232267.76127078352,45404.90003087369,53919.11900333744,-52255.44223059719,-285013.60039383016,244755.26254445736,232267.76127078352,-45404.90003087369,-53919.11900333744,52255.44223059719,-254177.58963954423,209293.73776427942
CASE_R,11068,E1-P2-V-034,A-V-1068,SOL_2_beam_0190,beam,P2,896,897,-126461.81407841762,10217.421574258957,23444.023047656014,-107942.66265342286,-8193.31392667908,16943.731119672928,126461.81407841762,-10217.421574258957,-23444.023047656014,107942.66265342286,-36115.8896333908,2367.195655676508
CASE_R,11069,E1-P2-V-024,A-V-1069,SOL_2_beam_0191,beam,P2,126,898,25556.403723493946,14739.923816652898,52939.27280851342,-707.1286631255527,-256269.20818541816,23639.626129875975,-25556.403723493946,-14739.923816652898,-52939.27280851342,707.1286631255527,6948.275831430627,45778.99928432988
CASE_R,11070,E1-P2-V-040,A-V-1070,SOL_2_beam_0192,beam,P2,896,134,118092.34696639352,34133.69734939785,10366.94282083856,902.6668958304762,-13669.13960972727,82303.99257311456,-118092.34696639352,-34133.69734939785,-10366.94282083856,-902.6668958304762,-35154.64871658857,78450.86476357581
CASE_R,11071,E1-P2-V-023,A-V-1071,SOL_2_beam_0193,beam,P2,126,898,25556.403723493946,14739.923816652898,52939.27280851342,-707.1286631255527,-256269.20818541816,23639.626129875975,-25556.403723493946,-14739.923816652898,-52939.27280851342,707.1286631255527,6948.275831430627,45778.99928432988
CASE_R,11072,E1-P2-V-073,A-V-1072,SOL_2_beam_0194,beam,P2,899,148,5044.882812961642,8095.842603455153,-60488.98117212966,-61229.90161697152,-10940.76896531001,27100.304230744132,-5044.882812961642,-8095.842603455153,60488.98117212966,61229.90161697152,295817.5415936051,11027.590600481692
CASE_R,11073,E1-P2-V-058,A-V-1073,SOL_2_beam_0195,beam,P2,134,900,5053.658468235163,17277.11553334557,79789.38727814,35389.434422280356,-409168.82095210126,38208.18423702201,-5053.658468235163,-17277.11553334557,-79789.38727814,-35389.434422280356,33395.5363417365,43159.509813897435
CASE_R,11074,E1-P2-V-072,A-V-1074,SOL_2_beam_0196,beam,P2,899,148,5044.882812961642,8095.842603455153,-60488.98117212966,-61229.90161697152,-10940.76896531001,27100.304230744132,-5044.882812961642,-8095.842603455153,60488.98117212966,61229.90161697152,295817.5415936051,11027.590600481692
CASE_R,11075,E1-P2-V-057,A-V-1075,SOL_2_beam_0197,beam,P2,134,900,5053.658468235163,17277.11553334557,79789.38727814,35389.434422280356,-409168.82095210126,38208.18423702201,-5053.658468235163,-17277.11553334557,-79789.38727814,-35389.434422280356,33395.5363417365,43159.509813897435
CASE_R,11076,E1-P2-V-095,A-V-1076,SOL_2_beam_0198,beam,P2,901,142,-12084.718037013728,62484.404140775136,-83852.7747672594,-111539.7615815757,-26842.476968857518,116708.40428657267,12084.718037013728,-62484.404140775136,83852.7747672594,111539.7615815757,421747.2154372746,177561.96832848206
CASE_R,11077,E1-P2-V-085,A-V-1077,SOL_2_beam_0199,beam,P2,148,902,3731.6124745738584,50241.21108856156,35581.910239167104,-17301.509780985965,-139258.45260883213,130657.11532799856,-3731.6124745738584,-50241.21108856156,-35581.910239167104,17301.509780985965,-28316.857083340263,105957.12069488973
CASE_R,11078,E1-P2-V-094,A-V-1078,SOL_2_beam_0200,beam,P2,901,142,-12084.718037013728,62484.404140775136,-83852.7747672594,-111539.7615815757,-26842.476968857518,116708.40428657267,12084.718037013728,-62484.404140775136,83852.7747672594,111539.7615815757,421747.2154372746,177561.96832848206
CASE_R,11079,E1-P2-V-084,A-V-1079,SOL_2_beam_0201,beam,P2,148,902,3731.6124745738584,50241.21108856156,35581.910239167104,-17301.509780985965,-139258.45260883213,130657.11532799856,-3731.6124745738584,-50241.21108856156,-35581.910239167104,17301.509780985965,-28316.857083340263,105957.12069488973
CASE_R,11080,E1-P2-V-105,A-V-1080,SOL_2_beam_0202,beam,P2,142,158,24680.41399066756,34289.246118532275,-83855.57405517116,-23927.44402465168,189579.46994823433,72304.51450507899,-24680.41399066756,-34289.246118532275,83855.57405517116,23927.44402465168,229698.4003276215,99141.71608758239
CASE_R,11081,E1-P2-V-104,A-V-1081,SOL_2_beam_0203,beam,P2,142,158,24680.41399066756,34289.246118532275,-83855.57405517116,-23927.44402465168,189579.46994823433,72304.51450507899,-24680.41399066756,-34289.246118532275,83855.57405517116,23927.44402465168,229698.4003276215,99141.71608758239
CASE_R,11082,E1-P2-V-008,A-V-1082,SOL_2_beam_0204,beam,P2,130,122,-897653.1476417693,16121.921857299054,244072.6990129724,-43963.18837585029,-1256442.9665772505,111752.5539098177,897653.1476417693,-16121.921857299054,-244072.6990129724,43963.18837585029,-1184284.0235524739,49466.664663172836
CASE_R,11083,E1-P2-V-007,A-V-1083,SOL_2_beam_0205,beam,P2,32,122,3007717.299723362,30066.50594858954,473287.5553627921,-38925.63503771488,-2542998.382587452,185906.03573586594,-3007717.299723362,-30066.50594858954,-473287.5553627921,38925.63503771488,-2200108.055872823,115408.96046648407
CASE_R,11084,E1-P2-V-039,A-V-1084,SOL_2_beam_0206,beam,P2,903,150,-6977.127350394371,-15539.63459892974,-97555.53865278307,-109153.79744187812,4228.993947685405,29155.552822560116,6977.127350394371,15539.63459892974,97555.53865278307,109153.79744187812,455208.92667870666,-102339.47970175983
CASE_R,11085,E1-P2-V-022,A-V-1085,SOL_2_beam_0207,beam,P2,122,904,-15598.554422944908,-59416.33617766017,72693.5701392238,32613.607919607613,-314003.35160114383,-223889.08211974503,15598.554422944908,59416.33617766017,-72693.5701392238,-32613.607919607613,-28351.722840616334,-55935.99946864288
CASE_R,11086,E1-P2-V-031,A-V-1086,SOL_2_beam_0208,beam,P2,122,150,1120826.2274119768,55744.78321900637,289798.2154343292,-171084.93440743288,-1415517.1839274694,272287.7257380531,-1120826.2274119768,-55744.78321900637,-289798.2154343292,171084.93440743288,-1482464.9849057335,285160.10923924984
CASE_R,11087,E1-P2-V-071,A-V-1087,SOL_2_beam_0209,beam,P2,905,146,-10829.189546418145,4384.926498811639,-134805.29786523955,-113070.63068719537,-14612.948821344995,41671.30855476047,10829.189546418145,-4384.926498811639,134805.29786523955,113070.63068719537,649478.6529723229,-21020.49220404667
CASE_R,11088,E1-P2-V-056,A-V-1088,SOL_2_beam_0210,beam,P2,150,906,3351.440892795296,-26102.70839542668,112345.78185299388,57245.78736344121,-505563.3414436262,-135090.77854428458,-3351.440892795296,26102.70839542668,-112345.78185299388,-57245.78736344121,-23529.24641441094,12160.043564740947
CASE_R,11089,E1-P2-V-063,A-V-1089,SOL_2_beam_0211,beam,P2,150,146,690625.9834242801,18812.4603633674,82655.885044955,-44496.03006431523,-399836.4974220848,77605.20433670252,-690625.9834242801,-18812.4603633674,-82655.885044955,44496.03006431523,-426722.35302746505,110519.39929697149
CASE_R,11090,E1-P2-V-093,A-V-1090,SOL_2_beam_0212,beam,P2,907,144,-32366.11960830179,56918.03493810986,-135017.8202339239,-150176.65577835075,-27173.471358670504,123787.18379080796,32366.11960830179,-56918.03493810986,135017.8202339239,150176.65577835075,663040.0498475212,144268.3667113419
CASE_R,11091,E1-P2-V-083,A-V-1091,SOL_2_beam_0213,beam,P2,146,908,28273.08157616656,42284.2055892038,128593.97030860418,55229.442993707795,-544845.9494587679,89979.83824168207,-28273.08157616656,-42284.2055892038,-128593.97030860418,-55229.442993707795,-60767.500475185574,109157.67624005918
CASE_R,11092,E1-P2-V-089,A-V-1092,SOL_2_beam_0214,beam,P2,146,144,260546.98094416296,10146.603758852216,-78922.4716890265,-54850.261705722645,409472.1989526618,43766.3343386394,-260546.98094416296,-10146.603758852216,78922.4716890265,54850.261705722645,379752.51793760306,57699.70324988277
CASE_R,11093,E1-P2-V-103,A-V-1093,SOL_2_beam_0215,beam,P2,144,152,70692.17897022639,5092.916981050639,-73908.06072557431,-22285.05036588561,163175.29112279406,-874.2252897879844,-70692.17897022639,-5092.916981050639,73908.06072557431,22285.05036588561,206365.01250507752,26338.81019504118
CASE_R,11094,E1-P2-V-102,A-V-1094,SOL_2_beam_0216,beam,P2,144,152,70692.17897022639,5092.916981050639,-73908.06072557431,-22285.05036588561,163175.29112279406,-874.2252897879844,-70692.17897022639,-5092.916981050639,73908.06072557431,22285.05036588561,206365.01250507752,26338.81019504118
CASE_R,11095,E1-P2-V-012,A-V-1095,SOL_2_beam_0217,beam,P2,132,124,599914.8980002387,73851.88571420437,-354924.6162807724,-259292.70259300014,1862093.4717078996,397627.1019934781,-599914.8980002387,-73851.88571420437,354924.6162807724,259292.70259300014,1687036.5756122181,340867.5941089337
CASE_R,11096,E1-P2-V-011,A-V-1096,SOL_2_beam_0218,beam,P2,132,161,-88319.56665817264,28655.017935038115,23120.22178005866,-38335.028541455475,-168980.77588152964,146709.66924819857,88319.56665817264,-28655.017935038115,-23120.22178005866,38335.028541455475,-62221.44191905693,139840.51010218257
CASE_R,11097,E1-P2-V-027,A-V-1097,SOL_2_beam_0219,beam,P2,124,159,-1070974.0335398542,18311.21055584572,-446277.7090046515,19590.964446181253,1445581.197062199,35436.903622873506,1070974.0335398542,-18311.21055584572,446277.7090046515,-19590.964446181253,1897885.9189090007,101748.8197771199
CASE_R,11098,E1-P2-V-035,A-V-1098,SOL_2_beam_0220,beam,P2,909,159,11296.7377486564,-23450.58345430039,-102927.1354179482,37318.800461584375,5713.478878641792,38006.28491238839,-11296.7377486564,23450.58345430039,102927.1354179482,-37318.800461584375,221816.05099375334,-89845.87227605176
CASE_R,11099,E1-P2-V-025,A-V-1099,SOL_2_beam_0221,beam,P2,161,910,-39037.54647158061,25169.93205585107,69056.49274371013,-20813.834320142647,-343010.2422103946,10651.814150790087,39037.54647158061,-25169.93205585107,-69056.49274371013,20813.834320142647,17779.813000748632,107889.21624997086
CASE_R,11100,E1-P2-V-064,A-V-1100,SOL_2_beam_0222,beam,P2,136,138,-1294123.9291209807,9781.979088857417,143249.36963275785,-5035.038393127125,-744342.9719657149,35705.21386032044,1294123.9291209807,-9781.979088857417,-143249.36963275785,5035.038393127125,-688390.3390295599,62130.93944349364
CASE_R,11101,E1-P2-V-074,A-V-1101,SOL_2_beam_0223,beam,P2,911,138,-1885.850546343221,-20501.07810889982,-88030.35319307601,-12402.100555353967,22279.340304258338,-5966.3268766551555,1885.850546343221,20501.07810889982,88030.35319307601,12402.100555353967,392310.9236223521,-90586.13571890965
CASE_R,11102,E1-P2-V-059,A-V-1102,SOL_2_beam_0224,beam,P2,168,912,-12267.459325957387,-10095.295193564269,71889.05699196442,25803.321074971394,-301815.91575652536,-79285.43722551364,12267.459325957387,10095.295193564269,-71889.05699196442,-25803.321074971394,-36754.83888265889,31740.346845868844
CASE_R,11103,E1-P2-V-086,A-V-1103,SOL_2_beam_0225,beam,P2,138,913,-433417.07386741927,24233.983085281852,-84270.02763701243,-72353.28684663403,605964.5365103323,33163.071682299334,433417.07386741927,-24233.983085281852,84270.02763701243,72353.28684663403,-209084.0091483253,80969.98673317312
CASE_R,11104,E1-P2-V-013,A-V-1104,SOL_2_beam_0226,beam,P2,122,126,149464.31203727232,-22079.242625048795,123555.16439148643,29623.835683318175,-586777.3970670011,-133326.4566364594,-149464.31203727232,22079.242625048795,-123555.16439148643,-29623.835683318175,-512863.5660172281,-63178.80272647487
CASE_R,11105,E1-P2-V-019,A-V-1105,SOL_2_beam_0227,beam,P2,122,126,149464.31203727232,-22079.242625048795,123555.16439148643,29623.835683318175,-586777.3970670011,-133326.4566364594,-149464.31203727232,22079.242625048795,-123555.16439148643,-29623.835683318175,-512863.5660172281,-63178.80272647487
CASE_R,11106,E1-P2-V-014,A-V-1106,SOL_2_beam_0228,beam,P2,126,161,25079.141725245867,-58944.60583984175,14892.729800935094,24147.50347189693,-86351.5353779332,-204260.70352284162,-25079.141725245867,58944.60583984175,-14892.729800935094,-24147.50347189693,-21635.64840864719,-223146.63342185103
CASE_R,11107,E1-P2-V-020,A-V-1107,SOL_2_beam_0229,beam,P2,126,161,25079.141725245867,-58944.60583984175,14892.729800935094,24147.50347189693,-86351.5353779332,-204260.70352284162,-25079.141725245867,58944.60583984175,-14892.729800935094,-24147.50347189693,-21635.64840864719,-223146.63342185103
CASE_R,11108,E1-P2-V-015,A-V-1108,SOL_2_beam_0231,beam,P2,124,156,30868.800426230457,-71161.65766990742,-42999.13398802073,61966.36764608859,122702.62575800836,-185653.92129833775,-30868.800426230457,71161.65766990742,42999.13398802073,-61966.36764608859,49465.912099548805,-99277.36489829232
CASE_R,11109,E1-P2-V-021,A-V-1109,SOL_2_beam_0232,beam,P2,124,156,30868.800426230457,-71161.65766990742,-42999.13398802073,61966.36764608859,122702.62575800836,-185653.92129833775,-30868.800426230457,71161.65766990742,42999.13398802073,-61966.36764608859,49465.912099548805,-99277.36489829232
CASE_R,11110,E1-P2-V-026,A-V-1110,SOL_2_beam_0234,beam,P2,155,156,24995.897371793235,19802.169504604786,53398.39666476955,27431.762597481604,-241680.07308976623,63046.252159172596,-24995.897371793235,-19802.169504604786,-53398.39666476955,-27431.762597481604,-158273.91792935782,85271.9974303173
CASE_R,11111,E1-P2-V-028,A-V-1111,SOL_2_beam_0235,beam,P2,155,156,24995.897371793235,19802.169504604786,53398.39666476955,27431.762597481604,-241680.07308976623,63046.252159172596,-24995.897371793235,-19802.169504604786,-53398.39666476955,-27431.762597481604,-158273.91792935782,85271.9974303173
CASE_R,11112,E1-P2-V-048,A-V-1112,SOL_2_beam_0236,beam,P2,150,134,-181578.54194162204,-32170.701110123588,194559.17633415762,24557.585366527295,-884833.8755334073,-170697.59278684205,181578.54194162204,32170.701110123588,-194559.17633415762,-24557.585366527295,-846548.2346642612,-115589.47639214774
CASE_R,11113,E1-P2-V-051,A-V-1113,SOL_2_beam_0237,beam,P2,150,134,-181578.54194162204,-32170.701110123588,194559.17633415762,24557.585366527295,-884833.8755334073,-170697.59278684205,181578.54194162204,32170.701110123588,-194559.17633415762,-24557.585366527295,-846548.2346642612,-115589.47639214774
CASE_R,11114,E1-P2-V-049,A-V-1114,SOL_2_beam_0238,beam,P2,134,168,-23054.322012694774,-39712.20921562203,-29686.003437256306,-47761.76320003564,93899.0574830662,-119718.10148028235,23054.322012694774,39712.20921562203,29686.003437256306,47761.76320003564,121354.15344047935,-168235.12754219305
CASE_R,11115,E1-P2-V-052,A-V-1115,SOL_2_beam_0239,beam,P2,134,168,-23054.322012694774,-39712.20921562203,-29686.003437256306,-47761.76320003564,93899.0574830662,-119718.10148028235,23054.322012694774,39712.20921562203,29686.003437256306,47761.76320003564,121354.15344047935,-168235.12754219305
CASE_R,11116,E1-P2-V-036,A-V-1116,SOL_2_beam_0240,beam,P2,897,159,-74942.37945142757,-31577.367403857024,-22695.952828910158,-243.0102612555519,92462.92929603544,-100906.51542742329,74942.37945142757,31577.367403857024,22695.952828910158,243.0102612555519,65443.501529854155,-118792.09864747588
CASE_R,11117,E1-P2-V-042,A-V-1117,SOL_2_beam_0241,beam,P2,897,159,-74942.37945142757,-31577.367403857024,-22695.952828910158,-243.0102612555519,92462.92929603544,-100906.51542742329,74942.37945142757,31577.367403857024,22695.952828910158,243.0102612555519,65443.501529854155,-118792.09864747588
CASE_R,11118,E1-P2-V-076,A-V-1118,SOL_2_beam_0242,beam,P2,146,148,-123459.55720910005,-24586.853751938477,209843.62468866343,35475.0084305825,-966512.5293066213,-116551.85523933388,123459.55720910005,24586.853751938477,-209843.62468866343,-35475.0084305825,-900885.8867977946,-102246.55629916664
CASE_R,11119,E1-P2-V-080,A-V-1119,SOL_2_beam_0243,beam,P2,146,148,-123459.55720910005,-24586.853751938477,209843.62468866343,35475.0084305825,-966512.5293066213,-116551.85523933388,123459.55720910005,24586.853751938477,-209843.62468866343,-35475.0084305825,-900885.8867977946,-102246.55629916664
CASE_R,11120,E1-P2-V-077,A-V-1120,SOL_2_beam_0244,beam,P2,148,138,43253.943381374505,-25704.501201605148,49496.7297119476,10138.931821960836,-236971.6601415436,-74658.78311091229,-43253.943381374505,25704.501201605148,-49496.7297119476,-10138.931821960836,-121929.12699978851,-111724.5551019267
CASE_R,11121,E1-P2-V-081,A-V-1121,SOL_2_beam_0245,beam,P2,148,138,43253.943381374505,-25704.501201605148,49496.7297119476,10138.931821960836,-236971.6601415436,-74658.78311091229,-43253.943381374505,25704.501201605148,-49496.7297119476,-10138.931821960836,-121929.12699978851,-111724.5551019267
CASE_R,11122,E1-P2-V-097,A-V-1122,SOL_2_beam_0247,beam,P2,144,142,-232552.89154705225,-14179.299583478693,293299.17847716523,36437.12778284021,-1350871.0327329047,-69908.82387485394,232552.89154705225,14179.299583478693,-293299.17847716523,-36437.12778284021,-1259491.6557138655,-56286.942418106424
CASE_R,11123,E1-P2-V-100,A-V-1123,SOL_2_beam_0248,beam,P2,144,142,-232552.89154705225,-14179.299583478693,293299.17847716523,36437.12778284021,-1350871.0327329047,-69908.82387485394,232552.89154705225,14179.299583478693,-293299.17847716523,-36437.12778284021,-1259491.6557138655,-56286.942418106424
CASE_R,11124,E1-P2-V-098,A-V-1124,SOL_2_beam_0249,beam,P2,142,140,99353.95862318476,-5482.367237633603,109062.07461045006,19716.674242449648,-446709.1651464364,-5663.006553745561,-99353.95862318476,5482.367237633603,-109062.07461045006,-19716.674242449648,-343990.87577932654,-34084.15591909806
CASE_R,11125,E1-P2-V-101,A-V-1125,SOL_2_beam_0250,beam,P2,142,140,99353.95862318476,-5482.367237633603,109062.07461045006,19716.674242449648,-446709.1651464364,-5663.006553745561,-99353.95862318476,5482.367237633603,-109062.07461045006,-19716.674242449648,-343990.87577932654,-34084.15591909806
CASE_R,11126,E1-P2-V-001,A-V-1126,SOL_2_beam_0251,beam,P2,130,914,184720.9362005316,-6741.525203327922,231819.99744084847,-23238.77864833617,-1177047.3500645172,-223.04086263668796,-184720.9362005316,6741.525203327922,-231819.99744084847,23238.77864833617,293159.2861347428,-25481.185371874166
CASE_R,11127,E1-P2-V-004,A-V-1127,SOL_2_beam_0252,beam,P2,130,914,184720.9362005316,-6741.525203327922,231819.99744084847,-23238.77864833617,-1177047.3500645172,-223.04086263668796,-184720.9362005316,6741.525203327922,-231819.99744084847,23238.77864833617,293159.2861347428,-25481.185371874166
CASE_R,11128,E1-P2-V-002,A-V-1128,SOL_2_beam_0253,beam,P2,914,128,367801.93176553893,37293.81612240501,403249.26048168994,34344.109229113725,-587154.2503309231,50962.37074373268,-367801.93176553893,-37293.81612240501,-403249.26048168994,-34344.109229113725,-1472569.4339574904,139527.64095041787
CASE_R,11129,E1-P2-V-005,A-V-1129,SOL_2_beam_0254,beam,P2,915,128,-10284.113448398226,-167939.57261246003,-23996.777800039454,-6.430014565804766e-11,4.511093720793724e-10,2.561137080192566e-09,10284.113448398226,167939.57261246003,23996.777800039454,6.430014565804766e-11,117780.43173962296,-824277.1397596105
CASE_R,11130,E1-P2-V-003,A-V-1130,SOL_2_beam_0255,beam,P2,128,132,-34638.18211917141,-34404.4241852791,2608.5438856856968,40683.36160417113,18966.755644765803,-95574.1215525105,34638.18211917141,34404.4241852791,-2608.5438856856968,-40683.36160417113,-37881.30735987279,-153892.3582149483
CASE_R,11131,E1-P2-V-006,A-V-1131,SOL_2_beam_0256,beam,P2,128,132,-34638.18211917141,-34404.4241852791,2608.5438856856968,40683.36160417113,18966.755644765803,-95574.1215525105,34638.18211917141,34404.4241852791,-2608.5438856856968,-40683.36160417113,-37881.30735987279,-153892.3582149483
CASE_R,11132,E1-P2-V-108,A-V-1132,SOL_2_beam_0258,beam,P2,152,158,-187909.3523221039,-3910.3875147800186,259238.07352919414,36709.57331532246,-1196377.804485983,-24106.59384826682,187909.3523221039,3910.3875147800186,-259238.07352919414,-36709.57331532246,-1110841.0499238449,-10695.855033275346
CASE_R,11133,E1-P2-V-111,A-V-1133,SOL_2_beam_0259,beam,P2,152,158,-187909.3523221039,-3910.3875147800186,259238.07352919414,36709.57331532246,-1196377.804485983,-24106.59384826682,187909.3523221039,3910.3875147800186,-259238.07352919414,-36709.57331532246,-1110841.0499238449,-10695.855033275346
CASE_R,11134,E1-P2-V-109,A-V-1134,SOL_2_beam_0260,beam,P2,158,154,19488.737740549946,3909.5018341460996,110078.54950419653,-25481.566553747998,-452246.4638761935,35390.660973708844,-19488.737740549946,-3909.5018341460996,-110078.54950419653,25481.566553747998,-345823.0200292313,-7046.772676149623
CASE_R,11135,E1-P2-V-112,A-V-1135,SOL_2_beam_0261,beam,P2,158,154,19488.737740549946,3909.5018341460996,110078.54950419653,-25481.566553747998,-452246.4638761935,35390.660973708844,-19488.737740549946,-3909.5018341460996,-110078.54950419653,25481.566553747998,-345823.0200292313,-7046.772676149623
CASE_R,11136,E1-P2-V-029,A-V-1136,SOL_2_beam_0262,beam,P2,904,898,-60289.29684474592,11782.045273448288,11207.599039208615,30371.63469516377,-30741.363266898585,55935.99946864502,60289.29684474592,-11782.045273448288,-11207.599039208615,-30371.63469516377,-69006.26818205809,48924.203465044746
CASE_R,11137,E1-P2-V-032,A-V-1137,SOL_2_beam_0263,beam,P2,903,896,15065.315711402212,-7949.642259072093,63252.37525192121,-11150.492464691704,-108665.09284853068,-29155.552822565092,-15065.315711402212,7949.642259072093,-63252.37525192121,11150.492464691704,-454281.04689356807,-41596.26328317654
CASE_R,11138,E1-P2-V-030,A-V-1138,SOL_2_beam_0264,beam,P2,898,910,-27613.42662192686,-37349.085456191686,-13750.384843717038,16413.217367379686,69532.4407847227,-140482.20203370388,27613.42662192686,37349.085456191686,13750.384843717038,-16413.217367379686,21907.6184259956,-107889.21624997078
CASE_R,11139,E1-P2-V-033,A-V-1139,SOL_2_beam_0265,beam,P2,896,909,-21693.97978682994,-14384.623356692555,-57528.08401851882,10741.700202296632,346368.4915930294,-57651.46040961169,21693.97978682994,14384.623356692555,57528.08401851882,-10741.700202296632,36193.26713012069,-38006.28491239379
CASE_R,11140,E1-P2-V-060,A-V-1140,SOL_2_beam_0266,beam,P2,906,900,-25837.269167367383,-5001.905998045269,16556.649052495235,27116.236887328712,-55636.456616515556,-12160.043564731215,25837.269167367383,5001.905998045269,-16556.649052495235,-27116.236887328712,-91717.71995069203,-32356.91981787168
CASE_R,11141,E1-P2-V-067,A-V-1141,SOL_2_beam_0267,beam,P2,905,899,-5063.611092433741,-10528.94910881866,39016.16506516274,7404.763230544793,-113770.27414443961,-41671.30855473097,5063.611092433741,10528.94910881866,-39016.16506516274,-7404.763230544793,-233473.59493550877,-52036.33851375511
CASE_R,11142,E1-P2-V-061,A-V-1142,SOL_2_beam_0268,beam,P2,900,912,9290.62276691045,-12887.585963277188,1694.9825081267195,-35030.563800757016,16827.99549269766,-53962.09980992388,-9290.62276691045,12887.585963277188,-1694.9825081267195,35030.563800757016,-28099.629171740344,-31740.346845869408
CASE_R,11143,E1-P2-V-068,A-V-1143,SOL_2_beam_0269,beam,P2,899,911,-20579.69270197191,571.7378840491845,-14446.313692999496,21441.15321846922,109868.64007339315,-2164.2699477299284,20579.69270197191,-571.7378840491845,14446.313692999496,-21441.15321846922,-13800.654014946515,5966.3268766570045
CASE_R,11144,E1-P2-V-087,A-V-1144,SOL_2_beam_0270,beam,P2,908,902,43993.920256832,-25531.47399876825,32804.837508849116,64151.3499248776,-51259.9725934037,-109157.6762400584,-43993.920256832,25531.47399876825,-32804.837508849116,-64151.3499248776,-240703.08123535346,-118072.44234897904
CASE_R,11145,E1-P2-V-091,A-V-1145,SOL_2_beam_0271,beam,P2,907,901,-58858.08828898719,-28687.172092915076,39228.68743485809,17584.133185954473,-151598.89098092724,-123787.18379080543,58858.08828898719,28687.172092915076,-39228.68743485809,-17584.133185954473,-197536.42718930973,-131528.64783613876
CASE_R,11146,E1-P2-V-088,A-V-1146,SOL_2_beam_0272,beam,P2,902,913,144747.6795409104,-26578.795966820693,-70471.78311409504,118465.82802824554,278843.4012584782,-93841.7990408117,-144747.6795409104,26578.795966820693,70471.78311409504,-118465.82802824554,189793.95645025384,-82907.19413854588
CASE_R,11147,E1-P2-V-092,A-V-1147,SOL_2_beam_0273,beam,P2,901,913,-188392.75799922153,-28058.181090419894,34305.982468835435,54206.01015913899,-33507.975724522024,-101888.16073700227,188392.75799922153,28058.181090419894,-34305.982468835435,-54206.01015913899,-195553.50851279142,-85456.6736926609
CASE_R,11148,E1-P2-V-038,A-V-1148,SOL_2_beam_0274,beam,P2,916,155,2.3170912123588959e-07,-5.1743977354259645e-08,-5.111682342312593e-07,2.2298579448578576e-10,1.7378184092691548e-09,-5.987363692735387e-08,-2.3170912123588959e-07,5.1743977354259645e-08,5.111682342312593e-07,-2.2298579448578576e-10,1.1738963354613253e-06,-5.913216773939902e-08
CASE_R,11149,E1-P2-V-041,A-V-1149,SOL_2_beam_0275,beam,P2,155,916,2.3170912123588959e-07,-5.1743977354259645e-08,5.111682342312593e-07,2.2298579448578576e-10,-1.1738963354613253e-06,-5.913216773939902e-08,-2.3170912123588959e-07,5.1743977354259645e-08,-5.111682342312593e-07,-2.2298579448578576e-10,-1.7378184092691548e-09,-5.987363692735387e-08
CASE_R,11150,E1-P2-V-016,A-V-1150,SOL_2_beam_0276,beam,P2,917,124,3.09746089186033e-07,9.405098852154502e-08,2.0254089220279024e-09,6.8330218609530685e-09,7.550060923909552e-08,8.268155607339174e-08,-3.09746089186033e-07,-9.405098852154502e-08,-2.0254089220279024e-09,-6.8330218609530685e-09,-7.898525274243837e-08,7.91298009173919e-08
CASE_R,11151,E1-P2-V-018,A-V-1151,SOL_2_beam_0277,beam,P2,124,917,3.09746089186033e-07,9.405098852154502e-08,-2.0254089220279024e-09,6.8330218609530685e-09,7.898525274243837e-08,7.91298009173919e-08,-3.09746089186033e-07,-9.405098852154502e-08,2.0254089220279024e-09,-6.8330218609530685e-09,-7.550060923909552e-08,8.268155607339174e-08
CASE_R,11152,E1-P2-V-062,A-V-1152,SOL_2_beam_0278,beam,P2,918,919,0.0,3.16570610719582e-10,-6513.278900003302,-0.0,3.976310836151242e-09,6.363069275463592e-10,0.0,-3.16570610719582e-10,6513.278900003302,0.0,13091.690589002646,0.0
CASE_R,11153,E1-P2-V-069,A-V-1153,SOL_2_beam_0279,beam,P2,919,918,0.0,3.16570610719582e-10,6513.278900003302,-0.0,-13091.690589002646,0.0,0.0,-3.16570610719582e-10,-6513.278900003302,0.0,-3.976310836151242e-09,6.363069275463592e-10
CASE_R,11154,E1-P2-V-090,A-V-1154,SOL_2_beam_0282,beam,P2,138,140,-326948.3739450529,3300.422676361538,-157062.13417037693,-52642.4909491139,824874.355501443,6703.30545095878,326948.3739450529,-3300.422676361538,157062.13417037693,52642.4909491139,745746.9862023261,26300.9213126566
CASE_R,11155,E1-P2-V-096,A-V-1155,SOL_2_beam_0283,beam,P2,913,140,-358297.8154685903,31890.421397070557,-249649.54388227113,-47696.25085013582,371462.80013776064,87393.88109803434,358297.8154685903,-31890.421397070557,249649.54388227113,47696.25085013582,953811.8852072022,81897.70872538412
CASE_R,11156,E1-P2-V-106,A-V-1156,SOL_2_beam_0284,beam,P2,140,154,118162.17172925913,-27832.056624567416,-371472.03214181395,-23078.998905422104,701124.4357700342,-72836.93624640342,-118162.17172925913,27832.056624567416,371472.03214181395,23078.998905422104,1156235.7249390355,-66323.34687643366
CASE_R,11157,E1-P2-V-070,A-V-1157,SOL_2_beam_0285,beam,P2,920,919,20550.781253962923,5944.251293700081,-16002.93739245733,-1382.0514384769704,104671.75504804353,24523.876235267922,-20550.781253962923,-5944.251293700081,16002.93739245733,1382.0514384769704,-24657.06808575688,5197.380233232479
CASE_R,11158,E1-P2-V-075,A-V-1158,SOL_2_beam_0287,beam,P2,921,919,27879.92120942557,563.0509841627985,-2302.372080693468,-3138.027630098735,81644.28867190506,9366.696771042536,-27879.92120942557,-563.0509841627985,2302.372080693468,3138.027630098735,-68732.51707093023,-6209.089984469425
CASE_R,11159,E1-P2-V-054,A-V-1159,SOL_2_beam_0288,beam,P2,919,922,24180.33092421723,3998.9623400818123,-41399.8034365751,-17187.896927982267,46561.65068488544,505.85487561883747,-24180.33092421723,-3998.9623400818123,41399.8034365751,17187.896927982267,160437.36649799003,19488.956824790224
CASE_R,11160,E1-P2-V-055,A-V-1160,SOL_2_beam_0289,beam,P2,919,922,24180.33092421723,3998.9623400818123,-41399.8034365751,-17187.896927982267,46561.65068488544,505.85487561883747,-24180.33092421723,-3998.9623400818123,41399.8034365751,17187.896927982267,160437.36649799003,19488.956824790224
CASE_R,11161,E1-P2-V-078,A-V-1161,SOL_2_beam_0290,beam,P2,138,920,-3246.8724650471668,21145.36717060599,-2989.6529924666766,-103977.37882657618,19076.866325757517,73758.90553850456,3246.8724650471668,-21145.36717060599,2989.6529924666766,103977.37882657618,-12115.736187746472,-24523.876235264986
CASE_R,11162,E1-P2-V-082,A-V-1162,SOL_2_beam_0291,beam,P2,921,138,-5217.060078910683,27393.234879952168,-11296.311319172006,-79970.05166071306,-16745.982429596865,-9366.69677103607,5217.060078910683,-27393.234879952168,11296.311319172006,79970.05166071306,46412.2574882568,81306.57322574273
CASE_R,11163,E1-P2-V-107,A-V-1163,SOL_2_beam_0292,beam,P2,140,154,118162.17172925913,-27832.056624567416,-371472.03214181395,-23078.998905422104,701124.4357700342,-72836.93624640342,-118162.17172925913,27832.056624567416,371472.03214181395,23078.998905422104,1156235.7249390355,-66323.34687643366
CASE_R,11164,E1-P2-V-047,A-V-1164,SOL_2_beam_0293,beam,P2,159,136,-1664349.4480384386,60499.493605227384,-884967.566446092,11874.487472968429,1499145.8016944956,162212.03120808952,1664349.4480384386,-60499.493605227384,884967.566446092,-11874.487472968429,723609.6373528716,-10256.656153310963
CASE_R,11165,E1-P2-V-043,A-V-1165,SOL_2_beam_0294,beam,P2,159,155,-42734.96401380248,-18004.438827002505,41653.665327246636,166704.40241974086,-101749.16825957547,1432.8472165105413,42734.96401380248,18004.438827002505,-41653.665327246636,-166704.40241974086,-69863.93288868072,-75611.13518376088
CASE_R,11166,E1-P2-V-037,A-V-1166,SOL_2_beam_0295,beam,P2,159,155,-42734.96401380248,-18004.438827002505,41653.665327246636,166704.40241974086,-101749.16825957547,1432.8472165105413,42734.96401380248,18004.438827002505,-41653.665327246636,-166704.40241974086,-69863.93288868072,-75611.13518376088
CASE_R,11167,E1-P2-V-046,A-V-1167,SOL_2_beam_0296,beam,P2,159,168,558843.6770535079,-732.7440418856195,2808308.669462067,107746.70449889073,-3951492.4778305683,42497.82344573397,-558843.6770535079,732.7440418856195,-2808308.669462067,-107746.70449889073,-3097362.282519215,-44337.010990866875
CASE_R,11168,E1-P2-V-045,A-V-1168,SOL_2_beam_0297,beam,P2,897,134,-199330.74949408075,142329.6147550267,-2514.5100944883775,73358.94168430772,36622.22088645269,199445.83519918297,199330.74949408075,-142329.6147550267,2514.5100944883775,-73358.94168430772,-29516.293660245035,202773.2240124984
CASE_R,11169,E1-P2-V-050,A-V-1169,SOL_2_beam_0298,beam,P2,136,922,695.7090469939986,-24498.899818538997,53827.68908654046,-156644.65858898617,-80431.94804037744,-34734.1986315068,-695.7090469939986,24498.899818538997,-53827.68908654046,156644.65858898617,-38704.30602862895,-19488.956824788198
CASE_R,11170,E1-P2-V-053,A-V-1170,SOL_2_beam_0299,beam,P2,922,136,695.7090469939986,-24498.899818538997,-53827.68908654046,-156644.65858898617,38704.30602862895,-19488.956824788198,-695.7090469939986,24498.899818538997,53827.68908654046,156644.65858898617,80431.94804037744,-34734.1986315068
CASE_R,11171,E1-P3-V-010,A-V-1171,SOL_3_beam_0300,beam,P3,164,163,-9397.694170880655,61552.37704657829,58547.52984577359,-46221.94713334799,-282230.9687813188,321492.84529665374,9397.694170880655,-61552.37704657829,-58547.52984577359,46221.94713334799,-303244.32967641717,294030.9251691291
CASE_R,11172,E1-P3-V-009,A-V-1172,SOL_3_beam_0301,beam,P3,164,163,-9397.694170880655,61552.37704657829,58547.52984577359,-46221.94713334799,-282230.9687813188,321492.84529665374,9397.694170880655,-61552.37704657829,-58547.52984577359,46221.94713334799,-303244.32967641717,294030.9251691291
CASE_R,11173,E1-P3-V-044,A-V-1173,SOL_3_beam_0302,beam,P3,923,167,-2136.103590907182,30584.1085116063,-39755.97253872783,-32011.12202479178,-18971.171921294183,72267.79993023377,2136.103590907182,-30584.1085116063,39755.97253872783,32011.12202479178,206204.49822420388,71770.03898966456
CASE_R,11174,E1-P3-V-034,A-V-1174,SOL_3_beam_0303,beam,P3,924,925,-54950.8368893235,77760.44476923309,-76879.22668093811,-65337.047545681155,-194932.46232879686,150495.4406115164,54950.8368893235,-77760.44476923309,76879.22668093811,65337.047545681155,364066.7610268609,20577.53788079662
CASE_R,11175,E1-P3-V-023,A-V-1175,SOL_3_beam_0304,beam,P3,163,926,169707.05881147675,412703.6715016258,22354.328993657535,-31608.44812649764,14699.462503732691,434392.42099607666,-169707.05881147675,-412703.6715016258,-22354.328993657535,31608.44812649764,-57698.87286712844,359458.94150348473
CASE_R,11176,E1-P3-V-043,A-V-1176,SOL_3_beam_0305,beam,P3,923,167,-2136.103590907182,30584.1085116063,-39755.97253872783,-32011.12202479178,-18971.171921294183,72267.79993023377,2136.103590907182,-30584.1085116063,39755.97253872783,32011.12202479178,206204.49822420388,71770.03898966456
CASE_R,11177,E1-P3-V-033,A-V-1177,SOL_3_beam_0306,beam,P3,163,925,92517.40554394003,50095.03627400097,34498.81887828855,-101702.25546387896,318314.3545701424,116503.80144339788,-92517.40554394003,-50095.03627400097,-34498.81887828855,101702.25546387896,-480788.77538355096,119422.01482758444
CASE_R,11178,E1-P3-V-067,A-V-1178,SOL_3_beam_0307,beam,P3,927,175,-38471.9292917198,160691.67335418655,-48292.33462167726,589.8505893322014,20920.707299850736,318523.3114757361,38471.9292917198,-160691.67335418655,48292.33462167726,-589.8505893322014,206515.1688403117,438264.52667804674
CASE_R,11179,E1-P3-V-055,A-V-1179,SOL_3_beam_0308,beam,P3,167,928,33324.61848122844,178865.87317967755,63703.324268352924,-31417.992433057527,-303828.64419875096,491558.48523296986,-33324.61848122844,-178865.87317967755,-63703.324268352924,31417.992433057527,3813.7146759563475,350821.9235189947
CASE_R,11180,E1-P3-V-066,A-V-1180,SOL_3_beam_0309,beam,P3,927,175,-38471.9292917198,160691.67335418655,-48292.33462167726,589.8505893322014,20920.707299850736,318523.3114757361,38471.9292917198,-160691.67335418655,48292.33462167726,-589.8505893322014,206515.1688403117,438264.52667804674
CASE_R,11181,E1-P3-V-054,A-V-1181,SOL_3_beam_0310,beam,P3,167,928,33324.61848122844,178865.87317967755,63703.324268352924,-31417.992433057527,-303828.64419875096,491558.48523296986,-33324.61848122844,-178865.87317967755,-63703.324268352924,31417.992433057527,3813.7146759563475,350821.9235189947
CASE_R,11182,E1-P3-V-088,A-V-1182,SOL_3_beam_0311,beam,P3,929,172,14382.923970957521,8864.731943870263,-56356.09809239709,-36979.63385342335,-9178.020814500342,22865.501140756325,-14382.923970957521,-8864.731943870263,56356.09809239709,36979.63385342335,274587.1291004218,18882.964066307748
CASE_R,11183,E1-P3-V-078,A-V-1183,SOL_3_beam_0312,beam,P3,175,930,-8423.792539980905,12794.056227679996,67063.16944284356,-21496.817812551904,-322813.9878770597,16457.526060706365,8423.792539980905,-12794.056227679996,-67063.16944284356,21496.817812551904,6975.650002982642,43796.909976079274
CASE_R,11184,E1-P3-V-087,A-V-1184,SOL_3_beam_0313,beam,P3,929,172,14382.923970957521,8864.731943870263,-56356.09809239709,-36979.63385342335,-9178.020814500342,22865.501140756325,-14382.923970957521,-8864.731943870263,56356.09809239709,36979.63385342335,274587.1291004218,18882.964066307748
CASE_R,11185,E1-P3-V-077,A-V-1185,SOL_3_beam_0314,beam,P3,175,930,-8423.792539980905,12794.056227679996,67063.16944284356,-21496.817812551904,-322813.9878770597,16457.526060706365,8423.792539980905,-12794.056227679996,-67063.16944284356,21496.817812551904,6975.650002982642,43796.909976079274
CASE_R,11186,E1-P3-V-100,A-V-1186,SOL_3_beam_0315,beam,P3,172,179,66829.27712367004,53790.61790554738,-121620.6583049229,-14318.99698817253,289023.9021823581,129517.39558603468,-66829.27712367004,-53790.61790554738,121620.6583049229,14318.99698817253,319079.38934225636,139435.6939417022
CASE_R,11187,E1-P3-V-099,A-V-1187,SOL_3_beam_0316,beam,P3,172,179,66829.27712367004,53790.61790554738,-121620.6583049229,-14318.99698817253,289023.9021823581,129517.39558603468,-66829.27712367004,-53790.61790554738,121620.6583049229,14318.99698817253,319079.38934225636,139435.6939417022
CASE_R,11188,E1-P3-V-008,A-V-1188,SOL_3_beam_0317,beam,P3,165,160,664178.5852249615,22079.436069177056,248088.02557934067,-49203.46713577727,-1262825.1798773329,143636.97395823986,-664178.5852249615,-22079.436069177056,-248088.02557934067,49203.46713577727,-1218055.0759160735,77157.38673353071
CASE_R,11189,E1-P3-V-007,A-V-1189,SOL_3_beam_0318,beam,P3,40,160,-2212629.3070967407,22839.130149803757,401036.8849734544,-14103.941021969937,-2042969.8629784854,145258.47832384417,2212629.3070967407,-22839.130149803757,-401036.8849734544,14103.941021969937,-1976068.055142073,83626.52833839253
CASE_R,11190,E1-P3-V-042,A-V-1190,SOL_3_beam_0319,beam,P3,931,176,-12054.224287568817,-25364.49343207153,-78420.98060993705,-64342.05753563006,-23336.635932917008,45071.22885704925,12054.224287568817,25364.49343207153,78420.98060993705,64342.05753563006,392660.3336180636,-164525.33962413968
CASE_R,11191,E1-P3-V-032,A-V-1191,SOL_3_beam_0320,beam,P3,160,932,-4498.019366999682,-48876.054979932145,60206.8403614386,-27715.592655442793,-179412.65697018386,-217639.4764335291,4498.019366999682,48876.054979932145,-60206.8403614386,27715.592655442793,-104135.35524557129,-12545.468521396237
CASE_R,11192,E1-P3-V-038,A-V-1192,SOL_3_beam_0321,beam,P3,160,176,-788053.3619921195,117355.86844255148,291636.5935272051,-171748.57988932237,-1443495.244697169,579678.0137130782,788053.3619921195,-117355.86844255148,-291636.5935272051,171748.57988932237,-1472870.7051567123,593880.6765802302
CASE_R,11193,E1-P3-V-065,A-V-1193,SOL_3_beam_0322,beam,P3,933,174,-82037.48800048446,144998.8401699721,-111831.41968924945,-40984.41902572383,-1251.4088705772301,317388.88088099775,82037.48800048446,-144998.8401699721,111831.41968924945,40984.41902572383,527921.6075314132,365483.32238810963
CASE_R,11194,E1-P3-V-053,A-V-1194,SOL_3_beam_0323,beam,P3,176,934,73557.4767236617,109095.41780444054,102940.38004406932,8457.01784755583,-444506.4634881112,229809.27654333375,-73557.4767236617,-109095.41780444054,-102940.38004406932,-8457.01784755583,-40291.373816316685,283975.7181183684
CASE_R,11195,E1-P3-V-059,A-V-1195,SOL_3_beam_0324,beam,P3,176,174,-470931.97633274243,24552.400222290296,74984.17659633847,-33847.24454801809,-358034.90366065095,100017.40326149686,470931.97633274243,-24552.400222290296,-74984.17659633847,33847.24454801809,-391806.86230273376,145506.5989614061
CASE_R,11196,E1-P3-V-086,A-V-1196,SOL_3_beam_0325,beam,P3,935,173,-18343.55282755691,13057.536063939973,-118643.25262355266,-77602.53795938242,-16551.630245604436,68059.63595651535,18343.55282755691,-13057.536063939973,118643.25262355266,77602.53795938242,575302.1638849543,-6565.154960693784
CASE_R,11197,E1-P3-V-076,A-V-1197,SOL_3_beam_0326,beam,P3,174,936,17545.831320326775,3781.761992550743,93974.53447752092,2332.5585871716958,-413075.03121337463,-48749.088472205214,-17545.831320326775,-3781.761992550743,-93974.53447752092,-2332.5585871716958,-29498.146162584453,66559.30089228565
CASE_R,11198,E1-P3-V-082,A-V-1198,SOL_3_beam_0327,beam,P3,174,173,-261094.22174329878,31441.35120246691,-86902.93781811597,-49934.21518008181,445352.2389786561,145389.08231841374,261094.22174329878,-31441.35120246691,86902.93781811597,49934.21518008181,423677.1392025035,169024.42970625532
CASE_R,11199,E1-P3-V-098,A-V-1199,SOL_3_beam_0328,beam,P3,173,177,-17328.619108343268,31735.514198065517,-108818.1955256023,-12831.807400120726,255478.7555186596,60920.20919974547,17328.619108343268,-31735.514198065517,108818.1955256023,12831.807400120726,288612.2221093519,97757.36179058212
CASE_R,11200,E1-P3-V-097,A-V-1200,SOL_3_beam_0329,beam,P3,173,177,-17328.619108343268,31735.514198065517,-108818.1955256023,-12831.807400120726,255478.7555186596,60920.20919974547,17328.619108343268,-31735.514198065517,108818.1955256023,12831.807400120726,288612.2221093519,97757.36179058212
CASE_R,11201,E1-P3-V-012,A-V-1201,SOL_3_beam_0330,beam,P3,166,162,-786805.3950633813,40780.406233715155,20389.489718726592,-47438.48771886277,-78825.32755954843,222897.97194870462,786805.3950633813,-40780.406233715155,-20389.489718726592,47438.48771886277,-125069.56962771747,184906.09038844693
CASE_R,11202,E1-P3-V-011,A-V-1202,SOL_3_beam_0331,beam,P3,166,162,-786805.3950633813,40780.406233715155,20389.489718726592,-47438.48771886277,-78825.32755954843,222897.97194870462,786805.3950633813,-40780.406233715155,-20389.489718726592,47438.48771886277,-125069.56962771747,184906.09038844693
CASE_R,11203,E1-P3-V-041,A-V-1203,SOL_3_beam_0332,beam,P3,937,169,-559728.6780952145,308787.67517257266,-565963.9426346823,-186892.48604911618,1347905.6050872612,1182932.3983490965,559728.6780952145,-308787.67517257266,565963.9426346823,186892.48604911618,2900195.8082729597,1134814.8298970975
CASE_R,11204,E1-P3-V-025,A-V-1204,SOL_3_beam_0333,beam,P3,162,938,-200616.63239723278,-6847.286238285906,-202591.02358910043,-135812.28235346614,516044.31867578544,-16059.745202831691,200616.63239723278,6847.286238285906,202591.02358910043,135812.28235346614,-126384.24929059268,2889.7933291381687
CASE_R,11205,E1-P3-V-045,A-V-1205,SOL_3_beam_0334,beam,P3,939,169,11628.822543643022,-37588.17799711259,-76223.70810908075,-7996.212739212653,53612.28064711898,24940.5262957683,-11628.822543643022,37588.17799711259,76223.70810908075,7996.212739212653,305373.07061118213,-201966.88221829623
CASE_R,11206,E1-P3-V-035,A-V-1206,SOL_3_beam_0335,beam,P3,937,940,-9400.495748699359,-90236.8341616021,152231.25824198688,-173915.91684335365,-613719.7107119758,-284276.58672789513,9400.495748699359,90236.8341616021,-152231.25824198688,173915.91684335365,266579.03155310726,78504.94522828466
CASE_R,11207,E1-P3-V-024,A-V-1207,SOL_3_beam_0336,beam,P3,162,938,-200616.63239723278,-6847.286238285906,-202591.02358910043,-135812.28235346614,516044.31867578544,-16059.745202831691,200616.63239723278,6847.286238285906,202591.02358910043,135812.28235346614,-126384.24929059268,2889.7933291381687
CASE_R,11208,E1-P3-V-060,A-V-1208,SOL_3_beam_0337,beam,P3,169,170,733423.4962679264,17751.489318469845,66768.15171914929,-35058.5259192756,-388207.5445251764,70048.17341955466,-733423.4962679264,-17751.489318469845,-66768.15171914929,35058.5259192756,-279473.97266631643,107466.71976514379
CASE_R,11209,E1-P3-V-056,A-V-1209,SOL_3_beam_0338,beam,P3,169,941,184861.46363260515,128172.27336298373,181747.5070191915,-79709.81158085306,-689812.2368951006,250732.77096337656,-184861.46363260515,-128172.27336298373,-181747.5070191915,79709.81158085306,-166151.00952996046,352911.02591068513
CASE_R,11210,E1-P3-V-083,A-V-1210,SOL_3_beam_0339,beam,P3,170,171,543159.4849001131,23885.536008608076,-173457.2710441676,-51779.24127357199,882972.951519839,104865.48246561989,-543159.4849001131,-23885.536008608076,173457.2710441676,51779.24127357199,851599.7589218369,133989.87762046084
CASE_R,11211,E1-P3-V-089,A-V-1211,SOL_3_beam_0340,beam,P3,942,171,-14252.021130305033,-29212.043666392405,-87906.81439084795,-16088.29748640194,26296.780389756168,-40407.23094656838,14252.021130305033,29212.043666392405,87906.81439084795,16088.29748640194,387711.66166788404,-97170.64366359373
CASE_R,11212,E1-P3-V-079,A-V-1212,SOL_3_beam_0341,beam,P3,170,943,3046.4759726635557,-29216.070702772635,91597.0610369719,-29927.15217758108,-446256.2819915052,-129349.23950605199,-3046.4759726635557,29216.070702772635,-91597.0610369719,29927.15217758108,14868.149003678525,-8247.60094958455
CASE_R,11213,E1-P3-V-013,A-V-1213,SOL_3_beam_0342,beam,P3,160,163,-180477.9750576573,-35672.0269652295,30165.03172227235,31730.45375147694,-123165.10461998078,-205808.03637326416,180477.9750576573,35672.0269652295,-30165.03172227235,-31730.45375147694,-145303.67770824314,-111673.00361727843
CASE_R,11214,E1-P3-V-018,A-V-1214,SOL_3_beam_0343,beam,P3,160,163,-180477.9750576573,-35672.0269652295,30165.03172227235,31730.45375147694,-123165.10461998078,-205808.03637326416,180477.9750576573,35672.0269652295,-30165.03172227235,-31730.45375147694,-145303.67770824314,-111673.00361727843
CASE_R,11215,E1-P3-V-014,A-V-1215,SOL_3_beam_0344,beam,P3,163,162,-275795.26472890243,-97486.66002314343,-40645.11883756442,32759.80636240747,161037.36719669495,-326114.40707281616,275795.26472890243,97486.66002314343,40645.11883756442,-32759.80636240747,133680.38949448473,-380761.36475499696
CASE_R,11216,E1-P3-V-019,A-V-1216,SOL_3_beam_0345,beam,P3,163,162,-275795.26472890243,-97486.66002314343,-40645.11883756442,32759.80636240747,161037.36719669495,-326114.40707281616,275795.26472890243,97486.66002314343,40645.11883756442,-32759.80636240747,133680.38949448473,-380761.36475499696
CASE_R,11217,E1-P3-V-061,A-V-1217,SOL_3_beam_0348,beam,P3,214,216,24597.096096816706,5072.884234559874,-2670.820425001666,-31295.884496681854,3225.060301169002,15883.934981989018,-24597.096096816706,-5072.884234559874,2670.820425001666,31295.884496681854,23483.143948847654,34844.90736360972
CASE_R,11218,E1-P3-V-062,A-V-1218,SOL_3_beam_0349,beam,P3,214,216,24597.096096816706,5072.884234559874,-2670.820425001666,-31295.884496681854,3225.060301169002,15883.934981989018,-24597.096096816706,-5072.884234559874,2670.820425001666,31295.884496681854,23483.143948847654,34844.90736360972
CASE_R,11219,E1-P3-V-046,A-V-1219,SOL_3_beam_0350,beam,P3,176,167,-204082.04996043097,-51117.47319501255,94828.41281542594,34039.98599668762,-406078.20160822116,-267146.80498778675,204082.04996043097,51117.47319501255,-94828.41281542594,-34039.98599668762,-437799.84403625416,-187747.58897462997
CASE_R,11220,E1-P3-V-050,A-V-1220,SOL_3_beam_0351,beam,P3,176,167,-204082.04996043097,-51117.47319501255,94828.41281542594,34039.98599668762,-406078.20160822116,-267146.80498778675,204082.04996043097,51117.47319501255,-94828.41281542594,-34039.98599668762,-437799.84403625416,-187747.58897462997
CASE_R,11221,E1-P3-V-047,A-V-1221,SOL_3_beam_0352,beam,P3,167,169,-283733.841770753,-69522.43695446903,-118514.81901452407,44221.68279497452,442505.1682794668,-198366.27833418612,283733.841770753,69522.43695446903,118514.81901452407,-44221.68279497452,416845.78439484746,-305740.91202266887
CASE_R,11222,E1-P3-V-051,A-V-1222,SOL_3_beam_0353,beam,P3,167,169,-283733.841770753,-69522.43695446903,-118514.81901452407,44221.68279497452,442505.1682794668,-198366.27833418612,283733.841770753,69522.43695446903,118514.81901452407,-44221.68279497452,416845.78439484746,-305740.91202266887
CASE_R,11223,E1-P3-V-048,A-V-1223,SOL_3_beam_0354,beam,P3,169,216,-7391.576969011648,-24019.407743108764,6579.795790551855,-24502.22197929226,-19848.998188281224,-58035.50756254529,7391.576969011648,24019.407743108764,-6579.795790551855,24502.22197929226,-7253.180673001865,-40900.43293131971
CASE_R,11224,E1-P3-V-052,A-V-1224,SOL_3_beam_0355,beam,P3,169,216,-7391.576969011648,-24019.407743108764,6579.795790551855,-24502.22197929226,-19848.998188281224,-58035.50756254529,7391.576969011648,24019.407743108764,-6579.795790551855,24502.22197929226,-7253.180673001865,-40900.43293131971
CASE_R,11225,E1-P3-V-069,A-V-1225,SOL_3_beam_0356,beam,P3,174,175,-285110.0818728561,-42769.08671372185,66825.2978948824,25906.846779573014,-284009.88483605237,-203283.4508998287,285110.0818728561,42769.08671372185,-66825.2978948824,-25906.846779573014,-310668.4411305061,-177318.65176558204
CASE_R,11226,E1-P3-V-072,A-V-1226,SOL_3_beam_0357,beam,P3,174,175,-285110.0818728561,-42769.08671372185,66825.2978948824,25906.846779573014,-284009.88483605237,-203283.4508998287,285110.0818728561,42769.08671372185,-66825.2978948824,-25906.846779573014,-310668.4411305061,-177318.65176558204
CASE_R,11227,E1-P3-V-070,A-V-1227,SOL_3_beam_0358,beam,P3,175,170,-264727.77954761975,-37604.678223277224,-54187.21218291283,23166.06277692883,217681.26793945825,-109872.7153452597,264727.77954761975,37604.678223277224,54187.21218291283,-23166.06277692883,175230.2075988428,-162798.8064517235
CASE_R,11228,E1-P3-V-073,A-V-1228,SOL_3_beam_0359,beam,P3,175,170,-264727.77954761975,-37604.678223277224,-54187.21218291283,23166.06277692883,217681.26793945825,-109872.7153452597,264727.77954761975,37604.678223277224,54187.21218291283,-23166.06277692883,175230.2075988428,-162798.8064517235
CASE_R,11229,E1-P3-V-090,A-V-1229,SOL_3_beam_0361,beam,P3,173,172,-290977.91462855454,-31498.215895867736,133623.37985079677,35920.68310054556,-582928.697397032,-149142.08009138022,290977.91462855454,31498.215895867736,-133623.37985079677,-35920.68310054556,-606319.3832750592,-131192.04138184263
CASE_R,11230,E1-P3-V-093,A-V-1230,SOL_3_beam_0362,beam,P3,173,172,-290977.91462855454,-31498.215895867736,133623.37985079677,35920.68310054556,-582928.697397032,-149142.08009138022,290977.91462855454,31498.215895867736,-133623.37985079677,-35920.68310054556,-606319.3832750592,-131192.04138184263
CASE_R,11231,E1-P3-V-091,A-V-1231,SOL_3_beam_0363,beam,P3,172,171,-311601.94672460563,-6437.074472492137,-2933.9613062994,12985.342479594723,41925.24267193362,-5570.8635171151545,311601.94672460563,6437.074472492137,2933.9613062994,-12985.342479594723,-20654.02320126297,-41097.92640845284
CASE_R,11232,E1-P3-V-094,A-V-1232,SOL_3_beam_0364,beam,P3,172,171,-311601.94672460563,-6437.074472492137,-2933.9613062994,12985.342479594723,41925.24267193362,-5570.8635171151545,311601.94672460563,6437.074472492137,2933.9613062994,-12985.342479594723,-20654.02320126297,-41097.92640845284
CASE_R,11233,E1-P3-V-001,A-V-1233,SOL_3_beam_0365,beam,P3,165,944,-249518.26540048476,19902.985946096294,159028.9989782808,-6950.2625239703375,-747602.1678992724,22665.400877876265,249518.26540048476,-19902.985946096294,-159028.9989782808,6950.2625239703375,141253.1230914828,53221.11412739357
CASE_R,11234,E1-P3-V-004,A-V-1234,SOL_3_beam_0366,beam,P3,165,944,-249518.26540048476,19902.985946096294,159028.9989782808,-6950.2625239703375,-747602.1678992724,22665.400877876265,249518.26540048476,-19902.985946096294,-159028.9989782808,6950.2625239703375,141253.1230914828,53221.11412739357
CASE_R,11235,E1-P3-V-002,A-V-1235,SOL_3_beam_0367,beam,P3,944,164,-499781.7067547781,-28986.549724696797,257180.96765657692,24961.627263587005,-281744.4247777352,-106442.22825483969,499781.7067547781,28986.549724696797,-257180.96765657692,-24961.627263587005,-1031889.0573957966,-41615.78162828752
CASE_R,11236,E1-P3-V-005,A-V-1236,SOL_3_beam_0368,beam,P3,326,164,13816.065711910182,-159914.94178942931,-2979.9031328731935,-81850.61303093683,21650.86543181383,-119544.84825425988,-13816.065711910182,159914.94178942931,2979.9031328731935,81850.61303093683,-8215.704887355176,-601446.0097026551
CASE_R,11237,E1-P3-V-003,A-V-1237,SOL_3_beam_0369,beam,P3,164,166,-65353.07158118037,-62227.38272609039,-62083.95788002024,27264.600752319308,233451.9857624186,-205542.93807687736,65353.07158118037,62227.38272609039,62083.95788002024,-27264.600752319308,216718.79282560828,-245667.81407000415
CASE_R,11238,E1-P3-V-006,A-V-1238,SOL_3_beam_0370,beam,P3,164,166,-65353.07158118037,-62227.38272609039,-62083.95788002024,27264.600752319308,233451.9857624186,-205542.93807687736,65353.07158118037,62227.38272609039,62083.95788002024,-27264.600752319308,216718.79282560828,-245667.81407000415
CASE_R,11239,E1-P3-V-103,A-V-1239,SOL_3_beam_0372,beam,P3,177,179,-309475.87852165714,-22705.256406177396,77436.6372897437,36193.76640194938,-330252.4418943021,-102451.93445350282,309475.87852165714,22705.256406177396,-77436.6372897437,-36193.76640194938,-358933.62998441677,-99624.847561476
CASE_R,11240,E1-P3-V-106,A-V-1240,SOL_3_beam_0373,beam,P3,177,179,-309475.87852165714,-22705.256406177396,77436.6372897437,36193.76640194938,-330252.4418943021,-102451.93445350282,309475.87852165714,22705.256406177396,-77436.6372897437,-36193.76640194938,-358933.62998441677,-99624.847561476
CASE_R,11241,E1-P3-V-104,A-V-1241,SOL_3_beam_0374,beam,P3,179,178,-260677.51630905448,5672.647679681986,-44295.6554797699,22003.517171335836,181509.89005088215,31208.28373617526,260677.51630905448,-5672.647679681986,44295.6554797699,-22003.517171335836,139633.61217744957,9918.411941519134
CASE_R,11242,E1-P3-V-107,A-V-1242,SOL_3_beam_0375,beam,P3,179,178,-260677.51630905448,5672.647679681986,-44295.6554797699,22003.517171335836,181509.89005088215,31208.28373617526,260677.51630905448,-5672.647679681986,44295.6554797699,-22003.517171335836,139633.61217744957,9918.411941519134
CASE_R,11243,E1-P3-V-036,A-V-1243,SOL_3_beam_0376,beam,P3,932,925,-49063.3162896726,1375.4720222545225,25891.40596124847,102158.3774416252,34292.742772410624,12545.468521395534,49063.3162896726,-1375.4720222545225,-25891.40596124847,-102158.3774416252,-264726.255827522,-303.76752333028344
CASE_R,11244,E1-P3-V-039,A-V-1244,SOL_3_beam_0377,beam,P3,931,923,24548.015298999286,-13640.263747752606,31191.453510580894,19204.563491383593,-65693.86337853347,-45071.22885709425,-24548.015298999286,13640.263747752606,-31191.453510580894,-19204.563491383593,-211910.07286563647,-76327.11849790395
CASE_R,11245,E1-P3-V-037,A-V-1245,SOL_3_beam_0378,beam,P3,925,940,84583.79888756954,-32812.139911780665,-105280.40554196722,211425.50027726166,462185.329125396,-139695.78518505226,-84583.79888756954,32812.139911780665,105280.40554196722,-211425.50027726166,237929.36772868596,-78504.9452282891
CASE_R,11246,E1-P3-V-040,A-V-1246,SOL_3_beam_0379,beam,P3,923,939,-36768.11440021852,-14007.369572680447,-20179.640109402655,52991.62275786285,145600.91953423916,-68208.48136255705,36768.11440021852,14007.369572680447,20179.640109402655,-52991.62275786285,-11406.312806711518,-24940.526295767915
CASE_R,11247,E1-P3-V-057,A-V-1247,SOL_3_beam_0380,beam,P3,934,928,113545.39115206283,-66482.75502714106,20228.243343811442,40747.013221912064,-5881.910265401893,-283975.71811837325,-113545.39115206283,66482.75502714106,-20228.243343811442,-40747.013221912064,-174149.45549451993,-307720.80162318214
CASE_R,11248,E1-P3-V-063,A-V-1248,SOL_3_beam_0381,beam,P3,933,927,-149914.76517922027,-72666.19757035148,29119.28298923916,-1353.162342876726,-40981.18566718025,-317388.8808809974,149914.76517922027,72666.19757035148,-29119.28298923916,1353.162342876726,-218180.4329370483,-329340.2774951308
CASE_R,11249,E1-P3-V-058,A-V-1249,SOL_3_beam_0382,beam,P3,928,941,474796.1806513348,-110209.06549797584,-28731.082120384028,29132.412620096336,236371.95725637279,-393923.045414806,-474796.1806513348,110209.06549797584,28731.082120384028,-29132.412620096336,-45310.261155819026,-338967.24014673324
CASE_R,11250,E1-P3-V-064,A-V-1250,SOL_3_beam_0383,beam,P3,927,941,-485213.2111497337,-85726.91835083759,-50662.02176545376,-22909.24003849629,224991.91636952775,-307706.34545634483,485213.2111497337,85726.91835083759,50662.02176545376,22909.24003849629,113279.05169267491,-264693.3861173662
CASE_R,11251,E1-P3-V-080,A-V-1251,SOL_3_beam_0384,beam,P3,936,930,4888.094139611857,-17270.334570334286,12249.395375644428,29586.726449580616,-455.0544939593674,-66559.3008922184,-4888.094139611857,17270.334570334286,-12249.395375644428,-29586.726449580616,-108564.56434927604,-87146.67678375676
CASE_R,11252,E1-P3-V-084,A-V-1252,SOL_3_beam_0385,beam,P3,935,929,-14195.80116660209,-17477.540090989223,36693.84902397831,11591.35578627591,-78496.82052477784,-68059.6359564579,14195.80116660209,17477.540090989223,-36693.84902397831,-11591.35578627591,-248078.4357886291,-87490.4708533462
CASE_R,11253,E1-P3-V-081,A-V-1253,SOL_3_beam_0386,beam,P3,930,943,29351.045490848286,1173.0011701012054,-27277.954737637654,12925.059157838352,150582.18350075415,-447.1431684097597,-29351.045490848286,-1173.0011701012054,27277.954737637654,-12925.059157838352,30816.215504536238,8247.600949582775
CASE_R,11254,E1-P3-V-085,A-V-1254,SOL_3_beam_0387,beam,P3,929,942,-30063.19125632404,12355.894664422078,-23363.443591134408,25214.78907287897,173102.9757403851,41759.468571836194,30063.19125632404,-12355.894664422078,23363.443591134408,-25214.78907287897,-17736.075859341305,40407.23094657061
CASE_R,11255,E1-P3-V-121,A-V-1255,SOL_3_beam_0390,beam,P3,208,210,10860.9138415506,21706.361838167173,-50635.44583064832,15620.30996493938,206621.78780861443,76718.47615190494,-10860.9138415506,-21706.361838167173,50635.44583064832,-15620.30996493938,160485.1944635859,80652.64717480708
CASE_R,11256,E1-P3-V-120,A-V-1256,SOL_3_beam_0391,beam,P3,212,208,-23000.626579668533,-12764.84403486248,27123.664507198864,35463.60065145765,-84731.34258467845,-49011.62507520997,23000.626579668533,12764.84403486248,-27123.664507198864,-35463.60065145765,-156669.27152939147,-64595.48683506612
CASE_R,11257,E1-P3-V-124,A-V-1257,SOL_3_beam_0392,beam,P3,212,210,-7799.625461783787,724.3585627402794,-1227.1756646515068,26555.6218602962,40087.086506283915,9260.143683498629,7799.625461783787,-724.3585627402794,1227.1756646515068,-26555.6218602962,-20268.199522162082,2438.247104756882
CASE_R,11258,E1-P3-V-113,A-V-1258,SOL_3_beam_0393,beam,P3,177,212,16666.228043231033,-880.1739500520658,38293.87038353567,-6041.670502432777,-135210.8272592494,-23907.900505893962,-16666.228043231033,880.1739500520658,-38293.87038353567,6041.670502432777,-52429.14152761332,19595.048060825167
CASE_R,11259,E1-P3-V-112,A-V-1259,SOL_3_beam_0394,beam,P3,177,212,16666.228043231033,-880.1739500520658,38293.87038353567,-6041.670502432777,-135210.8272592494,-23907.900505893962,-16666.228043231033,880.1739500520658,-38293.87038353567,6041.670502432777,-52429.14152761332,19595.048060825167
CASE_R,11260,E1-P3-V-115,A-V-1260,SOL_3_beam_0395,beam,P3,178,210,41547.588583095654,-26855.556438840737,46740.03339260198,-19442.82088484483,-190013.57292641967,-89488.0855643661,-41547.588583095654,26855.556438840737,-46740.03339260198,19442.82088484483,-39012.595466721395,-42104.14372631652
CASE_R,11261,E1-P3-V-114,A-V-1261,SOL_3_beam_0396,beam,P3,178,210,41547.588583095654,-26855.556438840737,46740.03339260198,-19442.82088484483,-190013.57292641967,-89488.0855643661,-41547.588583095654,26855.556438840737,-46740.03339260198,19442.82088484483,-39012.595466721395,-42104.14372631652
CASE_R,11262,E1-P3-V-109,A-V-1262,SOL_3_beam_0397,beam,P3,179,222,30794.183279844325,-41045.05052285591,164615.5660930791,-35042.93579210814,-327669.18907414254,-69221.93670858548,-30794.183279844325,41045.05052285591,-164615.5660930791,35042.93579210814,-92100.5367407694,-35442.95017274579
CASE_R,11263,E1-P3-V-108,A-V-1263,SOL_3_beam_0398,beam,P3,179,222,30794.183279844325,-41045.05052285591,164615.5660930791,-35042.93579210814,-327669.18907414254,-69221.93670858548,-30794.183279844325,41045.05052285591,-164615.5660930791,35042.93579210814,-92100.5367407694,-35442.95017274579
CASE_R,11264,E1-P3-V-119,A-V-1264,SOL_3_beam_0399,beam,P3,222,208,2670.2799750657055,4480.961013267428,-2766.3110089237316,-433.6690392051066,35960.39482760191,13101.174483244495,-2670.2799750657055,-4480.961013267428,2766.3110089237316,433.6690392051066,-29459.563956631115,-2570.9161020660013
CASE_R,11265,E1-P3-V-118,A-V-1265,SOL_3_beam_0400,beam,P3,222,208,2670.2799750657055,4480.961013267428,-2766.3110089237316,-433.6690392051066,35960.39482760191,13101.174483244495,-2670.2799750657055,-4480.961013267428,2766.3110089237316,433.6690392051066,-29459.563956631115,-2570.9161020660013
CASE_R,11266,E1-P3-V-111,A-V-1266,SOL_3_beam_0401,beam,P3,222,220,26747.348851599858,-11.903140872836016,33061.352359373945,158.0961240167778,-186575.73657814483,2115.205979649846,-26747.348851599858,11.903140872836016,-33061.352359373945,-158.0961240167778,-53119.06802731628,-2201.503750977907
CASE_R,11267,E1-P3-V-110,A-V-1267,SOL_3_beam_0402,beam,P3,218,222,59781.28794054439,2156.3584201659223,-40948.51417695252,-4394.439303575553,118238.13809439368,3287.8033302867007,-59781.28794054439,-2156.3584201659223,40948.51417695252,4394.439303575553,246203.6380804838,15903.786609190007
CASE_R,11268,E1-P3-V-117,A-V-1268,SOL_3_beam_0403,beam,P3,222,220,26747.348851599858,-11.903140872836016,33061.352359373945,158.0961240167778,-186575.73657814483,2115.205979649846,-26747.348851599858,11.903140872836016,-33061.352359373945,-158.0961240167778,-53119.06802731628,-2201.503750977907
CASE_R,11269,E1-P3-V-116,A-V-1269,SOL_3_beam_0404,beam,P3,218,222,59781.28794054439,2156.3584201659223,-40948.51417695252,-4394.439303575553,118238.13809439368,3287.8033302867007,-59781.28794054439,-2156.3584201659223,40948.51417695252,4394.439303575553,246203.6380804838,15903.786609190007
CASE_R,11270,E1-P3-V-028,A-V-1270,SOL_3_beam_0405,beam,P3,945,946,-290962.5294966737,358219.43497586244,397634.47338448494,306679.5680161379,20952.49181589717,416340.72147661645,290962.5294966737,-358219.43497586244,-397634.47338448494,-306679.5680161379,-259533.1758465887,-201409.0604910985
CASE_R,11271,E1-P3-V-027,A-V-1271,SOL_3_beam_0406,beam,P3,938,946,358219.434975568,290962.5294971231,-396943.8288844213,259533.17584660728,491177.52804152225,383425.62379808485,-358219.434975568,-290962.5294971231,396943.8288844213,-259533.17584660728,306679.56801616383,201409.06049113185
CASE_R,11272,E1-P3-V-030,A-V-1272,SOL_3_beam_0407,beam,P3,937,945,-324016.03209572186,-634746.8174670978,327659.5900736764,-613013.8683861229,-472768.6544378591,-650757.6847851716,324016.03209572186,634746.8174670978,-327659.5900736764,613013.8683861229,-185827.1216102297,-625083.4183236937
CASE_R,11273,E1-P3-V-026,A-V-1273,SOL_3_beam_0408,beam,P3,926,938,434121.35199341446,-103264.02095998752,19771.090293687826,52063.07484596272,40220.51914973132,-359458.9415034796,-434121.35199341446,103264.02095998752,-19771.090293687826,-52063.07484596272,-183560.92377896808,-389205.2104564299
CASE_R,11274,E1-P3-V-029,A-V-1274,SOL_3_beam_0409,beam,P3,924,937,-77760.44476930979,-54950.8368893178,7570.594280997958,194932.46232871793,-65337.04754568639,-150495.44061152753,77760.44476930979,54950.8368893178,-7570.594280997958,-194932.46232871793,10450.2390084512,-247898.1268360265
CASE_R,11275,E1-P3-V-017,A-V-1275,SOL_3_beam_0410,beam,P3,947,948,140192.81849275835,63730.09643293774,-92552.26738921861,-36301.3069185904,-153258.81987706738,-81066.68571463402,-140192.81849275835,-63730.09643293774,92552.26738921861,36301.3069185904,208790.18031059802,119304.7435743963
CASE_R,11276,E1-P3-V-015,A-V-1276,SOL_3_beam_0411,beam,P3,162,948,55512.01069981637,198090.2035540977,183602.73650146805,171882.64655907816,-291790.5531214431,276027.21361887874,-55512.01069981637,-198090.2035540977,-183602.73650146805,-171882.64655907816,-135711.41640551554,185207.4813372926
CASE_R,11277,E1-P3-V-020,A-V-1277,SOL_3_beam_0412,beam,P3,162,947,-81261.82667491387,130813.09977832998,-88666.37518972758,156658.58468613614,190199.10242093762,223519.50325397335,81261.82667491387,-130813.09977832998,88666.37518972758,-156658.58468613614,16252.341314062069,81066.68571448725
CASE_R,11278,E1-P3-V-016,A-V-1278,SOL_3_beam_0413,beam,P3,949,948,-10392.027059769025,-352768.9998953683,13115.074300669372,160775.52497922257,52454.19583165503,14388.268864910206,10392.027059769025,352768.9998953683,-13115.074300669372,-160775.52497922257,-60323.24041205667,-226049.66880213167
CASE_R,11279,E1-P3-V-031,A-V-1279,SOL_3_beam_0414,beam,P3,945,950,10392.027059324935,352768.99989454524,13827.655100923042,-123361.51505716034,-60750.78889210645,196951.99303558606,-10392.027059324935,-352768.99989454524,-13827.655100923042,123361.51505716034,52454.195831552606,14709.406901141585
CASE_R,11280,E1-P3-V-022,A-V-1280,SOL_3_beam_0415,beam,P3,949,950,352768.999894528,-10392.027059403796,-13362.14640073648,-52454.19583156917,160775.52497922326,-14388.268865081718,-352768.999894528,10392.027059403796,13362.14640073648,52454.19583156917,-123361.51505716116,-14709.406901248878
CASE_R,11281,E1-P3-V-021,A-V-1281,SOL_3_beam_0416,beam,P3,948,945,-696553.2878650307,-23811.375820763602,95614.5482118147,-60101.65751383449,200979.12652001146,-78462.55610971627,696553.2878650307,23811.375820763602,-95614.5482118147,60101.65751383449,-468699.86151309236,11790.703811578249
CASE_R,11282,E1-P3-V-102,A-V-1282,SOL_3_beam_0417,beam,P3,951,178,-84169.96376343878,1890.4503612635963,-173272.51781537838,-21910.08788563166,293486.3657639128,-14692.569724424051,84169.96376343878,-1890.4503612635963,173272.51781537838,21910.08788563166,427458.5211812541,22558.274795027413
CASE_R,11283,E1-P3-V-101,A-V-1283,SOL_3_beam_0418,beam,P3,951,178,-84169.96376343878,1890.4503612635963,-173272.51781537838,-21910.08788563166,293486.3657639128,-14692.569724424051,84169.96376343878,-1890.4503612635963,173272.51781537838,21910.08788563166,427458.5211812541,22558.274795027413
CASE_R,11284,E1-P3-V-096,A-V-1284,SOL_3_beam_0419,beam,P3,171,951,-76434.4761872915,35297.69755153132,-159681.11431544027,96939.44284300673,421761.09316950495,17112.61451592726,76434.4761872915,-35297.69755153132,159681.11431544027,-96939.44284300673,-277879.5481170698,14692.56972442847
CASE_R,11285,E1-P3-V-095,A-V-1285,SOL_3_beam_0420,beam,P3,171,951,-76434.4761872915,35297.69755153132,-159681.11431544027,96939.44284300673,421761.09316950495,17112.61451592726,76434.4761872915,-35297.69755153132,159681.11431544027,-96939.44284300673,-277879.5481170698,14692.56972442847
CASE_R,11286,E1-P3-V-074,A-V-1286,SOL_3_beam_0421,beam,P3,170,214,-6234.140840619252,19004.132976915145,1199.6578028717165,9419.712379841028,-37690.157102998,99009.83183027818,6234.140840619252,-19004.132976915145,-1199.6578028717165,-9419.712379841028,32748.766612969397,-20731.80809836471
CASE_R,11287,E1-P3-V-068,A-V-1287,SOL_3_beam_0422,beam,P3,941,170,437711.3034326595,90672.04055425426,-27808.29626746365,11266.073040653759,187063.0284076142,250749.60035341815,-437711.3034326595,-90672.04055425426,27808.29626746365,-11266.073040653759,-39441.56468396445,230586.58855543158
CASE_R,11288,E1-P3-V-071,A-V-1288,SOL_3_beam_0423,beam,P3,170,214,-6234.140840619252,19004.132976915145,1199.6578028717165,9419.712379841028,-37690.157102998,99009.83183027818,6234.140840619252,-19004.132976915145,-1199.6578028717165,-9419.712379841028,32748.766612969397,-20731.80809836471
CASE_R,11289,E1-P4-V-119,A-V-1289,SOL_4_beam_0425,beam,P4,209,211,25599.268263980666,9418.29292979516,-52295.967359767004,15763.358258122795,209513.6557796431,40414.32233004378,-25599.268263980666,-9418.29292979516,52295.967359767004,-15763.358258122795,169632.10757866772,27868.301410971122
CASE_R,11290,E1-P4-V-118,A-V-1290,SOL_4_beam_0426,beam,P4,213,209,44760.07103333102,-30344.177725420246,26326.433145469186,34978.75278020234,-79143.62222911246,-133491.25371281596,-44760.07103333102,30344.177725420246,-26326.433145469186,-34978.75278020234,-155161.6327655633,-136571.92804342427
CASE_R,11291,E1-P4-V-122,A-V-1291,SOL_4_beam_0428,beam,P4,213,211,36158.4722669044,-4661.332568202794,-1985.7746714352713,26352.64688019759,45933.01029324799,-33975.348624284285,-36158.4722669044,4661.332568202794,1985.7746714352713,-26352.64688019759,-13862.749349568367,-41305.172352190835
CASE_R,11292,E1-P4-V-105,A-V-1292,SOL_4_beam_0429,beam,P4,205,213,6856.949814153153,25942.720832256746,35720.91967507479,-12527.13668085478,-123630.1796338736,43105.33827477315,-6856.949814153153,-25942.720832256746,-35720.91967507479,12527.13668085478,-51402.32677399306,84013.99380328506
CASE_R,11293,E1-P4-V-104,A-V-1293,SOL_4_beam_0430,beam,P4,205,213,6856.949814153153,25942.720832256746,35720.91967507479,-12527.13668085478,-123630.1796338736,43105.33827477315,-6856.949814153153,-25942.720832256746,-35720.91967507479,12527.13668085478,-51402.32677399306,84013.99380328506
CASE_R,11294,E1-P4-V-107,A-V-1294,SOL_4_beam_0431,beam,P4,207,211,-27948.266610861338,-5545.479476660122,47324.54417071342,-28238.090334974473,-192958.88020019062,-34449.98149276609,27948.266610861338,5545.479476660122,-47324.54417071342,28238.090334974473,-38931.38623630545,7277.132057131461
CASE_R,11295,E1-P4-V-106,A-V-1295,SOL_4_beam_0432,beam,P4,207,211,-27948.266610861338,-5545.479476660122,47324.54417071342,-28238.090334974473,-192958.88020019062,-34449.98149276609,27948.266610861338,5545.479476660122,-47324.54417071342,28238.090334974473,-38931.38623630545,7277.132057131461
CASE_R,11296,E1-P4-V-010,A-V-1296,SOL_4_beam_0433,beam,P4,184,183,-476064.99526038795,85337.81647479898,32828.937161661415,-49094.606229393146,-195232.10102160406,424097.86754061957,476064.99526038795,-85337.81647479898,-32828.937161661415,49094.606229393146,-133057.27059501014,429280.29720737017
CASE_R,11297,E1-P4-V-009,A-V-1297,SOL_4_beam_0434,beam,P4,184,183,-476064.99526038795,85337.81647479898,32828.937161661415,-49094.606229393146,-195232.10102160406,424097.86754061957,476064.99526038795,-85337.81647479898,-32828.937161661415,49094.606229393146,-133057.27059501014,429280.29720737017
CASE_R,11298,E1-P4-V-029,A-V-1298,SOL_4_beam_0435,beam,P4,952,188,-3382.086647339715,43116.81669314387,-58305.97319422624,-32628.775582251532,-15640.306690597674,86842.70305147559,3382.086647339715,-43116.81669314387,58305.97319422624,32628.775582251532,290236.0619283489,116218.73636334493
CASE_R,11299,E1-P4-V-019,A-V-1299,SOL_4_beam_0436,beam,P4,183,953,28666.22018245344,6016.042578652814,69229.00159930717,-58420.84745697448,-323784.0129585472,-8427.236040267846,-28666.22018245344,-6016.042578652814,-69229.00159930717,58420.84745697448,-2254.451663113723,36760.17801732116
CASE_R,11300,E1-P4-V-028,A-V-1300,SOL_4_beam_0437,beam,P4,952,188,-3382.086647339715,43116.81669314387,-58305.97319422624,-32628.775582251532,-15640.306690597674,86842.70305147559,3382.086647339715,-43116.81669314387,58305.97319422624,32628.775582251532,290236.0619283489,116218.73636334493
CASE_R,11301,E1-P4-V-018,A-V-1301,SOL_4_beam_0438,beam,P4,183,953,28666.22018245344,6016.042578652814,69229.00159930717,-58420.84745697448,-323784.0129585472,-8427.236040267846,-28666.22018245344,-6016.042578652814,-69229.00159930717,58420.84745697448,-2254.451663113723,36760.17801732116
CASE_R,11302,E1-P4-V-054,A-V-1302,SOL_4_beam_0439,beam,P4,954,201,6643.884454478169,22723.766582219087,-71785.57121419988,-24466.241208888467,-10811.033330136153,52839.73897357375,-6643.884454478169,-22723.766582219087,71785.57121419988,24466.241208888467,348889.828054526,54179.31078492895
CASE_R,11303,E1-P4-V-042,A-V-1303,SOL_4_beam_0440,beam,P4,188,955,2786.10227549039,42970.63185011639,57466.92639346207,-50324.40834502958,-282129.05440954666,115732.39773711089,-2786.10227549039,-42970.63185011639,-57466.92639346207,50324.40834502958,11484.844396298635,86640.57469608968
CASE_R,11304,E1-P4-V-053,A-V-1304,SOL_4_beam_0441,beam,P4,954,201,6643.884454478169,22723.766582219087,-71785.57121419988,-24466.241208888467,-10811.033330136153,52839.73897357375,-6643.884454478169,-22723.766582219087,71785.57121419988,24466.241208888467,348889.828054526,54179.31078492895
CASE_R,11305,E1-P4-V-041,A-V-1305,SOL_4_beam_0442,beam,P4,188,955,2786.10227549039,42970.63185011639,57466.92639346207,-50324.40834502958,-282129.05440954666,115732.39773711089,-2786.10227549039,-42970.63185011639,-57466.92639346207,50324.40834502958,11484.844396298635,86640.57469608968
CASE_R,11306,E1-P4-V-077,A-V-1306,SOL_4_beam_0443,beam,P4,956,196,17448.98840658595,12073.558741349107,-59749.24613208438,-29942.998691963694,-11383.838402430352,39600.92414405668,-17448.98840658595,-12073.558741349107,59749.24613208438,29942.998691963694,292776.7809723469,17260.282338925317
CASE_R,11307,E1-P4-V-067,A-V-1307,SOL_4_beam_0444,beam,P4,201,957,-7049.360857342899,22733.384490690438,63424.74733330481,-33185.56435721028,-303078.9115167534,54222.625049845985,7049.360857342899,-22733.384490690438,-63424.74733330481,33185.56435721028,4375.958103448182,52841.720871224854
CASE_R,11308,E1-P4-V-076,A-V-1308,SOL_4_beam_0445,beam,P4,956,196,17448.98840658595,12073.558741349107,-59749.24613208438,-29942.998691963694,-11383.838402430352,39600.92414405668,-17448.98840658595,-12073.558741349107,59749.24613208438,29942.998691963694,292776.7809723469,17260.282338925317
CASE_R,11309,E1-P4-V-066,A-V-1309,SOL_4_beam_0446,beam,P4,201,957,-7049.360857342899,22733.384490690438,63424.74733330481,-33185.56435721028,-303078.9115167534,54222.625049845985,7049.360857342899,-22733.384490690438,-63424.74733330481,33185.56435721028,4375.958103448182,52841.720871224854
CASE_R,11310,E1-P4-V-087,A-V-1310,SOL_4_beam_0447,beam,P4,196,225,-130619.5815363953,80102.63155205072,-80657.10292868024,-21647.55463812347,150480.81370476822,205553.33358275954,130619.5815363953,-80102.63155205072,80657.10292868024,21647.55463812347,252804.70093863294,194959.82417749404
CASE_R,11311,E1-P4-V-086,A-V-1311,SOL_4_beam_0448,beam,P4,196,225,-130619.5815363953,80102.63155205072,-80657.10292868024,-21647.55463812347,150480.81370476822,205553.33358275954,130619.5815363953,-80102.63155205072,80657.10292868024,21647.55463812347,252804.70093863294,194959.82417749404
CASE_R,11312,E1-P4-V-008,A-V-1312,SOL_4_beam_0449,beam,P4,185,180,-10690.491733602592,40209.22672472105,146669.75806283017,-58353.54647334015,-801460.2337787726,242284.49663664325,10690.491733602592,-40209.22672472105,-146669.75806283017,58353.54647334015,-665237.3468495291,159807.77061056718
CASE_R,11313,E1-P4-V-007,A-V-1313,SOL_4_beam_0450,beam,P4,49,180,-54837.24044826243,22127.467380497223,267650.9205851533,-20928.51723396959,-1357387.3185284464,139476.59335111047,54837.24044826243,-22127.467380497223,-267650.9205851533,20928.51723396959,-1316611.7639355762,81590.56137170532
CASE_R,11314,E1-P4-V-027,A-V-1314,SOL_4_beam_0451,beam,P4,958,203,-12472.295803841116,-41678.60979440868,-115776.59589377756,-62788.62157977103,-32022.369679242314,43187.39646659783,12472.295803841116,41678.60979440868,115776.59589377756,62788.62157977103,577279.742923052,-239475.50738845632
CASE_R,11315,E1-P4-V-017,A-V-1315,SOL_4_beam_0452,beam,P4,180,959,-29177.24827022539,-120595.70444162244,83209.53183665991,-35833.28334708835,-338537.33576415386,-458899.9283674494,29177.24827022539,120595.70444162244,-83209.53183665991,35833.28334708835,-53343.341050103685,-109053.34855092943
CASE_R,11316,E1-P4-V-023,A-V-1316,SOL_4_beam_0453,beam,P4,180,203,1210420.1720918927,187030.63621859625,200839.61766474508,-165821.80225484466,-926640.6621447294,922140.1288344231,-1210420.1720918927,-187030.63621859625,-200839.61766474508,165821.80225484466,-1081755.5145027214,948166.2333515394
CASE_R,11317,E1-P4-V-052,A-V-1317,SOL_4_beam_0454,beam,P4,960,200,-16727.48267446685,-5788.433012146308,-103908.39285249647,-43917.58808625763,-20564.5038979713,61548.43282526061,16727.48267446685,5788.433012146308,103908.39285249647,43917.58808625763,509927.8066221198,-88809.43281438085
CASE_R,11318,E1-P4-V-040,A-V-1318,SOL_4_beam_0455,beam,P4,203,961,13087.184051429866,-39791.39111806388,96510.00585260683,-18827.024853747283,-398025.3726299749,-233610.44257035886,-13087.184051429866,39791.39111806388,-96510.00585260683,18827.024853747283,-56494.74757823485,46210.31017521856
CASE_R,11319,E1-P4-V-046,A-V-1319,SOL_4_beam_0456,beam,P4,203,200,1348661.0668197363,42626.63640033512,41715.088993680576,-38861.64481207823,-158509.41449241468,185210.58780827466,-1348661.0668197363,-42626.63640033512,-41715.088993680576,38861.64481207823,-258641.47544439105,241055.77619507647
CASE_R,11320,E1-P4-V-075,A-V-1320,SOL_4_beam_0457,beam,P4,962,198,-25020.55934887271,13027.32631500929,-113899.67524686108,-64264.744996952955,-19698.138836864906,93281.03716347719,25020.55934887271,-13027.32631500929,113899.67524686108,64264.744996952955,556116.0327901994,-31928.000549505625
CASE_R,11321,E1-P4-V-065,A-V-1321,SOL_4_beam_0458,beam,P4,200,963,17146.186688067675,-4580.083138415281,94381.24804105902,-4760.389954128994,-408360.97369653464,-85088.1197575241,-17146.186688067675,4580.083138415281,-94381.24804105902,4760.389954128994,-36133.62379150686,63517.92172214725
CASE_R,11322,E1-P4-V-071,A-V-1322,SOL_4_beam_0459,beam,P4,200,198,993577.0959971002,54848.364195386035,-85202.78363925507,-44017.57634923641,461905.11312880565,267495.53598478844,-993577.0959971002,-54848.364195386035,85202.78363925507,44017.57634923641,390122.72326374496,280988.10596907185
CASE_R,11323,E1-P4-V-085,A-V-1323,SOL_4_beam_0460,beam,P4,198,205,133485.14689822012,53954.83513151636,-78382.3461435029,-20661.442040518992,148893.47916937634,115622.48617134741,-133485.14689822012,-53954.83513151636,78382.3461435029,20661.442040518992,243018.25154813819,154151.6894862344
CASE_R,11324,E1-P4-V-084,A-V-1324,SOL_4_beam_0461,beam,P4,198,205,133485.14689822012,53954.83513151636,-78382.3461435029,-20661.442040518992,148893.47916937634,115622.48617134741,-133485.14689822012,-53954.83513151636,78382.3461435029,20661.442040518992,243018.25154813819,154151.6894862344
CASE_R,11325,E1-P4-V-012,A-V-1325,SOL_4_beam_0462,beam,P4,187,182,357437.06122028927,55856.05521199628,39612.93650451265,-45808.162234485,-145212.33038088598,310430.64534847264,-357437.06122028927,-55856.05521199628,-39612.93650451265,45808.162234485,-250917.03466424043,248129.90677149015
CASE_R,11326,E1-P4-V-011,A-V-1326,SOL_4_beam_0463,beam,P4,187,182,357437.06122028927,55856.05521199628,39612.93650451265,-45808.162234485,-145212.33038088598,310430.64534847264,-357437.06122028927,-55856.05521199628,-39612.93650451265,45808.162234485,-250917.03466424043,248129.90677149015
CASE_R,11327,E1-P4-V-024,A-V-1327,SOL_4_beam_0464,beam,P4,182,190,425247.53041274013,197887.3812786919,-504472.364940909,-174648.2410338143,2556810.0792402485,994828.1021017653,-425247.53041274013,-197887.3812786919,504472.364940909,174648.2410338143,2487913.5701688416,984045.7106851535
CASE_R,11328,E1-P4-V-030,A-V-1328,SOL_4_beam_0465,beam,P4,964,190,13415.561480760885,-46639.195755955654,-87904.14892032178,-9260.928535016941,55720.94619585984,26323.045777279563,-13415.561480760885,46639.195755955654,87904.14892032178,9260.928535016941,358269.3336833515,-245973.35741218034
CASE_R,11329,E1-P4-V-020,A-V-1329,SOL_4_beam_0466,beam,P4,182,965,-32704.23890530829,-37295.21925143703,99696.80276153958,-64804.35892122462,-521772.0279902291,-253236.58204894175,32704.23890530829,37295.21925143703,-99696.80276153958,64804.35892122462,52243.48143978696,77592.33265118024
CASE_R,11330,E1-P4-V-047,A-V-1330,SOL_4_beam_0467,beam,P4,190,192,-142715.65117024208,37040.76744453607,101634.46257560392,-33448.91465691509,-539741.3175609688,165895.27639251988,142715.65117024208,-37040.76744453607,-101634.46257560392,33448.91465691509,-476603.30819507036,204512.39805284078
CASE_R,11331,E1-P4-V-055,A-V-1331,SOL_4_beam_0468,beam,P4,966,192,-1630.5211716941403,-39774.580531214,-76285.54632083765,-15653.280888419962,37259.11590178299,-9346.215314324145,1630.5211716941403,39774.580531214,76285.54632083765,15653.280888419962,322012.6028964759,-177974.74653380105
CASE_R,11332,E1-P4-V-043,A-V-1332,SOL_4_beam_0469,beam,P4,190,967,-12640.392631566132,-48147.73095938666,112321.22295982736,-68980.30903021005,-559286.0104142278,-250345.3332063863,12640.392631566132,48147.73095938666,-112321.22295982736,68980.30903021005,30301.939688934362,23590.477374804643
CASE_R,11333,E1-P4-V-072,A-V-1333,SOL_4_beam_0470,beam,P4,192,194,239791.6735709993,46333.947896931255,-119585.64753478752,-45085.3442130141,621454.2765719985,221446.50298593997,-239791.6735709993,-46333.947896931255,119585.64753478752,45085.3442130141,574402.1987758765,241892.97598337254
CASE_R,11334,E1-P4-V-078,A-V-1334,SOL_4_beam_0471,beam,P4,968,194,-14523.675190086064,-35616.92724540272,-86153.98368602482,-10326.271660588738,35200.423893661675,-38936.50199667473,14523.675190086064,35616.92724540272,86153.98368602482,10326.271660588738,370547.33951640996,-128803.72255321566
CASE_R,11335,E1-P4-V-068,A-V-1335,SOL_4_beam_0472,beam,P4,192,969,2175.6638710863886,-40942.33272156133,99061.9484921397,-45728.54255828773,-492298.90029528446,-181411.57489711634,-2175.6638710863886,40942.33272156133,-99061.9484921397,45728.54255828773,25760.241024333576,-11408.99148673621
CASE_R,11336,E1-P4-V-089,A-V-1336,SOL_4_beam_0473,beam,P4,194,207,-32722.3421865952,25832.918842378105,-66690.11510320552,-16851.4640965765,97518.83810974805,46750.828253395724,32722.3421865952,-25832.918842378105,66690.11510320552,16851.4640965765,235931.73740627954,82413.7659584948
CASE_R,11337,E1-P4-V-088,A-V-1337,SOL_4_beam_0474,beam,P4,194,207,-32722.3421865952,25832.918842378105,-66690.11510320552,-16851.4640965765,97518.83810974805,46750.828253395724,32722.3421865952,-25832.918842378105,66690.11510320552,16851.4640965765,235931.73740627954,82413.7659584948
CASE_R,11338,E1-P4-V-013,A-V-1338,SOL_4_beam_0475,beam,P4,180,183,66531.19816557833,-48970.9944776667,24123.070026349513,54744.123123262805,-100438.76451558887,-284865.3150967516,-66531.19816557833,48970.9944776667,-24123.070026349513,-54744.123123262805,-114256.55871892179,-150976.53575448203
CASE_R,11339,E1-P4-V-015,A-V-1339,SOL_4_beam_0476,beam,P4,180,183,66531.19816557833,-48970.9944776667,24123.070026349513,54744.123123262805,-100438.76451558887,-284865.3150967516,-66531.19816557833,48970.9944776667,-24123.070026349513,-54744.123123262805,-114256.55871892179,-150976.53575448203
CASE_R,11340,E1-P4-V-014,A-V-1340,SOL_4_beam_0477,beam,P4,183,182,179881.79124777278,-124533.88931156174,-55437.59022692551,64786.335237532054,214209.87641315814,-394274.01708978094,-179881.79124777278,124533.88931156174,55437.59022692551,-64786.335237532054,187712.6527320518,-508596.6804190418
CASE_R,11341,E1-P4-V-016,A-V-1341,SOL_4_beam_0478,beam,P4,183,182,179881.79124777278,-124533.88931156174,-55437.59022692551,64786.335237532054,214209.87641315814,-394274.01708978094,-179881.79124777278,124533.88931156174,55437.59022692551,-64786.335237532054,187712.6527320518,-508596.6804190418
CASE_R,11342,E1-P4-V-048,A-V-1342,SOL_4_beam_0481,beam,P4,215,217,16269.462189226757,10705.169282319228,-6381.666960658497,-31537.24805129425,27054.18108102939,45827.061764165825,-16269.462189226757,-10705.169282319228,6381.666960658497,31537.24805129425,36762.48852555558,61224.631059026455
CASE_R,11343,E1-P4-V-049,A-V-1343,SOL_4_beam_0482,beam,P4,215,217,16269.462189226757,10705.169282319228,-6381.666960658497,-31537.24805129425,27054.18108102939,45827.061764165825,-16269.462189226757,-10705.169282319228,6381.666960658497,31537.24805129425,36762.48852555558,61224.631059026455
CASE_R,11344,E1-P4-V-031,A-V-1344,SOL_4_beam_0483,beam,P4,203,188,231176.0000868789,-60302.63981917983,72547.94711246293,52246.262286282625,-292475.4521437605,-326890.6670949275,-231176.0000868789,60302.63981917983,-72547.94711246293,-52246.262286282625,-353201.2771571597,-209802.82729577302
CASE_R,11345,E1-P4-V-037,A-V-1345,SOL_4_beam_0484,beam,P4,203,188,231176.0000868789,-60302.63981917983,72547.94711246293,52246.262286282625,-292475.4521437605,-326890.6670949275,-231176.0000868789,60302.63981917983,-72547.94711246293,-52246.262286282625,-353201.2771571597,-209802.82729577302
CASE_R,11346,E1-P4-V-032,A-V-1346,SOL_4_beam_0485,beam,P4,188,190,156974.3734023877,-75301.79616622193,-127095.15380835437,49072.00393115481,483721.72101900575,-200734.8106514719,-156974.3734023877,75301.79616622193,127095.15380835437,-49072.00393115481,437718.1440915634,-345203.2115536372
CASE_R,11347,E1-P4-V-038,A-V-1347,SOL_4_beam_0486,beam,P4,188,190,156974.3734023877,-75301.79616622193,-127095.15380835437,49072.00393115481,483721.72101900575,-200734.8106514719,-156974.3734023877,75301.79616622193,127095.15380835437,-49072.00393115481,437718.1440915634,-345203.2115536372
CASE_R,11348,E1-P4-V-033,A-V-1348,SOL_4_beam_0487,beam,P4,190,217,23169.630485406393,-16847.150542914547,2472.691595214999,-38031.05637570116,-3966.8038596551755,-14241.154745497322,-23169.630485406393,16847.150542914547,-2472.691595214999,38031.05637570116,-6220.685512630623,-55169.105491310635
CASE_R,11349,E1-P4-V-039,A-V-1349,SOL_4_beam_0488,beam,P4,190,217,23169.630485406393,-16847.150542914547,2472.691595214999,-38031.05637570116,-3966.8038596551755,-14241.154745497322,-23169.630485406393,16847.150542914547,-2472.691595214999,38031.05637570116,-6220.685512630623,-55169.105491310635
CASE_R,11350,E1-P4-V-056,A-V-1350,SOL_4_beam_0489,beam,P4,200,201,131504.90289224798,-43669.123131791384,59319.29544766337,31313.237944372137,-250141.31330302596,-220085.54187288476,-131504.90289224798,43669.123131791384,-59319.29544766337,-31313.237944372137,-277800.41618117807,-168569.65400005857
CASE_R,11351,E1-P4-V-061,A-V-1351,SOL_4_beam_0490,beam,P4,200,201,131504.90289224798,-43669.123131791384,59319.29544766337,31313.237944372137,-250141.31330302596,-220085.54187288476,-131504.90289224798,43669.123131791384,-59319.29544766337,-31313.237944372137,-277800.41618117807,-168569.65400005857
CASE_R,11352,E1-P4-V-057,A-V-1352,SOL_4_beam_0491,beam,P4,201,192,146515.39303856523,-44093.01020654727,-66397.57346572391,39204.48946572408,260351.7598575728,-115969.14809106589,-146515.39303856523,44093.01020654727,66397.57346572391,-39204.48946572408,221030.64776892556,-203705.1759064018
CASE_R,11353,E1-P4-V-062,A-V-1353,SOL_4_beam_0492,beam,P4,201,192,146515.39303856523,-44093.01020654727,-66397.57346572391,39204.48946572408,260351.7598575728,-115969.14809106589,-146515.39303856523,44093.01020654727,66397.57346572391,-39204.48946572408,221030.64776892556,-203705.1759064018
CASE_R,11354,E1-P4-V-079,A-V-1354,SOL_4_beam_0494,beam,P4,198,196,168415.17422274212,-50502.563796553324,98732.26103520198,37062.995564204706,-425236.0432148712,-237812.03789320384,-168415.17422274212,50502.563796553324,-98732.26103520198,-37062.995564204706,-453481.0799984265,-211660.77989612077
CASE_R,11355,E1-P4-V-082,A-V-1355,SOL_4_beam_0495,beam,P4,198,196,168415.17422274212,-50502.563796553324,98732.26103520198,37062.995564204706,-425236.0432148712,-237812.03789320384,-168415.17422274212,50502.563796553324,-98732.26103520198,-37062.995564204706,-453481.0799984265,-211660.77989612077
CASE_R,11356,E1-P4-V-080,A-V-1356,SOL_4_beam_0496,beam,P4,196,194,175424.6445238319,-19849.532313079417,-58026.37165786201,26759.24014428135,234309.44663467602,-48450.970797976326,-175424.6445238319,19849.532313079417,58026.37165786201,-26759.24014428135,186381.74788482353,-95458.13847184945
CASE_R,11357,E1-P4-V-083,A-V-1357,SOL_4_beam_0497,beam,P4,196,194,175424.6445238319,-19849.532313079417,-58026.37165786201,26759.24014428135,234309.44663467602,-48450.970797976326,-175424.6445238319,19849.532313079417,58026.37165786201,-26759.24014428135,186381.74788482353,-95458.13847184945
CASE_R,11358,E1-P4-V-001,A-V-1358,SOL_4_beam_0498,beam,P4,185,970,229599.48641764262,-36824.76601821803,134154.67990893242,12111.488583095688,-608787.2968243111,-141824.29745875174,-229599.48641764262,36824.76601821803,-134154.67990893242,-12111.488583095688,97413.30707167258,1454.7812165553914
CASE_R,11359,E1-P4-V-004,A-V-1359,SOL_4_beam_0499,beam,P4,185,970,229599.48641764262,-36824.76601821803,134154.67990893242,12111.488583095688,-608787.2968243111,-141824.29745875174,-229599.48641764262,36824.76601821803,-134154.67990893242,-12111.488583095688,97413.30707167258,1454.7812165553914
CASE_R,11360,E1-P4-V-002,A-V-1360,SOL_4_beam_0500,beam,P4,970,184,464960.27116330434,-9994.821754557755,207282.4101178685,50706.22753816191,-189665.60228518012,-2909.5624331016625,-464960.27116330434,9994.821754557755,-207282.4101178685,-50706.22753816191,-869302.0723420985,-48152.14196197746
CASE_R,11361,E1-P4-V-005,A-V-1361,SOL_4_beam_0501,beam,P4,327,184,-26577.37979986008,-41321.04675080322,-45459.6908668988,-81780.73210220516,83595.55857805483,119544.84825426614,26577.37979986008,41321.04675080322,45459.6908668988,81780.73210220516,121363.53501146028,-305844.49364805716
CASE_R,11362,E1-P4-V-003,A-V-1362,SOL_4_beam_0502,beam,P4,184,187,174969.597947844,-89693.95119175588,-80101.98659613114,28217.663675940086,317970.19343156274,-314519.35743564536,-174969.597947844,89693.95119175588,80101.98659613114,-28217.663675940086,262769.2093903881,-335761.78870458476
CASE_R,11363,E1-P4-V-006,A-V-1363,SOL_4_beam_0503,beam,P4,184,187,174969.597947844,-89693.95119175588,-80101.98659613114,28217.663675940086,317970.19343156274,-314519.35743564536,-174969.597947844,89693.95119175588,80101.98659613114,-28217.663675940086,262769.2093903881,-335761.78870458476
CASE_R,11364,E1-P4-V-090,A-V-1364,SOL_4_beam_0504,beam,P4,205,225,135817.8705853778,-45020.56847776201,61048.881166060404,36335.55686503087,-255791.0129491893,-199618.6439155509,-135817.8705853778,45020.56847776201,-61048.881166060404,-36335.55686503087,-287544.0294287483,-201064.41553653104
CASE_R,11365,E1-P4-V-092,A-V-1365,SOL_4_beam_0505,beam,P4,205,225,135817.8705853778,-45020.56847776201,61048.881166060404,36335.55686503087,-255791.0129491893,-199618.6439155509,-135817.8705853778,45020.56847776201,-61048.881166060404,-36335.55686503087,-287544.0294287483,-201064.41553653104
CASE_R,11366,E1-P4-V-091,A-V-1366,SOL_4_beam_0506,beam,P4,225,207,136512.12712214398,-12826.88586476963,-73482.93189714421,22828.662092042483,279867.22894230497,-38944.37642642735,-136512.12712214398,12826.88586476963,73482.93189714421,-22828.662092042483,252884.02731199068,-54050.54609315247
CASE_R,11367,E1-P4-V-093,A-V-1367,SOL_4_beam_0507,beam,P4,225,207,136512.12712214398,-12826.88586476963,-73482.93189714421,22828.662092042483,279867.22894230497,-38944.37642642735,-136512.12712214398,12826.88586476963,73482.93189714421,-22828.662092042483,252884.02731199068,-54050.54609315247
CASE_R,11368,E1-P4-V-021,A-V-1368,SOL_4_beam_0508,beam,P4,959,953,-122209.379773552,21436.026724890173,1101.9632373665465,50952.41946907413,39158.48796964113,109053.34855092768,122209.379773552,-21436.026724890173,-1101.9632373665465,-50952.41946907413,-48965.960782203394,81727.28930059486
CASE_R,11369,E1-P4-V-025,A-V-1369,SOL_4_beam_0509,beam,P4,958,952,40799.47682567779,-15101.899476494827,33843.62099336544,27957.690021534403,-64700.9329789109,-43187.396465767626,-40799.47682567779,15101.899476494827,-33843.62099336544,-27957.690021534403,-236507.29386204152,-91219.50887503634
CASE_R,11370,E1-P4-V-022,A-V-1370,SOL_4_beam_0510,beam,P4,953,965,35136.210689428255,-35013.53052427292,-35166.65296183151,48009.331600311896,165857.57773301852,-155247.64533523555,-35136.210689428255,35013.53052427292,35166.65296183151,-48009.331600311896,68000.664463161,-77592.33265117939
CASE_R,11371,E1-P4-V-026,A-V-1371,SOL_4_beam_0511,beam,P4,952,964,-45689.902078742925,-16359.239549652953,-23548.592820603397,55017.85899542512,169389.6954798281,-82465.89722791177,45689.902078742925,16359.239549652953,23548.592820603397,-55017.85899542512,-12791.553222815535,-26323.045777280342
CASE_R,11372,E1-P4-V-044,A-V-1372,SOL_4_beam_0512,beam,P4,961,955,-38876.922457028784,-15595.322815976708,13808.01305249058,55180.72704036526,22387.51285975112,-46210.310175221304,38876.922457028784,15595.322815976708,-13808.01305249058,-55180.72704036526,-145278.8290269173,-92588.0628869714
CASE_R,11373,E1-P4-V-050,A-V-1373,SOL_4_beam_0513,beam,P4,960,954,4711.133957373847,-17062.2346187081,21206.400051005243,17725.181960156668,-45138.35717236525,-61548.43282565778,-4711.133957373847,17062.2346187081,-21206.400051005243,-17725.181960156668,-143598.60328158143,-90305.45528084428
CASE_R,11374,E1-P4-V-045,A-V-1374,SOL_4_beam_0514,beam,P4,955,967,47244.75194732915,-15681.738929324802,-47373.01015967841,25846.342636617977,244260.0635918222,-80693.08650520552,-47244.75194732915,15681.738929324802,47373.01015967841,-25846.342636617977,70770.45397003916,-23590.477374804395
CASE_R,11375,E1-P4-V-051,A-V-1375,SOL_4_beam_0515,beam,P4,954,966,-39797.6661040981,-906.4371957865023,-11337.333518597712,36186.32931808662,93388.16969994255,-15374.022666304068,39797.6661040981,906.4371957865023,11337.333518597712,-36186.32931808662,-17994.90180126777,9346.215314323828
CASE_R,11376,E1-P4-V-069,A-V-1376,SOL_4_beam_0516,beam,P4,963,957,-3478.566633003893,-17403.116206008217,12448.273141029045,35757.00182147442,7052.439404961784,-63517.921722158455,3478.566633003893,17403.116206008217,-12448.273141029045,-35757.00182147442,-117842.07036012028,-91369.81251131468
CASE_R,11377,E1-P4-V-073,A-V-1377,SOL_4_beam_0517,beam,P4,962,956,-14594.682384395663,-24139.901971016996,31792.106645689724,15564.459381632449,-65389.003106972355,-93281.03716347812,14594.682384395663,24139.901971016996,-31792.106645689724,-15564.459381632449,-217560.7460396662,-121564.09037857314
CASE_R,11378,E1-P4-V-070,A-V-1378,SOL_4_beam_0518,beam,P4,957,969,40997.77236055481,-436.78763073551784,-34706.39239149025,22795.008895936713,183520.90639969482,-14313.629231129511,-40997.77236055481,436.78763073551784,34706.39239149025,-22795.008895936713,47276.60300371528,11408.991486738318
CASE_R,11379,E1-P4-V-074,A-V-1379,SOL_4_beam_0519,beam,P4,956,968,-36469.75256709399,12225.375050697063,-21623.833885848642,34471.14965221761,156346.06763023572,42362.242090460444,36469.75256709399,-12225.375050697063,21623.833885848642,-34471.14965221761,-12547.572289342264,38936.50199667502
CASE_R,11380,E1-P4-V-058,A-V-1380,SOL_4_beam_0520,beam,P4,192,215,-9543.912676080008,21862.425309099457,-10252.145188674276,-17550.819807357402,7555.896081400959,131052.3809212796,9543.912676080008,-21862.425309099457,10252.145188674276,17550.819807357402,34682.94209593706,-40979.18864778982
CASE_R,11381,E1-P4-V-063,A-V-1381,SOL_4_beam_0521,beam,P4,192,215,-9543.912676080008,21862.425309099457,-10252.145188674276,-17550.819807357402,7555.896081400959,131052.3809212796,9543.912676080008,-21862.425309099457,10252.145188674276,17550.819807357402,34682.94209593706,-40979.18864778982
CASE_R,11382,E1-P4-V-035,A-V-1382,SOL_4_beam_0522,beam,P4,971,190,0.0,-2.738324115912355e-07,0.0,-1.717454400488094e-10,-1.4500217549248626e-09,-1.8869616437422217e-07,0.0,2.738324115912355e-07,0.0,1.717454400488094e-10,1.4500217549248626e-09,-1.8869616437422217e-07
CASE_R,11383,E1-P4-V-036,A-V-1383,SOL_4_beam_0523,beam,P4,190,971,0.0,-2.738324115912355e-07,0.0,-1.717454400488094e-10,-1.4500217549248626e-09,-1.8869616437422217e-07,0.0,2.738324115912355e-07,0.0,1.717454400488094e-10,1.4500217549248626e-09,-1.8869616437422217e-07
CASE_R,11384,E1-P4-V-059,A-V-1384,SOL_4_beam_0524,beam,P4,972,192,-1.5466898719198538e-06,-1.584636742486986e-07,-2.2094572144272326e-08,1.0676841523034318e-08,1.319519796981625e-07,-1.091963049575417e-07,1.5466898719198538e-06,1.584636742486986e-07,2.2094572144272326e-08,-1.0676841523034318e-08,-1.0150152284474039e-07,-1.091963049575417e-07
CASE_R,11385,E1-P4-V-060,A-V-1385,SOL_4_beam_0525,beam,P4,192,972,-1.5466898719198538e-06,-1.584636742486986e-07,2.2094572144272326e-08,1.0676841523034318e-08,1.0150152284474039e-07,-1.091963049575417e-07,1.5466898719198538e-06,1.584636742486986e-07,-2.2094572144272326e-08,-1.0676841523034318e-08,-1.319519796981625e-07,-1.091963049575417e-07
CASE_R,11386,E1-P4-V-112,A-V-1386,SOL_4_beam_0526,beam,P4,219,973,0.0,2.6965758533514925e-07,551.9642998650372,-8.861813939641914e-08,-389.21155085393434,9.527457181607936e-08,0.0,-2.6965758533514925e-07,-551.9642998650372,8.861813939641914e-08,5.951511639068485e-08,9.487150646730695e-08
CASE_R,11387,E1-P4-V-113,A-V-1387,SOL_4_beam_0527,beam,P4,973,219,0.0,2.6965758533514925e-07,-551.9642998650372,-8.861813939641914e-08,-5.951511639068485e-08,9.487150646730695e-08,0.0,-2.6965758533514925e-07,551.9642998650372,8.861813939641914e-08,389.21155085393434,9.527457181607936e-08
CASE_R,11388,E1-P4-V-095,A-V-1388,SOL_4_beam_0528,beam,P4,225,223,-67894.92307855784,48407.492341646495,151555.8302846356,-46242.29900304053,-303854.0678791953,63252.213832075584,67894.92307855784,-48407.492341646495,-151555.8302846356,46242.29900304053,-82613.29934662502,60186.891639122834
CASE_R,11389,E1-P4-V-094,A-V-1389,SOL_4_beam_0529,beam,P4,225,223,-67894.92307855784,48407.492341646495,151555.8302846356,-46242.29900304053,-303854.0678791953,63252.213832075584,67894.92307855784,-48407.492341646495,-151555.8302846356,46242.29900304053,-82613.29934662502,60186.891639122834
CASE_R,11390,E1-P4-V-117,A-V-1390,SOL_4_beam_0530,beam,P4,223,209,-39787.11823930508,2869.4078127257953,1169.2303874553727,-2417.3561854509317,27090.698358749276,-37845.11594048263,39787.11823930508,-2869.4078127257953,-1169.2303874553727,2417.3561854509317,-29838.38976926941,44588.224300388276
CASE_R,11391,E1-P4-V-116,A-V-1391,SOL_4_beam_0531,beam,P4,223,209,-39787.11823930508,2869.4078127257953,1169.2303874553727,-2417.3561854509317,27090.698358749276,-37845.11594048263,39787.11823930508,-2869.4078127257953,-1169.2303874553727,2417.3561854509317,-29838.38976926941,44588.224300388276
CASE_R,11392,E1-P4-V-103,A-V-1392,SOL_4_beam_0532,beam,P4,223,221,-26747.34885145285,11.903140074085277,32392.432340646676,-11.190133928364448,-181857.10640875177,-2115.205985432326,26747.34885145285,-11.903140074085277,-32392.432340646676,11.190133928364448,-52988.02806093662,2201.5037509694444
CASE_R,11393,E1-P4-V-102,A-V-1393,SOL_4_beam_0533,beam,P4,219,223,-59781.28794006537,-2156.3584205490215,-41356.1381233581,-4244.007781596218,118308.56159448269,-3287.8033302826243,59781.28794006537,2156.3584205490215,41356.1381233581,4244.007781596218,249761.06770340443,-15903.786612603668
CASE_R,11394,E1-P4-V-109,A-V-1394,SOL_4_beam_0534,beam,P4,223,221,-26747.34885145285,11.903140074085277,32392.432340646676,-11.190133928364448,-181857.10640875177,-2115.205985432326,26747.34885145285,-11.903140074085277,-32392.432340646676,11.190133928364448,-52988.02806093662,2201.5037509694444
CASE_R,11395,E1-P4-V-108,A-V-1395,SOL_4_beam_0535,beam,P4,219,223,-59781.28794006537,-2156.3584205490215,-41356.1381233581,-4244.007781596218,118308.56159448269,-3287.8033302826243,59781.28794006537,2156.3584205490215,41356.1381233581,4244.007781596218,249761.06770340443,-15903.786612603668
CASE_R,11396,E1-P4-V-096,A-V-1396,SOL_4_beam_0536,beam,P4,974,221,0.0,-3.048344173489404e-07,-697.5076001763998,2.1423807405509448e-08,5.5641180551901925e-08,-1.890176019147417e-07,0.0,3.048344173489404e-07,697.5076001763998,-2.1423807405509448e-08,493.20298283449495,-2.6528786233647954e-08
CASE_R,11397,E1-P4-V-097,A-V-1397,SOL_4_beam_0537,beam,P4,221,974,0.0,-3.048344173489404e-07,697.5076001763998,2.1423807405509448e-08,-493.20298283449495,-2.6528786233647954e-08,0.0,3.048344173489404e-07,-697.5076001763998,-2.1423807405509448e-08,-5.5641180551901925e-08,-1.890176019147417e-07
CASE_R,11398,E1-P4-V-114,A-V-1398,SOL_4_beam_0538,beam,P4,221,975,0.0,9.677959823525802e-08,553.1233001986886,-2.3209124689301902e-08,-391.1098050354443,-4.0999033270183204e-08,0.0,-9.677959823525802e-08,-553.1233001986886,2.3209124689301902e-08,-6.924238959982176e-08,1.0943124321379784e-07
CASE_R,11399,E1-P4-V-115,A-V-1399,SOL_4_beam_0539,beam,P4,975,221,0.0,9.677959823525802e-08,-553.1233001986886,-2.3209124689301902e-08,6.924238959982176e-08,1.0943124321379784e-07,0.0,-9.677959823525802e-08,553.1233001986886,2.3209124689301902e-08,391.1098050354443,-4.0999033270183204e-08
CASE_R,11400,E1-P4-V-098,A-V-1400,SOL_4_beam_0540,beam,P4,976,219,1.889368822370728e-07,-3.6440214234481075e-09,-696.0393993191531,1.7902654423519373e-09,-2.3794979142621742e-07,-5.390999039831145e-09,-1.889368822370728e-07,3.6440214234481075e-09,696.0393993191531,-1.7902654423519373e-09,490.8045216340955,2.8214574414069545e-09
CASE_R,11401,E1-P4-V-099,A-V-1401,SOL_4_beam_0541,beam,P4,219,976,1.889368822370728e-07,-3.6440214234481075e-09,696.0393993191531,1.7902654423519373e-09,-490.8045216340955,2.8214574414069545e-09,-1.889368822370728e-07,3.6440214234481075e-09,-696.0393993191531,-1.7902654423519373e-09,2.3794979142621742e-07,-5.390999039831145e-09
CASE_R,11402,E1-P4-V-100,A-V-1402,SOL_4_beam_0542,beam,P4,977,223,-1.8841467495488594e-07,1.3216597115828165e-07,-1398.8701999712378,-0.0,-1.5632508620910812e-08,1.4249173817921508e-07,1.8841467495488594e-07,-1.3216597115828165e-07,1398.8701999712378,0.0,989.1318103750514,-4.903805940159167e-08
CASE_R,11403,E1-P4-V-101,A-V-1403,SOL_4_beam_0543,beam,P4,223,977,-1.8841467495488594e-07,1.3216597115828165e-07,1398.8701999712378,-0.0,-989.1318103750514,-4.903805940159167e-08,1.8841467495488594e-07,-1.3216597115828165e-07,-1398.8701999712378,0.0,1.5632508620910812e-08,1.4249173817921508e-07
CASE_R,11404,E1-P4-V-110,A-V-1404,SOL_4_beam_0544,beam,P4,223,978,7.536586998195437e-07,2.101865283259125e-07,1152.0776007433376,-8.926586418962265e-09,-814.6264053189348,5.727806118628534e-09,-7.536586998195437e-07,-2.101865283259125e-07,-1152.0776007433376,8.926586418962265e-09,-2.7696955839928705e-07,1.428936894857855e-07
CASE_R,11405,E1-P4-V-111,A-V-1405,SOL_4_beam_0545,beam,P4,978,223,7.536586998195437e-07,2.101865283259125e-07,-1152.0776007433376,-8.926586418962265e-09,2.7696955839928705e-07,1.428936894857855e-07,-7.536586998195437e-07,-2.101865283259125e-07,1152.0776007433376,8.926586418962265e-09,814.6264053189348,5.727806118628534e-09
