case_name,opensees_element_tag,element_id,analysis_id,geometry_elementTag,type,floor,node_i,node_j,N_end1,Vy_end1,Vz_end1,T_end1,My_end1,Mz_end1,N_end2,Vy_end2,Vz_end2,T_end2,My_end2,Mz_end2
CASE_EX,10001,E2-S1-C-002,A-C-0001,SOL2_1S_column_0001,column,S1,1,2,-85514.13002943054,165.78692607769992,-241756.2669362417,29569.384797861483,911334.3476240555,16377.154441889516,85514.13002943054,-165.78692607769992,241756.2669362417,-29569.384797861483,46020.469443461625,-15720.638214621824
CASE_EX,10002,E2-S1-C-005,A-C-0002,SOL2_1S_column_0002,column,S1,3,4,77397.56645886227,-1609.2455121313112,-256456.22144229957,29060.305313348166,920060.4271530564,-3583.1029592052273,-77397.56645886227,1609.2455121313112,256456.22144229957,-29060.305313348166,95506.20975844999,-2789.5092688347654
CASE_EX,10003,E2-S1-C-006,A-C-0003,SOL2_1S_column_0003,column,S1,5,6,-297361.2498078204,-5066.07945627082,-215024.52898597618,6680.27597254525,1055506.5576161402,-7906.405924464134,297361.2498078204,5066.07945627082,215024.52898597618,-6680.27597254525,-204009.42283167457,-12155.268722368312
CASE_EX,10004,E2-S1-C-003,A-C-0004,SOL2_1S_column_0004,column,S1,7,8,-248628.9388987386,5839.136823476686,-365249.9636278077,4886.391795307715,1569790.1075393478,23891.586350098987,248628.9388987386,-5839.136823476686,365249.9636278077,-4886.391795307715,-123400.25157322944,-768.6045291313148
CASE_EX,10005,E2-S1-C-001,A-C-0005,SOL2_1S_column_0005,column,S1,9,10,74769.76653453604,-68167.32715137863,-166268.80441784277,-18575.073940470724,702082.4453060102,-178402.6743719464,-74769.76653453604,68167.32715137863,166268.80441784277,18575.073940470724,-43657.97981135291,-91539.94114751297
CASE_EX,10006,E2-S1-C-004,A-C-0006,SOL2_1S_column_0006,column,S1,11,12,-255605.0924628832,9696.00780838115,-279139.353900306,-61939.2110627017,1006002.1312889752,28677.08040887465,255605.0924628832,-9696.00780838115,279139.353900306,61939.2110627017,99389.71015623631,9719.110512314695
CASE_EX,10007,E2-S1-C-007,A-C-0007,SOL2_1S_column_0007,column,S1,13,14,156482.14625084895,2365.631871595278,-341486.2615554015,-8631.77070651322,1084889.5942682968,2192.8507504287118,-156482.14625084895,-2365.631871595278,341486.2615554015,8631.77070651322,267396.00149109296,7175.051461088587
CASE_EX,10008,E2-S1-C-008,A-C-0008,SOL2_1S_column_0008,column,S1,15,16,119110.59834101175,-1036.145061801257,-158701.1153848721,-23967.381641200584,763373.0509700988,-206.5197612306738,-119110.59834101175,1036.145061801257,158701.1153848721,23967.381641200584,-134916.63404600532,-3896.6146835023037
CASE_EX,10009,E2-P1-C-002,A-C-0009,SOL2_1_column_0001,column,P1,2,17,-75798.94128583792,-3953.8668735313195,-255264.50842708026,39167.80777988165,648758.154513309,-2761.836288830609,75798.94128583792,3953.8668735313195,255264.50842708026,-39167.80777988165,362089.2988579288,-12895.476530353415
CASE_EX,10010,E2-P1-C-005,A-C-0010,SOL2_1_column_0002,column,P1,4,18,79242.19476046876,-3827.473066435392,-280473.6678252529,33662.63520077995,712459.4647706826,-7228.586025590079,-79242.19476046876,3827.473066435392,280473.6678252529,-33662.63520077995,398216.259817319,-7928.207317494072
CASE_EX,10011,E2-P1-C-006,A-C-0011,SOL2_1_column_0003,column,P1,6,19,-255612.7960936978,-9486.239422271425,-521543.38778684713,11523.061909482787,1180550.4495551402,-19569.129176258568,255612.7960936978,9486.239422271425,521543.38778684713,-11523.061909482787,884761.3660807743,-17996.37893593627
CASE_EX,10012,E2-P1-C-003,A-C-0012,SOL2_1_column_0004,column,P1,8,20,-196174.63653744888,6897.354496048625,-308255.5060014276,1736.3347266472595,795627.5720875325,18662.8019723943,196174.63653744888,-6897.354496048625,308255.5060014276,-1736.3347266472595,425064.2316781207,8650.721831958253
CASE_EX,10013,E2-P1-C-001,A-C-0013,SOL2_1_column_0005,column,P1,10,21,71007.56041648464,-63758.2391519385,-159166.79391016407,-23024.874993537873,413365.96773009753,-120738.46303170522,-71007.56041648464,63758.2391519385,159166.79391016407,23024.874993537873,216934.53615415219,-131744.16400997122
CASE_EX,10014,E2-P1-C-004,A-C-0014,SOL2_1_column_0006,column,P1,12,22,-162805.53852345055,13796.162016417496,-267577.9763566937,-83020.08649994018,531963.8370834305,32289.30041313029,162805.53852345055,-13796.162016417496,267577.9763566937,83020.08649994018,527644.9492890764,22343.501171882985
CASE_EX,10015,E2-P1-C-007,A-C-0015,SOL2_1_column_0007,column,P1,14,23,127138.71470400531,-1955.5609258774864,-405127.89184640365,-9039.956327162465,809228.8421823,-1461.2835709093088,-127138.71470400531,1955.5609258774864,405127.89184640365,9039.956327162465,795077.6095294582,-6282.737695565537
CASE_EX,10016,E2-P1-C-008,A-C-0016,SOL2_1_column_0008,column,P1,16,24,72949.39054404899,1393.022940346913,-96435.99169159251,-11620.690026800285,345963.72999869037,1722.5428481955269,-72949.39054404899,-1393.022940346913,96435.99169159251,11620.690026800285,35922.797100015974,3793.8279955782477
CASE_EX,10017,E2-P2-C-002,A-C-0017,SOL2_2_column_0001,column,P2,17,25,-57112.690502978396,-4707.193286962754,-325983.390396774,43759.09935750443,579493.1472366131,-8912.271160949997,57112.690502978396,4707.193286962754,325983.390396774,-43759.09935750443,711401.0787346122,-9728.214255422512
CASE_EX,10018,E2-P2-C-005,A-C-0018,SOL2_2_column_0002,column,P2,18,26,80458.2492562805,-4122.9468211430285,-398571.4683862895,-12561.578477858984,714417.7592121055,-6079.788300520046,-80458.2492562805,4122.9468211430285,398571.4683862895,12561.578477858984,863925.2555976013,-10247.081111206351
CASE_EX,10019,E2-P2-C-006,A-C-0019,SOL2_2_column_0003,column,P2,19,27,-152828.87997093867,-8295.256559618905,-315810.8853739373,-38294.52618714948,464647.3065194972,-14190.040259846754,152828.87997093867,8295.256559618905,315810.8853739373,38294.52618714948,785963.7995612947,-18659.175716244114
CASE_EX,10020,E2-P2-C-003,A-C-0020,SOL2_2_column_0004,column,P2,20,28,-131500.01204623823,8266.773910570399,-244562.6526432598,-1115.0865143696622,404238.1349393268,16978.888981917662,131500.01204623823,-8266.773910570399,244562.6526432598,1115.0865143696622,564229.9695279822,15757.535703941121
CASE_EX,10021,E2-P2-C-001,A-C-0021,SOL2_2_column_0005,column,P2,21,29,62386.198447292234,-66204.54908691936,-140694.50972467428,-13943.120664616728,237332.13101173204,-117846.66391903016,-62386.198447292234,66204.54908691936,140694.50972467428,13943.120664616728,319818.12749797816,-144323.3504651705
CASE_EX,10022,E2-P2-C-004,A-C-0022,SOL2_2_column_0006,column,P2,22,30,-74585.16575424968,13824.539241978078,-99958.6359632862,-93762.49348078576,89206.81667677291,30159.631867787677,74585.16575424968,-13824.539241978078,99958.6359632862,93762.49348078576,306629.38173784054,24585.54353044552
CASE_EX,10023,E2-P2-C-007,A-C-0023,SOL2_2_column_0007,column,P2,23,31,86743.24598824335,98.30153076076641,-160104.8683553376,-45594.78654262274,222657.51089030458,366.4321076856492,-86743.24598824335,-98.30153076076641,160104.8683553376,45594.78654262274,411357.76779683237,22.841954126985826
CASE_EX,10024,E2-P2-C-008,A-C-0024,SOL2_2_column_0008,column,P2,24,32,99776.50065215035,6277.861909452398,-417257.7951858845,18026.01013544617,782252.0920485121,19696.460704034507,-99776.50065215035,-6277.861909452398,417257.7951858845,-18026.01013544617,870088.7768875908,5163.872457396994
CASE_EX,10025,E2-P3-C-002,A-C-0025,SOL2_3_column_0001,column,P3,25,33,-40768.337879949235,-3162.9885830435014,-123635.81567210672,56406.62052397088,111721.39463059281,-4264.398829248736,40768.337879949235,3162.9885830435014,123635.81567210672,-56406.62052397088,377876.4354309496,-8261.035959603527
CASE_EX,10026,E2-P3-C-005,A-C-0026,SOL2_3_column_0002,column,P3,26,34,83805.27047286909,2690.2897269124833,-146516.4382722695,4615.96316979347,133815.42669704178,-834.925485116476,-83805.27047286909,-2690.2897269124833,146516.4382722695,-4615.96316979347,446389.6688611453,11488.472803689907
CASE_EX,10027,E2-P3-C-006,A-C-0027,SOL2_3_column_0003,column,P3,27,35,-72943.04388839714,-2438.9748463065225,-221745.4429632458,-28066.86669575008,271001.2588965378,-11713.192165528988,72943.04388839714,2438.9748463065225,221745.4429632458,28066.86669575008,607110.6952379153,2054.8517741551623
CASE_EX,10028,E2-P3-C-003,A-C-0028,SOL2_3_column_0004,column,P3,28,36,-73703.64527456345,6203.325985896979,-191369.21070271183,11141.991760554689,203448.85328095913,14542.305437532248,73703.64527456345,-6203.325985896979,191369.21070271183,-11141.991760554689,554373.2211017796,10022.865466619784
CASE_EX,10029,E2-P3-C-001,A-C-0029,SOL2_3_column_0005,column,P3,29,37,49981.68080755735,-58416.140254282625,-102415.17182302297,10377.04513926256,86007.75504109931,-88581.16143513817,-49981.68080755735,58416.140254282625,102415.17182302297,-10377.04513926256,319556.3253780715,-142746.75397182096
CASE_EX,10030,E2-P3-C-004,A-C-0030,SOL2_3_column_0006,column,P3,30,38,-13617.697829879136,17794.6173541999,-113197.32664550676,-68238.55030968669,140576.10498904163,29366.90918120096,13617.697829879136,-17794.6173541999,113197.32664550676,68238.55030968669,307685.30852716503,41099.77554143062
CASE_EX,10031,E2-P3-C-007,A-C-0031,SOL2_3_column_0007,column,P3,31,39,40582.110512712665,-3765.3161417025103,-198296.49666715358,-30090.995070554705,299989.09529412957,-5858.226475481859,-40582.110512712665,3765.3161417025103,198296.49666715358,30090.995070554705,485265.03150779835,-9052.425445660077
CASE_EX,10032,E2-P3-C-008,A-C-0032,SOL2_3_column_0008,column,P3,32,40,32908.31757148109,6712.007541490503,-30289.68157689986,-2950.6309407453573,-218011.72915958025,19659.175735618937,-32908.31757148109,-6712.007541490503,30289.68157689986,2950.6309407453573,337958.86820410367,6920.374128683448
CASE_EX,10033,E2-P4-C-002,A-C-0033,SOL2_4_column_0001,column,P4,33,41,-24742.18088205754,6912.913511559372,-167930.51394228364,71390.10861750007,192834.9643752302,10696.890550465232,24742.18088205754,-6912.913511559372,167930.51394228364,-71390.10861750007,472169.8708362131,16678.246955309885
CASE_EX,10034,E2-P4-C-005,A-C-0034,SOL2_4_column_0002,column,P4,34,42,73747.5060380899,-4012.3440968945433,-137029.12883370873,-5453.236771717766,212168.57407896346,-23469.695552634228,-73747.5060380899,4012.3440968945433,137029.12883370873,5453.236771717766,330466.77610252326,7580.812928931835
CASE_EX,10035,E2-P4-C-006,A-C-0035,SOL2_4_column_0003,column,P4,35,43,-22677.60711882695,-21598.60574285835,-162391.8746265615,-36527.92752862581,151576.51489764114,-44877.71469766545,22677.60711882695,21598.60574285835,162391.8746265615,36527.92752862581,491495.30862354254,-40652.764044053634
CASE_EX,10036,E2-P4-C-003,A-C-0036,SOL2_4_column_0004,column,P4,36,44,-29355.554138577987,14813.433867688724,-144224.9396375934,39716.68315330013,70544.6709304215,31451.965697788146,29355.554138577987,-14813.433867688724,144224.9396375934,-39716.68315330013,500586.0900344485,27209.23241825921
CASE_EX,10037,E2-P4-C-001,A-C-0037,SOL2_4_column_0005,column,P4,37,45,37537.44425246782,-21063.79747197797,-34470.12658053627,42882.70710702741,-24457.236081803654,-36999.034722095486,-37537.44425246782,21063.79747197797,34470.12658053627,-42882.70710702741,160958.9373407273,-46413.603266937294
CASE_EX,10038,E2-P4-C-004,A-C-0038,SOL2_4_column_0006,column,P4,38,46,28503.18400697963,513.0114308544985,-8106.360014434898,-3725.540324547409,14073.962837335028,910.8223827059985,-28503.18400697963,-513.0114308544985,8106.360014434898,3725.540324547409,18027.222819827173,1120.7028834778157
CASE_EX,10039,E2-P4-C-007,A-C-0039,SOL2_4_column_0007,column,P4,39,47,3847.123667870119,-306.22342336319076,-2270.945047053393,-595.8192582474793,3372.654468058407,-579.7315548585389,-3847.123667870119,306.22342336319076,2270.945047053393,595.8192582474793,5620.287918273029,-632.9132016596968
CASE_EX,10040,E2-P4-C-008,A-C-0040,SOL2_4_column_0008,column,P4,40,49,-9292.59555969557,-670.8825368780917,-18667.791130484893,1778.425792131863,3696.4577497579157,7115.378985157899,9292.59555969557,670.8825368780917,18667.791130484893,-1778.425792131863,70230.26021186617,-9772.155233750804
CASE_EX,10041,E1-S1-C-004,A-C-0041,SOL_1S_column_0001,column,S1,50,51,117002.85008975201,-10056.637739823733,-175901.05340540106,26524.08281964813,796015.051991926,-47636.48550538263,-117002.85008975201,10056.637739823733,175901.05340540106,-26524.08281964813,-99446.88050653785,7812.200055680652
CASE_EX,10042,E1-S1-C-006,A-C-0042,SOL_1S_column_0002,column,S1,52,53,109171.39047208686,53656.97376269992,-173447.05484285677,-35631.96317110685,887508.2893787368,91739.10140120806,-109171.39047208686,-53656.97376269992,173447.05484285677,35631.96317110685,-200657.95220102393,120742.51469908361
CASE_EX,10043,E1-S1-C-005,A-C-0043,SOL_1S_column_0003,column,S1,54,55,35416.06521772748,3108.565368349214,-255176.62535430532,7491.281910186402,1279869.3782015266,-62417.58008465433,-35416.06521772748,-3108.565368349214,255176.62535430532,-7491.281910186402,-269369.94179847755,74727.49894331722
CASE_EX,10044,E1-S1-C-002,A-C-0044,SOL_1S_column_0004,column,S1,56,57,14923.083783203085,-863.9777081979792,-263787.8234472703,-22109.91068861902,1305471.7083871905,-13144.666585466271,-14923.083783203085,863.9777081979792,263787.8234472703,22109.91068861902,-260871.92753600015,9723.314861002274
CASE_EX,10045,E1-S1-C-001,A-C-0045,SOL_1S_column_0005,column,S1,15,16,119110.59834101175,-1036.145061801257,-158701.1153848721,-23967.381641200584,763373.0509700988,-206.5197612306738,-119110.59834101175,1036.145061801257,158701.1153848721,23967.381641200584,-134916.63404600532,-3896.6146835023037
CASE_EX,10046,E1-S1-C-003,A-C-0046,SOL_1S_column_0006,column,S1,60,61,89600.32396871473,23291.078610685377,-220626.45133371258,-18570.020433225676,929145.3298134768,80525.9570116101,-89600.32396871473,-23291.078610685377,220626.45133371258,18570.020433225676,-55464.582531975,11706.714286703987
CASE_EX,10047,E1-S1-C-009,A-C-0047,SOL_1S_column_0007,column,S1,62,63,23273.961273254034,9607.883452791899,-359133.36016938114,-9662.434747753023,1466784.358074264,-17870.875945096705,-23273.961273254034,-9607.883452791899,359133.36016938114,9662.434747753023,-44616.251803514664,55918.09441815262
CASE_EX,10048,E1-S1-C-010,A-C-0048,SOL_1S_column_0008,column,S1,64,65,223988.03765546635,586.2613231582862,-218359.14941823343,-6873.24482316633,1014150.4776782899,-37770.91999316518,-223988.03765546635,-586.2613231582862,218359.14941823343,6873.24482316633,-149448.2459820856,40092.514832871995
CASE_EX,10049,E1-S1-C-013,A-C-0049,SOL_1S_column_0009,column,S1,66,67,50638.19207157693,-2607.822038269109,-165252.47351019797,-12385.227172529263,872656.8779186308,-90308.41546881899,-50638.19207157693,2607.822038269109,165252.47351019797,12385.227172529263,-218257.0828182469,79981.44019727332
CASE_EX,10050,E1-S1-C-016,A-C-0050,SOL_1S_column_0010,column,S1,68,69,-45931.10467316498,-10169.08924127413,-21143.202602640646,-1937.8479566902793,129239.88477751003,-88174.86625117896,45931.10467316498,10169.08924127413,21143.202602640646,1937.8479566902793,-45512.80247105307,47905.272855733405
CASE_EX,10051,E1-S1-C-014,A-C-0051,SOL_1S_column_0011,column,S1,70,71,-131065.75346878241,8407.561633745001,-256702.27400559088,-28189.484374061696,1201094.687981349,-68895.76011771122,131065.75346878241,-8407.561633745001,256702.27400559088,28189.484374061696,-184553.68291920912,102189.70418734143
CASE_EX,10052,E1-S1-C-015,A-C-0052,SOL_1S_column_0012,column,S1,72,73,0.0,0.0,0.0,-0.0,0.0,0.0,0.0,0.0,0.0,0.0,0.0,0.0
CASE_EX,10053,E1-S1-C-011,A-C-0053,SOL_1S_column_0013,column,S1,74,75,52882.360739168056,415.78185938131804,-125239.51566520335,-536.419254448813,715577.390017521,1811.0107693054647,-52882.360739168056,-415.78185938131804,125239.51566520335,536.419254448813,-219628.90798331576,-164.51460615544534
CASE_EX,10054,E1-S1-C-012,A-C-0054,SOL_1S_column_0014,column,S1,76,77,21100.965082179904,-2525.3023915529357,-228747.67075150312,-15792.514315111262,1149475.1753865373,-90887.56060775653,-21100.965082179904,2525.3023915529357,228747.67075150312,15792.514315111262,-243634.39921058505,80887.3631372069
CASE_EX,10055,E1-S1-C-008,A-C-0055,SOL_1S_column_0015,column,S1,78,79,-2251.373533411694,-1292.351613593217,-167970.67570343675,-3093.4323667975964,832581.1670425516,-11150.033405053973,2251.373533411694,1292.351613593217,167970.67570343675,3093.4323667975964,-167417.2912569421,6032.321015224834
CASE_EX,10056,E1-S1-C-017,A-C-0056,SOL_1S_column_0016,column,S1,80,81,0.0,0.0,0.0,-0.0,0.0,0.0,0.0,0.0,0.0,0.0,0.0,0.0
CASE_EX,10057,E1-S1-C-019,A-C-0057,SOL_1S_column_0017,column,S1,82,83,250579.53689727696,52776.6706977008,-125435.96873395481,-50166.95514005013,624601.2124975453,76300.59728155308,-250579.53689727696,-52776.6706977008,125435.96873395481,50166.95514005013,-127874.77631108428,132695.01868134207
CASE_EX,10058,E1-S1-C-018,A-C-0058,SOL_1S_column_0018,column,S1,84,85,281807.0481138107,40013.23999393871,-212691.14290486556,-23135.44996146512,1081435.2949206852,41517.50360444865,-281807.0481138107,-40013.23999393871,212691.14290486556,23135.44996146512,-239178.36901741766,116934.92677154865
CASE_EX,10059,E1-S1-C-007,A-C-0059,SOL_1S_column_0026,column,S1,86,87,-141791.17243249927,3208.756301046112,-21415.18763582055,713.5481914542286,84034.08719123791,6550.819157543701,141791.17243249927,-3208.756301046112,21415.18763582055,-713.5481914542286,770.0558466114744,6155.8557945989005
CASE_EX,10060,E1-P1-C-004,A-C-0060,SOL_1_column_0001,column,P1,51,88,18101.01642272195,1839.0410963501884,-272312.6660179171,-3336.7844011099073,495689.2752614197,8551.393812093691,-18101.01642272195,-1839.0410963501884,272312.6660179171,3336.7844011099073,582668.882169532,-1268.7910705469458
CASE_EX,10061,E1-P1-C-006,A-C-0061,SOL_1_column_0002,column,P1,53,89,109171.39047208686,53656.97376269986,-173447.054842857,-35631.96317110686,200657.95220102335,-120742.51469908352,-109171.39047208686,-53656.97376269986,173447.054842857,35631.96317110686,486192.3849766902,333224.13079937495
CASE_EX,10062,E1-P1-C-005,A-C-0062,SOL_1_column_0003,column,P1,55,90,35416.06521772748,3108.5653683491923,-255176.6253543056,7491.281910186402,269369.94179847586,-74727.49894331707,-35416.06521772748,-3108.5653683491923,255176.6253543056,-7491.281910186402,741129.4946045743,87037.41780197987
CASE_EX,10063,E1-P1-C-002,A-C-0063,SOL_1_column_0004,column,P1,57,91,14923.083783203085,-863.9777081979819,-263787.8234472699,-22109.91068861902,260871.927535999,-9723.314861002274,-14923.083783203085,863.9777081979819,263787.8234472699,22109.91068861902,783727.8533151898,6301.963136538267
CASE_EX,10064,E1-P1-C-001,A-C-0064,SOL_1_column_0005,column,P1,16,24,72949.39054404899,1393.022940346913,-96435.99169159251,-11620.690026800285,345963.72999869037,1722.5428481955269,-72949.39054404899,-1393.022940346913,96435.99169159251,11620.690026800285,35922.797100015974,3793.8279955782477
CASE_EX,10065,E1-P1-C-003,A-C-0065,SOL_1_column_0006,column,P1,61,93,28517.700172503748,22947.861413157432,-231147.0482189192,-19158.92172002865,370554.7521564577,-25860.85539893595,-28517.700172503748,-22947.861413157432,231147.0482189192,19158.92172002865,544787.5587904622,116734.38659503938
CASE_EX,10066,E1-P1-C-011,A-C-0066,SOL_1_column_0007,column,P1,63,94,23273.961273254034,9607.88345279186,-179291.01752037375,-9662.434747753021,44616.251803514024,-55918.0944181526,-23273.961273254034,-9607.88345279186,179291.01752037375,9662.434747753021,665376.1775771659,93965.31289120836
CASE_EX,10067,E1-P1-C-012,A-C-0067,SOL_1_column_0008,column,P1,65,95,223988.03765546635,586.2613231582973,-218359.14941823354,-6873.24482316633,149448.24598208512,-40092.51483287199,-223988.03765546635,-586.2613231582973,218359.14941823354,6873.24482316633,715253.9857141196,42414.109672578845
CASE_EX,10068,E1-P1-C-015,A-C-0068,SOL_1_column_0009,column,P1,67,96,50638.19207157693,-2607.822038269098,-165252.4735101986,-12385.227172529263,218257.08281824592,-79981.44019727323,-50638.19207157693,2607.822038269098,165252.4735101986,12385.227172529263,436142.71228214045,69654.4649257276
CASE_EX,10069,E1-P1-C-023,A-C-0069,SOL_1_column_0010,column,P1,69,97,-45931.104673164984,-10169.089241274141,-21143.202602640675,-1937.847956690279,45512.80247105302,-47905.27285573339,45931.104673164984,10169.089241274141,21143.202602640675,1937.847956690279,38214.27983540404,7635.679460287793
CASE_EX,10070,E1-P1-C-021,A-C-0070,SOL_1_column_0011,column,P1,71,98,-131065.75346878241,8407.561633744983,-256702.27400559105,-28189.484374061696,184553.68291920813,-102189.70418734137,131065.75346878241,-8407.561633744983,256702.27400559105,28189.484374061696,831987.3221429323,135483.6482569715
CASE_EX,10071,E1-P1-C-022,A-C-0071,SOL_1_column_0012,column,P1,73,99,0.0,0.0,0.0,-0.0,0.0,0.0,0.0,0.0,0.0,0.0,0.0,0.0
CASE_EX,10072,E1-P1-C-013,A-C-0072,SOL_1_column_0013,column,P1,75,100,52882.360739168056,415.7818593813183,-125239.51566520326,-536.419254448813,219628.90798331567,164.51460615544318,-52882.360739168056,-415.7818593813183,125239.51566520326,536.419254448813,276319.57405088923,1481.9815569945772
CASE_EX,10073,E1-P1-C-014,A-C-0073,SOL_1_column_0014,column,P1,77,101,21100.965082179904,-2525.3023915529466,-228747.67075150306,-15792.514315111262,243634.3992105836,-80887.3631372068,-21100.965082179904,2525.3023915529466,228747.67075150306,15792.514315111262,662206.3769653684,70887.16566665714
CASE_EX,10074,E1-P1-C-010,A-C-0074,SOL_1_column_0015,column,P1,79,102,-2251.3735334116936,-1292.3516135932246,-167970.67570343686,-3093.4323667975964,167417.29125694113,-6032.321015224837,2251.3735334116936,1292.3516135932246,167970.67570343686,3093.4323667975964,497746.58452866884,914.6086253956673
CASE_EX,10075,E1-P1-C-024,A-C-0075,SOL_1_column_0016,column,P1,81,103,0.0,0.0,0.0,-0.0,0.0,0.0,0.0,0.0,0.0,0.0,0.0,0.0
CASE_EX,10076,E1-P1-C-026,A-C-0076,SOL_1_column_0017,column,P1,83,104,250579.53689727696,52776.67069770083,-125435.96873395475,-50166.95514005013,127874.77631108392,-132695.01868134196,-250579.53689727696,-52776.67069770083,125435.96873395475,50166.95514005013,368851.65987537685,341690.63464423723
CASE_EX,10077,E1-P1-C-025,A-C-0077,SOL_1_column_0018,column,P1,85,105,281807.0481138108,40013.23999393866,-212691.14290486582,-23135.44996146512,239178.36901741632,-116934.92677154858,-281807.0481138108,-40013.23999393866,212691.14290486582,23135.44996146512,603078.5568858524,275387.35714754567
CASE_EX,10078,E1-P1-C-018,A-C-0078,SOL_1_column_0019,column,P1,106,107,0.0,-1.4000544582715707e-12,-5.600217833086283e-12,-0.0,1.1088431309510838e-11,-2.7721078273777096e-12,0.0,1.4000544582715707e-12,5.600217833086283e-12,0.0,1.1088431309510838e-11,-2.7721078273777096e-12
CASE_EX,10079,E1-P1-C-019,A-C-0079,SOL_1_column_0020,column,P1,108,109,0.0,-1.020639700079975e-09,-3.4721350565134952e-09,-0.0,0.0,2.7721078273779358e-12,0.0,1.020639700079975e-09,3.4721350565134952e-09,0.0,1.374965482379344e-08,-4.044505320144078e-09
CASE_EX,10080,E1-P1-C-020,A-C-0080,SOL_1_column_0021,column,P1,110,111,2.4640958465579644e-10,-2.800108916543142e-12,0.0,-0.0,0.0,4.620179712296182e-12,-2.4640958465579644e-10,2.800108916543142e-12,0.0,0.0,0.0,-1.5708611021807023e-11
CASE_EX,10083,E1-P1-C-009,A-C-0083,SOL_1_column_0024,column,P1,116,117,0.0,-3.9944115444733504e-10,1.1996203502070941e-09,-0.0,-2.2254578604923225e-11,3.42378132383439e-12,0.0,3.9944115444733504e-10,-1.1996203502070941e-09,0.0,-4.7282420082151695e-09,-1.585210752935281e-09
CASE_EX,10084,E1-P1-C-007,A-C-0084,SOL_1_column_0025,column,P1,118,119,0.0,6.276932427029552e-09,-1.1500922408293547e-07,-0.0,-5.3068610519394064e-11,2.054268794300758e-11,0.0,-6.276932427029552e-09,1.1500922408293547e-07,0.0,4.5548959597894385e-07,2.4836109723094018e-08
CASE_EX,10085,E1-P1-C-008,A-C-0085,SOL_1_column_0026,column,P1,87,120,-141791.17243249927,3208.7563010461085,-21415.187635820555,713.5481914542286,-770.0558466114962,-6155.855794598898,141791.17243249927,-3208.7563010461085,21415.187635820555,-713.5481914542286,85574.1988844609,18862.530746741486
CASE_EX,10086,E1-P2-C-005,A-C-0086,SOL_2_column_0001,column,P2,121,122,53078.01618926269,14452.551820605773,-11286.53671433084,14099.193026059771,121055.6907417837,164669.03274891077,-53078.01618926269,-14452.551820605773,11286.53671433084,-14099.193026059771,-76361.00535303357,-107436.9275393119
CASE_EX,10087,E1-P2-C-004,A-C-0087,SOL_2_column_0002,column,P2,123,124,-7884.28787168285,1408.9460724357389,-246256.53696062544,-29856.466510119,469901.6805337197,4813.8931250383985,7884.28787168285,-1408.9460724357389,246256.53696062544,29856.466510119,505274.20583035715,765.5333218071282
CASE_EX,10088,E1-P2-C-006,A-C-0088,SOL_2_column_0003,column,P2,125,126,74308.21784889378,78314.71379660853,-312955.0536829146,19742.00420695603,599969.5292319653,405061.8457127013,-74308.21784889378,-78314.71379660853,312955.0536829146,-19742.00420695603,639332.4833523766,-94935.57907813153
CASE_EX,10089,E1-P2-C-002,A-C-0089,SOL_2_column_0004,column,P2,127,128,6589.017391280334,14471.640200625014,-415573.61946964444,-154744.5432133295,745967.6244711569,101299.72381126403,-6589.017391280334,-14471.640200625014,415573.61946964444,154744.5432133295,899703.9086286353,-43992.02861678897
CASE_EX,10090,E1-P2-C-001,A-C-0090,SOL_2_column_0005,column,P2,129,130,11803.41008562699,-4507.315559383241,33282.9234974977,105247.48256780673,516.7406011213025,18043.892384108534,-11803.41008562699,4507.315559383241,-33282.9234974977,-105247.48256780673,-132317.1176512122,-35892.86199926617
CASE_EX,10091,E1-P2-C-003,A-C-0091,SOL_2_column_0006,column,P2,131,132,21971.694468844107,-44.163734834676156,-194896.6558160732,15301.941833472694,416607.8073527968,14257.377716390276,-21971.694468844107,44.163734834676156,194896.6558160732,-15301.941833472694,355182.94967885327,-14432.266106335594
CASE_EX,10092,E1-P2-C-012,A-C-0092,SOL_2_column_0007,column,P2,133,134,22169.938159050915,-16453.796426501583,-32505.580279524755,-24092.862960543225,135008.97818646705,21997.791276995064,-22169.938159050915,16453.796426501583,32505.580279524755,24092.862960543225,-6286.880279549005,-87154.82512594134
CASE_EX,10093,E1-P2-C-010,A-C-0093,SOL_2_column_0008,column,P2,135,136,56384.39573714582,6266.685084578949,-152621.04409291036,-15799.564096653681,259366.02405753278,11600.949613609911,-56384.39573714582,-6266.685084578949,152621.04409291036,15799.564096653681,345013.3105503924,13215.123321322728
CASE_EX,10094,E1-P2-C-015,A-C-0094,SOL_2_column_0009,column,P2,137,138,140.48049836886233,-2966.9187685421716,-124748.45494058823,-5671.614106733373,274379.04790211475,2266.782277954715,-140.48049836886233,2966.9187685421716,124748.45494058823,5671.614106733373,219624.8336626147,-14015.780601381717
CASE_EX,10095,E1-P2-C-018,A-C-0095,SOL_2_column_0010,column,P2,139,140,-48772.52631640547,-2648.7736651405608,-115961.05337024451,-29200.3767813523,235156.51133974903,7049.472503269386,48772.52631640547,2648.7736651405608,115961.05337024451,29200.3767813523,224049.26000641935,-17538.61621722601
CASE_EX,10096,E1-P2-C-017,A-C-0096,SOL_2_column_0011,column,P2,141,142,-5179.453257171709,-3993.5853858870823,-41596.659285865906,8552.927829541331,104745.9221090225,84601.63312094597,5179.453257171709,3993.5853858870823,41596.659285865906,-8552.927829541331,59976.848663006516,-100416.23124905882
CASE_EX,10097,E1-P2-C-016,A-C-0097,SOL_2_column_0012,column,P2,143,144,10701.733395992564,1604.3723126066182,-24366.62495618645,25363.43687351441,78594.2738055728,124891.05329268398,-10701.733395992564,-1604.3723126066182,24366.62495618645,-25363.43687351441,17897.561020925546,-118537.73893476177
CASE_EX,10098,E1-P2-C-013,A-C-0098,SOL_2_column_0013,column,P2,145,146,13674.48634672725,-1307.7597951659711,-51996.03654652197,8642.361211941023,173320.74158651268,81430.55618639325,-13674.48634672725,1307.7597951659711,51996.03654652197,-8642.361211941023,32583.563137714387,-86609.2849752505
CASE_EX,10099,E1-P2-C-014,A-C-0099,SOL_2_column_0014,column,P2,147,148,22320.43382898408,-6043.927981139163,-38816.45012925288,438.46552862300416,158008.7324561334,77841.20481905248,-22320.43382898408,6043.927981139163,38816.45012925288,-438.46552862300416,-4295.589944291991,-101775.15962436357
CASE_EX,10100,E1-P2-C-011,A-C-0100,SOL_2_column_0015,column,P2,149,150,14981.421061593257,11602.455950324345,-62350.315201010635,-1440.370502083561,217672.71734348053,80377.1862939019,-14981.421061593257,-11602.455950324345,62350.315201010635,1440.370502083561,29234.530852521624,-34431.46073061749
CASE_EX,10101,E1-P2-C-019,A-C-0101,SOL_2_column_0016,column,P2,151,152,61445.98153257775,28425.48759711871,14955.24035538284,12483.939631227297,-13144.846921877885,252170.33616492987,-61445.98153257775,-28425.48759711871,-14955.24035538284,-12483.939631227297,-46077.904885438176,-139605.40528033976
CASE_EX,10102,E1-P2-C-021,A-C-0102,SOL_2_column_0017,column,P2,153,154,90707.62678847842,-11548.976295045446,-110647.51684580294,-20936.27667436887,-103578.3843120443,15871.077890489236,-90707.62678847842,11548.976295045446,110647.51684580294,20936.27667436887,541742.551021424,-61605.02401886921
CASE_EX,10103,E1-P2-C-009,A-C-0103,SOL_2_column_0018,column,P2,117,155,22240.692546579674,-1470.801531831573,-17344.462622745483,-6059.635373610344,35783.75715398776,-5473.7142946113,-22240.692546579674,1470.801531831573,17344.462622745483,6059.635373610344,32900.31483208437,-350.65977144172984
CASE_EX,10104,E1-P2-C-007,A-C-0104,SOL_2_column_0019,column,P2,119,156,-1590.4717655706318,882.6070132429314,-11344.141947283018,-6835.594468288113,21793.290712754366,1592.9596210099357,1590.4717655706318,-882.6070132429314,11344.141947283018,6835.594468288113,23129.511398486393,1902.1641514320731
CASE_EX,10105,E1-P2-C-020,A-C-0105,SOL_2_column_0020,column,P2,157,158,97045.86656370734,41642.55668412908,995.8713032685739,47328.94465901812,6059.800803151858,321257.85078992817,-97045.86656370734,-41642.55668412908,-995.8713032685739,-47328.94465901812,-10003.451164095412,-156353.326320777
CASE_EX,10106,E1-P2-C-008,A-C-0106,SOL_2_column_0021,column,P2,120,159,-48485.163109852685,-850.7484970963242,-55185.15013880063,-3698.8697861968953,119116.17900227233,4462.676834872518,48485.163109852685,850.7484970963242,55185.15013880063,3698.8697861968953,99417.01554737819,-7831.640883373962
CASE_EX,10107,E1-P3-C-004,A-C-0107,SOL_3_column_0001,column,P3,122,160,15783.05270349985,4533.188210567079,-200204.94714593756,11190.70988079264,426159.6096052577,25440.712472413456,-15783.05270349985,-4533.188210567079,200204.94714593756,-11190.70988079264,366651.9810926548,-7489.287158567826
CASE_EX,10108,E1-P3-C-006,A-C-0108,SOL_3_column_0002,column,P3,161,162,-45900.09641546385,31231.151815348654,-73728.77044734193,4874.0541745885985,33272.52729894062,64794.65629500944,45900.09641546385,-31231.151815348654,73728.77044734193,-4874.0541745885985,258693.40367253334,58880.704893771195
CASE_EX,10109,E1-P3-C-005,A-C-0109,SOL_3_column_0003,column,P3,126,163,10425.125696104837,25867.36667590326,-141945.50422928092,-27190.861495265246,104563.39072360957,67770.01563257768,-10425.125696104837,-25867.36667590326,141945.50422928092,27190.861495265246,457540.8060243427,34664.75640399919
CASE_EX,10110,E1-P3-C-002,A-C-0110,SOL_3_column_0004,column,P3,128,164,-2577.8499396866528,3439.7212539913685,-267652.861295732,24559.10459406811,384887.8382387602,22534.452260128674,2577.8499396866528,-3439.7212539913685,267652.861295732,-24559.10459406811,675017.4924923381,-8913.156094322858
CASE_EX,10111,E1-P3-C-001,A-C-0111,SOL_3_column_0005,column,P3,130,165,6334.3090576780305,-25750.668732572303,-113282.1062609143,41288.43351529175,247340.64435621517,-45434.393150256146,-6334.3090576780305,25750.668732572303,113282.1062609143,-41288.43351529175,201256.49643700535,-56538.25503073014
CASE_EX,10112,E1-P3-C-003,A-C-0112,SOL_3_column_0006,column,P3,132,166,42215.62644205604,16184.553181244999,-160245.7950861683,-26280.244563921267,273063.8050626696,51573.776930754924,-42215.62644205604,-16184.553181244999,160245.7950861683,26280.244563921267,361509.54347855673,12517.053666975258
CASE_EX,10113,E1-P3-C-008,A-C-0113,SOL_3_column_0007,column,P3,134,167,-676.8284311340628,5137.01784539026,-28900.733430741733,2443.460823122894,45428.56029450433,22050.301130641215,676.8284311340628,-5137.01784539026,28900.733430741733,-2443.460823122894,69018.3440912329,-1707.7104628957932
CASE_EX,10114,E1-P3-C-009,A-C-0114,SOL_3_column_0008,column,P3,168,169,25172.299896433808,-12824.324541741806,-106847.57527285429,35471.94347560305,99030.70637007966,-24903.254679929858,-25172.299896433808,12824.324541741806,106847.57527285429,-35471.94347560305,324085.6917104232,-25881.07050536768
CASE_EX,10115,E1-P3-C-012,A-C-0115,SOL_3_column_0009,column,P3,138,170,36450.64086256732,-11490.604267515786,-155424.4177435868,-230.5969773835633,281569.36995590886,-24568.922549382176,-36450.64086256732,11490.604267515786,155424.4177435868,230.5969773835633,333911.3243086947,-20933.870349980327
CASE_EX,10116,E1-P3-C-015,A-C-0116,SOL_3_column_0010,column,P3,140,171,7634.049783088964,-20985.47289441918,-129792.93570393314,-9440.89124325608,270434.4144461885,-37610.56266358256,-7634.049783088964,20985.47289441918,129792.93570393314,9440.89124325608,243545.6109413866,-45491.909998317366
CASE_EX,10117,E1-P3-C-014,A-C-0117,SOL_3_column_0011,column,P3,142,172,-14924.39860154292,-15767.583837711914,-26818.896691298476,-12941.977386753864,66195.39832483545,-17585.08782239137,14924.39860154292,15767.583837711914,26818.896691298476,12941.977386753864,40007.432572706486,-44854.54417494779
CASE_EX,10118,E1-P3-C-013,A-C-0118,SOL_3_column_0012,column,P3,144,173,2813.5796176081017,15309.070590370204,-80716.61347105156,-3330.883676089211,168595.77659228817,69088.7240297705,-2813.5796176081017,-15309.070590370204,80716.61347105156,3330.883676089211,151042.01275307592,-8464.804491904513
CASE_EX,10119,E1-P3-C-010,A-C-0119,SOL_3_column_0013,column,P3,146,174,183.22756996838706,22333.958124777746,-122104.76794238886,-2474.1129895303598,262779.671155327,70262.26569941231,-183.22756996838706,-22333.958124777746,122104.76794238886,2474.1129895303598,220755.20989653276,18180.208474707535
CASE_EX,10120,E1-P3-C-011,A-C-0120,SOL_3_column_0014,column,P3,148,175,33668.37974835366,17861.24461397984,-33763.451735709845,-3669.758474802146,76515.12291895029,62952.627645934306,-33668.37974835366,-17861.24461397984,33763.451735709845,3669.758474802146,57188.14595446064,7777.9010254258465
CASE_EX,10121,E1-P3-C-007,A-C-0121,SOL_3_column_0015,column,P3,150,176,7785.382173464883,2776.6292470516314,-160748.02057767307,7471.337384996577,340441.6786916736,17270.866731654074,-7785.382173464883,-2776.6292470516314,160748.02057767307,-7471.337384996577,296120.4827959115,-6275.414913329616
CASE_EX,10122,E1-P3-C-016,A-C-0122,SOL_3_column_0016,column,P3,152,177,29388.45988773089,29967.066614252846,-53196.238794486155,-1249.7436566876172,112753.39982269102,105011.6188342294,-29388.45988773089,-29967.066614252846,53196.238794486155,1249.7436566876172,97903.7058034741,13657.964958211836
CASE_EX,10123,E1-P3-C-018,A-C-0123,SOL_3_column_0017,column,P3,154,178,8531.666207837092,-8892.981078898181,34111.557495319554,-9760.467360193694,-210840.5486683277,-2728.0225521952198,-8531.666207837092,8892.981078898181,-34111.557495319554,9760.467360193694,75758.78098686232,-32488.18252024157
CASE_EX,10124,E1-P3-C-017,A-C-0124,SOL_3_column_0018,column,P3,158,179,68886.37566016865,11624.908108022548,-17848.61783906691,16992.29545352144,37885.01904863345,53430.9984906585,-68886.37566016865,-11624.908108022548,17848.61783906691,-16992.29545352144,32795.50759407148,-7396.362382889223
CASE_EX,10125,E1-P4-C-004,A-C-0125,SOL_4_column_0001,column,P4,160,180,3251.3135883184573,-20330.973814731904,-55468.22029071445,20989.26017410175,14053.831353927366,-35655.82910702826,-3251.3135883184573,20330.973814731904,55468.22029071445,-20989.26017410175,205600.3209973019,-44854.827199310086
CASE_EX,10126,E1-P4-C-006,A-C-0126,SOL_4_column_0002,column,P4,162,182,-35944.07775208032,37778.84579930594,-59047.33523592298,-1204.736550372418,14601.762823338635,72195.69857504254,35944.07775208032,-37778.84579930594,59047.33523592298,1204.736550372418,219225.69216638798,77408.53556026523
CASE_EX,10127,E1-P4-C-005,A-C-0127,SOL_4_column_0003,column,P4,163,183,-3946.7621895586417,9831.681017779112,-101363.0414350188,-3141.411456416051,99860.87418273954,17280.15571485026,3946.7621895586417,-9831.681017779112,101363.0414350188,3141.411456416051,301536.76989993494,21653.301115555027
CASE_EX,10128,E1-P4-C-002,A-C-0128,SOL_4_column_0004,column,P4,164,184,-1886.9474302815402,12099.896503151414,-196395.59860047078,87236.8011113461,250091.01116344484,24250.55121823359,1886.9474302815402,-12099.896503151414,196395.59860047078,-87236.8011113461,527635.5592944196,23665.03893424602
CASE_EX,10129,E1-P4-C-001,A-C-0129,SOL_4_column_0005,column,P4,165,185,5257.52632587063,-19311.82436589824,-1964.7346936721995,21372.94027576744,-60037.423399480285,-20053.78334803842,-5257.52632587063,19311.82436589824,1964.7346936721995,-21372.94027576744,67817.7727864222,-56421.041140918605
CASE_EX,10130,E1-P4-C-003,A-C-0130,SOL_4_column_0006,column,P4,166,187,16475.690608934914,22672.21235896952,5668.972061991174,-38793.11081339511,-75433.12506423496,42161.58184341651,-16475.690608934914,-22672.21235896952,-5668.972061991174,38793.11081339511,52983.99498297062,47620.38196075585
CASE_EX,10131,E1-P4-C-008,A-C-0131,SOL_4_column_0007,column,P4,167,188,8588.152563691949,1426.7465106626948,-17769.385306761953,-13497.814483105945,26793.277543321397,7145.52702039494,-8588.152563691949,-1426.7465106626948,17769.385306761953,13497.814483105945,43573.48827145594,-1495.610838170668
CASE_EX,10132,E1-P4-C-009,A-C-0132,SOL_4_column_0008,column,P4,169,190,26231.357360751557,1182.045493058112,-177842.21311438998,-19197.2454770192,311815.0741385808,2886.206782699858,-26231.357360751557,-1182.045493058112,177842.21311438998,19197.2454770192,392440.1122492281,1794.693519058433
CASE_EX,10133,E1-P4-C-013,A-C-0133,SOL_4_column_0009,column,P4,170,192,2979.271207516887,-5736.839331499933,-81949.39010179041,-21321.663131898273,113461.96063052955,-4820.769465907954,-2979.271207516887,5736.839331499933,81949.39010179041,21321.663131898273,211057.6345197056,-17897.115011180176
CASE_EX,10134,E1-P4-C-017,A-C-0134,SOL_4_column_0010,column,P4,171,194,17213.901769992957,-5820.097168355087,-17616.9138047773,-5404.407016585634,-19079.882920024407,2808.747300619183,-17213.901769992957,5820.097168355087,17616.9138047773,5404.407016585634,88842.86381130031,-25856.332822166078
CASE_EX,10135,E1-P4-C-016,A-C-0135,SOL_4_column_0011,column,P4,172,196,-4218.081539344982,-4041.624698576537,-16024.739658015882,-5570.255511220061,18826.784696112518,203.47412505617103,4218.081539344982,4041.624698576537,16024.739658015882,5570.255511220061,44631.18637295608,-16208.308441725403
CASE_EX,10136,E1-P4-C-015,A-C-0136,SOL_4_column_0012,column,P4,173,198,8611.088959483151,3786.328505144664,-50052.3776630347,-2872.5613933346267,71005.1289930931,8310.855602617006,-8611.088959483151,-3786.328505144664,50052.3776630347,2872.5613933346267,127202.29287226891,6683.005755827642
CASE_EX,10137,E1-P4-C-011,A-C-0137,SOL_4_column_0013,column,P4,174,200,457.2195075253069,6993.938795938749,-82996.61933869381,-8417.198302739565,101773.1789208105,9221.292386721765,-457.2195075253069,-6993.938795938749,82996.61933869381,8417.198302739565,226893.44413978804,18474.706128268754
CASE_EX,10138,E1-P4-C-012,A-C-0138,SOL_4_column_0014,column,P4,175,201,6193.835491308242,1206.2622799494823,-19805.13541648755,-13579.747581937638,39685.0365439728,-4315.245884792359,-6193.835491308242,-1206.2622799494823,19805.13541648755,13579.747581937638,38743.29970531791,9092.04451339231
CASE_EX,10139,E1-P4-C-007,A-C-0139,SOL_4_column_0015,column,P4,176,203,1167.2452080679434,3884.926466196936,-95416.95937552814,-4127.015821087795,105107.34184645864,9065.373948468636,-1167.2452080679434,-3884.926466196936,95416.95937552814,4127.015821087795,272743.82932822854,6318.935348192247
CASE_EX,10140,E1-P4-C-018,A-C-0140,SOL_4_column_0016,column,P4,177,205,5663.444512734384,10567.973859451495,-9907.138672304356,-2550.240465321912,5986.005048767576,16672.566816722512,-5663.444512734384,-10567.973859451495,9907.138672304356,2550.240465321912,33246.26534445901,25176.611001045534
CASE_EX,10141,E1-P4-C-020,A-C-0141,SOL_4_column_0017,column,P4,178,207,-7991.414553050737,-3475.963268229161,-955.6468111316362,-3575.528737280567,-4448.0767081226595,725.9983164958085,7991.414553050737,3475.963268229161,955.6468111316362,3575.528737280567,8232.438200866414,-14490.813297567533
CASE_EX,10142,E1-P4-C-025,A-C-0142,SOL_4_column_0018,column,P4,208,209,205.45685739704447,245.71141599462285,1195.6686083181773,-28.369429439769785,-2360.7691411980218,482.5521011695222,-205.45685739704447,-245.71141599462285,-1195.6686083181773,28.369429439769785,-2374.0785477419613,490.46510616918437
CASE_EX,10143,E1-P4-C-026,A-C-0143,SOL_4_column_0019,column,P4,210,211,-906.7816175538147,-1280.288107945524,-823.6138933682715,138.01215580276562,1817.2939204299773,-2470.8691660813333,906.7816175538147,1280.288107945524,823.6138933682715,-138.01215580276562,1444.2170973083785,-2599.0717413829416
CASE_EX,10144,E1-P4-C-024,A-C-0144,SOL_4_column_0020,column,P4,212,213,-2057.7797677760473,2143.2309383404754,-1333.5648432457517,71.35056960860916,3019.852801902932,4201.546103867051,2057.7797677760473,-2143.2309383404754,1333.5648432457517,-71.35056960860916,2261.063977350246,4285.648411961233
CASE_EX,10145,E1-P4-C-014,A-C-0145,SOL_4_column_0021,column,P4,214,215,780.1660122057842,-2792.719611385495,-9997.706272461355,-3546.9845054933166,19441.970262533978,-5718.646481100808,-780.1660122057842,2792.719611385495,9997.706272461355,3546.9845054933166,20148.946576412993,-5340.523179985754
CASE_EX,10146,E1-P4-C-010,A-C-0146,SOL_4_column_0022,column,P4,216,217,777.0776436881417,2623.706675946148,-10947.273704175936,-3725.856997312947,21444.869091377586,5154.216455687096,-777.0776436881417,-2623.706675946148,10947.273704175936,3725.856997312947,21906.33477715913,5235.661981059653
CASE_EX,10147,E1-P4-C-021,A-C-0147,SOL_4_column_0023,column,P4,218,219,-8.851686769991105,19.891905913400812,58.54727243725319,-107.0057765988593,-104.45310543578314,32.27170117971069,8.851686769991105,-19.891905913400812,-58.54727243725319,107.0057765988593,-127.39409341573953,46.50024623735654
CASE_EX,10148,E1-P4-C-023,A-C-0148,SOL_4_column_0024,column,P4,220,221,5.804606850254794,22.36269825068582,30.967810501735606,95.09551587040524,-48.391143558256985,44.47181810642337,-5.804606850254794,-22.36269825068582,-30.967810501735606,-95.09551587040524,-74.24138602861603,44.0844669662925
CASE_EX,10149,E1-P4-C-022,A-C-0149,SOL_4_column_0025,column,P4,222,223,-2139.0298255178614,49.23268294649044,976.5157657429438,78.22753575612951,-1904.310630638115,106.11494684700209,2139.0298255178614,-49.23268294649044,-976.5157657429438,-78.22753575612951,-1962.691801703943,88.8464776211001
CASE_EX,10150,E1-P4-C-019,A-C-0150,SOL_4_column_0026,column,P4,179,225,30166.534988004132,4208.0529351063105,-9825.803899364962,2807.1702849695284,16003.824564221435,9559.37786693371,-30166.534988004132,-4208.0529351063105,9825.803899364962,-2807.1702849695284,22906.360117895616,7104.512287407094
CASE_EX,10151,E2-S1-M-019,A-M-0151,SOL2_1S_wall_0001,wall,S1,226,227,14830.07668538676,-10328.42751194513,-41004.76779262447,-45062.11248212654,260147.31852747986,-105149.92164427787,-14830.07668538676,10328.42751194513,41004.76779262447,45062.11248212654,-97768.43806868696,64249.348696975154
CASE_EX,10152,E2-S1-M-020,A-M-0152,SOL2_1S_wall_0002,wall,S1,228,229,0.0,0.0,0.0,-0.0,0.0,0.0,0.0,0.0,0.0,0.0,0.0,0.0
CASE_EX,10153,E2-S1-M-012,A-M-0153,SOL2_1S_wall_0003,wall,S1,230,231,0.0,0.0,0.0,-0.0,0.0,0.0,0.0,0.0,0.0,0.0,0.0,0.0
CASE_EX,10154,E2-S1-M-017,A-M-0154,SOL2_1S_wall_0004,wall,S1,232,233,0.0,0.0,0.0,-0.0,0.0,0.0,0.0,0.0,0.0,0.0,0.0,0.0
CASE_EX,10155,E2-S1-M-018,A-M-0155,SOL2_1S_wall_0005,wall,S1,234,235,0.0,0.0,0.0,-0.0,0.0,0.0,0.0,0.0,0.0,0.0,0.0,0.0
CASE_EX,10156,E2-S1-M-014,A-M-0156,SOL2_1S_wall_0006,wall,S1,236,237,0.0,0.0,0.0,-0.0,0.0,0.0,0.0,0.0,0.0,0.0,0.0,0.0
CASE_EX,10157,E2-S1-M-013,A-M-0157,SOL2_1S_wall_0007,wall,S1,238,239,0.0,0.0,0.0,-0.0,0.0,0.0,0.0,0.0,0.0,0.0,0.0,0.0
CASE_EX,10158,E2-S1-M-016,A-M-0158,SOL2_1S_wall_0008,wall,S1,240,241,0.0,0.0,0.0,-0.0,0.0,0.0,0.0,0.0,0.0,0.0,0.0,0.0
CASE_EX,10159,E2-S1-M-015,A-M-0159,SOL2_1S_wall_0009,wall,S1,242,243,0.0,0.0,0.0,-0.0,0.0,0.0,0.0,0.0,0.0,0.0,0.0,0.0
CASE_EX,10160,E2-S1-M-011,A-M-0160,SOL2_1S_wall_0010,wall,S1,244,245,412498.54147184454,-69288.81553861783,-327.39806735203945,2031.3452268181818,1372.9987067299649,-937767.0066846515,-412498.54147184454,69288.81553861783,327.39806735203945,-2031.3452268181818,-76.50236001588871,663383.2971517249
CASE_EX,10161,E2-S1-M-007,A-M-0161,SOL2_1S_wall_0011,wall,S1,246,247,-665890.4005896604,-68712.13775083615,-51568.548616117885,11873.093923120507,147782.76262092614,-723615.0493334931,665890.4005896604,68712.13775083615,51568.548616117885,-11873.093923120507,56428.68989890069,451514.98384018196
CASE_EX,10162,E2-S1-M-008,A-M-0162,SOL2_1S_wall_0012,wall,S1,248,249,-556311.9657638236,-26631.760999472343,-24196.77318467751,12024.769548029886,90371.20370707948,-367456.3156279428,556311.9657638236,26631.760999472343,24196.77318467751,-12024.769548029886,5448.018104243449,261994.54207003233
CASE_EX,10163,E2-S1-M-006,A-M-0163,SOL2_1S_wall_0013,wall,S1,250,251,0.0,0.0,0.0,-0.0,0.0,0.0,0.0,0.0,0.0,0.0,0.0,0.0
CASE_EX,10164,E2-S1-M-001,A-M-0164,SOL2_1S_wall_0014,wall,S1,252,253,0.0,0.0,0.0,-0.0,0.0,0.0,0.0,0.0,0.0,0.0,0.0,0.0
CASE_EX,10165,E2-S1-M-002,A-M-0165,SOL2_1S_wall_0015,wall,S1,254,255,0.0,0.0,0.0,-0.0,0.0,0.0,0.0,0.0,0.0,0.0,0.0,0.0
CASE_EX,10166,E2-S1-M-005,A-M-0166,SOL2_1S_wall_0016,wall,S1,256,257,-171526.55609604172,-27112.340627861642,9610.216141934128,-1261.475380126707,-16573.73075695882,-114922.78100120326,171526.55609604172,27112.340627861642,-9610.216141934128,1261.475380126707,-21482.725165100324,7557.9121148711565
CASE_EX,10167,E2-S1-M-004,A-M-0167,SOL2_1S_wall_0017,wall,S1,258,259,-95884.36321872266,-38250.9363818258,1094.435667153797,-402.8473127731219,-5241.780340117964,-163906.10724255512,95884.36321872266,38250.9363818258,-1094.435667153797,402.8473127731219,907.8150981889285,12432.39917052495
CASE_EX,10168,E2-S1-M-003,A-M-0168,SOL2_1S_wall_0018,wall,S1,260,261,0.0,0.0,0.0,-0.0,0.0,0.0,0.0,0.0,0.0,0.0,0.0,0.0
CASE_EX,10169,E2-S1-M-010,A-M-0169,SOL2_1S_wall_0019,wall,S1,262,263,418245.35897165025,-80773.8672402823,851.2612910775626,2235.5428820599536,-6690.533401260421,-1055818.8040091577,-418245.35897165025,80773.8672402823,-851.2612910775626,-2235.5428820599536,3319.538688593273,735954.2897376398
CASE_EX,10170,E2-S1-M-009,A-M-0170,SOL2_1S_wall_0020,wall,S1,264,265,0.0,0.0,0.0,-0.0,0.0,0.0,0.0,0.0,0.0,0.0,0.0,0.0
CASE_EX,10171,E2-P1-M-019,A-M-0171,SOL2_1_wall_0021,wall,P1,227,266,14830.07668538676,-10328.427511945187,-41004.76779262455,-45062.11248212654,97768.4380686875,-64249.34869697516,-14830.07668538676,10328.427511945187,41004.76779262455,45062.11248212654,64610.44239010574,23348.775749672226
CASE_EX,10172,E2-P1-M-020,A-M-0172,SOL2_1_wall_0022,wall,P1,229,267,0.0,0.0,0.0,-0.0,0.0,0.0,0.0,0.0,0.0,0.0,0.0,0.0
CASE_EX,10173,E2-P1-M-012,A-M-0173,SOL2_1_wall_0023,wall,P1,231,268,0.0,0.0,0.0,-0.0,0.0,0.0,0.0,0.0,0.0,0.0,0.0,0.0
CASE_EX,10174,E2-P1-M-017,A-M-0174,SOL2_1_wall_0024,wall,P1,233,269,0.0,0.0,0.0,-0.0,0.0,0.0,0.0,0.0,0.0,0.0,0.0,0.0
CASE_EX,10175,E2-P1-M-018,A-M-0175,SOL2_1_wall_0025,wall,P1,235,270,0.0,0.0,0.0,-0.0,0.0,0.0,0.0,0.0,0.0,0.0,0.0,0.0
CASE_EX,10176,E2-P1-M-014,A-M-0176,SOL2_1_wall_0026,wall,P1,237,271,0.0,0.0,0.0,-0.0,0.0,0.0,0.0,0.0,0.0,0.0,0.0,0.0
CASE_EX,10177,E2-P1-M-013,A-M-0177,SOL2_1_wall_0027,wall,P1,239,272,0.0,0.0,0.0,-0.0,0.0,0.0,0.0,0.0,0.0,0.0,0.0,0.0
CASE_EX,10178,E2-P1-M-016,A-M-0178,SOL2_1_wall_0028,wall,P1,241,273,0.0,0.0,0.0,-0.0,0.0,0.0,0.0,0.0,0.0,0.0,0.0,0.0
CASE_EX,10179,E2-P1-M-015,A-M-0179,SOL2_1_wall_0029,wall,P1,243,274,0.0,0.0,0.0,-0.0,0.0,0.0,0.0,0.0,0.0,0.0,0.0,0.0
CASE_EX,10180,E2-P1-M-011,A-M-0180,SOL2_1_wall_0030,wall,P1,245,275,412498.54147184454,-69288.81553861873,-327.39806735203945,2031.3452268181818,76.50236001588928,-663383.2971517257,-412498.54147184454,69288.81553861873,327.39806735203945,-2031.3452268181818,1219.9939866981867,388999.5876187956
CASE_EX,10181,E2-P1-M-007,A-M-0181,SOL2_1_wall_0031,wall,P1,247,276,-622957.537044777,-69537.42083242467,-74453.77405693581,10637.097049378352,161944.79087878877,-490934.5439469533,622957.537044777,69537.42083242467,74453.77405693581,-10637.097049378352,132892.15438667705,215566.35745055164
CASE_EX,10182,E2-P1-M-008,A-M-0182,SOL2_1_wall_0032,wall,P1,249,277,-537535.2835084257,-24721.050825303093,-23819.366926278795,11726.766621280538,60178.07068578839,-283426.4470048613,537535.2835084257,24721.050825303093,23819.366926278795,-11726.766621280538,34146.62234227563,185531.08573666107
CASE_EX,10183,E2-P1-M-006,A-M-0183,SOL2_1_wall_0033,wall,P1,251,278,0.0,0.0,0.0,-0.0,0.0,0.0,0.0,0.0,0.0,0.0,0.0,0.0
CASE_EX,10184,E2-P1-M-001,A-M-0184,SOL2_1_wall_0034,wall,P1,253,279,0.0,0.0,0.0,-0.0,0.0,0.0,0.0,0.0,0.0,0.0,0.0,0.0
CASE_EX,10185,E2-P1-M-002,A-M-0185,SOL2_1_wall_0035,wall,P1,255,280,0.0,0.0,0.0,-0.0,0.0,0.0,0.0,0.0,0.0,0.0,0.0,0.0
CASE_EX,10186,E2-P1-M-005,A-M-0186,SOL2_1_wall_0036,wall,P1,257,281,-130703.15763594348,-28161.753834532345,16641.025035842904,-2204.1913265396424,-32327.995819970885,-75301.79889239035,130703.15763594348,28161.753834532345,-16641.025035842904,2204.1913265396424,-33570.46332196702,-36218.746292357726
CASE_EX,10187,E2-P1-M-004,A-M-0187,SOL2_1_wall_0037,wall,P1,259,282,-76633.29126134758,-36344.8299164245,-2143.5505664369493,-460.23911487301916,3684.306659922471,-92120.60219400626,76633.29126134758,36344.8299164245,2143.5505664369493,460.23911487301916,4804.153583167848,-51804.92427503475
CASE_EX,10188,E2-P1-M-003,A-M-0188,SOL2_1_wall_0038,wall,P1,261,283,0.0,0.0,0.0,-0.0,0.0,0.0,0.0,0.0,0.0,0.0,0.0,0.0
CASE_EX,10189,E2-P1-M-010,A-M-0189,SOL2_1_wall_0039,wall,P1,263,284,418245.35897165025,-80773.86724028233,851.2612910775601,2235.5428820599536,-3319.5386885932735,-735954.2897376412,-418245.35897165025,80773.86724028233,-851.2612910775601,-2235.5428820599536,-51.45602407386468,416089.77546612325
CASE_EX,10190,E2-P1-M-009,A-M-0190,SOL2_1_wall_0040,wall,P1,265,285,0.0,0.0,0.0,-0.0,0.0,0.0,0.0,0.0,0.0,0.0,0.0,0.0
CASE_EX,10191,E2-P2-M-019,A-M-0191,SOL2_2_wall_0041,wall,P2,266,286,0.0,-4.6371013582040226e-10,2.011114718695512e-08,7.106179435487347e-10,-1.6130933394642577e-07,-3.4430477584664878e-09,0.0,4.6371013582040226e-10,-2.011114718695512e-08,-7.106179435487347e-10,8.166919108608347e-08,1.6067556206176945e-09
CASE_EX,10192,E2-P2-M-020,A-M-0192,SOL2_2_wall_0042,wall,P2,267,287,0.0,0.0,0.0,-0.0,0.0,0.0,0.0,0.0,0.0,0.0,0.0,0.0
CASE_EX,10193,E2-P2-M-012,A-M-0193,SOL2_2_wall_0043,wall,P2,268,288,0.0,0.0,0.0,-0.0,0.0,0.0,0.0,0.0,0.0,0.0,0.0,0.0
CASE_EX,10194,E2-P2-M-017,A-M-0194,SOL2_2_wall_0044,wall,P2,269,289,0.0,0.0,0.0,-0.0,0.0,0.0,0.0,0.0,0.0,0.0,0.0,0.0
CASE_EX,10195,E2-P2-M-018,A-M-0195,SOL2_2_wall_0045,wall,P2,270,290,0.0,0.0,0.0,-0.0,0.0,0.0,0.0,0.0,0.0,0.0,0.0,0.0
CASE_EX,10196,E2-P2-M-014,A-M-0196,SOL2_2_wall_0046,wall,P2,271,291,0.0,0.0,0.0,-0.0,0.0,0.0,0.0,0.0,0.0,0.0,0.0,0.0
CASE_EX,10197,E2-P2-M-013,A-M-0197,SOL2_2_wall_0047,wall,P2,272,292,0.0,0.0,0.0,-0.0,0.0,0.0,0.0,0.0,0.0,0.0,0.0,0.0
CASE_EX,10198,E2-P2-M-016,A-M-0198,SOL2_2_wall_0048,wall,P2,273,293,0.0,0.0,0.0,-0.0,0.0,0.0,0.0,0.0,0.0,0.0,0.0,0.0
CASE_EX,10199,E2-P2-M-015,A-M-0199,SOL2_2_wall_0049,wall,P2,274,294,0.0,0.0,0.0,-0.0,0.0,0.0,0.0,0.0,0.0,0.0,0.0,0.0
CASE_EX,10200,E2-P2-M-011,A-M-0200,SOL2_2_wall_0050,wall,P2,275,295,412498.5414718445,-69288.81553862496,-327.3980673520392,2031.3452268181823,-1219.9939866981877,-388999.58761879976,-412498.5414718445,69288.81553862496,327.3980673520392,-2031.3452268181823,2516.490333412263,114615.87808584492
CASE_EX,10201,E2-P2-M-007,A-M-0201,SOL2_2_wall_0051,wall,P2,276,296,-565073.6057051802,-61384.171640655084,-83057.39159088324,5768.85230519194,158688.37464984157,-268225.3066091658,565073.6057051802,61384.171640655084,83057.39159088324,-5768.85230519194,170218.89605005612,25143.98691217162
CASE_EX,10202,E2-P2-M-008,A-M-0202,SOL2_2_wall_0052,wall,P2,277,297,-514717.5749448151,-18046.185448149434,-21993.238623049263,6123.472930802075,46516.68497429963,-213178.02406654347,514717.5749448151,18046.185448149434,21993.238623049263,-6123.472930802075,40576.539972975464,141715.1296918717
CASE_EX,10203,E2-P2-M-006,A-M-0203,SOL2_2_wall_0053,wall,P2,278,298,0.0,0.0,0.0,-0.0,0.0,0.0,0.0,0.0,0.0,0.0,0.0,0.0
CASE_EX,10204,E2-P2-M-001,A-M-0204,SOL2_2_wall_0054,wall,P2,279,299,0.0,0.0,0.0,-0.0,0.0,0.0,0.0,0.0,0.0,0.0,0.0,0.0
CASE_EX,10205,E2-P2-M-002,A-M-0205,SOL2_2_wall_0055,wall,P2,280,300,0.0,0.0,0.0,-0.0,0.0,0.0,0.0,0.0,0.0,0.0,0.0,0.0
CASE_EX,10206,E2-P2-M-005,A-M-0206,SOL2_2_wall_0056,wall,P2,281,301,-80658.62816547946,-24946.44380690965,16135.514989564466,-1677.5730969564481,-31968.23225055265,-50624.42443060721,80658.62816547946,24946.44380690965,-16135.514989564466,1677.5730969564481,-31928.407108122643,-48163.49304475503
CASE_EX,10207,E2-P2-M-004,A-M-0207,SOL2_2_wall_0057,wall,P2,282,302,-51283.04781970827,-31924.137823451376,-3716.9555721148104,1095.5284747177766,7935.360923969784,-47704.99892884294,51283.04781970827,31924.137823451376,3716.9555721148104,-1095.5284747177766,6783.783141604868,-78714.58685202453
CASE_EX,10208,E2-P2-M-003,A-M-0208,SOL2_2_wall_0058,wall,P2,283,303,0.0,0.0,0.0,-0.0,0.0,0.0,0.0,0.0,0.0,0.0,0.0,0.0
CASE_EX,10209,E2-P2-M-010,A-M-0209,SOL2_2_wall_0059,wall,P2,284,304,418245.3589716504,-80773.86724028575,851.2612910775731,2235.5428820599527,51.456024073850585,-416089.7754661272,-418245.3589716504,80773.86724028575,-851.2612910775731,-2235.5428820599527,-3422.4507367410406,96225.2611945956
CASE_EX,10210,E2-P2-M-009,A-M-0210,SOL2_2_wall_0060,wall,P2,285,305,0.0,0.0,0.0,-0.0,0.0,0.0,0.0,0.0,0.0,0.0,0.0,0.0
CASE_EX,10211,E2-P3-M-019,A-M-0211,SOL2_3_wall_0061,wall,P3,286,306,0.0,-2.608369513989766e-10,2.0666231928845615e-08,-0.0,-8.161282863536848e-08,-1.1859386723606798e-09,0.0,2.608369513989766e-10,-2.0666231928845615e-08,0.0,-2.2544980286013064e-10,1.5302434482073277e-10
CASE_EX,10212,E2-P3-M-020,A-M-0212,SOL2_3_wall_0062,wall,P3,287,307,0.0,0.0,0.0,-0.0,0.0,0.0,0.0,0.0,0.0,0.0,0.0,0.0
CASE_EX,10213,E2-P3-M-012,A-M-0213,SOL2_3_wall_0063,wall,P3,288,308,0.0,0.0,0.0,-0.0,0.0,0.0,0.0,0.0,0.0,0.0,0.0,0.0
CASE_EX,10214,E2-P3-M-017,A-M-0214,SOL2_3_wall_0064,wall,P3,289,309,0.0,0.0,0.0,-0.0,0.0,0.0,0.0,0.0,0.0,0.0,0.0,0.0
CASE_EX,10215,E2-P3-M-018,A-M-0215,SOL2_3_wall_0065,wall,P3,290,310,0.0,0.0,0.0,-0.0,0.0,0.0,0.0,0.0,0.0,0.0,0.0,0.0
CASE_EX,10216,E2-P3-M-014,A-M-0216,SOL2_3_wall_0066,wall,P3,291,311,0.0,0.0,0.0,-0.0,0.0,0.0,0.0,0.0,0.0,0.0,0.0,0.0
CASE_EX,10217,E2-P3-M-013,A-M-0217,SOL2_3_wall_0067,wall,P3,292,312,0.0,0.0,0.0,-0.0,0.0,0.0,0.0,0.0,0.0,0.0,0.0,0.0
CASE_EX,10218,E2-P3-M-016,A-M-0218,SOL2_3_wall_0068,wall,P3,293,313,0.0,0.0,0.0,-0.0,0.0,0.0,0.0,0.0,0.0,0.0,0.0,0.0
CASE_EX,10219,E2-P3-M-015,A-M-0219,SOL2_3_wall_0069,wall,P3,294,314,0.0,0.0,0.0,-0.0,0.0,0.0,0.0,0.0,0.0,0.0,0.0,0.0
CASE_EX,10220,E2-P3-M-011,A-M-0220,SOL2_3_wall_0070,wall,P3,295,315,412498.5414718445,-69288.81553861599,-327.39806735001576,2031.3452268181838,-2516.4903334122623,-114615.87808584954,-412498.5414718445,69288.81553861599,327.39806735001576,-2031.3452268181838,3812.9866801183243,-159767.83144706965
CASE_EX,10221,E2-P3-M-007,A-M-0221,SOL2_3_wall_0071,wall,P3,296,316,-513138.30729627627,-41410.45786703699,-57413.30352678836,-884.7998257292389,91969.24279277133,-73349.25742892257,513138.30729627627,41410.45786703699,57413.30352678836,884.7998257292389,135387.4391733105,-90636.15572454385
CASE_EX,10222,E2-P3-M-008,A-M-0222,SOL2_3_wall_0072,wall,P3,297,317,-491569.4081733797,-9860.387595730155,-21024.66123087739,-1914.8124155566104,42219.05955159641,-170565.16776005883,491569.4081733797,9860.387595730155,21024.66123087739,1914.8124155566104,41038.59892267804,131518.03288096742
CASE_EX,10223,E2-P3-M-006,A-M-0223,SOL2_3_wall_0073,wall,P3,298,318,0.0,0.0,0.0,-0.0,0.0,0.0,0.0,0.0,0.0,0.0,0.0,0.0
CASE_EX,10224,E2-P3-M-001,A-M-0224,SOL2_3_wall_0074,wall,P3,299,319,0.0,0.0,0.0,-0.0,0.0,0.0,0.0,0.0,0.0,0.0,0.0,0.0
CASE_EX,10225,E2-P3-M-002,A-M-0225,SOL2_3_wall_0075,wall,P3,300,320,0.0,0.0,0.0,-0.0,0.0,0.0,0.0,0.0,0.0,0.0,0.0,0.0
CASE_EX,10226,E2-P3-M-005,A-M-0226,SOL2_3_wall_0076,wall,P3,301,321,-36539.77055131131,-20582.271001831577,10600.73395924943,10.491505952356246,-21252.361587291747,-36326.464541156514,36539.77055131131,20582.271001831577,-10600.73395924943,-10.491505952356246,-20726.544891335987,-45179.32862609651
CASE_EX,10227,E2-P3-M-004,A-M-0227,SOL2_3_wall_0077,wall,P3,302,322,-26934.07083270446,-19839.20806438003,-6224.380934403845,1478.685226752232,13332.930444344525,-6435.778435958899,26934.07083270446,19839.20806438003,6224.380934403845,-1478.685226752232,11315.61805589469,-72127.48549898599
CASE_EX,10228,E2-P3-M-003,A-M-0228,SOL2_3_wall_0078,wall,P3,303,323,0.0,0.0,0.0,-0.0,0.0,0.0,0.0,0.0,0.0,0.0,0.0,0.0
CASE_EX,10229,E2-P3-M-010,A-M-0229,SOL2_3_wall_0079,wall,P3,304,324,418245.3589716504,-80773.86724027514,851.2612910796485,2235.5428820599554,3422.4507367410397,-96225.26119459685,-418245.3589716504,80773.86724027514,-851.2612910796485,-2235.5428820599554,-6793.4454494164465,-223639.25307689264
CASE_EX,10230,E2-P3-M-009,A-M-0230,SOL2_3_wall_0080,wall,P3,305,325,0.0,0.0,0.0,-0.0,0.0,0.0,0.0,0.0,0.0,0.0,0.0,0.0
CASE_EX,10231,E2-P4-M-019,A-M-0231,SOL2_4_wall_0081,wall,P4,326,327,-2574.2879405233975,-4743.079228235513,38590.55192191071,123032.59361140094,-80364.78584915424,-14250.825144138787,2574.2879405233975,4743.079228235513,-38590.55192191071,-123032.59361140094,-72453.79976161217,-4531.7685996738455
CASE_EX,10232,E2-P4-M-020,A-M-0232,SOL2_4_wall_0082,wall,P4,307,328,0.0,0.0,0.0,-0.0,0.0,0.0,0.0,0.0,0.0,0.0,0.0,0.0
CASE_EX,10233,E2-P4-M-012,A-M-0233,SOL2_4_wall_0083,wall,P4,308,329,0.0,0.0,0.0,-0.0,0.0,0.0,0.0,0.0,0.0,0.0,0.0,0.0
CASE_EX,10235,E2-P4-M-018,A-M-0235,SOL2_4_wall_0085,wall,P4,310,332,0.0,0.0,0.0,-0.0,0.0,0.0,0.0,0.0,0.0,0.0,0.0,0.0
CASE_EX,10236,E2-P4-M-014,A-M-0236,SOL2_4_wall_0086,wall,P4,311,333,0.0,0.0,0.0,-0.0,0.0,0.0,0.0,0.0,0.0,0.0,0.0,0.0
CASE_EX,10237,E2-P4-M-013,A-M-0237,SOL2_4_wall_0087,wall,P4,312,334,0.0,0.0,0.0,-0.0,0.0,0.0,0.0,0.0,0.0,0.0,0.0,0.0
CASE_EX,10238,E2-P4-M-016,A-M-0238,SOL2_4_wall_0088,wall,P4,313,335,0.0,0.0,0.0,-0.0,0.0,0.0,0.0,0.0,0.0,0.0,0.0,0.0
CASE_EX,10240,E2-P4-M-011,A-M-0240,SOL2_4_wall_0090,wall,P4,315,338,412498.5414718447,-69288.81553861988,-327.3980673498706,2031.3452268181816,-3812.9866801183234,159767.83144706866,-412498.5414718447,69288.81553861988,327.3980673498706,-2031.3452268181816,5109.483026823811,-434151.5409800034
CASE_EX,10241,E2-P4-M-007,A-M-0241,SOL2_4_wall_0091,wall,P4,316,339,-479041.0595945735,-20884.026236383193,-14360.695743276267,-1021.6587551988549,32973.104684592276,56700.496865624315,479041.0595945735,20884.026236383193,14360.695743276267,1021.6587551988549,23895.250458781746,-139401.24076170177
CASE_EX,10242,E2-P4-M-008,A-M-0242,SOL2_4_wall_0092,wall,P4,317,340,-469762.5879933598,-9953.587186490833,-27477.5433514207,-1249.9865212487662,38857.767941301645,-159861.08978792746,469762.5879933598,9953.587186490833,27477.5433514207,1249.9865212487662,69953.30373032435,120444.88452942375
CASE_EX,10243,E2-P4-M-006,A-M-0243,SOL2_4_wall_0093,wall,P4,318,341,0.0,0.0,0.0,-0.0,0.0,0.0,0.0,0.0,0.0,0.0,0.0,0.0
CASE_EX,10244,E2-P4-M-001,A-M-0244,SOL2_4_wall_0094,wall,P4,319,342,0.0,0.0,0.0,-0.0,0.0,0.0,0.0,0.0,0.0,0.0,0.0,0.0
CASE_EX,10245,E2-P4-M-002,A-M-0245,SOL2_4_wall_0095,wall,P4,320,343,0.0,0.0,0.0,-0.0,0.0,0.0,0.0,0.0,0.0,0.0,0.0,0.0
CASE_EX,10246,E2-P4-M-005,A-M-0246,SOL2_4_wall_0096,wall,P4,321,344,-6295.72324709771,-21707.692061943875,3505.293974814299,-2959.622664455362,-8039.397856523755,-28745.877507435758,6295.72324709771,21707.692061943875,-3505.293974814299,2959.622664455362,-5841.566283740873,-57216.58305786201
CASE_EX,10247,E2-P4-M-004,A-M-0247,SOL2_4_wall_0097,wall,P4,322,345,-5691.156071112824,-2916.468213055329,-7054.273520745678,-1194.9161551786742,14972.082653312678,15415.140128821407,5691.156071112824,2916.468213055329,7054.273520745678,1194.9161551786742,12962.840488840211,-26964.354252520512
CASE_EX,10248,E2-P4-M-003,A-M-0248,SOL2_4_wall_0098,wall,P4,323,346,0.0,0.0,0.0,-0.0,0.0,0.0,0.0,0.0,0.0,0.0,0.0,0.0
CASE_EX,10249,E2-P4-M-010,A-M-0249,SOL2_4_wall_0099,wall,P4,324,347,418245.35897165036,-80773.86724028418,851.261291079586,2235.542882059954,6793.445449416447,223639.2530768931,-418245.35897165036,80773.86724028418,-851.261291079586,-2235.542882059954,-10164.440162091609,-543503.7673484185
CASE_EX,10250,E2-P4-M-009,A-M-0250,SOL2_4_wall_0100,wall,P4,325,348,0.0,0.0,0.0,-0.0,0.0,0.0,0.0,0.0,0.0,0.0,0.0,0.0
CASE_EX,10251,E1-S1-M-001,A-M-0251,SOL_1S_wall_0001,wall,S1,349,350,0.0,0.0,0.0,-0.0,0.0,0.0,0.0,0.0,0.0,0.0,0.0,0.0
CASE_EX,10252,E1-S1-M-002,A-M-0252,SOL_1S_wall_0002,wall,S1,351,352,0.0,0.0,0.0,-0.0,0.0,0.0,0.0,0.0,0.0,0.0,0.0,0.0
CASE_EX,10253,E1-S1-M-003,A-M-0253,SOL_1S_wall_0003,wall,S1,353,354,0.0,0.0,0.0,-0.0,0.0,0.0,0.0,0.0,0.0,0.0,0.0,0.0
CASE_EX,10254,E1-S1-M-004,A-M-0254,SOL_1S_wall_0004,wall,S1,355,356,0.0,0.0,0.0,-0.0,0.0,0.0,0.0,0.0,0.0,0.0,0.0,0.0
CASE_EX,10255,E1-S1-M-005,A-M-0255,SOL_1S_wall_0005,wall,S1,357,358,0.0,0.0,0.0,-0.0,0.0,0.0,0.0,0.0,0.0,0.0,0.0,0.0
CASE_EX,10256,E1-S1-M-015,A-M-0256,SOL_1S_wall_0006,wall,S1,359,360,0.0,0.0,0.0,-0.0,0.0,0.0,0.0,0.0,0.0,0.0,0.0,0.0
CASE_EX,10257,E1-S1-M-052,A-M-0257,SOL_1S_wall_0007,wall,S1,361,362,0.0,-126489.8146866569,0.0,-0.0,0.0,-500899.6661591612,0.0,126489.8146866569,0.0,0.0,0.0,-1.1641532182693481e-10
CASE_EX,10258,E1-S1-M-051,A-M-0258,SOL_1S_wall_0008,wall,S1,363,364,0.0,0.0,0.0,-0.0,0.0,0.0,0.0,0.0,0.0,0.0,0.0,0.0
CASE_EX,10259,E1-S1-M-033,A-M-0259,SOL_1S_wall_0009,wall,S1,365,366,-35973.48699306666,-1463.2099834846042,-21204.550089327386,1537.4496563604653,42719.10778511783,-4393.678560968887,35973.48699306666,1463.2099834846042,21204.550089327386,-1537.4496563604653,41250.91056861861,-1400.632973630146
CASE_EX,10260,E1-S1-M-060,A-M-0260,SOL_1S_wall_0010,wall,S1,367,368,0.0,0.0,0.0,-0.0,0.0,0.0,0.0,0.0,0.0,0.0,0.0,0.0
CASE_EX,10261,E1-S1-M-059,A-M-0261,SOL_1S_wall_0011,wall,S1,369,370,0.0,0.0,0.0,-0.0,0.0,0.0,0.0,0.0,0.0,0.0,0.0,0.0
CASE_EX,10262,E1-S1-M-016,A-M-0262,SOL_1S_wall_0012,wall,S1,371,372,0.0,0.0,0.0,-0.0,0.0,0.0,0.0,0.0,0.0,0.0,0.0,0.0
CASE_EX,10263,E1-S1-M-040,A-M-0263,SOL_1S_wall_0013,wall,S1,373,374,0.0,0.0,0.0,-0.0,0.0,0.0,0.0,0.0,0.0,0.0,0.0,0.0
CASE_EX,10264,E1-S1-M-056,A-M-0264,SOL_1S_wall_0014,wall,S1,375,376,233.5559381900137,106.88066994183032,438.80673829057935,263.8701690608195,-2474.402676117209,-933.4886134274886,-233.5559381900137,-106.88066994183032,-438.80673829057935,-263.8701690608195,736.727992486515,1356.7360663971367
CASE_EX,10265,E1-S1-M-050,A-M-0265,SOL_1S_wall_0015,wall,S1,377,378,0.0,0.0,0.0,-0.0,0.0,0.0,0.0,0.0,0.0,0.0,0.0,0.0
CASE_EX,10266,E1-S1-M-008,A-M-0266,SOL_1S_wall_0016,wall,S1,379,380,512.7437894765828,-2931.605061169634,1536.996937386255,4875.172759215104,-3103.9500632943545,-20135.017478591573,-512.7437894765828,2931.605061169634,-1536.996937386255,-4875.172759215104,-2982.5578087552153,8525.861436359823
CASE_EX,10267,E1-S1-M-044,A-M-0267,SOL_1S_wall_0017,wall,S1,381,382,406.1259334938455,-1588.4951445443544,1459.7259058426137,3148.6826430287306,-2993.245879708492,-10388.114936333506,-406.1259334938455,1588.4951445443544,-1459.7259058426137,-3148.6826430287306,-2787.2687074282576,4097.674163937863
CASE_EX,10268,E1-S1-M-057,A-M-0268,SOL_1S_wall_0018,wall,S1,383,384,0.0,-790.0297968731925,0.0,-0.0,0.0,-3128.5179956178426,0.0,790.0297968731925,0.0,0.0,0.0,4.547473508864641e-13
CASE_EX,10269,E1-S1-M-041,A-M-0269,SOL_1S_wall_0019,wall,S1,385,386,6388.494467824159,547.1484082825672,-16724.647367260488,297.94996042703656,34222.337974967726,1753.5568779986304,-6388.494467824159,-547.1484082825672,16724.647367260488,-297.94996042703656,32007.26559938379,413.1508188003355
CASE_EX,10270,E1-S1-M-042,A-M-0270,SOL_1S_wall_0020,wall,S1,387,388,0.0,0.0,0.0,-0.0,0.0,0.0,0.0,0.0,0.0,0.0,0.0,0.0
CASE_EX,10271,E1-S1-M-043,A-M-0271,SOL_1S_wall_0021,wall,S1,389,390,0.0,0.0,0.0,-0.0,0.0,0.0,0.0,0.0,0.0,0.0,0.0,0.0
CASE_EX,10272,E1-S1-M-010,A-M-0272,SOL_1S_wall_0022,wall,S1,391,392,36498.4967530343,-87077.59245083532,-1169.8121005180287,2625.606514737835,2034.2296377762866,-186495.69541376783,-36498.4967530343,87077.59245083532,1169.8121005180287,-2625.606514737835,2598.2262802751065,-158331.57069154002
CASE_EX,10273,E1-S1-M-047,A-M-0273,SOL_1S_wall_0023,wall,S1,393,394,-432.15647669380206,316.43626455302405,809.5882866527901,-96.62929142026532,-1636.2189219671727,891.3201576075954,432.15647669380206,-316.43626455302405,-809.5882866527901,96.62929142026532,-1569.7506931778757,361.7674500223797
CASE_EX,10274,E1-S1-M-031,A-M-0274,SOL_1S_wall_0024,wall,S1,395,396,0.0,0.0,0.0,-0.0,0.0,0.0,0.0,0.0,0.0,0.0,0.0,0.0
CASE_EX,10275,E1-S1-M-006,A-M-0275,SOL_1S_wall_0025,wall,S1,397,398,64400.281433678974,-198738.4603698385,2194.7083280579154,389.8477470333004,-4180.151198198754,-493335.9849997227,-64400.281433678974,198738.4603698385,-2194.7083280579154,-389.8477470333004,-4510.893780910592,-293668.3180648377
CASE_EX,10276,E1-S1-M-045,A-M-0276,SOL_1S_wall_0026,wall,S1,399,400,7560.657761056819,-47221.239770850654,1682.1275220845293,1557.040299593037,-3289.603684148562,-106146.58470278766,-7560.657761056819,47221.239770850654,-1682.1275220845293,-1557.040299593037,-3371.621303306174,-80849.52478978095
CASE_EX,10277,E1-S1-M-009,A-M-0277,SOL_1S_wall_0027,wall,S1,401,402,-512.5671035379601,-2924.7490438796863,-462.5653135976277,3491.2784695161854,1102.9607939915081,-7956.987988871968,512.5671035379601,2924.7490438796863,462.5653135976277,-3491.2784695161854,728.7978478550978,-3625.0182248915908
CASE_EX,10278,E1-S1-M-046,A-M-0278,SOL_1S_wall_0028,wall,S1,403,404,1937.2038480717579,-2959.233439128396,833.8475432408627,-547.0739654576124,-1669.5009166753239,-5983.369851373496,-1937.2038480717579,2959.233439128396,-833.8475432408627,547.0739654576124,-1632.5353545584921,-5735.194567574951
CASE_EX,10279,E1-S1-M-012,A-M-0279,SOL_1S_wall_0029,wall,S1,405,406,-8259.377481157,421.02891405489106,-24404.007357341736,-1215.91848709656,49288.70546798571,2051.095222781181,8259.377481157,-421.02891405489106,24404.007357341736,1215.91848709656,47351.16366708756,-383.8207231238123
CASE_EX,10280,E1-S1-M-013,A-M-0280,SOL_1S_wall_0030,wall,S1,407,408,23464.68028419312,3180.566110893941,-40706.4837138302,325.7238016308762,77215.34452595665,9486.962920050124,-23464.68028419312,-3180.566110893941,40706.4837138302,-325.7238016308762,83982.33098081093,3108.078879089883
CASE_EX,10281,E1-S1-M-014,A-M-0281,SOL_1S_wall_0031,wall,S1,409,410,0.0,0.0,0.0,-0.0,0.0,0.0,0.0,0.0,0.0,0.0,0.0,0.0
CASE_EX,10282,E1-S1-M-048,A-M-0282,SOL_1S_wall_0032,wall,S1,411,412,0.0,0.0,0.0,-0.0,0.0,0.0,0.0,0.0,0.0,0.0,0.0,0.0
CASE_EX,10283,E1-S1-M-049,A-M-0283,SOL_1S_wall_0033,wall,S1,413,414,0.0,0.0,0.0,-0.0,0.0,0.0,0.0,0.0,0.0,0.0,0.0,0.0
CASE_EX,10284,E1-S1-M-030,A-M-0284,SOL_1S_wall_0034,wall,S1,415,416,0.0,0.0,0.0,-0.0,0.0,0.0,0.0,0.0,0.0,0.0,0.0,0.0
CASE_EX,10285,E1-S1-M-029,A-M-0285,SOL_1S_wall_0035,wall,S1,417,418,0.0,0.0,0.0,-0.0,0.0,0.0,0.0,0.0,0.0,0.0,0.0,0.0
CASE_EX,10286,E1-S1-M-028,A-M-0286,SOL_1S_wall_0036,wall,S1,419,420,0.0,-270590.0013326357,0.0,-0.0,0.0,-5124324.107907075,0.0,270590.0013326357,0.0,0.0,0.0,4052787.702629838
CASE_EX,10287,E1-S1-M-019,A-M-0287,SOL_1S_wall_0037,wall,S1,421,422,0.0,0.0,0.0,-0.0,0.0,0.0,0.0,0.0,0.0,0.0,0.0,0.0
CASE_EX,10288,E1-S1-M-020,A-M-0288,SOL_1S_wall_0038,wall,S1,423,424,0.0,0.0,0.0,-0.0,0.0,0.0,0.0,0.0,0.0,0.0,0.0,0.0
CASE_EX,10289,E1-S1-M-021,A-M-0289,SOL_1S_wall_0039,wall,S1,425,426,0.0,0.0,0.0,-0.0,0.0,0.0,0.0,0.0,0.0,0.0,0.0,0.0
CASE_EX,10290,E1-S1-M-034,A-M-0290,SOL_1S_wall_0040,wall,S1,427,428,0.0,0.0,0.0,-0.0,0.0,0.0,0.0,0.0,0.0,0.0,0.0,0.0
CASE_EX,10291,E1-S1-M-035,A-M-0291,SOL_1S_wall_0041,wall,S1,429,430,0.0,0.0,0.0,-0.0,0.0,0.0,0.0,0.0,0.0,0.0,0.0,0.0
CASE_EX,10292,E1-S1-M-038,A-M-0292,SOL_1S_wall_0042,wall,S1,431,432,0.0,0.0,0.0,-0.0,0.0,0.0,0.0,0.0,0.0,0.0,0.0,0.0
CASE_EX,10293,E1-S1-M-022,A-M-0293,SOL_1S_wall_0043,wall,S1,433,434,0.0,0.0,0.0,-0.0,0.0,0.0,0.0,0.0,0.0,0.0,0.0,0.0
CASE_EX,10294,E1-S1-M-032,A-M-0294,SOL_1S_wall_0044,wall,S1,435,436,0.0,0.0,0.0,-0.0,0.0,0.0,0.0,0.0,0.0,0.0,0.0,0.0
CASE_EX,10295,E1-S1-M-026,A-M-0295,SOL_1S_wall_0045,wall,S1,437,438,0.0,0.0,0.0,-0.0,0.0,0.0,0.0,0.0,0.0,0.0,0.0,0.0
CASE_EX,10296,E1-S1-M-027,A-M-0296,SOL_1S_wall_0046,wall,S1,439,440,0.0,0.0,0.0,-0.0,0.0,0.0,0.0,0.0,0.0,0.0,0.0,0.0
CASE_EX,10297,E1-S1-M-011,A-M-0297,SOL_1S_wall_0047,wall,S1,441,442,-10063.903154704352,-8676.115776559343,-2272.0516472724667,168.54678113341134,5646.818614192094,-17997.562338719974,10063.903154704352,8676.115776559343,2272.0516472724667,-168.54678113341134,3350.505909006873,-16359.856136455022
CASE_EX,10298,E1-S1-M-024,A-M-0298,SOL_1S_wall_0048,wall,S1,443,444,4098.892020801424,-4594.554757607406,-1953.1556727571456,1844.764948521366,4051.1609784386815,-11350.196167375952,-4098.892020801424,4594.554757607406,1953.1556727571456,-1844.764948521366,3683.335485679615,-6844.2406727493735
CASE_EX,10299,E1-S1-M-037,A-M-0299,SOL_1S_wall_0049,wall,S1,445,446,0.0,0.0,0.0,-0.0,0.0,0.0,0.0,0.0,0.0,0.0,0.0,0.0
CASE_EX,10300,E1-S1-M-053,A-M-0300,SOL_1S_wall_0050,wall,S1,447,448,0.0,0.0,0.0,-0.0,0.0,0.0,0.0,0.0,0.0,0.0,0.0,0.0
CASE_EX,10301,E1-S1-M-007,A-M-0301,SOL_1S_wall_0051,wall,S1,449,450,25.284820479968666,2466.231665407777,-836.9004425244561,1241.500275739014,1712.6500035487352,4812.972405609587,-25.284820479968666,-2466.231665407777,836.9004425244561,-1241.500275739014,1601.475748848111,4953.304989405209
CASE_EX,10302,E1-S1-M-023,A-M-0302,SOL_1S_wall_0052,wall,S1,451,452,3889.8443595985664,-3706.3375207056465,-1441.1396605014531,518.8333461764669,3657.6621782376087,-9815.864423382349,-3889.8443595985664,3706.3375207056465,1441.1396605014531,-518.8333461764669,2049.250877348145,-4861.232158612011
CASE_EX,10303,E1-S1-M-036,A-M-0303,SOL_1S_wall_0053,wall,S1,453,454,0.0,0.0,0.0,-0.0,0.0,0.0,0.0,0.0,0.0,0.0,0.0,0.0
CASE_EX,10304,E1-S1-M-054,A-M-0304,SOL_1S_wall_0054,wall,S1,455,456,0.0,0.0,0.0,-0.0,0.0,0.0,0.0,0.0,0.0,0.0,0.0,0.0
CASE_EX,10305,E1-S1-M-025,A-M-0305,SOL_1S_wall_0055,wall,S1,457,458,-59241.13764498576,6326.270812556315,-19674.512079059048,1377.9105565734199,38277.75869870455,11918.017009666604,59241.13764498576,-6326.270812556315,19674.512079059048,-1377.9105565734199,39633.30913436928,13134.015408056404
CASE_EX,10306,E1-S1-M-055,A-M-0306,SOL_1S_wall_0056,wall,S1,459,460,0.0,0.0,0.0,-0.0,0.0,0.0,0.0,0.0,0.0,0.0,0.0,0.0
CASE_EX,10307,E1-S1-M-058,A-M-0307,SOL_1S_wall_0057,wall,S1,461,462,0.0,0.0,0.0,-0.0,0.0,0.0,0.0,0.0,0.0,0.0,0.0,0.0
CASE_EX,10308,E1-S1-M-018,A-M-0308,SOL_1S_wall_0058,wall,S1,463,464,0.0,0.0,0.0,-0.0,0.0,0.0,0.0,0.0,0.0,0.0,0.0,0.0
CASE_EX,10309,E1-S1-M-039,A-M-0309,SOL_1S_wall_0059,wall,S1,465,466,0.0,0.0,0.0,-0.0,0.0,0.0,0.0,0.0,0.0,0.0,0.0,0.0
CASE_EX,10310,E1-S1-M-017,A-M-0310,SOL_1S_wall_0060,wall,S1,467,468,0.0,0.0,0.0,-0.0,0.0,0.0,0.0,0.0,0.0,0.0,0.0,0.0
CASE_EX,10311,E1-P1-M-010,A-M-0311,SOL_1_wall_0061,wall,P1,420,469,0.0,-270590.00133263326,0.0,-0.0,0.0,-4052787.7026298256,0.0,270590.00133263326,0.0,0.0,0.0,2981251.297352598
CASE_EX,10333,E1-P1-M-016,A-M-0333,SOL_1_wall_0083,wall,P1,512,513,0.0,-7.680108212021298e-07,3.765594767558566e-10,-0.0,-6.778070581605419e-11,-1.6906752215834807e-07,0.0,7.680108212021298e-07,-3.765594767558566e-10,0.0,-1.4233948221371377e-09,-2.8722553298020856e-06
CASE_EX,10350,E1-P2-M-007,A-M-0350,SOL_2_wall_0100,wall,P2,469,546,0.0,-270590.00133262225,0.0,-0.0,0.0,-2981251.297352588,0.0,270590.00133262225,0.0,0.0,0.0,1909714.8920754036
CASE_EX,10362,E1-P3-M-007,A-M-0362,SOL_3_wall_0112,wall,P3,546,568,0.0,-241125.61768629,0.0,-0.0,0.0,-1909714.8920754257,0.0,241125.61768629,0.0,0.0,0.0,954857.4460377176
CASE_EX,10374,E1-P4-M-007,A-M-0374,SOL_4_wall_0124,wall,P4,568,580,0.0,-241125.61768629085,0.0,-0.0,0.0,-954857.4460377119,0.0,241125.61768629085,0.0,0.0,0.0,0.0
CASE_EX,10385,E2-S1-V-030,A-V-0385,SOL2_1S_beam_0001,beam,S1,595,596,0.0,3.379513606468967e-11,-7.92073501516164e-10,1.9413038585817533e-11,-6.316786174591407e-10,-1.633431576460001e-10,0.0,-3.379513606468967e-11,7.92073501516164e-10,-1.9413038585817533e-11,4.077198349054453e-09,3.1035199952740016e-10
CASE_EX,10386,E2-S1-V-029,A-V-0386,SOL2_1S_beam_0002,beam,S1,597,598,-450.2438055720148,4551.408430920261,-2056.4043734418515,18750.043239715884,-694.9893832086655,1078.4774835475946,450.2438055720148,-4551.408430920261,2056.4043734418515,-18750.043239715884,7172.663159550499,13258.459073851227
CASE_EX,10387,E2-S1-V-056,A-V-0387,SOL2_1S_beam_0003,beam,S1,12,599,-11143.57076267341,2813.6033599380594,-58501.99529308657,3770.486871316197,297738.81384618406,14637.385265272957,11143.57076267341,-2813.6033599380594,58501.99529308657,-3770.486871316197,-22219.87984421727,-1386.538100986665
CASE_EX,10388,E2-S1-V-055,A-V-0388,SOL2_1S_beam_0004,beam,S1,12,600,12925.424492542976,11558.314526266468,-57909.927392475845,-7475.457909911721,290893.59065446066,31199.99657386918,-12925.424492542976,-11558.314526266468,57909.927392475845,7475.457909911721,-18163.038758365845,23234.633923472415
CASE_EX,10389,E2-S1-V-078,A-V-0389,SOL2_1S_beam_0005,beam,S1,14,601,-10484.38700784557,937.222457903935,-61082.62379620393,2690.816838721183,296913.67195071775,2837.5551321785824,10484.38700784557,-937.222457903935,61082.62379620393,-2690.816838721183,27342.445466624777,2137.675080102426
CASE_EX,10390,E2-S1-V-077,A-V-0390,SOL2_1S_beam_0006,beam,S1,14,602,91180.62673851314,1511.3788608352156,-34101.37516122544,-8484.09133037014,206798.7678359107,1900.5817697637626,-91180.62673851314,-1511.3788608352156,34101.37516122544,8484.09133037014,-46196.13393681866,5217.354815548484
CASE_EX,10391,E2-S1-V-072,A-V-0391,SOL2_1S_beam_0007,beam,S1,14,6,-3003.3627686894934,-2678.200524025204,-712.9803783821164,10976.463777490522,3310.3096327287717,-8734.747576919217,3003.3627686894934,2678.200524025204,712.9803783821164,-10976.463777490522,1858.798110541573,-10682.20622226351
CASE_EX,10392,E2-S1-V-070,A-V-0392,SOL2_1S_beam_0008,beam,S1,14,6,-3003.3627686894934,-2678.200524025204,-712.9803783821164,10976.463777490522,3310.3096327287717,-8734.747576919217,3003.3627686894934,2678.200524025204,712.9803783821164,-10976.463777490522,1858.798110541573,-10682.20622226351
CASE_EX,10393,E2-S1-V-076,A-V-0393,SOL2_1S_beam_0009,beam,S1,6,603,91160.34745699319,-1482.3738936010777,-34821.065838396564,-1915.5877736790592,258064.51483551797,-5867.094089121467,-91160.34745699319,1482.3738936010777,34821.065838396564,1915.5877736790592,-94072.45110258958,-1114.241725343978
CASE_EX,10394,E2-S1-V-075,A-V-0394,SOL2_1S_beam_0010,beam,S1,6,604,205171.36582096608,5515.071591516618,-69960.07921573214,5125.006251485654,369540.47814604675,14691.243785921954,-205171.36582096608,-5515.071591516618,69960.07921573214,-5125.006251485654,-40058.95616299173,11282.342896492568
CASE_EX,10395,E2-S1-V-061,A-V-0395,SOL2_1S_beam_0012,beam,S1,606,607,4149.07308218578,1962.7453307996839,11807.550110206286,9352.779008825508,-93636.15527114959,8589.501032486907,-4149.07308218578,-1962.7453307996839,-11807.550110206286,-9352.779008825508,-4366.510643562586,7701.2852131504715
CASE_EX,10396,E2-S1-V-057,A-V-0396,SOL2_1S_beam_0013,beam,S1,608,605,-14152.285489199392,5164.128003481056,-27712.15056890398,-19390.56098273271,175404.80338701917,23664.25124285273,14152.285489199392,-5164.128003481056,27712.15056890398,19390.56098273271,71233.33667622626,22296.48798812867
CASE_EX,10397,E2-S1-V-083,A-V-0397,SOL2_1S_beam_0015,beam,S1,604,610,5726.411696511546,2546.7146856312465,-9212.529284165304,21507.112517466685,53719.92195885275,8220.730855788779,-5726.411696511546,-2546.7146856312465,9212.529284165304,-21507.112517466685,22943.600559705774,12972.159025800816
CASE_EX,10398,E2-S1-V-080,A-V-0398,SOL2_1S_beam_0016,beam,S1,604,609,-1694.015617307269,482.95873803803573,4165.475291591828,1004.7961387248479,-37697.81571829095,1871.9710788355183,1694.015617307269,-482.95873803803573,-4165.475291591828,-1004.7961387248479,625.085623123683,2426.361689703
CASE_EX,10399,E2-S1-V-081,A-V-0399,SOL2_1S_beam_0017,beam,S1,603,602,2144.4260971104222,-776.7085807991009,-1694.800929822286,1370.159829731881,7475.028105981229,-3135.621193940546,-2144.4260971104222,776.7085807991009,1694.800929822286,-1370.159829731881,3795.398077336974,-2029.4908683734752
CASE_EX,10400,E2-S1-V-084,A-V-0400,SOL2_1S_beam_0018,beam,S1,603,602,2144.4260971104222,-776.7085807991009,-1694.800929822286,1370.159829731881,7475.028105981229,-3135.621193940546,-2144.4260971104222,776.7085807991009,1694.800929822286,-1370.159829731881,3795.398077336974,-2029.4908683734752
CASE_EX,10401,E2-S1-V-088,A-V-0401,SOL2_1S_beam_0019,beam,S1,603,408,89494.76158929666,1960.2409091933505,-31431.463978743806,5090.508967791144,91149.32903258859,7385.484113225107,-89494.76158929666,-1960.2409091933505,31431.463978743806,-5090.508967791144,84561.6098980955,3572.8273073830287
CASE_EX,10402,E2-S1-V-087,A-V-0402,SOL2_1S_beam_0020,beam,S1,604,398,201564.90726202168,-7505.2698544888,-64913.02522315556,-8675.070891376945,58406.389659843524,-21375.044831116775,-201564.90726202168,7505.2698544888,64913.02522315556,8675.070891376945,284978.74036000285,-18327.280795487066
CASE_EX,10403,E2-S1-V-090,A-V-0403,SOL2_1S_beam_0021,beam,S1,601,61,-10521.086046401584,-327.8799627222983,-61082.62379620986,5952.9849751675865,-26821.85283011425,-2137.6750801040607,10521.086046401584,327.8799627222983,61082.62379620986,-5952.9849751675865,315351.7348525185,588.9012868007501
CASE_EX,10404,E2-S1-V-089,A-V-0404,SOL2_1S_beam_0022,beam,S1,602,392,92581.62925753402,-3429.8345968361477,-37490.97702087431,3887.558816367974,49273.1729557675,-1158.3730788015218,-92581.62925753402,3429.8345968361477,37490.97702087431,-3887.558816367974,152903.4062730998,-17337.603319014488
CASE_EX,10405,E2-S1-V-071,A-V-0405,SOL2_1S_beam_0023,beam,S1,6,4,-2026.567351817374,829.8208298506048,446.1375389906217,-8798.67472370605,-2308.257306846176,4852.050261453762,2026.567351817374,-829.8208298506048,-446.1375389906217,8798.67472370605,-1662.366790170357,2533.355124216622
CASE_EX,10406,E2-S1-V-069,A-V-0406,SOL2_1S_beam_0024,beam,S1,6,4,-2026.567351817374,829.8208298506048,446.1375389906217,-8798.67472370605,-2308.257306846176,4852.050261453762,2026.567351817374,-829.8208298506048,-446.1375389906217,8798.67472370605,-1662.366790170357,2533.355124216622
CASE_EX,10407,E2-S1-V-074,A-V-0407,SOL2_1S_beam_0025,beam,S1,4,609,60456.824072549316,3345.6715177929004,-43637.680800674745,-4916.397617156334,246752.70274963853,6868.041332165489,-60456.824072549316,-3345.6715177929004,43637.680800674745,4916.397617156334,-41238.22010188486,8888.615265357012
CASE_EX,10408,E2-S1-V-073,A-V-0408,SOL2_1S_beam_0026,beam,S1,4,609,60456.824072549316,3345.6715177929004,-43637.680800674745,-4916.397617156334,246752.70274963853,6868.041332165489,-60456.824072549316,-3345.6715177929004,43637.680800674745,4916.397617156334,-41238.22010188486,8888.615265357012
CASE_EX,10409,E2-S1-V-086,A-V-0409,SOL2_1S_beam_0028,beam,S1,610,16,3301.3452734800208,-5327.163034227127,-9212.529284162201,-19807.750782099705,-24425.759035011724,-12972.159025800807,-3301.3452734800208,5327.163034227127,9212.529284162201,19807.750782099705,67527.75751628037,-11951.655697422537
CASE_EX,10410,E2-S1-V-085,A-V-0410,SOL2_1S_beam_0029,beam,S1,609,16,121418.75459424996,-6242.559913240243,-83109.88630975781,-518.4495901677549,82092.70433025355,-20203.59222041946,-121418.75459424996,6242.559913240243,83109.88630975781,518.4495901677549,356522.513955925,-12741.72753137693
CASE_EX,10411,E2-S1-V-063,A-V-0411,SOL2_1S_beam_0030,beam,S1,4,605,93378.01936096848,-3993.782454259935,98130.5584879292,-21023.251514830292,-377992.2393358114,-12194.58812631359,-93378.01936096848,3993.782454259935,-98130.5584879292,21023.251514830292,-142932.2383266694,-9006.341236977962
CASE_EX,10412,E2-S1-V-064,A-V-0412,SOL2_1S_beam_0031,beam,S1,4,607,2223.0557528981553,-4015.619478286037,-11807.55011020452,4953.416087569842,46552.784726102065,-11210.534673882477,-2223.0557528981553,4015.619478286037,11807.55011020452,-4953.416087569842,9055.636888242414,-7701.285213150477
CASE_EX,10413,E2-S1-V-051,A-V-0413,SOL2_1S_beam_0032,beam,S1,605,2,44465.19946845588,-3606.1758399024843,35209.203959512575,17150.541115717417,62281.55880159867,-6645.0733755753245,-44465.19946845588,3606.1758399024843,-35209.203959512575,-17150.541115717417,-228101.58414232612,-10338.445190858836
CASE_EX,10414,E2-S1-V-052,A-V-0414,SOL2_1S_beam_0033,beam,S1,605,2,44465.19946845588,-3606.1758399024843,35209.203959512575,17150.541115717417,62281.55880159867,-6645.0733755753245,-44465.19946845588,3606.1758399024843,-35209.203959512575,-17150.541115717417,-228101.58414232612,-10338.445190858836
CASE_EX,10415,E2-S1-V-054,A-V-0415,SOL2_1S_beam_0034,beam,S1,8,608,-6543.638720770603,981.895166722907,-43080.26226971664,-13273.373151476055,224637.62623252205,1589.4349056143005,6543.638720770603,-981.895166722907,43080.26226971664,13273.373151476055,-21748.34224120938,3034.863945764339
CASE_EX,10416,E2-S1-V-053,A-V-0416,SOL2_1S_beam_0035,beam,S1,8,608,-6543.638720770603,981.895166722907,-43080.26226971664,-13273.373151476055,224637.62623252205,1589.4349056143005,6543.638720770603,-981.895166722907,43080.26226971664,13273.373151476055,-21748.34224120938,3034.863945764339
CASE_EX,10417,E2-S1-V-066,A-V-0417,SOL2_1S_beam_0036,beam,S1,606,6,-1684.7866927789223,-278.96673508686075,-30357.227752626033,-21045.86660369942,-11558.307278450418,-310.50004194944745,1684.7866927789223,278.96673508686075,30357.227752626033,21045.86660369942,154527.63657664025,-1003.3118560564292
CASE_EX,10418,E2-S1-V-065,A-V-0418,SOL2_1S_beam_0037,beam,S1,606,6,-1684.7866927789223,-278.96673508686075,-30357.227752626033,-21045.86660369942,-11558.307278450418,-310.50004194944745,1684.7866927789223,278.96673508686075,30357.227752626033,21045.86660369942,154527.63657664025,-1003.3118560564292
CASE_EX,10419,E2-S1-V-058,A-V-0419,SOL2_1S_beam_0039,beam,S1,608,600,-11358.82185977709,-7873.374618528097,-58448.373970527864,25708.817171473835,199126.8899381688,-29733.97913438137,11358.82185977709,7873.374618528097,58448.373970527864,-25708.817171473835,224623.82134815824,-27347.98684994733
CASE_EX,10420,E2-S1-V-062,A-V-0420,SOL2_1S_beam_0040,beam,S1,606,600,4791.216754987687,-1765.6233312931151,48906.905395051755,23918.21398275714,-136607.9901168921,-7968.500948588014,-4791.216754987687,1765.6233312931151,-48906.905395051755,-23918.21398275714,-219179.24241661438,-4876.029566338531
CASE_EX,10421,E2-S1-V-040,A-V-0421,SOL2_1S_beam_0041,beam,S1,598,612,-7878.594770872488,-6607.046760990083,-30563.862269908976,24614.08876176108,170889.5688094187,-26812.18149133999,7878.594770872488,6607.046760990083,30563.862269908976,-24614.08876176108,-43789.36996806001,-663.3040889873373
CASE_EX,10422,E2-S1-V-036,A-V-0422,SOL2_1S_beam_0042,beam,S1,598,613,4658.331906660048,5523.656688218242,46423.283791176924,-2233.8591811058577,-166649.64739785125,15432.572746298349,-4658.331906660048,-5523.656688218242,-46423.283791176924,2233.8591811058577,-10455.180265488802,5640.177519254254
CASE_EX,10423,E2-S1-V-044,A-V-0423,SOL2_1S_beam_0043,beam,S1,614,8,-8238.600232810219,6152.299461957912,-30563.862269910016,-28919.1344752925,-20621.284199129863,20118.558569184708,8238.600232810219,-6152.299461957912,30563.862269910016,28919.1344752925,126464.51733036007,1186.9708333030267
CASE_EX,10424,E2-S1-V-043,A-V-0424,SOL2_1S_beam_0044,beam,S1,615,8,-1257.377889625899,1783.5266519252546,-3679.176846610754,13906.8371511583,-14697.70235285163,-5278.355912603118,1257.377889625899,-1783.5266519252546,3679.176846610754,-13906.8371511583,27438.761361294575,11454.742442172535
CASE_EX,10425,E2-S1-V-038,A-V-0425,SOL2_1S_beam_0045,beam,S1,615,616,1667.8954765727917,1407.1571179750438,3679.1768466127705,-13437.703669876639,-15127.811939683688,5278.355912603127,-1667.8954765727917,-1407.1571179750438,-3679.1768466127705,13437.703669876639,-1373.296217374591,1032.743761514947
CASE_EX,10426,E2-S1-V-034,A-V-0426,SOL2_1S_beam_0046,beam,S1,617,618,11058.229256570785,-1303.0581927577532,-26213.278814549027,-851.0282442362869,139815.89482176362,-4697.299660023865,-11058.229256570785,1303.0581927577532,26213.278814549027,851.0282442362869,-30113.322982875936,-755.9988766673328
CASE_EX,10427,E2-S1-V-042,A-V-0427,SOL2_1S_beam_0047,beam,S1,619,2,1546.3561801664157,-1539.7236893347922,3679.1768466116273,14187.322659034155,14722.092397014218,-6401.048166589697,-1546.3561801664157,1539.7236893347922,-3679.1768466116273,-14187.322659034155,-27463.151405460187,1068.9559078052807
CASE_EX,10428,E2-S1-V-041,A-V-0428,SOL2_1S_beam_0048,beam,S1,620,2,19912.309837363962,-9003.603852547447,-69542.12193508464,-17887.773496619415,-18394.671252396365,-11649.807046029373,-19912.309837363962,9003.603852547447,69542.12193508464,17887.773496619415,300811.898299437,-24914.691745654036
CASE_EX,10429,E2-S1-V-023,A-V-0429,SOL2_1S_beam_0049,beam,S1,620,621,21298.269390521706,-354.5269435167138,43128.11556901297,17576.2555091319,-57833.95303968125,3666.462128862616,-21298.269390521706,354.5269435167138,-43128.11556901297,-17576.2555091319,-103896.48034411737,-4995.938167050293
CASE_EX,10430,E2-S1-V-024,A-V-0430,SOL2_1S_beam_0050,beam,S1,620,622,-765.5742521488767,2944.7497877644346,2881.0951904758226,15428.24022698215,16738.66719067374,8009.193837655859,765.5742521488767,-2944.7497877644346,-2881.0951904758226,-15428.24022698215,-25977.28426243366,1433.540214046487
CASE_EX,10431,E2-S1-V-015,A-V-0431,SOL2_1S_beam_0051,beam,S1,621,623,-470.7561380661456,-1586.9560502903782,195.25202412947087,-14407.45592816757,6707.0496597075735,-6509.240066428489,470.7561380661456,1586.9560502903782,-195.25202412947087,14407.45592816757,-7569.087346239187,-497.17089560353133
CASE_EX,10432,E2-S1-V-019,A-V-0432,SOL2_1S_beam_0052,beam,S1,622,623,-3030.3609835251373,273.07060922789026,2881.095190475376,-19247.032401839133,23289.517768200087,-1433.5402140470133,3030.3609835251373,-273.07060922789026,-2881.095190475376,19247.032401839133,-34416.00189804254,2488.1099519525537
CASE_EX,10433,E2-S1-V-032,A-V-0433,SOL2_1S_beam_0053,beam,S1,10,617,-3544.733858129327,-1235.969913621624,-37346.48348958415,-12711.132156008047,123932.37331579797,681.0363616521386,3544.733858129327,1235.969913621624,37346.48348958415,12711.132156008047,5399.205386913309,-4961.223549886879
CASE_EX,10434,E2-S1-V-031,A-V-0434,SOL2_1S_beam_0054,beam,S1,10,617,-3544.733858129327,-1235.969913621624,-37346.48348958415,-12711.132156008047,123932.37331579797,681.0363616521386,3544.733858129327,1235.969913621624,37346.48348958415,12711.132156008047,5399.205386913309,-4961.223549886879
CASE_EX,10435,E2-S1-V-017,A-V-0435,SOL2_1S_beam_0055,beam,S1,10,624,-60.267547913436516,322.4896678450046,31451.243568339676,29488.3457359568,-119415.02397451465,642.7368376093316,60.267547913436516,-322.4896678450046,-31451.243568339676,-29488.3457359568,29752.912169605406,276.62600384454885
CASE_EX,10436,E2-S1-V-021,A-V-0436,SOL2_1S_beam_0056,beam,S1,10,624,-60.267547913436516,322.4896678450046,31451.243568339676,29488.3457359568,-119415.02397451465,642.7368376093316,60.267547913436516,-322.4896678450046,-31451.243568339676,-29488.3457359568,29752.912169605406,276.62600384454885
CASE_EX,10437,E2-S1-V-046,A-V-0437,SOL2_1S_beam_0057,beam,S1,596,12,0.0,9.33170572292814e-11,-8.436028611129236e-10,3.7165316731724835e-10,-4.219818292580602e-09,-3.1546447862482915e-10,0.0,-9.33170572292814e-11,8.436028611129236e-10,-3.7165316731724835e-10,7.141230956674866e-09,6.386232128258736e-10
CASE_EX,10438,E2-S1-V-045,A-V-0438,SOL2_1S_beam_0058,beam,S1,598,12,1870.953391062921,2234.758553870604,-17915.82589470968,11994.985362101908,-10621.443104924881,-1878.8503288087832,-1870.953391062921,-2234.758553870604,17915.82589470968,-11994.985362101908,83379.33039177785,10954.41915446145
CASE_EX,10439,E2-S1-V-047,A-V-0439,SOL2_1S_beam_0059,beam,S1,2,8,-216.50653162689906,4211.404289899081,-2579.8629565202045,-16746.79589303552,11956.733032841918,17462.101618773144,216.50653162689906,-4211.404289899081,2579.8629565202045,16746.79589303552,11004.047280187904,20019.39656132868
CASE_EX,10440,E2-S1-V-049,A-V-0440,SOL2_1S_beam_0060,beam,S1,2,8,-216.50653162689906,4211.404289899081,-2579.8629565202045,-16746.79589303552,11956.733032841918,17462.101618773144,216.50653162689906,-4211.404289899081,2579.8629565202045,16746.79589303552,11004.047280187904,20019.39656132868
CASE_EX,10441,E2-S1-V-048,A-V-0441,SOL2_1S_beam_0061,beam,S1,8,12,3171.2568343780395,-6097.947910142542,-2848.27142570954,19532.594921057957,10773.298429884973,-26354.659570350534,-3171.2568343780395,6097.947910142542,2848.27142570954,-19532.594921057957,9876.66940650919,-17855.462778182904
CASE_EX,10442,E2-S1-V-050,A-V-0442,SOL2_1S_beam_0062,beam,S1,8,12,3171.2568343780395,-6097.947910142542,-2848.27142570954,19532.594921057957,10773.298429884973,-26354.659570350534,-3171.2568343780395,6097.947910142542,2848.27142570954,-19532.594921057957,9876.66940650919,-17855.462778182904
CASE_EX,10443,E2-S1-V-068,A-V-0443,SOL2_1S_beam_0063,beam,S1,599,14,-11400.673954721928,1456.0791831432218,-58501.995293084925,1076.9258709793678,22511.771636338497,1386.5381009868343,11400.673954721928,-1456.0791831432218,58501.995293084925,-1076.9258709793678,288045.12124032684,6343.034619292717
CASE_EX,10444,E2-S1-V-067,A-V-0444,SOL2_1S_beam_0064,beam,S1,600,14,23078.196068681445,2973.7100860073147,-67451.39596795372,748.3346477896246,50108.498663398466,8989.382492813513,-23078.196068681445,-2973.7100860073147,67451.39596795372,-748.3346477896246,307956.14250068483,6796.509253268411
CASE_EX,10445,E2-S1-V-006,A-V-0445,SOL2_1S_beam_0065,beam,S1,257,625,3553.492234204653,77.96400897708871,-20411.699230049227,-30215.228537391846,30955.56390372824,471.35797320665023,-3553.492234204653,-77.96400897708871,20411.699230049227,30215.228537391846,17684.688779140797,-285.5728970071946
CASE_EX,10446,E2-S1-V-003,A-V-0446,SOL2_1S_beam_0066,beam,S1,257,625,3553.492234204653,77.96400897708871,-20411.699230049227,-30215.228537391846,30955.56390372824,471.35797320665023,-3553.492234204653,-77.96400897708871,20411.699230049227,30215.228537391846,17684.688779140797,-285.5728970071946
CASE_EX,10447,E2-S1-V-005,A-V-0447,SOL2_1S_beam_0067,beam,S1,625,626,2653.918692241092,21.646492941629926,1651.2032105916535,2458.583706042589,-28760.85194515163,530.2674677074644,-2653.918692241092,-21.646492941629926,-1651.2032105916535,-2458.583706042589,16178.683480443233,-365.32119149224445
CASE_EX,10448,E2-S1-V-002,A-V-0448,SOL2_1S_beam_0068,beam,S1,625,626,2653.918692241092,21.646492941629926,1651.2032105916535,2458.583706042589,-28760.85194515163,530.2674677074644,-2653.918692241092,-21.646492941629926,-1651.2032105916535,-2458.583706042589,16178.683480443233,-365.32119149224445
CASE_EX,10449,E2-S1-V-004,A-V-0449,SOL2_1S_beam_0069,beam,S1,626,259,1499.867668827606,1131.3028562676084,9625.535978687598,39323.062663239325,-18524.803032131273,2950.18929073165,-1499.867668827606,-1131.3028562676084,-9625.535978687598,-39323.062663239325,-6820.635133271558,28.695901050031125
CASE_EX,10450,E2-S1-V-001,A-V-0450,SOL2_1S_beam_0070,beam,S1,626,259,1499.867668827606,1131.3028562676084,9625.535978687598,39323.062663239325,-18524.803032131273,2950.18929073165,-1499.867668827606,-1131.3028562676084,-9625.535978687598,-39323.062663239325,-6820.635133271558,28.695901050031125
CASE_EX,10451,E2-S1-V-011,A-V-0451,SOL2_1S_beam_0071,beam,S1,625,624,584.9734694739899,-808.1047087180683,-22062.90244064093,4420.441413054284,30787.586817648735,-244.69457070051976,-584.9734694739899,808.1047087180683,22062.90244064093,-4420.441413054284,36829.00031234815,-2231.918948042334
CASE_EX,10452,E2-S1-V-010,A-V-0452,SOL2_1S_beam_0072,beam,S1,625,624,584.9734694739899,-808.1047087180683,-22062.90244064093,4420.441413054284,30787.586817648735,-244.69457070051976,-584.9734694739899,808.1047087180683,22062.90244064093,-4420.441413054284,36829.00031234815,-2231.918948042334
CASE_EX,10453,E2-S1-V-018,A-V-0453,SOL2_1S_beam_0073,beam,S1,624,627,-1910.7101741702127,-377.4062583920801,18776.6822553974,-9258.488659328012,-54557.32815276466,3910.5858883958617,1910.7101741702127,377.4062583920801,-18776.6822553974,9258.488659328012,-22708.719328195642,-5463.612641679271
CASE_EX,10454,E2-S1-V-022,A-V-0454,SOL2_1S_beam_0074,beam,S1,628,597,4551.408430920207,450.24380556752897,-2056.4043734419156,-694.9893832085725,-10904.860555035108,2796.157601787775,-4551.408430920207,-450.24380556752897,2056.4043734419156,694.9893832085725,18750.04323971602,-1078.4774835476514
CASE_EX,10455,E2-S1-V-028,A-V-0455,SOL2_1S_beam_0075,beam,S1,628,613,225.12190278336402,-2275.7042154601145,1028.2021867210767,-5452.4302775176075,347.49469160421404,-1398.0788008938928,-225.12190278336402,2275.7042154601145,-1028.2021867210767,5452.4302775176075,-3586.331579775606,-5770.389477805468
CASE_EX,10456,E2-S1-V-027,A-V-0456,SOL2_1S_beam_0076,beam,S1,628,613,225.12190278336402,-2275.7042154601145,1028.2021867210767,-5452.4302775176075,347.49469160421404,-1398.0788008938928,-225.12190278336402,2275.7042154601145,-1028.2021867210767,5452.4302775176075,-3586.331579775606,-5770.389477805468
CASE_EX,10457,E2-S1-V-039,A-V-0457,SOL2_1S_beam_0077,beam,S1,612,614,-6842.877212288528,-7674.656599682456,-30563.86226990865,18038.506774693804,46882.56137532189,663.3040889871318,6842.877212288528,7674.656599682456,30563.86226990865,-18038.506774693804,30596.829478896543,-20118.558569182158
CASE_EX,10458,E2-S1-V-035,A-V-0458,SOL2_1S_beam_0078,beam,S1,613,617,9209.740337581015,5973.900493785856,48479.6881646191,-9406.522340656898,-449.6802895466244,5900.601436356721,-9209.740337581015,-5973.900493785856,-48479.6881646191,9406.522340656898,-166078.04855591996,14619.746759797688
CASE_EX,10459,E2-S1-V-009,A-V-0459,SOL2_1S_beam_0079,beam,S1,626,623,-825.6265017889187,-1121.1290474786638,-7974.332768095872,3296.517702774414,34988.58321604828,-2584.86809923915,825.6265017889187,1121.1290474786638,7974.332768095872,-3296.517702774414,-10549.497385513285,-851.0769277928094
CASE_EX,10460,E2-S1-V-008,A-V-0460,SOL2_1S_beam_0080,beam,S1,626,623,-825.6265017889187,-1121.1290474786638,-7974.332768095872,3296.517702774414,34988.58321604828,-2584.86809923915,825.6265017889187,1121.1290474786638,7974.332768095872,-3296.517702774414,-10549.497385513285,-851.0769277928094
CASE_EX,10461,E2-S1-V-026,A-V-0461,SOL2_1S_beam_0081,beam,S1,629,618,364.42974270840216,434.3593985889745,1340.1838194767004,14250.140337663908,7658.863239289183,-350.51632504626514,-364.42974270840216,-434.3593985889745,-1340.1838194767004,-14250.140337663908,-11880.44227064079,1718.748430601535
CASE_EX,10462,E2-S1-V-025,A-V-0462,SOL2_1S_beam_0082,beam,S1,629,618,364.42974270840216,434.3593985889745,1340.1838194767004,14250.140337663908,7658.863239289183,-350.51632504626514,-364.42974270840216,-434.3593985889745,-1340.1838194767004,-14250.140337663908,-11880.44227064079,1718.748430601535
CASE_EX,10463,E2-S1-V-016,A-V-0463,SOL2_1S_beam_0083,beam,S1,623,10,-5570.349438795878,-274.2886812896108,-12872.318321586812,-20253.493143431002,28739.163974100367,-288.7852007632398,5570.349438795878,274.2886812896108,12872.318321586812,20253.493143431002,32975.81675170579,-1026.2631266780895
CASE_EX,10464,E2-S1-V-020,A-V-0464,SOL2_1S_beam_0084,beam,S1,629,10,-818.1374324131183,785.2131174123298,-2680.367638953343,-13381.450802717316,29459.048142454474,701.0326500925747,818.1374324131183,-785.2131174123298,2680.367638953343,13381.450802717316,-17410.735975525917,2828.5177812225497
CASE_EX,10465,E2-S1-V-037,A-V-0465,SOL2_1S_beam_0085,beam,S1,616,619,1667.895476572784,1407.1571179750233,3679.176846611896,-13437.703669876646,1373.2962173747637,-1032.7437615149793,-1667.895476572784,-1407.1571179750233,-3679.176846611896,13437.703669876646,-15409.355887199144,6401.048166589692
CASE_EX,10466,E2-S1-V-033,A-V-0466,SOL2_1S_beam_0086,beam,S1,618,620,10189.51045939416,-574.1987073221816,-23532.91117559608,-24611.91278551781,58613.60365820312,-2681.497984535348,-10189.51045939416,574.1987073221816,23532.91117559608,24611.91278551781,52344.072534732404,-25.848920488738486
CASE_EX,10467,E2-S1-V-014,A-V-0467,SOL2_1S_beam_0087,beam,S1,630,595,0.0,-1.0408340855860845e-10,4.391018798566292e-10,-0.0,-4.683753385137378e-10,-1.776356839400251e-10,0.0,1.0408340855860845e-10,-4.391018798566292e-10,0.0,-2.341876692568689e-10,1.1102230246251565e-11
CASE_EX,10468,E2-S1-V-012,A-V-0468,SOL2_1S_beam_0088,beam,S1,249,627,-334.03999561897007,1918.766826603572,-18776.682255397896,22912.56120319345,65123.917404611,298.0029267493969,334.03999561897007,-1918.766826603572,18776.682255397896,-22912.56120319345,-8741.858205872028,5463.612641679286
CASE_EX,10469,E2-S1-V-013,A-V-0469,SOL2_1S_beam_0089,beam,S1,621,631,0.0,1.561251128379126e-11,0.0,-0.0,1.9515639104739077e-11,3.2612801348363973e-11,0.0,-1.561251128379126e-11,0.0,0.0,-1.9515639104739077e-11,-7.632783294297954e-12
CASE_EX,10470,E2-S1-V-007,A-V-0470,SOL2_1S_beam_0090,beam,S1,621,247,22522.072370274374,4143.777478288678,42932.86354488347,-8742.383674765017,89721.76912209668,11505.178233477844,-22522.072370274374,-4143.777478288678,-42932.86354488347,8742.383674765017,-221730.57875191397,1235.996873741975
CASE_EX,10471,E2-P1-V-030,A-V-0471,SOL2_1_beam_0091,beam,P1,632,633,0.0,-5.0692704097034514e-11,-1.841570891025081e-09,1.7145822400612568e-11,-3.4455197315953123e-10,-3.9202357835040016e-10,0.0,5.0692704097034514e-11,1.841570891025081e-09,-1.7145822400612568e-11,8.355385349118633e-09,1.7151031552830006e-10
CASE_EX,10472,E2-P1-V-029,A-V-0472,SOL2_1_beam_0092,beam,P1,634,635,-1054.9311139032436,12540.901183434156,-1632.7401060717164,21593.182902862405,28.105187969893905,3300.0306471606236,1054.9311139032436,-12540.901183434156,1632.7401060717164,-21593.182902862405,5115.026146156013,36203.80808065697
CASE_EX,10473,E2-P1-V-056,A-V-0473,SOL2_1_beam_0093,beam,P1,22,636,-71846.17042124092,9629.382775689093,-58978.5385832491,3674.600134257974,299574.8959204289,41868.353328724486,71846.17042124092,-9629.382775689093,58978.5385832491,-3674.600134257974,-21811.65044406551,3481.848218474439
CASE_EX,10474,E2-P1-V-055,A-V-0474,SOL2_1_beam_0094,beam,P1,22,637,-43492.93537891883,32284.00053459748,-57453.804634149725,-8476.708651237866,289747.6602597787,80527.67976794764,43492.93537891883,-32284.00053459748,57453.804634149725,8476.708651237866,-19165.248021458945,71515.91067797286
CASE_EX,10475,E2-P1-V-078,A-V-0475,SOL2_1_beam_0095,beam,P1,23,638,-265301.31829144596,12442.774285189686,-31796.996565162488,2529.9644005802948,172850.68155639927,35216.351772199065,265301.31829144596,-12442.774285189686,31796.996565162488,-2529.9644005802948,-4056.841164871832,30835.91364909567
CASE_EX,10476,E2-P1-V-077,A-V-0476,SOL2_1_beam_0096,beam,P1,23,639,-29126.389631928996,36462.83439067277,-54233.001462097316,-8778.36659740478,276076.86807036167,78171.55709984619,29126.389631928996,-36462.83439067277,54233.001462097316,8778.36659740478,-20663.03687185631,93552.52191110721
CASE_EX,10477,E2-P1-V-072,A-V-0477,SOL2_1_beam_0097,beam,P1,23,19,8035.831163420837,-16146.153853128944,-1062.6566168719903,17970.19928533181,4075.1670363041067,-56248.42735131108,-8035.831163420837,16146.153853128944,1062.6566168719903,-17970.19928533181,3629.093436017823,-60811.18808387377
CASE_EX,10478,E2-P1-V-070,A-V-0478,SOL2_1_beam_0098,beam,P1,23,19,8035.831163420837,-16146.153853128944,-1062.6566168719903,17970.19928533181,4075.1670363041067,-56248.42735131108,-8035.831163420837,16146.153853128944,1062.6566168719903,-17970.19928533181,3629.093436017823,-60811.18808387377
CASE_EX,10479,E2-P1-V-076,A-V-0479,SOL2_1_beam_0099,beam,P1,19,640,-620449.9847776181,27338.46799647529,-87176.12062548185,-779.4193858445884,446021.98723604257,57131.67931129623,620449.9847776181,-27338.46799647529,87176.12062548185,779.4193858445884,-35460.40374082059,71620.6054936954
CASE_EX,10480,E2-P1-V-075,A-V-0480,SOL2_1_beam_0100,beam,P1,19,641,353395.55738344794,18265.408449838946,-92458.80052913124,-32.971671613411935,479136.73549692833,45642.88634651315,-353395.55738344794,-18265.408449838946,92458.80052913124,32.971671613411935,-43696.02901734732,40379.23717249193
CASE_EX,10481,E2-P1-V-061,A-V-0481,SOL2_1_beam_0102,beam,P1,643,644,10515.448127392845,6822.5513671492345,13644.775003051129,12954.991155035708,-109777.81322106352,31804.875665913703,-10515.448127392845,-6822.5513671492345,-13644.775003051129,-12954.991155035708,-3473.819304260862,24822.300681424953
CASE_EX,10482,E2-P1-V-057,A-V-0482,SOL2_1_beam_0103,beam,P1,645,642,-35492.58747013562,14729.280056981936,-33821.99552218126,-24585.71149064797,214154.22273607337,68234.89776829844,35492.58747013562,-14729.280056981936,33821.99552218126,24585.71149064797,86861.53741133984,62855.69473884078
CASE_EX,10483,E2-P1-V-083,A-V-0483,SOL2_1_beam_0105,beam,P1,641,647,6282.05044714653,-552.5977375987213,-5861.883065832054,17895.010201913843,36363.97525865682,-10665.383168318362,-6282.05044714653,552.5977375987213,5861.883065832054,-17895.010201913843,12416.613714992169,6066.853514478305
CASE_EX,10484,E2-P1-V-080,A-V-0484,SOL2_1_beam_0106,beam,P1,641,646,1432.7891000375223,4509.537156655482,2141.5975458979115,2016.0552322508718,-22225.60759090363,21081.31145941972,-1432.7891000375223,-4509.537156655482,-2141.5975458979115,-2016.0552322508718,3165.3894324122157,19053.56923481407
CASE_EX,10485,E2-P1-V-081,A-V-0485,SOL2_1_beam_0107,beam,P1,640,639,-22016.929193781663,-13360.379383990665,-1173.068267456231,-597.4299775060082,4488.760904027268,-47226.35385631582,22016.929193781663,13360.379383990665,1173.068267456231,597.4299775060082,3312.14307455667,-41620.16904722211
CASE_EX,10486,E2-P1-V-084,A-V-0486,SOL2_1_beam_0108,beam,P1,640,639,-22016.929193781663,-13360.379383990665,-1173.068267456231,-597.4299775060082,4488.760904027268,-47226.35385631582,22016.929193781663,13360.379383990665,1173.068267456231,597.4299775060082,3312.14307455667,-41620.16904722211
CASE_EX,10487,E2-P1-V-088,A-V-0487,SOL2_1_beam_0109,beam,P1,640,127,-648206.6699664387,17095.32560845539,-84829.98409056838,5110.640790621836,36658.952734804916,22832.102218936074,648206.6699664387,-17095.32560845539,84829.98409056838,-5110.640790621836,412122.29867192515,67608.34406921935
CASE_EX,10488,E2-P1-V-087,A-V-0488,SOL2_1_beam_0110,beam,P1,641,91,349072.31693013513,-16180.306627498945,-88738.51500920423,-9145.042070655581,61462.80681024594,-50795.16546359107,-349072.31693013513,16180.306627498945,88738.51500920423,9145.042070655581,410839.52597312455,-35322.98249646136
CASE_EX,10489,E2-P1-V-090,A-V-0489,SOL2_1_beam_0111,beam,P1,638,131,-265429.8171255082,-9307.217619098672,-31796.996565183934,2189.5298768642524,4250.251642383781,-30835.913649099006,265429.8171255082,9307.217619098672,31796.996565183934,-2189.5298768642524,144893.8717338616,-12819.681621566695
CASE_EX,10490,E2-P1-V-089,A-V-0490,SOL2_1_beam_0112,beam,P1,639,93,-349.0045495885732,-5779.241869143823,-56579.137996997226,304.0130272552909,19999.90060222242,-10312.183816661385,349.0045495885732,5779.241869143823,56579.137996997226,-304.0130272552909,281137.19708396593,-20447.283098384883
CASE_EX,10491,E2-P1-V-071,A-V-0491,SOL2_1_beam_0113,beam,P1,19,18,-3476.2957222937202,5643.518074245735,673.7708143517409,-8425.373376328544,-3175.690837042286,27419.894277600433,3476.2957222937202,-5643.518074245735,-673.7708143517409,8425.373376328544,-2820.8694106882085,22807.416583186612
CASE_EX,10492,E2-P1-V-069,A-V-0492,SOL2_1_beam_0114,beam,P1,19,18,-3476.2957222937202,5643.518074245735,673.7708143517409,-8425.373376328544,-3175.690837042286,27419.894277600433,3476.2957222937202,-5643.518074245735,-673.7708143517409,8425.373376328544,-2820.8694106882085,22807.416583186612
CASE_EX,10493,E2-P1-V-074,A-V-0493,SOL2_1_beam_0115,beam,P1,18,646,168006.84830592418,10174.447815145108,-58497.94080516299,-6232.69563576269,335313.6457285258,24148.155525325703,-168006.84830592418,-10174.447815145108,58497.94080516299,6232.69563576269,-59813.80659990519,23769.065110372758
CASE_EX,10494,E2-P1-V-073,A-V-0494,SOL2_1_beam_0116,beam,P1,18,646,168006.84830592418,10174.447815145108,-58497.94080516299,-6232.69563576269,335313.6457285258,24148.155525325703,-168006.84830592418,-10174.447815145108,58497.94080516299,6232.69563576269,-59813.80659990519,23769.065110372758
CASE_EX,10495,E2-P1-V-086,A-V-0495,SOL2_1_beam_0118,beam,P1,647,129,63.132282568855324,-6305.992102354801,-5861.883065828497,-10610.890038256279,-19021.374789167254,-6066.853514476684,-63.132282568855324,6305.992102354801,5861.883065828497,10610.890038256279,46516.74398362164,-23511.624773891082
CASE_EX,10496,E2-P1-V-085,A-V-0496,SOL2_1_beam_0119,beam,P1,646,24,340441.6575428406,-21917.099801983895,-114854.28406442498,-1255.3307216944806,118425.50087994235,-66591.69945554467,-340441.6575428406,21917.099801983895,114854.28406442498,1255.3307216944806,487721.84347162663,-49076.53137343262
CASE_EX,10497,E2-P1-V-063,A-V-0497,SOL2_1_beam_0120,beam,P1,18,642,200255.89512402847,-8569.043688257923,130772.14374627345,-25798.639099372624,-509957.8916352467,-25133.390431229862,-200255.89512402847,8569.043688257923,-130772.14374627345,25798.639099372624,-184243.91179390543,-20355.238963677948
CASE_EX,10498,E2-P1-V-064,A-V-0498,SOL2_1_beam_0121,beam,P1,18,644,7478.530998124915,-10059.494549296676,-13644.775003055585,4291.999199673653,51553.55336524984,-22553.540107177112,-7478.530998124915,10059.494549296676,13644.775003055585,-4291.999199673653,12707.397816065182,-24822.30068142493
CASE_EX,10499,E2-P1-V-051,A-V-0499,SOL2_1_beam_0122,beam,P1,642,17,93699.33769784236,-10417.901942988417,48475.0741120461,20265.160518669414,80407.08576299192,-21250.227887581415,-93699.33769784236,10417.901942988417,-48475.0741120461,-20265.160518669414,-308703.58536281995,-27813.555723374953
CASE_EX,10500,E2-P1-V-052,A-V-0500,SOL2_1_beam_0123,beam,P1,642,17,93699.33769784236,-10417.901942988417,48475.0741120461,20265.160518669414,80407.08576299192,-21250.227887581415,-93699.33769784236,10417.901942988417,-48475.0741120461,-20265.160518669414,-308703.58536281995,-27813.555723374953
CASE_EX,10501,E2-P1-V-054,A-V-0501,SOL2_1_beam_0124,beam,P1,20,645,-7419.362934977087,3441.2980653907,-52836.90372395217,-16619.330249323335,274698.4094675571,5819.832356960485,7419.362934977087,-3441.2980653907,52836.90372395217,16619.330249323335,-25859.59094424799,10387.183656927888
CASE_EX,10502,E2-P1-V-053,A-V-0502,SOL2_1_beam_0125,beam,P1,20,645,-7419.362934977087,3441.2980653907,-52836.90372395217,-16619.330249323335,274698.4094675571,5819.832356960485,7419.362934977087,-3441.2980653907,52836.90372395217,16619.330249323335,-25859.59094424799,10387.183656927888
CASE_EX,10503,E2-P1-V-066,A-V-0503,SOL2_1_beam_0126,beam,P1,643,19,-8701.895270346517,3216.0528243699237,-36689.07508470135,-26852.37566176676,-12569.010290499355,8233.403944202133,8701.895270346517,-3216.0528243699237,36689.07508470135,26852.37566176676,185358.58449583594,6912.80502568454
CASE_EX,10504,E2-P1-V-065,A-V-0504,SOL2_1_beam_0127,beam,P1,643,19,-8701.895270346517,3216.0528243699237,-36689.07508470135,-26852.37566176676,-12569.010290499355,8233.403944202133,8701.895270346517,-3216.0528243699237,36689.07508470135,26852.37566176676,185358.58449583594,6912.80502568454
CASE_EX,10505,E2-P1-V-058,A-V-0505,SOL2_1_beam_0129,beam,P1,645,637,-27678.74019535742,-23111.798717149006,-71851.81192572365,29145.740825078126,244030.858406818,-89009.26508215436,27678.74019535742,23111.798717149006,71851.81192572365,-29145.740825078126,276894.77805467846,-78551.27561717594
CASE_EX,10506,E2-P1-V-062,A-V-0506,SOL2_1_beam_0130,beam,P1,643,637,4283.713202979458,-11347.587275713344,59733.37516635025,27979.264057105356,-164640.76685755106,-48271.68355431794,-4283.713202979458,11347.587275713344,-59733.37516635025,-27979.264057105356,-269906.7079551097,-34279.57664393961
CASE_EX,10507,E2-P1-V-040,A-V-0507,SOL2_1_beam_0131,beam,P1,635,649,-31233.688108712704,-21150.238921159536,-37962.695783863404,32480.071121448964,209309.9874268272,-82567.42735849465,31233.688108712704,21150.238921159536,37962.695783863404,-32480.071121448964,-51441.648011050274,-5386.10248934244
CASE_EX,10508,E2-P1-V-036,A-V-0508,SOL2_1_beam_0132,beam,P1,635,650,24429.014752870367,14359.401363766778,56346.06516800577,-966.8687237918939,-202490.00616829214,40792.922297473975,-24429.014752870367,-14359.401363766778,-56346.06516800577,966.8687237918939,-12470.232447649963,13988.19390529631
CASE_EX,10509,E2-P1-V-044,A-V-0509,SOL2_1_beam_0133,beam,P1,651,20,-27752.874190582068,25547.09090001879,-37962.69578387064,-38351.617846224195,-28146.29455601987,69864.85422488753,27752.874190582068,-25547.09090001879,37962.69578387064,38351.617846224195,159611.82808899833,18605.204764269776
CASE_EX,10510,E2-P1-V-043,A-V-0510,SOL2_1_beam_0134,beam,P1,652,20,-3853.2388114388523,4561.454095012995,-4142.21028905629,15702.484916134526,-16202.855325823108,-16147.699263957144,3853.2388114388523,-4561.454095012995,4142.21028905629,-15702.484916134526,30547.40790335493,31944.101071171757
CASE_EX,10511,E2-P1-V-038,A-V-0511,SOL2_1_beam_0135,beam,P1,652,653,4210.501110646692,4233.909918259418,4142.210289058169,-14781.641875987836,-17047.09994987469,16147.699263957162,-4210.501110646692,-4233.909918259418,-4142.210289058169,14781.641875987836,-1530.7131965511999,2841.386719436332
CASE_EX,10512,E2-P1-V-034,A-V-0512,SOL2_1_beam_0136,beam,P1,654,655,40692.61863765253,-3849.6403564385646,-31743.43100094966,-1354.1731764414449,166514.88581762742,-13171.606610534049,-40692.61863765253,3849.6403564385646,31743.43100094966,1354.1731764414449,-33668.627078653066,-2939.1382811613457
CASE_EX,10513,E2-P1-V-042,A-V-0513,SOL2_1_beam_0137,beam,P1,656,17,4582.747003249992,-3827.890111129167,4142.210289061975,15987.55467679965,16227.644000662913,-18993.75305759635,-4582.747003249992,3827.890111129167,-4142.210289061975,-15987.55467679965,-30572.196578214425,5737.69720133601
CASE_EX,10514,E2-P1-V-041,A-V-0514,SOL2_1_beam_0138,beam,P1,657,17,-5568.556121297034,-22158.37975820694,-89496.24557204054,-22248.167110711453,-29949.48894651339,-28945.01899502801,5568.556121297034,22158.37975820694,89496.24557204054,22248.167110711453,393402.32590726006,-61042.28643993753
CASE_EX,10515,E2-P1-V-023,A-V-0515,SOL2_1_beam_0139,beam,P1,657,658,4017.796143149788,1122.3580857008697,57521.20108466825,22393.848450004956,-79691.77018488242,12113.276250808718,-4017.796143149788,-1122.3580857008697,-57521.20108466825,-22393.848450004956,-136012.73388262352,-7904.433429430457
CASE_EX,10516,E2-P1-V-024,A-V-0516,SOL2_1_beam_0140,beam,P1,657,659,-5564.567696491467,10202.416346141914,3721.4345109220626,19120.379230935905,20530.16184884209,24150.157537193045,5564.567696491467,-10202.416346141914,-3721.4345109220626,-19120.379230935905,-32463.439346127063,8565.25503933568
CASE_EX,10517,E2-P1-V-015,A-V-0517,SOL2_1_beam_0141,beam,P1,658,660,7030.891106078174,-4585.821390820118,-362.7302549286619,-18199.766727575065,8227.713632222523,-17424.78156014084,-7030.891106078174,4585.821390820118,362.7302549286619,18199.766727575065,-6626.259556712481,-2821.619880329982
CASE_EX,10518,E2-P1-V-019,A-V-0518,SOL2_1_beam_0142,beam,P1,659,660,-11481.76081871239,-1795.238549615638,3721.4345109205733,-24106.757843973788,28953.894770246123,-8565.255039336194,11481.76081871239,1795.238549615638,-3721.4345109205733,24106.757843973788,-43325.680250604986,1632.2341181204729
CASE_EX,10519,E2-P1-V-032,A-V-0519,SOL2_1_beam_0143,beam,P1,21,654,-9434.52766019843,-2688.7690525720545,-44861.118137515376,-14613.43332966145,151711.38618060423,1481.5286522184042,9434.52766019843,2688.7690525720545,44861.118137515376,14613.43332966145,3643.5144410795037,-10792.786737149527
CASE_EX,10520,E2-P1-V-031,A-V-0520,SOL2_1_beam_0144,beam,P1,21,654,-9434.52766019843,-2688.7690525720545,-44861.118137515376,-14613.43332966145,151711.38618060423,1481.5286522184042,9434.52766019843,2688.7690525720545,44861.118137515376,14613.43332966145,3643.5144410795037,-10792.786737149527
CASE_EX,10521,E2-P1-V-017,A-V-0521,SOL2_1_beam_0145,beam,P1,21,661,-4376.0546403300505,-1551.7948882114486,38786.363346365746,36003.168082161006,-144798.65451337415,-2627.2032193870245,4376.0546403300505,1551.7948882114486,-38786.363346365746,-36003.168082161006,34225.37179686925,-1796.6983812849337
CASE_EX,10522,E2-P1-V-021,A-V-0522,SOL2_1_beam_0146,beam,P1,21,661,-4376.0546403300505,-1551.7948882114486,38786.363346365746,36003.168082161006,-144798.65451337415,-2627.2032193870245,4376.0546403300505,1551.7948882114486,-38786.363346365746,-36003.168082161006,34225.37179686925,-1796.6983812849337
CASE_EX,10523,E2-P1-V-046,A-V-0523,SOL2_1_beam_0147,beam,P1,633,22,4.808909735134591e-09,3.0661318803906753e-10,-1.780939373460615e-09,7.183870609638e-10,-8.15110200105313e-09,-1.590146152417838e-10,-4.808909735134591e-09,-3.0661318803906753e-10,1.780939373460615e-09,-7.183870609638e-10,1.431852873636324e-08,1.2208218847595015e-09
CASE_EX,10524,E2-P1-V-045,A-V-0524,SOL2_1_beam_0148,beam,P1,635,22,10667.006795148049,8349.469256038232,-20016.109490214218,11937.525870491765,-5037.024782687353,5570.696980366698,-10667.006795148049,-8349.469256038232,20016.109490214218,-11937.525870491765,86324.3651916132,28337.298476055883
CASE_EX,10525,E2-P1-V-047,A-V-0525,SOL2_1_beam_0149,beam,P1,17,20,2628.8944223157578,12671.439574894866,-3545.068920874334,-18443.865256747245,16259.68491819455,53170.2045538643,-2628.8944223157578,-12671.439574894866,3545.068920874334,18443.865256747245,15291.428477587022,59605.60766270001
CASE_EX,10526,E2-P1-V-049,A-V-0526,SOL2_1_beam_0150,beam,P1,17,20,2628.8944223157578,12671.439574894866,-3545.068920874334,-18443.865256747245,16259.68491819455,53170.2045538643,-2628.8944223157578,-12671.439574894866,3545.068920874334,18443.865256747245,15291.428477587022,59605.60766270001
CASE_EX,10527,E2-P1-V-048,A-V-0527,SOL2_1_beam_0151,beam,P1,20,22,15439.565902051003,-21968.254429353776,-4097.930478990012,28627.312926227703,15308.523570877831,-89274.38231687309,-15439.565902051003,21968.254429353776,4097.930478990012,-28627.312926227703,14401.472401799754,-69995.46229594178
CASE_EX,10528,E2-P1-V-050,A-V-0528,SOL2_1_beam_0152,beam,P1,20,22,15439.565902051003,-21968.254429353776,-4097.930478990012,28627.312926227703,15308.523570877831,-89274.38231687309,-15439.565902051003,21968.254429353776,4097.930478990012,-28627.312926227703,14401.472401799754,-69995.46229594178
CASE_EX,10529,E2-P1-V-068,A-V-0529,SOL2_1_beam_0153,beam,P1,636,23,-72482.52520452975,938.4864439040588,-58978.538583244735,1030.718244132704,22094.985882368113,-3481.8482184750073,72482.52520452975,-938.4864439040588,58978.538583244735,-1030.718244132704,290991.6293186698,8463.788279930755
CASE_EX,10530,E2-P1-V-067,A-V-0530,SOL2_1_beam_0154,beam,P1,637,23,-6561.777863585844,12906.685268414532,-69572.24139352485,1440.2621990330001,54440.578261079994,41314.94158314261,6561.777863585844,-12906.685268414532,69572.24139352485,-1440.2621990330001,314882.53643604036,27199.987766107002
CASE_EX,10531,E2-P1-V-006,A-V-0531,SOL2_1_beam_0155,beam,P1,281,662,-453.13794750380487,-1563.0437440115722,-25022.264735232442,-38950.65077022735,37975.13705330147,-263.309114793057,453.13794750380487,1563.0437440115722,25022.264735232442,38950.65077022735,21651.906521179695,-3461.3608309200904
CASE_EX,10532,E2-P1-V-003,A-V-0532,SOL2_1_beam_0156,beam,P1,281,662,-453.13794750380487,-1563.0437440115722,-25022.264735232442,-38950.65077022735,37975.13705330147,-263.309114793057,453.13794750380487,1563.0437440115722,25022.264735232442,38950.65077022735,21651.906521179695,-3461.3608309200904
CASE_EX,10533,E2-P1-V-005,A-V-0533,SOL2_1_beam_0157,beam,P1,662,663,598.2701593559017,-517.0369918437109,2355.2443293280344,2099.334751838567,-36698.068004804845,-532.5376520772268,-598.2701593559017,517.0369918437109,-2355.2443293280344,-2099.334751838567,18751.106215325228,-3407.2842257718494
CASE_EX,10534,E2-P1-V-002,A-V-0534,SOL2_1_beam_0158,beam,P1,662,663,598.2701593559017,-517.0369918437109,2355.2443293280344,2099.334751838567,-36698.068004804845,-532.5376520772268,-598.2701593559017,517.0369918437109,-2355.2443293280344,-2099.334751838567,18751.106215325228,-3407.2842257718494
CASE_EX,10535,E2-P1-V-004,A-V-0535,SOL2_1_beam_0159,beam,P1,663,282,529.7503899555765,2285.584169865924,12675.121720819909,48705.26341948947,-21378.470023991013,6796.15980326025,-529.7503899555765,-2285.584169865924,-12675.121720819909,-48705.26341948947,-11996.971564436497,-777.8837947944085
CASE_EX,10536,E2-P1-V-001,A-V-0536,SOL2_1_beam_0160,beam,P1,663,282,529.7503899555765,2285.584169865924,12675.121720819909,48705.26341948947,-21378.470023991013,6796.15980326025,-529.7503899555765,-2285.584169865924,-12675.121720819909,-48705.26341948947,-11996.971564436497,-777.8837947944085
CASE_EX,10537,E2-P1-V-011,A-V-0537,SOL2_1_beam_0161,beam,P1,662,661,-1168.6856144695191,740.1793468862379,-27377.509064560494,6544.0960435029965,38841.37007418308,3993.8984829966994,1168.6856144695191,-740.1793468862379,27377.509064560494,-6544.0960435029965,45062.99074355698,-1725.4570829945887
CASE_EX,10538,E2-P1-V-010,A-V-0538,SOL2_1_beam_0162,beam,P1,662,661,-1168.6856144695191,740.1793468862379,-27377.509064560494,6544.0960435029965,38841.37007418308,3993.8984829966994,1168.6856144695191,-740.1793468862379,27377.509064560494,-6544.0960435029965,45062.99074355698,-1725.4570829945887
CASE_EX,10539,E2-P1-V-018,A-V-0539,SOL2_1_beam_0163,beam,P1,661,664,-6674.865377149837,-1826.1283032297297,22817.708563610326,-12164.546208614782,-64696.32822704817,7044.3109285559385,6674.865377149837,1826.1283032297297,-22817.708563610326,12164.546208614782,-29198.54251220832,-14558.828896346276
CASE_EX,10540,E2-P1-V-022,A-V-0540,SOL2_1_beam_0164,beam,P1,665,634,12540.90118343406,1054.9311138833684,-1632.7401060747386,28.10518796952167,-15364.279398187336,7324.592846625833,-12540.90118343406,-1054.9311138833684,1632.7401060747386,-28.10518796952167,21593.182902862467,-3300.030647160781
CASE_EX,10541,E2-P1-V-028,A-V-0541,SOL2_1_beam_0165,beam,P1,665,650,527.4655569410482,-6270.450591716964,816.3700530375387,-7682.139699093707,-14.052593984887608,-3662.2964233129023,-527.4655569410482,6270.450591716964,-816.3700530375387,7682.139699093707,-2557.5130730833594,-16089.622940595535
CASE_EX,10542,E2-P1-V-027,A-V-0542,SOL2_1_beam_0166,beam,P1,665,650,527.4655569410482,-6270.450591716964,816.3700530375387,-7682.139699093707,-14.052593984887608,-3662.2964233129023,-527.4655569410482,6270.450591716964,-816.3700530375387,7682.139699093707,-2557.5130730833594,-16089.622940595535
CASE_EX,10543,E2-P1-V-039,A-V-0543,SOL2_1_beam_0167,beam,P1,649,651,-27855.269709075452,-25435.405023884945,-37962.69578386705,24718.0951030283,55589.692791243964,5386.102489342098,27855.269709075452,25435.405023884945,37962.69578386705,-24718.0951030283,40645.74102085901,-69864.85422489044
CASE_EX,10544,E2-P1-V-035,A-V-0544,SOL2_1_beam_0168,beam,P1,650,654,36969.915936306184,15414.332477650214,57978.80527408068,-6081.894869958317,-2894.046950537566,18191.051975894756,-36969.915936306184,-15414.332477650214,-57978.80527408068,6081.894869958317,-196263.14916592953,34757.180084833715
CASE_EX,10545,E2-P1-V-009,A-V-0545,SOL2_1_beam_0169,beam,P1,663,660,-2732.729854304416,-79.45142667416019,-10319.877391491755,3705.952176018857,44429.23494135396,-3388.8755774881392,2732.729854304416,79.45142667416019,10319.877391491755,-3705.952176018857,-12801.714913557647,3145.379313623055
CASE_EX,10546,E2-P1-V-008,A-V-0546,SOL2_1_beam_0170,beam,P1,663,660,-2732.729854304416,-79.45142667416019,-10319.877391491755,3705.952176018857,44429.23494135396,-3388.8755774881392,2732.729854304416,79.45142667416019,10319.877391491755,-3705.952176018857,-12801.714913557647,3145.379313623055
CASE_EX,10547,E2-P1-V-026,A-V-0547,SOL2_1_beam_0171,beam,P1,666,655,-263.6632794052912,2998.819631415621,1744.9105122509025,17277.10365089648,9621.788145447052,1317.220592385595,263.6632794052912,-2998.819631415621,-1744.9105122509025,-17277.10365089648,-15118.256259037395,8129.061246573612
CASE_EX,10548,E2-P1-V-025,A-V-0548,SOL2_1_beam_0172,beam,P1,666,655,-263.6632794052912,2998.819631415621,1744.9105122509025,17277.10365089648,9621.788145447052,1317.220592385595,263.6632794052912,-2998.819631415621,-1744.9105122509025,-17277.10365089648,-15118.256259037395,8129.061246573612
CASE_EX,10549,E2-P1-V-016,A-V-0549,SOL2_1_beam_0173,beam,P1,660,21,-3480.28729873302,-2911.827441540587,-17281.050526991265,-26183.108105747746,34226.65094375166,-5101.37286503686,3480.28729873302,2911.827441540587,17281.050526991265,26183.108105747746,48625.53415226433,-8859.078542553734
CASE_EX,10550,E2-P1-V-020,A-V-0550,SOL2_1_beam_0174,beam,P1,666,21,-6019.460766887127,-125.86541416933547,-3489.821024500803,-16894.505366849375,35761.4898896597,-2634.441184771912,6019.460766887127,125.86541416933547,3489.821024500803,16894.505366849375,-20074.666746878127,2068.67334796723
CASE_EX,10551,E2-P1-V-037,A-V-0551,SOL2_1_beam_0175,beam,P1,653,656,4210.501110648658,4233.909918259498,4142.210289058203,-14781.641875987832,1530.7131965511871,-2841.3867194363283,-4210.501110648658,-4233.909918259498,-4142.210289058203,14781.641875987832,-17333.245449308226,18993.75305759631
CASE_EX,10552,E2-P1-V-033,A-V-0552,SOL2_1_beam_0176,beam,P1,655,657,34694.97937482539,-4376.96691515654,-28253.6099764492,-31590.685694516247,68222.83438044602,-13318.98421198843,-34694.97937482539,4376.96691515654,28253.6099764492,31590.685694516247,64992.93665851196,-7318.414792974656
CASE_EX,10553,E2-P1-V-014,A-V-0553,SOL2_1_beam_0177,beam,P1,667,632,-1.0408340855860843e-08,-8.32667268468868e-11,-1.4636729328554307e-10,-0.0,0.0,-2.7755575615628924e-10,1.0408340855860843e-08,8.32667268468868e-11,1.4636729328554307e-10,0.0,2.341876692568689e-10,1.4432899320127035e-10
CASE_EX,10554,E2-P1-V-012,A-V-0554,SOL2_1_beam_0178,beam,P1,277,664,-1674.5026190826566,6714.50767828031,-22817.708563610726,29466.52995697292,80016.53553209646,5603.2936904785165,1674.5026190826566,-6714.50767828031,22817.708563610726,-29466.52995697292,-11500.2035457452,14558.828896346145
CASE_EX,10555,E2-P1-V-013,A-V-0555,SOL2_1_beam_0179,beam,P1,658,668,0.0,4.033232081646078e-11,2.5614276324970037e-10,-0.0,-1.756407519426517e-10,8.257283745649604e-11,0.0,-4.033232081646078e-11,-2.5614276324970037e-10,0.0,-2.341876692568689e-10,-1.8041124150158794e-11
CASE_EX,10556,E2-P1-V-007,A-V-0556,SOL2_1_beam_0180,beam,P1,658,276,6636.635981186388,9821.037109470242,57883.93133959649,-11649.278316812533,118088.39451973973,25329.21498956876,-6636.635981186388,-9821.037109470242,-57883.93133959649,11649.278316812533,-296068.3437221928,4868.244744186515
CASE_EX,10557,E2-P2-V-030,A-V-0557,SOL2_2_beam_0181,beam,P2,669,670,0.0,2.647285658400691e-10,-9.504882018193965e-10,5.384638439861798e-12,-5.168279597392973e-10,-5.880353675256003e-10,0.0,-2.647285658400691e-10,9.504882018193965e-10,-5.384638439861798e-12,4.6514516376536716e-09,1.7396046289299009e-09
CASE_EX,10558,E2-P2-V-029,A-V-0558,SOL2_2_beam_0182,beam,P2,671,672,-1274.7886608332508,19036.385251003394,-952.0171416058982,19010.662922665942,491.56253601372623,5599.403620091602,1274.7886608332508,-19036.385251003394,952.0171416058982,-19010.662922665942,2507.2914600448535,54365.2099205691
CASE_EX,10559,E2-P2-V-056,A-V-0559,SOL2_2_beam_0183,beam,P2,30,673,4751.130607114161,8772.090749832201,-45073.22951519997,2554.932105639471,228393.23148599314,52727.01871481398,-4751.130607114161,-8772.090749832201,45073.22951519997,-2554.932105639471,-16117.939235893893,-11414.28946081033
CASE_EX,10560,E2-P2-V-055,A-V-0560,SOL2_2_beam_0184,beam,P2,30,674,117772.18844037491,57502.759150054706,-41310.77950585345,-9856.6035138917,213563.55556619546,140250.72464249583,-117772.18844037491,-57502.759150054706,41310.77950585345,9856.6035138917,-19007.765200049005,130562.24205758458
CASE_EX,10561,E2-P2-V-078,A-V-0561,SOL2_2_beam_0185,beam,P2,31,675,231809.3247531137,-5865.609394151185,-27469.953550869563,2323.828037463448,136977.14860109644,-8690.95973832371,-231809.3247531137,5865.609394151185,27469.953550869563,-2323.828037463448,8846.65415102536,-22446.532566850547
CASE_EX,10562,E2-P2-V-077,A-V-0562,SOL2_2_beam_0186,beam,P2,31,676,49341.6229670551,41356.71359516307,-24943.13823341413,-643.3633858825566,134046.6955805906,86228.06726021876,-49341.6229670551,-41356.71359516307,24943.13823341413,643.3633858825566,-16575.371358148288,108544.05267310816
CASE_EX,10563,E2-P2-V-072,A-V-0563,SOL2_2_beam_0187,beam,P2,31,27,1392.7166848520685,-27099.225274061137,-1100.6895572389094,14677.023752035848,4537.3910840563485,-95489.07040181544,-1392.7166848520685,27099.225274061137,1100.6895572389094,-14677.023752035848,3442.608205925745,-100980.31283512781
CASE_EX,10564,E2-P2-V-070,A-V-0564,SOL2_2_beam_0188,beam,P2,31,27,1392.7166848520685,-27099.225274061137,-1100.6895572389094,14677.023752035848,4537.3910840563485,-95489.07040181544,-1392.7166848520685,27099.225274061137,1100.6895572389094,-14677.023752035848,3442.608205925745,-100980.31283512781
CASE_EX,10565,E2-P2-V-076,A-V-0565,SOL2_2_beam_0189,beam,P2,27,677,-30987.661081799182,28508.1800788741,-72037.68995057119,4448.802715606453,354466.74749899254,57656.72238580508,30987.661081799182,-28508.1800788741,72037.68995057119,-4448.802715606453,-15200.5832645724,76604.39719340536
CASE_EX,10566,E2-P2-V-075,A-V-0566,SOL2_2_beam_0190,beam,P2,27,678,-166705.6613593308,-20625.643475341953,-72927.81730017679,4278.262077831504,360307.1617684424,-32545.192746758614,166705.6613593308,20625.643475341953,72927.81730017679,-4278.262077831504,-16848.8851580139,-64592.61041638231
CASE_EX,10567,E2-P2-V-061,A-V-0567,SOL2_2_beam_0192,beam,P2,680,681,9713.758024680055,8296.860501123545,10419.743432860774,11990.672225924158,-85168.79389097821,40269.91065388144,-9713.758024680055,-8296.860501123545,-10419.743432860774,-11990.672225924158,-1315.0766017662318,28594.031505444
CASE_EX,10568,E2-P2-V-057,A-V-0568,SOL2_2_beam_0193,beam,P2,682,679,-18026.209147784695,23830.511823990546,-31099.85352000279,-22663.690936114555,196797.22885785857,111722.7365411222,18026.209147784695,-23830.511823990546,31099.85352000279,22663.690936114555,79991.46747016624,100368.81869239366
CASE_EX,10569,E2-P2-V-083,A-V-0569,SOL2_2_beam_0195,beam,P2,678,684,17910.00904582693,6106.280956990802,-7142.363708242676,14672.08793544868,44959.66214850971,18033.445261753543,-17910.00904582693,-6106.280956990802,7142.363708242676,-14672.08793544868,14476.649432475253,32780.93949743954
CASE_EX,10570,E2-P2-V-080,A-V-0570,SOL2_2_beam_0196,beam,P2,678,683,5673.268201176981,6447.70606979011,3062.9124131068334,-2799.820009226798,-30120.338141694076,21315.500788797115,-5673.268201176981,-6447.70606979011,-3062.9124131068334,2799.820009226798,2860.4176650432564,36069.083232334866
CASE_EX,10571,E2-P2-V-081,A-V-0571,SOL2_2_beam_0197,beam,P2,677,676,-9513.590985535933,-23050.228177869165,-119.91815655815691,-8619.318119712565,654.2637739895034,-80828.08271300583,9513.590985535933,23050.228177869165,119.91815655815691,8619.318119712565,143.19196712224004,-72455.93466982411
CASE_EX,10572,E2-P2-V-084,A-V-0572,SOL2_2_beam_0198,beam,P2,677,676,-9513.590985535933,-23050.228177869165,-119.91815655815691,-8619.318119712565,654.2637739895034,-80828.08271300583,9513.590985535933,23050.228177869165,119.91815655815691,8619.318119712565,143.19196712224004,-72455.93466982411
CASE_EX,10573,E2-P2-V-088,A-V-0573,SOL2_2_beam_0199,beam,P2,677,128,-79853.02080326251,43703.50282285338,-71797.85363744637,4037.246888628269,32791.75059528448,85051.76823260581,79853.02080326251,-43703.50282285338,71797.85363744637,-4037.246888628269,347044.82428051945,146155.54481790267
CASE_EX,10574,E2-P2-V-087,A-V-0574,SOL2_2_beam_0200,beam,P2,678,128,-179580.57816585636,29483.511471264846,-68848.36600504258,-8122.874676392617,25975.06783685679,25243.664365834025,179580.57816585636,-29483.511471264846,68848.36600504258,8122.874676392617,339660.45487177843,131335.49289829624
CASE_EX,10575,E2-P2-V-090,A-V-0575,SOL2_2_beam_0201,beam,P2,675,132,231511.95553803167,13121.846631957907,-27469.953550856477,3039.9126380289194,-8626.841691418085,22446.532566849623,-231511.95553803167,-13121.846631957907,27469.953550856477,-3039.9126380289194,137474.92748876195,39101.617397218506
CASE_EX,10576,E2-P2-V-089,A-V-0576,SOL2_2_beam_0202,beam,P2,676,132,99303.73372968954,10150.277557390771,-25182.97454653988,637.8944085292424,-716.6650538231042,36367.81666654014,-99303.73372968954,-10150.277557390771,25182.97454653988,-637.8944085292424,134459.0828398938,17538.55008200807
CASE_EX,10577,E2-P2-V-071,A-V-0577,SOL2_2_beam_0203,beam,P2,27,26,-4890.491417531527,10435.776355664548,1231.5138041544244,-4949.91506115665,-5676.978721703287,50078.48166600658,4890.491417531527,-10435.776355664548,-1231.5138041544244,4949.91506115665,-5283.494135271091,42799.92789940791
CASE_EX,10578,E2-P2-V-069,A-V-0578,SOL2_2_beam_0204,beam,P2,27,26,-4890.491417531527,10435.776355664548,1231.5138041544244,-4949.91506115665,-5676.978721703287,50078.48166600658,4890.491417531527,-10435.776355664548,-1231.5138041544244,4949.91506115665,-5283.494135271091,42799.92789940791
CASE_EX,10579,E2-P2-V-074,A-V-0579,SOL2_2_beam_0205,beam,P2,26,683,-139221.66212345698,-11711.553062668996,-52974.04612470999,-5168.542692485969,298520.7539380662,-32372.29852253037,139221.66212345698,11711.553062668996,52974.04612470999,5168.542692485969,-49036.054400375026,-22784.018782006977
CASE_EX,10580,E2-P2-V-073,A-V-0580,SOL2_2_beam_0206,beam,P2,26,683,-139221.66212345698,-11711.553062668996,-52974.04612470999,-5168.542692485969,298520.7539380662,-32372.29852253037,139221.66212345698,11711.553062668996,52974.04612470999,5168.542692485969,-49036.054400375026,-22784.018782006977
CASE_EX,10581,E2-P2-V-086,A-V-0581,SOL2_2_beam_0208,beam,P2,684,130,7825.045430364029,-17228.573799335176,-7142.363708243116,-12975.630453804157,-16014.885497645126,-32780.939497439176,-7825.045430364029,17228.573799335176,7142.363708243116,12975.630453804157,49516.394291638935,-48030.29334138453
CASE_EX,10582,E2-P2-V-085,A-V-0582,SOL2_2_beam_0209,beam,P2,683,32,-273123.89472770464,4220.558716702531,-102885.17983630662,-1157.9496412876504,101561.27120991301,9498.954331676774,273123.89472770464,-4220.558716702531,102885.17983630662,1157.9496412876504,441418.7233014747,12775.186146828091
CASE_EX,10583,E2-P2-V-063,A-V-0583,SOL2_2_beam_0210,beam,P2,26,679,-57100.495142599655,-9307.050402287134,115483.84207399574,-23702.651935046095,-447510.8703877418,-23461.227341166516,57100.495142599655,9307.050402287134,-115483.84207399574,23702.651935046095,-165533.2316516101,-25945.09872174059
CASE_EX,10584,E2-P2-V-064,A-V-0584,SOL2_2_beam_0211,beam,P2,26,681,8898.778149249558,-9165.518893541388,-10419.7434328567,2076.213460219308,37189.90664482815,-14571.573060214801,-8898.778149249558,9165.518893541388,10419.7434328567,-2076.213460219308,11882.549581873074,-28594.03150544403
CASE_EX,10585,E2-P2-V-051,A-V-0585,SOL2_2_beam_0212,beam,P2,679,25,-39102.46343589976,-17799.64432734823,42191.994276996375,18938.918088419996,71985.34713342052,-37211.85998532643,39102.46343589976,17799.64432734823,-42191.994276996375,-18938.918088419996,-270691.27551034314,-46616.71724722964
CASE_EX,10586,E2-P2-V-052,A-V-0586,SOL2_2_beam_0213,beam,P2,679,25,-39102.46343589976,-17799.64432734823,42191.994276996375,18938.918088419996,71985.34713342052,-37211.85998532643,39102.46343589976,17799.64432734823,-42191.994276996375,-18938.918088419996,-270691.27551034314,-46616.71724722964
CASE_EX,10587,E2-P2-V-054,A-V-0587,SOL2_2_beam_0214,beam,P2,28,682,-6460.063823088971,9129.781233499487,-47743.485942897634,-15000.649244790398,248199.8357347952,16541.761300825663,6460.063823088971,-9129.781233499487,47743.485942897634,15000.649244790398,-23348.797977463604,26455.534441362455
CASE_EX,10588,E2-P2-V-053,A-V-0588,SOL2_2_beam_0215,beam,P2,28,682,-6460.063823088971,9129.781233499487,-47743.485942897634,-15000.649244790398,248199.8357347952,16541.761300825663,6460.063823088971,-9129.781233499487,47743.485942897634,15000.649244790398,-23348.797977463604,26455.534441362455
CASE_EX,10589,E2-P2-V-066,A-V-0589,SOL2_2_beam_0216,beam,P2,680,27,-14871.715287761948,12583.84724100938,-30207.63222270862,-22548.172959414816,-8794.695095256815,26032.206602126083,14871.715287761948,-12583.84724100938,30207.63222270862,22548.172959414816,151059.49456112526,33232.23660390275
CASE_EX,10590,E2-P2-V-065,A-V-0590,SOL2_2_beam_0217,beam,P2,680,27,-14871.715287761948,12583.84724100938,-30207.63222270862,-22548.172959414816,-8794.695095256815,26032.206602126083,14871.715287761948,-12583.84724100938,30207.63222270862,22548.172959414816,151059.49456112526,33232.23660390275
CASE_EX,10591,E2-P2-V-058,A-V-0591,SOL2_2_beam_0219,beam,P2,682,674,1019.2837845658855,-42888.12201615746,-64387.11836579592,25850.15341170701,223762.95313194464,-164633.805423847,-1019.2837845658855,42888.12201615746,64387.11836579592,-25850.15341170701,243043.6550200758,-146305.0791932946
CASE_EX,10592,E2-P2-V-062,A-V-0592,SOL2_2_beam_0220,beam,P2,680,674,-15358.224298391806,-21796.916756966162,49995.52101255475,21662.669854917014,-131287.06621571805,-92334.32385813358,15358.224298391806,21796.916756966162,-49995.52101255475,-21662.669854917014,-232419.61112247515,-66233.56401131311
CASE_EX,10593,E2-P2-V-040,A-V-0593,SOL2_2_beam_0221,beam,P2,672,686,-64678.40591162555,-39182.44061907281,-35172.51222925235,31747.934757384373,191500.9250367984,-148509.00368877893,64678.40591162555,39182.44061907281,35172.51222925235,-31747.934757384373,-45235.59840334582,-14431.65969318294
CASE_EX,10594,E2-P2-V-036,A-V-0594,SOL2_2_beam_0222,beam,P2,672,687,64980.76989086199,20275.3519214616,50723.732098242224,97.29698538322448,-183749.04779831017,58835.38714757878,-64980.76989086199,-20275.3519214616,-50723.732098242224,-97.29698538322448,-9761.990156483982,18515.080432797247
CASE_EX,10595,E2-P2-V-044,A-V-0595,SOL2_2_beam_0223,beam,P2,688,28,-52978.258409142734,53961.689929822816,-35172.51222925577,-37513.547380755714,-28245.011773009654,136376.34112687514,52978.258409142734,-53961.689929822816,35172.51222925577,37513.547380755714,150048.0868823101,50494.01174146375
CASE_EX,10596,E2-P2-V-043,A-V-0596,SOL2_2_beam_0224,beam,P2,689,28,-6168.790858825792,7765.392496634637,-4047.446383294426,15358.34078016995,-15709.414060648647,-25884.58043115444,6168.790858825792,-7765.392496634637,4047.446383294426,-15358.34078016995,29725.797440145132,52776.281523067046
CASE_EX,10597,E2-P2-V-038,A-V-0597,SOL2_2_beam_0225,beam,P2,689,690,7201.799202883887,6818.312806533952,4047.4463832959295,-14319.868734203395,-16661.502965936634,25884.580431154252,-7201.799202883887,-6818.312806533952,-4047.4463832959295,14319.868734203395,-1491.294063145613,4695.552506150532
CASE_EX,10598,E2-P2-V-034,A-V-0598,SOL2_2_beam_0226,beam,P2,691,692,86567.80605621116,-6475.4211247493295,-28058.873399935415,-1059.3662858417172,145887.90788311558,-20985.691960077387,-86567.80605621116,6475.4211247493295,28058.873399935415,1059.3662858417172,-28461.522704385847,-6113.94544699856
CASE_EX,10599,E2-P2-V-042,A-V-0599,SOL2_2_beam_0227,beam,P2,693,25,7416.569062980894,-6584.056851264486,4047.4463832923616,15628.1217845099,15732.873278417515,-30707.41586307734,-7416.569062980894,6584.056851264486,-4047.4463832923616,-15628.1217845099,-29749.25665790685,7906.7024550819915
CASE_EX,10600,E2-P2-V-041,A-V-0600,SOL2_2_beam_0228,beam,P2,694,25,-62584.46578691663,-35500.80523269574,-79471.03290192121,-19446.852248701438,-26064.30076988149,-46321.18887265552,62584.46578691663,35500.80523269574,79471.03290192121,19446.852248701438,348803.7875470533,-97850.98610230413
CASE_EX,10601,E2-P2-V-023,A-V-0601,SOL2_2_beam_0229,beam,P2,694,695,-35171.852637940756,5271.912314186489,51676.84582018621,20178.617104899116,-71558.20232411272,23715.58446265545,35171.852637940756,-5271.912314186489,-51676.84582018621,-20178.617104899116,-122229.96950158557,-3945.9132844561136
CASE_EX,10602,E2-P2-V-024,A-V-0602,SOL2_2_beam_0230,beam,P2,694,696,-17214.657601314022,22337.560059034407,3022.7685541502983,17147.965611232055,19006.954462076737,46532.75872089413,17214.657601314022,-22337.560059034407,-3022.7685541502983,-17147.965611232055,-28699.866123124593,25095.61523393358
CASE_EX,10603,E2-P2-V-015,A-V-0603,SOL2_2_beam_0231,beam,P2,695,697,14701.801459442982,-9527.76457394179,-258.4525887171967,-15951.596482286428,6510.320030062851,-32308.20477046889,-14701.801459442982,9527.76457394179,258.4525887171967,15951.596482286428,-5369.251850876428,-9756.875823484117
CASE_EX,10604,E2-P2-V-019,A-V-0604,SOL2_2_beam_0232,beam,P2,696,697,-26836.49681502998,-8666.802433514149,3022.7685541515025,-21229.56796135747,25827.126906866048,-25095.615233937824,26836.49681502998,8666.802433514149,-3022.7685541515025,21229.56796135747,-37500.73854494738,-8374.656783372426
CASE_EX,10605,E2-P2-V-032,A-V-0605,SOL2_2_beam_0233,beam,P2,29,691,-13849.620084669365,-2484.4528131380152,-39867.31131989166,-12893.404199320494,136262.22511738076,2422.408013404486,13849.620084669365,2484.4528131380152,39867.31131989166,12893.404199320494,1799.0280410882551,-11026.115096700469
CASE_EX,10606,E2-P2-V-031,A-V-0606,SOL2_2_beam_0234,beam,P2,29,691,-13849.620084669365,-2484.4528131380152,-39867.31131989166,-12893.404199320494,136262.22511738076,2422.408013404486,13849.620084669365,2484.4528131380152,39867.31131989166,12893.404199320494,1799.0280410882551,-11026.115096700469
CASE_EX,10607,E2-P2-V-017,A-V-0607,SOL2_2_beam_0235,beam,P2,29,698,-4590.801682831235,-326.330301725344,36565.397728685835,30251.996894099262,-136186.4651516878,-519.7582952228873,4590.801682831235,326.330301725344,-36565.397728685835,-30251.996894099262,31944.775241507916,-410.55353601044214
CASE_EX,10608,E2-P2-V-021,A-V-0608,SOL2_2_beam_0236,beam,P2,29,698,-4590.801682831235,-326.330301725344,36565.397728685835,30251.996894099262,-136186.4651516878,-519.7582952228873,4590.801682831235,326.330301725344,-36565.397728685835,-30251.996894099262,31944.775241507916,-410.55353601044214
CASE_EX,10609,E2-P2-V-046,A-V-0609,SOL2_2_beam_0237,beam,P2,670,30,9.617819470269182e-09,6.576630699968402e-10,-9.998256131708725e-10,4.2149171465864184e-10,-4.796887460796753e-09,-1.6927362267673761e-09,-9.617819470269182e-09,-6.576630699968402e-10,9.998256131708725e-10,-4.2149171465864184e-10,8.259302470093659e-09,3.970235877327118e-09
CASE_EX,10610,E2-P2-V-045,A-V-0610,SOL2_2_beam_0238,beam,P2,672,30,28377.918167427255,23637.100941751924,-16503.237010596098,8759.76995797761,730.437876152042,35308.406620632304,-28377.918167427255,-23637.100941751924,16503.237010596098,-8759.76995797761,66290.79046921468,60684.12736663892
CASE_EX,10611,E2-P2-V-047,A-V-0611,SOL2_2_beam_0239,beam,P2,25,28,-7569.649621562837,20406.158940255427,-3691.9752938318534,-17875.766749576767,16887.453691597017,85265.09848760747,7569.649621562837,-20406.158940255427,3691.9752938318534,17875.766749576767,15971.126423506485,96349.71608066586
CASE_EX,10612,E2-P2-V-049,A-V-0612,SOL2_2_beam_0240,beam,P2,25,28,-7569.649621562837,20406.158940255427,-3691.9752938318534,-17875.766749576767,16887.453691597017,85265.09848760747,7569.649621562837,-20406.158940255427,3691.9752938318534,17875.766749576767,15971.126423506485,96349.71608066586
CASE_EX,10613,E2-P2-V-048,A-V-0613,SOL2_2_beam_0241,beam,P2,28,30,14650.935510059177,-42792.837254999286,-4456.652043042818,30053.454113481348,16266.67270799769,-170655.1631512187,-14650.935510059177,42792.837254999286,4456.652043042818,-30053.454113481348,16044.054604062741,-139592.90694752615
CASE_EX,10614,E2-P2-V-050,A-V-0614,SOL2_2_beam_0242,beam,P2,28,30,14650.935510059177,-42792.837254999286,-4456.652043042818,30053.454113481348,16266.67270799769,-170655.1631512187,-14650.935510059177,42792.837254999286,4456.652043042818,-30053.454113481348,16044.054604062741,-139592.90694752615
CASE_EX,10615,E2-P2-V-068,A-V-0615,SOL2_2_beam_0243,beam,P2,673,31,3664.1766025377074,9278.826865210314,-45073.22951520061,602.3682729882505,16308.059226653175,11414.289460810473,-3664.1766025377074,-9278.826865210314,45073.22951520061,-602.3682729882505,222962.44838647914,37842.212413423156
CASE_EX,10616,E2-P2-V-067,A-V-0616,SOL2_2_beam_0244,beam,P2,674,31,188887.75181673284,26763.090279322943,-55702.37685908938,3706.9564788697944,47733.647328621446,81976.40114702348,-188887.75181673284,-26763.090279322943,55702.37685908938,-3706.9564788697944,247961.51651220256,60095.02939624645
CASE_EX,10617,E2-P2-V-006,A-V-0617,SOL2_2_beam_0245,beam,P2,301,699,-3020.083675368601,-1816.3275930261855,-22059.428807084125,-38561.29925389512,31697.20765032178,-844.0323014540481,3020.083675368601,1816.3275930261855,22059.428807084125,38561.29925389512,20869.517888958293,-3484.202799600197
CASE_EX,10618,E2-P2-V-003,A-V-0618,SOL2_2_beam_0246,beam,P2,301,699,-3020.083675368601,-1816.3275930261855,-22059.428807084125,-38561.29925389512,31697.20765032178,-844.0323014540481,3020.083675368601,1816.3275930261855,22059.428807084125,38561.29925389512,20869.517888958293,-3484.202799600197
CASE_EX,10619,E2-P2-V-005,A-V-0619,SOL2_2_beam_0247,beam,P2,699,700,-2329.318111663385,-1858.7549116126195,2931.88553588445,498.29992581363825,-36886.88463455919,-3652.188597955599,2329.318111663385,1858.7549116126195,-2931.88553588445,-498.29992581363825,14545.916851119684,-10511.523828532558
CASE_EX,10620,E2-P2-V-002,A-V-0620,SOL2_2_beam_0248,beam,P2,699,700,-2329.318111663385,-1858.7549116126195,2931.88553588445,498.29992581363825,-36886.88463455919,-3652.188597955599,2329.318111663385,1858.7549116126195,-2931.88553588445,-498.29992581363825,14545.916851119684,-10511.523828532558
CASE_EX,10621,E2-P2-V-004,A-V-0621,SOL2_2_beam_0249,beam,P2,700,302,557.1180278323715,6145.957761844136,12174.488493501662,41151.98521930472,-17213.656287761656,16374.780305230748,-557.1180278323715,-6145.957761844136,-12174.488493501662,-41151.98521930472,-14843.54509724907,-191.578376018595
CASE_EX,10622,E2-P2-V-001,A-V-0622,SOL2_2_beam_0250,beam,P2,700,302,557.1180278323715,6145.957761844136,12174.488493501662,41151.98521930472,-17213.656287761656,16374.780305230748,-557.1180278323715,-6145.957761844136,-12174.488493501662,-41151.98521930472,-14843.54509724907,-191.578376018595
CASE_EX,10623,E2-P2-V-011,A-V-0623,SOL2_2_beam_0251,beam,P2,699,698,-364.66081229896406,404.31816145989103,-24991.314342968566,7738.114001975166,37060.90898723407,7136.3913975570495,364.66081229896406,-404.31816145989103,24991.314342968566,-7738.114001975166,39530.43652185596,-5897.270014223829
CASE_EX,10624,E2-P2-V-010,A-V-0624,SOL2_2_beam_0252,beam,P2,699,698,-364.66081229896406,404.31816145989103,-24991.314342968566,7738.114001975166,37060.90898723407,7136.3913975570495,364.66081229896406,-404.31816145989103,24991.314342968566,-7738.114001975166,39530.43652185596,-5897.270014223829
CASE_EX,10625,E2-P2-V-018,A-V-0625,SOL2_2_beam_0253,beam,P2,698,701,-8185.79785241627,-968.5773921741816,23148.166771434535,-13304.802876723263,-64830.5928558081,12615.647100471291,8185.79785241627,968.5773921741816,-23148.166771434535,13304.802876723263,-30424.113408645007,-16601.34306926805
CASE_EX,10626,E2-P2-V-022,A-V-0626,SOL2_2_beam_0254,beam,P2,702,671,19036.385251003674,1274.7886608312022,-952.017141606107,491.5625360136756,-15378.717527438745,10462.722361162841,-19036.385251003674,-1274.7886608312022,952.017141606107,-491.5625360136756,19010.662922666044,-5599.4036200918035
CASE_EX,10627,E2-P2-V-028,A-V-0627,SOL2_2_beam_0255,beam,P2,702,687,637.3943304166254,-9518.192625501322,476.0085708031285,-7689.3587637193405,-245.78126800686312,-5231.361180581407,-637.3943304166254,9518.192625501322,-476.0085708031285,7689.3587637193405,-1253.6457300229918,-24750.94558974776
CASE_EX,10628,E2-P2-V-027,A-V-0628,SOL2_2_beam_0256,beam,P2,702,687,637.3943304166254,-9518.192625501322,476.0085708031285,-7689.3587637193405,-245.78126800686312,-5231.361180581407,-637.3943304166254,9518.192625501322,-476.0085708031285,7689.3587637193405,-1253.6457300229918,-24750.94558974776
CASE_EX,10629,E2-P2-V-039,A-V-0629,SOL2_2_beam_0257,beam,P2,686,688,-58348.311917378654,-48104.41082197165,-35172.512229252505,24889.04292425561,49342.94545912816,14431.659693181413,58348.311917378654,48104.41082197165,35172.512229252505,-24889.04292425561,39819.37304202695,-136376.34112687956
CASE_EX,10630,E2-P2-V-035,A-V-0630,SOL2_2_beam_0258,beam,P2,687,691,84017.15514186364,21550.140582293247,51675.74923984846,-2409.9944746627366,-5616.727370954832,30986.810746698313,-84017.15514186364,-21550.140582293247,-51675.74923984846,2409.9944746627366,-171889.47126792456,43037.922153478954
CASE_EX,10631,E2-P2-V-009,A-V-0631,SOL2_2_beam_0259,beam,P2,700,697,-8214.010164336869,2792.386232472971,-9242.602957617297,3448.0860269184277,38949.11996583323,-5863.256476698922,8214.010164336869,-2792.386232472971,9242.602957617297,-3448.0860269184277,-10623.142915755594,14421.134457467775
CASE_EX,10632,E2-P2-V-008,A-V-0632,SOL2_2_beam_0260,beam,P2,700,697,-8214.010164336869,2792.386232472971,-9242.602957617297,3448.0860269184277,38949.11996583323,-5863.256476698922,8214.010164336869,-2792.386232472971,9242.602957617297,-3448.0860269184277,-10623.142915755594,14421.134457467775
CASE_EX,10633,E2-P2-V-026,A-V-0633,SOL2_2_beam_0261,beam,P2,703,692,-2706.348727512943,8052.373927655962,1643.7274361724658,15143.627217533487,8625.511164875388,6245.342752202183,2706.348727512943,-8052.373927655962,-1643.7274361724658,-15143.627217533487,-13803.252588818656,19119.635119914095
CASE_EX,10634,E2-P2-V-025,A-V-0634,SOL2_2_beam_0262,beam,P2,703,692,-2706.348727512943,8052.373927655962,1643.7274361724658,15143.627217533487,8625.511164875388,6245.342752202183,2706.348727512943,-8052.373927655962,-1643.7274361724658,-15143.627217533487,-13803.252588818656,19119.635119914095
CASE_EX,10635,E2-P2-V-016,A-V-0635,SOL2_2_beam_0263,beam,P2,697,29,-2885.803488446442,-6649.923968501184,-15720.889949800341,-24124.843914282545,28720.214669517838,-10710.736308076945,2885.803488446442,6649.923968501184,15720.889949800341,24124.843914282545,46651.94409829349,-21171.627015388138
CASE_EX,10636,E2-P2-V-020,A-V-0636,SOL2_2_beam_0264,beam,P2,703,29,-16430.086284621706,-4325.790321222011,-3287.454872345183,-15191.172605589494,31371.06672561861,-12490.685504404833,16430.086284621706,4325.790321222011,3287.454872345183,15191.172605589494,-16593.883938793264,-6953.838224852205
CASE_EX,10637,E2-P2-V-037,A-V-0637,SOL2_2_beam_0265,beam,P2,690,693,7201.799202885105,6818.312806533971,4047.446383296061,-14319.868734203397,1491.294063145635,-4695.55250615051,-7201.799202885105,-6818.312806533971,-4047.446383296061,14319.868734203397,-16932.302015420104,30707.415863077604
CASE_EX,10638,E2-P2-V-033,A-V-0638,SOL2_2_beam_0266,beam,P2,692,694,70463.05820091214,-11888.118579794273,-24771.41852758971,-28665.871463479176,58748.77713945376,-32125.32479283574,-70463.05820091214,11888.118579794273,24771.41852758971,28665.871463479176,58048.46121813173,-23927.15431089426
CASE_EX,10639,E2-P2-V-014,A-V-0639,SOL2_2_beam_0267,beam,P2,704,669,0.0,8.326672684688674e-11,1.4636729328554308e-09,-0.0,-1.249000902703301e-09,-2.8865798640254075e-10,0.0,-8.326672684688674e-11,-1.4636729328554308e-09,0.0,-1.0928757898653883e-09,4.2188474935755954e-10
CASE_EX,10640,E2-P2-V-012,A-V-0640,SOL2_2_beam_0268,beam,P2,297,701,-782.955416035163,8205.632788623792,-23148.166771435346,30717.60853321804,82121.0358140297,8038.28534635868,782.955416035163,-8205.632788623792,23148.166771435346,-30717.60853321804,-12612.413816970045,16601.34306926826
CASE_EX,10641,E2-P2-V-013,A-V-0641,SOL2_2_beam_0269,beam,P2,695,705,0.0,-6.47268696973846e-11,-2.9273458657108615e-10,-7.704992504407506e-13,2.53703308361608e-10,2.844946500601965e-11,0.0,6.47268696973846e-11,2.9273458657108615e-10,7.704992504407506e-13,2.1467203015212983e-10,-1.3201245652183502e-10
CASE_EX,10642,E2-P2-V-007,A-V-0642,SOL2_2_beam_0270,beam,P2,695,296,-29356.987340257696,13954.77656051817,51935.29840890361,-9640.675991876959,106719.12800887643,36254.118054923565,29356.987340257696,-13954.77656051817,-51935.29840890361,9640.675991876959,-266408.3812906032,6653.652130920906
CASE_EX,10643,E2-P3-V-030,A-V-0643,SOL2_3_beam_0271,beam,P3,706,707,0.0,-9.012036283917252e-11,-1.1881102522742456e-10,4.817834393560556e-12,-2.2970131543968755e-10,-7.595456830539005e-10,0.0,9.012036283917252e-11,1.1881102522742456e-10,-4.817834393560556e-12,7.465292751789844e-10,3.6752210470350006e-10
CASE_EX,10644,E2-P3-V-029,A-V-0644,SOL2_3_beam_0272,beam,P3,708,709,-1415.11968840401,25020.827083111235,-885.1869936175066,15226.026353683132,176.86632478713136,7816.450302389945,1415.11968840401,-25020.827083111235,885.1869936175066,-15226.026353683132,2611.4727051080145,70999.15500941045
CASE_EX,10645,E2-P3-V-056,A-V-0645,SOL2_3_beam_0273,beam,P3,38,710,-399.64494287399395,12147.456593398048,-33021.248800939706,2089.2549992001427,169102.6466424127,70486.30773788533,399.64494287399395,-12147.456593398048,33021.248800939706,-2089.2549992001427,-13586.937759851236,-13277.074536847744
CASE_EX,10646,E2-P3-V-055,A-V-0646,SOL2_3_beam_0274,beam,P3,38,711,59492.322736124646,82623.0987111289,-29156.843861346722,-8676.57790880597,155290.58833513476,198623.61704854737,-59492.322736124646,-82623.0987111289,29156.843861346722,8676.57790880597,-17974.54468064828,190495.2149978471
CASE_EX,10647,E2-P3-V-078,A-V-0647,SOL2_3_beam_0275,beam,P3,39,712,75230.73107661106,519.8994786301556,-18097.06764367481,2534.3089415025197,84560.93970952448,9290.301430557709,-75230.73107661106,-519.8994786301556,18097.06764367481,-2534.3089415025197,11507.05027000371,-6530.423483101373
CASE_EX,10648,E2-P3-V-077,A-V-0648,SOL2_3_beam_0276,beam,P3,39,713,-49054.16140124362,40431.313412274394,-16106.586239284285,-139.37093980942353,82537.58747409086,80877.4812209103,49054.16140124362,-40431.313412274394,16106.586239284285,139.37093980942353,-6682.57690861747,109536.4066446491
CASE_EX,10649,E2-P3-V-072,A-V-0649,SOL2_3_beam_0277,beam,P3,39,35,-5283.765156227775,-34776.29661915734,-1955.0945817069457,10931.470366586851,6301.020215467852,-123189.73490926041,5283.765156227775,34776.29661915734,1955.0945817069457,-10931.470366586851,7873.415501907504,-128938.41557963035
CASE_EX,10650,E2-P3-V-070,A-V-0650,SOL2_3_beam_0278,beam,P3,39,35,-5283.765156227775,-34776.29661915734,-1955.0945817069457,10931.470366586851,6301.020215467852,-123189.73490926041,5283.765156227775,34776.29661915734,1955.0945817069457,-10931.470366586851,7873.415501907504,-128938.41557963035
CASE_EX,10651,E2-P3-V-076,A-V-0651,SOL2_3_beam_0279,beam,P3,35,714,18387.069484568183,28451.79775940517,-50169.444709341726,3633.623390602893,244191.35277286777,53254.866622431626,-18387.069484568183,-28451.79775940517,50169.444709341726,-3633.623390602893,-7915.105158764025,80740.71677328949
CASE_EX,10652,E2-P3-V-075,A-V-0652,SOL2_3_beam_0280,beam,P3,35,715,-214633.8768380342,-14440.706636744038,-51208.160415496204,6146.543075176348,250411.4569386916,-12514.638614930656,214633.8768380342,14440.706636744038,51208.160415496204,-6146.543075176348,-9243.310464437323,-55494.80412045286
CASE_EX,10653,E2-P3-V-061,A-V-0653,SOL2_3_beam_0282,beam,P3,717,718,14138.169080152707,11493.767433334922,8057.071385545643,8595.4542324909,-65565.97755464185,55153.814113731154,-14138.169080152707,-11493.767433334922,-8057.071385545643,-8595.4542324909,-1307.7149453869933,40244.45558294872
CASE_EX,10654,E2-P3-V-057,A-V-0654,SOL2_3_beam_0283,beam,P3,719,716,-51969.22400457508,32480.854889017573,-25117.01791590535,-17836.521697875458,159037.7661791661,152352.33158702138,51969.22400457508,-32480.854889017573,25117.01791590535,17836.521697875458,64503.69327239154,136727.276925235
CASE_EX,10655,E2-P3-V-083,A-V-0655,SOL2_3_beam_0285,beam,P3,715,721,37253.87953346269,13585.697215597147,-7714.245664013627,12568.569543913436,49337.697954161995,45192.814294301206,-37253.87953346269,-13585.697215597147,7714.245664013627,-12568.569543913436,14857.619958510955,67862.71826269696
CASE_EX,10656,E2-P3-V-080,A-V-0656,SOL2_3_beam_0286,beam,P3,715,720,-43812.093790336214,8116.3049768841,4127.6320900844385,-1863.6219581762173,-36075.17214254667,28298.640668658187,43812.093790336214,-8116.3049768841,-4127.6320900844385,1863.6219581762173,-660.753459204836,43936.47362561031
CASE_EX,10657,E2-P3-V-081,A-V-0657,SOL2_3_beam_0287,beam,P3,714,713,-10837.128488257336,-27765.51444701283,-374.3464267070205,-6420.549706117447,1131.2030415355966,-95869.40386697142,10837.128488257336,27765.51444701283,374.3464267070205,6420.549706117447,1358.2006960660897,-88771.2672056639
CASE_EX,10658,E2-P3-V-084,A-V-0658,SOL2_3_beam_0288,beam,P3,714,713,-10837.128488257336,-27765.51444701283,-374.3464267070205,-6420.549706117447,1131.2030415355966,-95869.40386697142,10837.128488257336,27765.51444701283,374.3464267070205,6420.549706117447,1358.2006960660897,-88771.2672056639
CASE_EX,10659,E2-P3-V-088,A-V-0659,SOL2_3_beam_0289,beam,P3,714,164,-40145.90741652365,50341.8629146287,-49420.75185585491,4907.3774960358505,21088.33064390981,110998.0909606589,40145.90741652365,-50341.8629146287,49420.75185585491,-4907.3774960358505,240365.29452301952,155328.5443579609
CASE_EX,10660,E2-P3-V-087,A-V-0660,SOL2_3_beam_0290,beam,P3,715,164,-239247.25794208268,13304.442079815526,-47621.546841559946,-5846.091081297703,16544.040450989298,-17996.65084250384,239247.25794208268,-13304.442079815526,47621.546841559946,5846.091081297703,236361.44129032362,88653.03553932905
CASE_EX,10661,E2-P3-V-090,A-V-0661,SOL2_3_beam_0291,beam,P3,712,166,74935.9203440097,6673.907100832943,-18097.06764367748,3467.3745258027157,-11261.094157546075,6530.423483107324,-74935.9203440097,-6673.907100832943,18097.06764367748,-3467.3745258027157,96145.56693672157,24773.60304681065
CASE_EX,10662,E2-P3-V-089,A-V-0662,SOL2_3_beam_0292,beam,P3,713,166,11088.752244637506,20881.215772673775,-16855.279092703233,2432.45207517458,-6409.866557948175,68006.12776668166,-11088.752244637506,-20881.215772673775,16855.279092703233,-2432.45207517458,95925.335596409,42890.39395234375
CASE_EX,10663,E2-P3-V-071,A-V-0663,SOL2_3_beam_0293,beam,P3,35,34,3865.3681503650664,14343.099556601255,229.179222021063,-4473.830642444743,-1124.0671760289024,69159.13111055102,-3865.3681503650664,-14343.099556601255,-229.179222021063,4473.830642444743,-915.6278999585584,58494.45494320015
CASE_EX,10664,E2-P3-V-069,A-V-0664,SOL2_3_beam_0294,beam,P3,35,34,3865.3681503650664,14343.099556601255,229.179222021063,-4473.830642444743,-1124.0671760289024,69159.13111055102,-3865.3681503650664,-14343.099556601255,-229.179222021063,4473.830642444743,-915.6278999585584,58494.45494320015
CASE_EX,10665,E2-P3-V-074,A-V-0665,SOL2_3_beam_0295,beam,P3,34,720,129663.32660709906,-7935.808728611627,-32666.674922670758,-4024.8168011400435,189045.71878836368,-22049.882384126042,-129663.32660709906,7935.808728611627,32666.674922670758,4024.8168011400435,-35199.89853910738,-15324.32255361502
CASE_EX,10666,E2-P3-V-073,A-V-0666,SOL2_3_beam_0296,beam,P3,34,720,129663.32660709906,-7935.808728611627,-32666.674922670758,-4024.8168011400435,189045.71878836368,-22049.882384126042,-129663.32660709906,7935.808728611627,32666.674922670758,4024.8168011400435,-35199.89853910738,-15324.32255361502
CASE_EX,10667,E2-P3-V-086,A-V-0667,SOL2_3_beam_0298,beam,P3,721,165,17156.607856069746,-35750.15406957634,-7714.245664012295,-13560.073660240058,-13958.589238910252,-67862.71826269742,-17156.607856069746,35750.15406957634,7714.245664012295,13560.073660240058,50142.530509454635,-99824.63985465512
CASE_EX,10668,E2-P3-V-085,A-V-0668,SOL2_3_beam_0299,beam,P3,720,40,266126.3768587036,-3680.2718126539608,-61205.717755245416,1245.4311637123387,72679.93079254315,-13287.828518372018,-266126.3768587036,3680.2718126539608,61205.717755245416,-1245.4311637123387,250335.3017578024,-6134.929665213213
CASE_EX,10669,E2-P3-V-063,A-V-0669,SOL2_3_beam_0300,beam,P3,34,716,226519.35029337008,-16614.904019194633,83906.54410970872,-19508.231404763796,-318348.65289508225,-40063.136312864124,-226519.35029337008,16614.904019194633,-83906.54410970872,19508.231404763796,-127067.87521109835,-48136.81211274135
CASE_EX,10670,E2-P3-V-064,A-V-0670,SOL2_3_beam_0301,beam,P3,34,718,12371.028095027794,-13377.30087215546,-8057.071385551437,1852.5908449502153,29450.60333713426,-22756.808863759758,-12371.028095027794,13377.30087215546,8057.071385551437,-1852.5908449502153,8494.695933491017,-40244.4555829489
CASE_EX,10671,E2-P3-V-051,A-V-0671,SOL2_3_beam_0302,beam,P3,716,33,98885.9387576514,-21622.972977641773,29394.763096907544,15446.930422534946,55058.69383400591,-44295.23240624777,-98885.9387576514,21622.972977641773,-29394.763096907544,-15446.930422534946,-193495.2335302407,-57539.55861082414
CASE_EX,10672,E2-P3-V-052,A-V-0672,SOL2_3_beam_0303,beam,P3,716,33,98885.9387576514,-21622.972977641773,29394.763096907544,15446.930422534946,55058.69383400591,-44295.23240624777,-98885.9387576514,21622.972977641773,-29394.763096907544,-15446.930422534946,-193495.2335302407,-57539.55861082414
CASE_EX,10673,E2-P3-V-054,A-V-0673,SOL2_3_beam_0304,beam,P3,36,719,-6006.517341452234,15703.562045254941,-38237.1522535353,-12253.960131654703,198673.78003047884,30497.312689355553,6006.517341452234,-15703.562045254941,38237.1522535353,12253.960131654703,-18593.436182618316,43459.62934427253
CASE_EX,10674,E2-P3-V-053,A-V-0674,SOL2_3_beam_0305,beam,P3,36,719,-6006.517341452234,15703.562045254941,-38237.1522535353,-12253.960131654703,198673.78003047884,30497.312689355553,6006.517341452234,-15703.562045254941,38237.1522535353,12253.960131654703,-18593.436182618316,43459.62934427253
CASE_EX,10675,E2-P3-V-066,A-V-0675,SOL2_3_beam_0306,beam,P3,717,35,-19506.90242333918,16119.064306466353,-23371.81037389093,-17031.236648270624,-6299.577310753011,32274.075948873477,19506.90242333918,-16119.064306466353,23371.81037389093,17031.236648270624,116370.63125771994,43639.70088177056
CASE_EX,10676,E2-P3-V-065,A-V-0676,SOL2_3_beam_0307,beam,P3,717,35,-19506.90242333918,16119.064306466353,-23371.81037389093,-17031.236648270624,-6299.577310753011,32274.075948873477,19506.90242333918,-16119.064306466353,23371.81037389093,17031.236648270624,116370.63125771994,43639.70088177056
CASE_EX,10677,E2-P3-V-058,A-V-0677,SOL2_3_beam_0309,beam,P3,719,711,-19860.653018559584,-62218.670232537006,-51357.28659116555,20835.98551154265,181127.10338241153,-239271.5902755666,19860.653018559584,62218.670232537006,51357.28659116555,-20835.98551154265,191213.2244035387,-211813.7689103267
CASE_EX,10678,E2-P3-V-062,A-V-0678,SOL2_3_beam_0310,beam,P3,717,711,-17928.922439050784,-28111.43546605056,38686.549362227626,15114.1670892335,-100345.14703250142,-119701.96601147813,17928.922439050784,28111.43546605056,-38686.549362227626,-15114.1670892335,-181091.19048826257,-84802.6892354746
CASE_EX,10679,E2-P3-V-040,A-V-0679,SOL2_3_beam_0311,beam,P3,709,723,-93900.55419993652,-55562.794711263785,-27998.089146658003,26383.61040006314,151547.529208111,-208136.98773616098,93900.55419993652,55562.794711263785,27998.089146658003,-26383.61040006314,-35117.129597855295,-22921.580504280588
CASE_EX,10680,E2-P3-V-036,A-V-0680,SOL2_3_beam_0312,beam,P3,709,724,99359.79842061877,25444.931959079757,39371.65561232316,-299.32936485220796,-143930.43720427563,74918.50738574,-99359.79842061877,-25444.931959079757,-39371.65561232316,299.32936485220796,-6272.428956737291,22153.908038149308
CASE_EX,10681,E2-P3-V-044,A-V-0681,SOL2_3_beam_0313,beam,P3,725,36,-75626.94670279816,78645.42687033225,-27998.089146647406,-30474.153817138897,-23770.090293640984,196644.14364864083,75626.94670279816,-78645.42687033225,27998.089146647406,30474.153817138897,120728.00256950638,75706.4571174383
CASE_EX,10682,E2-P3-V-043,A-V-0682,SOL2_3_beam_0314,beam,P3,726,36,-8339.52334331652,11051.206629412653,-3755.0467698583107,14279.940453030273,-14217.809901061919,-34990.12971141072,8339.52334331652,-11051.206629412653,3755.0467698583107,-14279.940453030273,27221.607888728882,73260.66729362853
CASE_EX,10683,E2-P3-V-038,A-V-0683,SOL2_3_beam_0315,beam,P3,726,727,10287.210884857453,9265.533431504851,3755.046769853848,-12927.293535529612,-15457.939693603486,34990.12971141098,-10287.210884857453,-9265.533431504851,-3755.046769853848,12927.293535529612,-1383.445069191026,6565.787728888288
CASE_EX,10684,E2-P3-V-034,A-V-0684,SOL2_3_beam_0316,beam,P3,728,729,130263.50851833657,-7201.779499996954,-20845.39577420735,582.6287958573596,109172.09476402959,-23552.26920607138,-130263.50851833657,7201.779499996954,20845.39577420735,-582.6287958573596,-21934.113448971824,-6587.178001415872
CASE_EX,10685,E2-P3-V-042,A-V-0685,SOL2_3_beam_0317,beam,P3,730,33,10121.877608146691,-9445.867416239123,3755.0467698535294,14530.005610160748,14239.554697334432,-41913.79777008017,-10121.877608146691,9445.867416239123,-3755.0467698535294,-14530.005610160748,-27243.35268498484,9202.580246764453
CASE_EX,10686,E2-P3-V-041,A-V-0686,SOL2_3_beam_0318,beam,P3,731,33,-97560.65313269245,-51603.74231883905,-54689.950786500274,-14215.255162418696,-22195.265353686264,-69435.29474696053,97560.65313269245,51603.74231883905,54689.950786500274,14215.255162418696,244296.400876705,-140132.45218691527
CASE_EX,10687,E2-P3-V-023,A-V-0687,SOL2_3_beam_0319,beam,P3,731,732,-55569.686053100755,11783.580602201842,34397.498172474254,14728.967951170283,-52093.076345374364,37719.068525196824,55569.686053100755,-11783.580602201842,-34397.498172474254,-14728.967951170283,-76897.54180140409,6469.358733060089
CASE_EX,10688,E2-P3-V-024,A-V-0688,SOL2_3_beam_0320,beam,P3,731,733,-27694.423260971173,32501.223839537884,2380.817124591823,12390.295681789676,11053.723085556217,65634.60688413848,27694.423260971173,-32501.223839537884,-2380.817124591823,-12390.295681789676,-18688.131627385672,38584.91436238277
CASE_EX,10689,E2-P3-V-015,A-V-0689,SOL2_3_beam_0321,beam,P3,732,734,8742.851028432375,-12517.078269548972,300.2504707710156,-10896.93554401256,3467.9788138834447,-39322.86338269883,-8742.851028432375,12517.078269548972,-300.2504707710156,10896.93554401256,-4793.584642337479,-15940.037177359878
CASE_EX,10690,E2-P3-V-019,A-V-0690,SOL2_3_beam_0322,beam,P3,733,734,-39940.46239953463,-15101.989741186588,2380.817124600427,-13410.648784330617,17969.980244507693,-38584.91436238219,39940.46239953463,15101.989741186588,-2380.817124600427,13410.648784330617,-27164.44353072524,-19737.368684652807
CASE_EX,10691,E2-P3-V-032,A-V-0691,SOL2_3_beam_0323,beam,P3,37,728,-16712.073399355948,-4405.765099873378,-30551.119190073725,-11571.22184377958,103039.60356560456,-2624.5264508044265,16712.073399355948,4405.765099873378,30551.119190073725,11571.22184377958,2759.5000391276044,-12632.721421511307
CASE_EX,10692,E2-P3-V-031,A-V-0692,SOL2_3_beam_0324,beam,P3,37,728,-16712.073399355948,-4405.765099873378,-30551.119190073725,-11571.22184377958,103039.60356560456,-2624.5264508044265,16712.073399355948,4405.765099873378,30551.119190073725,11571.22184377958,2759.5000391276044,-12632.721421511307
CASE_EX,10693,E2-P3-V-017,A-V-0693,SOL2_3_beam_0325,beam,P3,37,735,5459.743280876532,6227.907564902533,29389.770974665153,16734.95574272687,-109102.13548642155,12270.914446270617,-5459.743280876532,-6227.907564902533,-29389.770974665153,-16734.95574272687,25316.92917732126,5483.783970711865
CASE_EX,10694,E2-P3-V-021,A-V-0694,SOL2_3_beam_0326,beam,P3,37,735,5459.743280876532,6227.907564902533,29389.770974665153,16734.95574272687,-109102.13548642155,12270.914446270617,-5459.743280876532,-6227.907564902533,-29389.770974665153,-16734.95574272687,25316.92917732126,5483.783970711865
CASE_EX,10695,E2-P3-V-046,A-V-0695,SOL2_3_beam_0327,beam,P3,707,38,9.617819470269182e-09,3.910429064846078e-10,-6.248910082317947e-11,6.621407003927988e-11,-7.934701062972073e-10,-3.0777022304861386e-10,-9.617819470269182e-09,-3.910429064846078e-10,6.248910082317947e-11,-6.621407003927988e-11,1.0098710443782637e-09,1.6619592044625146e-09
CASE_EX,10696,E2-P3-V-045,A-V-0696,SOL2_3_beam_0328,beam,P3,709,38,44472.11193304482,36293.25802539728,-12258.753459282876,5471.563507289357,929.4548034821019,62219.32534100915,-44472.11193304482,-36293.25802539728,12258.753459282876,-5471.563507289357,48854.51874647273,85171.07643021313
CASE_EX,10697,E2-P3-V-047,A-V-0697,SOL2_3_beam_0329,beam,P3,33,36,-1562.40538964037,27730.31294316011,-4085.7674103641893,-16161.000537105616,18606.34558481977,115512.75053413479,1562.40538964037,-27730.31294316011,4085.7674103641893,16161.000537105616,17756.98436742151,131287.03465999017
CASE_EX,10698,E2-P3-V-049,A-V-0698,SOL2_3_beam_0330,beam,P3,33,36,-1562.40538964037,27730.31294316011,-4085.7674103641893,-16161.000537105616,18606.34558481977,115512.75053413479,1562.40538964037,-27730.31294316011,4085.7674103641893,16161.000537105616,17756.98436742151,131287.03465999017
CASE_EX,10699,E2-P3-V-048,A-V-0699,SOL2_3_beam_0331,beam,P3,36,38,34282.61835262221,-63441.69115202001,-3899.2286830733174,25488.887818241994,15523.786162259203,-250555.25525125145,-34282.61835262221,63441.69115202001,3899.2286830733174,-25488.887818241994,12745.62179002235,-209397.00560089364
CASE_EX,10700,E2-P3-V-050,A-V-0700,SOL2_3_beam_0332,beam,P3,36,38,34282.61835262221,-63441.69115202001,-3899.2286830733174,25488.887818241994,15523.786162259203,-250555.25525125145,-34282.61835262221,63441.69115202001,3899.2286830733174,-25488.887818241994,12745.62179002235,-209397.00560089364
CASE_EX,10701,E2-P3-V-068,A-V-0701,SOL2_3_beam_0333,beam,P3,710,39,-1854.4142247509037,12011.72617287274,-33021.248800938345,443.7683296968704,13739.466285535935,13277.0745368477,1854.4142247509037,-12011.72617287274,33021.248800938345,-443.7683296968704,161553.29723733294,50486.97897353933
CASE_EX,10702,E2-P3-V-067,A-V-0702,SOL2_3_beam_0334,beam,P3,711,39,158542.30421493956,34350.82091684317,-41827.58109028328,4204.962753609001,39278.738042886005,106121.2431479547,-158542.30421493956,-34350.82091684317,41827.58109028328,-4204.962753609001,182762.29756398962,76229.53238121004
CASE_EX,10703,E2-P3-V-006,A-V-0703,SOL2_3_beam_0335,beam,P3,321,736,-3448.6515138602017,1004.8696531394094,-15122.023652106507,-34857.79010571933,18921.901594716874,1485.0570852056587,3448.6515138602017,-1004.8696531394094,15122.023652106507,34857.79010571933,17113.268394068462,909.5066055081963
CASE_EX,10704,E2-P3-V-003,A-V-0704,SOL2_3_beam_0336,beam,P3,321,736,-3448.6515138602017,1004.8696531394094,-15122.023652106507,-34857.79010571933,18921.901594716874,1485.0570852056587,3448.6515138602017,-1004.8696531394094,15122.023652106507,34857.79010571933,17113.268394068462,909.5066055081963
CASE_EX,10705,E2-P3-V-005,A-V-0705,SOL2_3_beam_0337,beam,P3,736,737,-8275.170397132602,-2978.719124759474,3364.3372325479913,-2564.9439953925153,-33450.67464657032,-6286.923069980428,8275.170397132602,2978.719124759474,-3364.3372325479913,2564.9439953925153,7814.42493455463,-16410.916660686762
CASE_EX,10706,E2-P3-V-002,A-V-0706,SOL2_3_beam_0338,beam,P3,736,737,-8275.170397132602,-2978.719124759474,3364.3372325479913,-2564.9439953925153,-33450.67464657032,-6286.923069980428,8275.170397132602,2978.719124759474,-3364.3372325479913,2564.9439953925153,7814.42493455463,-16410.916660686762
CASE_EX,10707,E2-P3-V-004,A-V-0707,SOL2_3_beam_0339,beam,P3,737,322,-551.777861684014,8453.549706277712,10621.457380795624,26674.024928807274,-11678.89938171587,20922.62692251977,551.777861684014,-8453.549706277712,-10621.457380795624,-26674.024928807274,-16288.944888720493,1336.800690968239
CASE_EX,10708,E2-P3-V-001,A-V-0708,SOL2_3_beam_0340,beam,P3,737,322,-551.777861684014,8453.549706277712,10621.457380795624,26674.024928807274,-11678.89938171587,20922.62692251977,551.777861684014,-8453.549706277712,-10621.457380795624,-26674.024928807274,-16288.944888720493,1336.800690968239
CASE_EX,10709,E2-P3-V-011,A-V-0709,SOL2_3_beam_0341,beam,P3,736,735,3987.183564442268,-4358.081981056066,-18486.360884654125,9104.095226796913,30900.639180391838,5377.41646447206,-3987.183564442268,4358.081981056066,18486.360884654125,-9104.095226796913,25754.854576007594,-18733.71130303939
CASE_EX,10710,E2-P3-V-010,A-V-0710,SOL2_3_beam_0342,beam,P3,736,735,3987.183564442268,-4358.081981056066,-18486.360884654125,9104.095226796913,30900.639180391838,5377.41646447206,-3987.183564442268,4358.081981056066,18486.360884654125,-9104.095226796913,25754.854576007594,-18733.71130303939
CASE_EX,10711,E2-P3-V-018,A-V-0711,SOL2_3_beam_0343,beam,P3,735,738,93.19959076262656,6452.882120540052,21806.820180021165,-14432.292683561867,-59909.14436158803,26499.854664659077,-93.19959076262656,-6452.882120540052,-21806.820180021165,14432.292683561867,-29825.92067919908,53.75526136323606
CASE_EX,10712,E2-P3-V-022,A-V-0712,SOL2_3_beam_0344,beam,P3,739,708,25020.827083109758,1415.119688401558,-885.1869936167419,176.86632478721805,-11849.037973035327,13215.13191364206,-25020.827083109758,-1415.119688401558,885.1869936167419,-176.86632478721805,15226.026353683199,-7816.450302390114
CASE_EX,10713,E2-P3-V-028,A-V-0713,SOL2_3_beam_0345,beam,P3,739,724,707.5598442072918,-12510.413541555052,442.59349680841336,-5924.518986517655,-88.43316239360536,-6607.5659568211395,-707.5598442072918,12510.413541555052,-442.59349680841336,5924.518986517655,-1305.736352552897,-32800.23669907727
CASE_EX,10714,E2-P3-V-027,A-V-0714,SOL2_3_beam_0346,beam,P3,739,724,707.5598442072918,-12510.413541555052,442.59349680841336,-5924.518986517655,-88.43316239360536,-6607.5659568211395,-707.5598442072918,12510.413541555052,-442.59349680841336,5924.518986517655,-1305.736352552897,-32800.23669907727
CASE_EX,10715,E2-P3-V-039,A-V-0715,SOL2_3_beam_0347,beam,P3,723,725,-84901.29970390865,-68529.61070783716,-27998.089146655642,21040.76448138036,38556.37326012377,22921.580504280544,84901.29970390865,68529.61070783716,27998.089146655642,-21040.76448138036,32418.782726648293,-196644.14364864776
CASE_EX,10716,E2-P3-V-035,A-V-0716,SOL2_3_beam_0348,beam,P3,724,728,124380.62550372926,26860.051647481818,40256.84260594008,-2910.8020699580425,-5576.609016298113,43446.56536000517,-124380.62550372926,-26860.051647481818,-40256.84260594008,2910.8020699580425,-132705.64533510603,48817.71204909485
CASE_EX,10717,E2-P3-V-009,A-V-0717,SOL2_3_beam_0349,beam,P3,737,734,-12235.807491441186,7528.531105488653,-7257.120148247582,4079.767957415215,28269.8091713722,-4511.710261830718,12235.807491441186,-7528.531105488653,7257.120148247582,-4079.767957415215,-6028.77818566914,27584.539452130906
CASE_EX,10718,E2-P3-V-008,A-V-0718,SOL2_3_beam_0350,beam,P3,737,734,-12235.807491441186,7528.531105488653,-7257.120148247582,4079.767957415215,28269.8091713722,-4511.710261830718,12235.807491441186,-7528.531105488653,7257.120148247582,-4079.767957415215,-6028.77818566914,27584.539452130906
CASE_EX,10719,E2-P3-V-026,A-V-0719,SOL2_3_beam_0351,beam,P3,740,729,-4793.322476767802,11350.52112935421,1466.8801423906061,10506.857637810666,5854.754399677566,9841.032238947708,4793.322476767802,-11350.52112935421,-1466.8801423906061,-10506.857637810666,-10475.426848207975,25913.109318518058
CASE_EX,10720,E2-P3-V-025,A-V-0720,SOL2_3_beam_0352,beam,P3,740,729,-4793.322476767802,11350.52112935421,1466.8801423906061,10506.857637810666,5854.754399677566,9841.032238947708,4793.322476767802,-11350.52112935421,-1466.8801423906061,-10506.857637810666,-10475.426848207975,25913.109318518058
CASE_EX,10721,E2-P3-V-016,A-V-0721,SOL2_3_beam_0353,beam,P3,734,37,-10291.21668117631,-11427.173533342986,-11833.172701123718,-18397.29183856063,19130.313721489958,-19491.673042250983,10291.21668117631,11427.173533342986,11833.172701123718,18397.29183856063,37602.59226563928,-35294.71249779903
CASE_EX,10722,E2-P3-V-020,A-V-0722,SOL2_3_beam_0354,beam,P3,740,37,-23290.244689863008,-8050.191512145961,-2933.760284781343,-10280.935186569408,21748.360804819815,-19682.06447789525,23290.244689863008,8050.191512145961,2933.760284781343,10280.935186569408,-8561.043057697094,-16503.72546089363
CASE_EX,10723,E2-P3-V-037,A-V-0723,SOL2_3_beam_0355,beam,P3,727,730,10287.210884857532,9265.533431505102,3755.046769855367,-12927.293535529616,1383.4450691911425,-6565.787728888288,-10287.210884857532,-9265.533431505102,-3755.046769855367,12927.293535529616,-15708.948496189365,41913.797770080244
CASE_EX,10724,E2-P3-V-033,A-V-0724,SOL2_3_beam_0356,beam,P3,729,731,107562.46625963677,-16788.424453446318,-17911.635489427343,-20368.2249005585,42947.828724590894,-45239.04063562256,-107562.46625963677,16788.424453446318,17911.635489427343,20368.2249005585,41505.53260805904,-33918.38066237685
CASE_EX,10725,E2-P3-V-014,A-V-0725,SOL2_3_beam_0357,beam,P3,741,706,0.0,-2.498001805406603e-10,0.0,3.852496252203753e-13,-7.80625564189563e-11,-6.43929354282591e-10,0.0,2.498001805406603e-10,0.0,-3.852496252203753e-13,7.80625564189563e-11,2.4424906541753444e-10
CASE_EX,10726,E2-P3-V-012,A-V-0726,SOL2_3_beam_0358,beam,P3,317,738,6449.116716342082,-239.30608825721248,-21806.82018001962,30145.102068937413,79234.02762795918,-664.8258943072086,-6449.116716342082,239.30608825721248,21806.82018001962,-30145.102068937413,-13753.161008263218,-53.75526136303654
CASE_EX,10727,E2-P3-V-013,A-V-0727,SOL2_3_beam_0359,beam,P3,732,742,0.0,8.326672684688677e-11,0.0,-1.9262481261018765e-13,1.9515639104739077e-11,1.6653345369377353e-10,0.0,-8.326672684688677e-11,0.0,1.9262481261018765e-13,-1.9515639104739077e-11,-3.3306690738754696e-11
CASE_EX,10728,E2-P3-V-007,A-V-0728,SOL2_3_beam_0360,beam,P3,732,316,-46473.02601266339,10729.365576507651,34097.247701703585,-3279.8888802026772,66874.00265893235,32853.504649637944,46473.02601266339,-10729.365576507651,-34097.247701703585,3279.8888802026772,-171715.29925796477,136.85892946950844
CASE_EX,10729,E2-P4-V-057,A-V-0729,SOL2_4_beam_0361,beam,P4,743,744,0.0,4.753849139766348e-09,-2.02968834763517e-10,-3.995968526423755e-11,3.5890830537451135e-11,-3.038182732215602e-09,0.0,-4.753849139766348e-09,2.02968834763517e-10,3.995968526423755e-11,8.470236006838477e-10,2.3717426490199212e-08
CASE_EX,10730,E2-P4-V-056,A-V-0730,SOL2_4_beam_0362,beam,P4,745,746,-95319.33276247478,26652.53807399933,-18469.980167302267,-9185.699170875578,49777.54681989102,-12590.99678948852,95319.33276247478,-26652.53807399933,18469.980167302267,9185.699170875578,8402.890707111132,96546.49172258642
CASE_EX,10731,E2-P4-V-093,A-V-0731,SOL2_4_beam_0363,beam,P4,46,747,-6.027126410912344e-08,1.9195604085125807e-09,1.696699513250477e-09,-1.0662084657728754e-09,-3.60214976902183e-09,4.500254386814551e-09,6.027126410912344e-08,-1.9195604085125807e-09,-1.696699513250477e-09,1.0662084657728754e-09,-1.4832381401854596e-10,-2.5715739353225987e-10
CASE_EX,10732,E2-P4-V-101,A-V-0732,SOL2_4_beam_0364,beam,P4,748,749,0.0,6.611279179642251e-09,-1.8344942139272371e-09,-0.0,3.379331446708075e-11,-6.1518851580961e-11,0.0,-6.611279179642251e-09,1.8344942139272371e-09,0.0,4.203888319704835e-09,1.5333573756554552e-08
CASE_EX,10733,E2-P4-V-092,A-V-0733,SOL2_4_beam_0365,beam,P4,46,750,3.0135632054561734e-08,-2.3558241377199855e-09,1.9171745912434776e-10,-1.2827406675965026e-11,-1.4832381401854599e-10,1.137921466380251e-08,-3.0135632054561734e-08,2.3558241377199855e-09,-1.9171745912434776e-10,1.2827406675965026e-11,-2.7545851174872824e-10,-1.6586651882830776e-08
CASE_EX,10734,E2-P4-V-100,A-V-0734,SOL2_4_beam_0366,beam,P4,751,752,0.0,3.6449304183856623e-10,8.008880313835681e-12,-2.8837398846905302e-12,0.0,0.0,0.0,-3.6449304183856623e-10,-8.008880313835681e-12,2.8837398846905302e-12,-1.3695185336659008e-11,6.232831015439479e-10
CASE_EX,10735,E2-P4-V-132,A-V-0735,SOL2_4_beam_0367,beam,P4,753,754,122755.50655846391,7055.594213803459,-2127.0141119773557,2238.7683226743616,-11560.018931128336,27023.17407100869,-122755.50655846391,-7055.594213803459,2127.0141119773557,-2238.7683226743616,13261.630220710222,-21378.698699965917
CASE_EX,10736,E2-P4-V-126,A-V-0736,SOL2_4_beam_0368,beam,P4,47,753,122577.27532730541,-9669.921066624127,-2127.014111978752,649.1417412161271,-7055.238106221597,5648.273431721209,-122577.27532730541,9669.921066624127,2127.014111978752,-649.1417412161271,11756.901645010354,-27023.174071010482
CASE_EX,10737,E2-P4-V-136,A-V-0737,SOL2_4_beam_0369,beam,P4,754,755,122755.50655851635,7055.594213808359,-2127.014111979334,2238.768322674341,-13261.630220710082,21378.698699965833,-122755.50655851635,-7055.594213808359,2127.014111979334,-2238.768322674341,18175.03281938234,-5080.276066068531
CASE_EX,10738,E2-P4-V-131,A-V-0738,SOL2_4_beam_0370,beam,P4,756,757,27267.3921473676,49458.633134594056,29.625155456083096,-608.7136208636824,-9273.156532810961,-2574.850579793805,-27267.3921473676,-49458.633134594056,-29.625155456083096,608.7136208636824,9249.456408446094,42141.75708746909
CASE_EX,10739,E2-P4-V-125,A-V-0739,SOL2_4_beam_0371,beam,P4,47,756,20302.630358346316,52701.71028138343,29.625155456324897,655.4604398524469,-9335.454574639796,113919.77362902982,-20302.630358346316,-52701.71028138343,-29.625155456324897,-655.4604398524469,9269.969577405634,2574.850579774764
CASE_EX,10740,E2-P4-V-133,A-V-0740,SOL2_4_beam_0372,beam,P4,757,758,27267.39214731989,49458.6331345939,29.625155456679945,-608.7136208636821,-9249.456408445782,-42141.75708746897,-27267.39214731989,-49458.6331345939,-29.625155456679945,608.7136208636821,9198.797392614859,126716.01974762458
CASE_EX,10741,E2-P4-V-124,A-V-0741,SOL2_4_beam_0373,beam,P4,47,43,-5583.983287091932,-34641.50110523882,-1813.0558878884456,10866.079307160051,4826.51922329716,-119338.19680057379,5583.983287091932,34641.50110523882,1813.0558878884456,-10866.079307160051,8318.13596389407,-131812.68621240766
CASE_EX,10742,E2-P4-V-122,A-V-0742,SOL2_4_beam_0374,beam,P4,47,43,-5583.983287091932,-34641.50110523882,-1813.0558878884456,10866.079307160051,4826.51922329716,-119338.19680057379,5583.983287091932,34641.50110523882,1813.0558878884456,-10866.079307160051,8318.13596389407,-131812.68621240766
CASE_EX,10743,E2-P4-V-130,A-V-0743,SOL2_4_beam_0375,beam,P4,43,759,-199951.4630177551,37275.509715587286,-29147.005981476457,1706.030905499802,135786.43627927976,71204.2394976204,199951.4630177551,-37275.509715587286,29147.005981476457,-1706.030905499802,1483.2752430955006,104347.18656514559
CASE_EX,10744,E2-P4-V-129,A-V-0744,SOL2_4_beam_0376,beam,P4,43,760,-92356.7535286644,-34375.93966346813,-31942.315698735012,11824.66544475056,145824.02296390288,-59475.53459161396,92356.7535286644,34375.93966346813,31942.315698735012,-11824.66544475056,4610.380628307292,-102420.17860492259
CASE_EX,10745,E2-P4-V-105,A-V-0745,SOL2_4_beam_0378,beam,P4,762,763,-12557.129123839226,13389.510477986592,9667.238048106803,-3117.1838704680767,-61616.35615117586,66338.36992348329,12557.129123839226,-13389.510477986592,-9667.238048106803,3117.1838704680767,-18621.71964811062,44794.56704380544
CASE_EX,10746,E2-P4-V-102,A-V-0746,SOL2_4_beam_0379,beam,P4,764,761,52092.47879321262,35899.253463630805,-20245.505562202816,-14358.576609450281,122905.2357414419,164982.75577599008,-52092.47879321262,-35899.253463630805,20245.505562202816,14358.576609450281,57279.76376216318,154520.6000503241
CASE_EX,10747,E2-P4-V-140,A-V-0747,SOL2_4_beam_0381,beam,P4,760,766,35333.50481182915,15382.34206727,-3117.3463143198,8681.710937937512,16439.779065822146,58941.68301495452,-35333.50481182915,-15382.34206727,3117.3463143198,-8681.710937937512,9501.712352476736,69064.91442287063
CASE_EX,10748,E2-P4-V-137,A-V-0748,SOL2_4_beam_0382,beam,P4,760,765,3207.053351178109,6896.306051320643,-1339.3534766557516,7790.785582938943,3719.4501659225843,33868.522166158946,-3207.053351178109,-6896.306051320643,1339.3534766557516,-7790.785582938943,8200.795776313606,27508.601690594776
CASE_EX,10749,E2-P4-V-138,A-V-0749,SOL2_4_beam_0383,beam,P4,759,758,-11703.557341163425,-30730.53555424768,-769.4368470919568,-5319.113044860724,1906.8677503165904,-103137.57364344515,11703.557341163425,30730.53555424768,769.4368470919568,5319.113044860724,3209.887282844922,-101220.48779230192
CASE_EX,10750,E2-P4-V-141,A-V-0750,SOL2_4_beam_0384,beam,P4,759,758,-11703.557341163425,-30730.53555424768,-769.4368470919568,-5319.113044860724,1906.8677503165904,-103137.57364344515,11703.557341163425,30730.53555424768,769.4368470919568,5319.113044860724,3209.887282844922,-101220.48779230192
CASE_EX,10751,E2-P4-V-149,A-V-0751,SOL2_4_beam_0385,beam,P4,759,184,-264398.9639083346,41883.4593225724,-27608.132287292607,5399.149945872674,9391.521633839322,101927.96072175188,264398.9639083346,-41883.4593225724,27608.132287292607,-5399.149945872674,136665.46858869307,119650.66492031942
CASE_EX,10752,E2-P4-V-148,A-V-0752,SOL2_4_beam_0386,beam,P4,760,184,-117851.5787899569,19648.722335907292,-27485.615907755768,-8301.90928151088,10704.489463295104,9609.973423826406,117851.5787899569,-19648.722335907292,27485.615907755768,8301.90928151088,135264.37112905356,94739.21129495266
CASE_EX,10753,E2-P4-V-151,A-V-0753,SOL2_4_beam_0387,beam,P4,767,768,122755.50655842228,7055.594213808989,-2127.0141119791087,2238.768322674336,-23683.99936940574,-13193.712947696677,-122755.50655842228,-7055.594213808989,2127.0141119791087,-2238.768322674336,25385.61065898903,18838.188318743873
CASE_EX,10754,E2-P4-V-145,A-V-0754,SOL2_4_beam_0388,beam,P4,755,767,122755.50655843991,7055.594213808938,-2127.0141119779278,2238.768322674341,-18175.03281938231,5080.276066068257,-122755.50655843991,-7055.594213808938,2127.0141119779278,-2238.768322674341,23683.999369405145,13193.712947696891
CASE_EX,10755,E2-P4-V-155,A-V-0755,SOL2_4_beam_0389,beam,P4,768,187,121586.02422646292,18317.601178641493,-2127.0141119775617,4564.42473010838,-25072.04297650209,-18838.18831874337,-121586.02422646292,-18317.601178641493,2127.0141119775617,-4564.42473010838,27846.79871706476,42734.06598949257
CASE_EX,10756,E2-P4-V-150,A-V-0756,SOL2_4_beam_0390,beam,P4,769,770,88728.4632557355,26051.518452001164,-1509.2485387321935,5811.060944826042,-24651.526320871355,-7379.388025661719,-88728.4632557355,-26051.518452001164,1509.2485387321935,-5811.060944826042,25858.92515185711,28220.60278726267
CASE_EX,10757,E2-P4-V-144,A-V-0757,SOL2_4_beam_0391,beam,P4,758,769,88728.46325574309,26051.518452241427,-1509.2485387259899,5811.060944826063,-19837.02348233621,75724.95583698261,-88728.46325574309,-26051.518452241427,1509.2485387259899,-5811.060944826063,24651.526320872115,7379.388025667475
CASE_EX,10758,E2-P4-V-154,A-V-0758,SOL2_4_beam_0392,beam,P4,770,187,92257.85211992155,-6317.477945473142,-1509.248538731993,-3512.0964093311723,-26270.089800480775,-28220.602787261992,-92257.85211992155,6317.477945473142,1509.248538731993,3512.0964093311723,28360.167995308333,19471.862893678343
CASE_EX,10759,E2-P4-V-123,A-V-0759,SOL2_4_beam_0393,beam,P4,43,42,-25158.193266768,17198.212195823886,-1217.4884018267528,9.247329228907594,3595.5548739256933,83474.13749106524,25158.193266768,-17198.212195823886,1217.4884018267528,-9.247329228907594,7240.091902332407,69589.95105176733
CASE_EX,10760,E2-P4-V-121,A-V-0760,SOL2_4_beam_0394,beam,P4,43,42,-25158.193266768,17198.212195823886,-1217.4884018267528,9.247329228907594,3595.5548739256933,83474.13749106524,25158.193266768,-17198.212195823886,1217.4884018267528,-9.247329228907594,7240.091902332407,69589.95105176733
CASE_EX,10761,E2-P4-V-128,A-V-0761,SOL2_4_beam_0395,beam,P4,42,771,2.5794302902556754e-08,-1.7419375909011358e-09,-4.8317792981561026e-09,5.915560811463706e-09,1.1945986531746594e-08,-4.464134022335823e-09,-2.5794302902556754e-08,1.7419375909011358e-09,4.8317792981561026e-09,-5.915560811463706e-09,5.32007497365233e-10,-3.439240387007561e-11
CASE_EX,10762,E2-P4-V-135,A-V-0762,SOL2_4_beam_0396,beam,P4,772,765,0.0,-8.457953651872496e-10,8.745586266871823e-10,3.369144616195666e-11,-8.106881332402422e-10,3.640985300166702e-09,0.0,8.457953651872496e-10,-8.745586266871823e-10,-3.369144616195666e-11,-4.693457613496139e-10,-4.8789203022233825e-09
CASE_EX,10763,E2-P4-V-127,A-V-0763,SOL2_4_beam_0397,beam,P4,42,773,2.5794302902556754e-08,-6.03285725289155e-10,-7.865687229556448e-10,-3.895333781596501e-10,2.128029989460932e-09,-1.568293616475451e-09,-2.5794302902556754e-08,6.03285725289155e-10,7.865687229556448e-10,3.895333781596501e-10,-9.672863588458773e-11,1.0317721161022641e-11
CASE_EX,10764,E2-P4-V-134,A-V-0764,SOL2_4_beam_0398,beam,P4,774,765,0.0,5.980244377899249e-11,-7.358503824368213e-10,-0.0,1.3098136807375429e-09,1.0644834992660672e-10,0.0,-5.980244377899249e-11,7.358503824368213e-10,0.0,-3.274534201843859e-10,-2.661208748165168e-11
CASE_EX,10765,E2-P4-V-147,A-V-0765,SOL2_4_beam_0399,beam,P4,775,776,17889.888445976594,-34132.461106012874,-3117.3463143095723,-8851.02243310858,-15469.783939139536,-1994.6283495546613,-17889.888445976594,34132.461106012874,3117.3463143095723,8851.02243310858,17963.660990587196,-25311.340535255662
CASE_EX,10766,E2-P4-V-143,A-V-0766,SOL2_4_beam_0400,beam,P4,766,775,17889.888445961355,-34132.46110601356,-3117.34631430803,-8851.022433108554,-9344.198431525181,-69064.91442287104,-17889.888445961355,34132.46110601356,3117.34631430803,8851.022433108554,15469.78393914046,1994.6283495543976
CASE_EX,10767,E2-P4-V-153,A-V-0767,SOL2_4_beam_0401,beam,P4,776,185,19979.908724467252,-32952.636573241696,-3117.3463143112504,-7715.635336878022,-18479.791277080858,25311.340535256066,-19979.908724467252,32952.636573241696,3117.3463143112504,7715.635336878022,24489.22000786251,-88835.40908969805
CASE_EX,10768,E2-P4-V-146,A-V-0768,SOL2_4_beam_0402,beam,P4,777,778,6896.306051301643,-3207.0533511787444,-1339.353476661853,-8200.795776313838,-11226.22725057592,-19282.50984481668,-6896.306051301643,3207.0533511787444,1339.353476661853,8200.795776313838,12297.710031905403,16716.86716387368
CASE_EX,10769,E2-P4-V-142,A-V-0769,SOL2_4_beam_0403,beam,P4,765,777,6896.30605128656,-3207.0533511788585,-1339.3534766622813,-8200.79577631384,-7790.785582937171,-27508.601690590516,-6896.30605128656,3207.0533511788585,1339.3534766622813,8200.79577631384,11226.22725057592,19282.509844816752
CASE_EX,10770,E2-P4-V-152,A-V-0770,SOL2_4_beam_0404,beam,P4,778,49,6323.540247919523,-4225.762307956696,-1339.3534766613666,-9988.088382375123,-10896.091678188026,-16716.86716387095,-6323.540247919523,4225.762307956696,1339.3534766613666,9988.088382375123,13518.703452342976,8442.327113955911
CASE_EX,10771,E2-P4-V-113,A-V-0771,SOL2_4_beam_0405,beam,P4,779,780,51316.352220970264,-27164.365315207506,35656.26461721863,333.6189816346441,-96229.26868770536,-4358.616886415275,-51316.352220970264,27164.365315207506,-35656.26461721863,-333.6189816346441,67704.25699393044,-17372.875365750748
CASE_EX,10772,E2-P4-V-117,A-V-0772,SOL2_4_beam_0406,beam,P4,42,779,46548.69882729316,-34705.75436029842,35656.26461721987,-14413.447980360439,-164963.45379771036,-72316.5694376235,-46548.69882729316,34705.75436029842,-35656.26461721987,14413.447980360439,95144.29027068839,4358.61688641589
CASE_EX,10773,E2-P4-V-107,A-V-0773,SOL2_4_beam_0407,beam,P4,780,761,89243.19396395123,-66885.85975425341,80979.76728254715,-23754.824513705393,-157521.8206228585,-42757.281327452234,-89243.19396395123,66885.85975425341,-80979.76728254715,23754.824513705393,-50191.28245687486,-128804.94894220773
CASE_EX,10774,E2-P4-V-114,A-V-0774,SOL2_4_beam_0408,beam,P4,779,780,51316.352220970264,-27164.365315207506,35656.26461721863,333.6189816346441,-96229.26868770536,-4358.616886415275,-51316.352220970264,27164.365315207506,-35656.26461721863,-333.6189816346441,67704.25699393044,-17372.875365750748
CASE_EX,10775,E2-P4-V-118,A-V-0775,SOL2_4_beam_0409,beam,P4,42,779,46548.69882729316,-34705.75436029842,35656.26461721987,-14413.447980360439,-164963.45379771036,-72316.5694376235,-46548.69882729316,34705.75436029842,-35656.26461721987,14413.447980360439,95144.29027068839,4358.61688641589
CASE_EX,10776,E2-P4-V-108,A-V-0776,SOL2_4_beam_0410,beam,P4,780,763,9138.741318669252,15919.921161315648,-9667.238048106814,16899.64519686797,28281.397740965323,77503.0320589538,-9138.741318669252,-15919.921161315648,9667.238048106814,-16899.64519686797,-8419.457830235413,-44794.567043805844
CASE_EX,10777,E2-P4-V-094,A-V-0777,SOL2_4_beam_0411,beam,P4,781,782,26671.970250663457,-7396.690480521952,30367.13086018016,16762.469624228317,73640.03805213103,715.1014776962675,-26671.970250663457,7396.690480521952,-30367.13086018016,-16762.469624228317,-97933.74274027518,-6632.4538621138345
CASE_EX,10778,E2-P4-V-098,A-V-0778,SOL2_4_beam_0412,beam,P4,761,781,26671.970250179547,-7396.690480520741,30367.13086017409,16762.46962422838,17916.35292371265,-12857.825554058489,-26671.970250179547,7396.690480520741,-30367.13086017409,-16762.46962422838,-73640.03805213208,-715.1014776970651
CASE_EX,10779,E2-P4-V-090,A-V-0779,SOL2_4_beam_0413,beam,P4,782,41,-81073.53009294768,-19252.57636425222,30367.130860182824,2508.4737546673573,99326.25994390066,6632.4538621129905,81073.53009294768,19252.57636425222,-30367.130860182824,-2508.4737546673573,-162692.68328225595,-46806.38105557175
CASE_EX,10780,E2-P4-V-095,A-V-0780,SOL2_4_beam_0414,beam,P4,781,782,26671.970250663457,-7396.690480521952,30367.13086018016,16762.469624228317,73640.03805213103,715.1014776962675,-26671.970250663457,7396.690480521952,-30367.13086018016,-16762.469624228317,-97933.74274027518,-6632.4538621138345
CASE_EX,10781,E2-P4-V-099,A-V-0781,SOL2_4_beam_0415,beam,P4,761,781,26671.970250179547,-7396.690480520741,30367.13086017409,16762.46962422838,17916.35292371265,-12857.825554058489,-26671.970250179547,7396.690480520741,-30367.13086017409,-16762.46962422838,-73640.03805213208,-715.1014776970651
CASE_EX,10782,E2-P4-V-091,A-V-0782,SOL2_4_beam_0416,beam,P4,782,41,-81073.53009294768,-19252.57636425222,30367.130860182824,2508.4737546673573,99326.25994390066,6632.4538621129905,81073.53009294768,19252.57636425222,-30367.130860182824,-2508.4737546673573,-162692.68328225595,-46806.38105557175
CASE_EX,10783,E2-P4-V-086,A-V-0783,SOL2_4_beam_0417,beam,P4,41,44,-32803.53810515229,31586.9544567497,-4014.3551906797393,-13112.416279532546,17633.75708703616,131034.03401580168,32803.53810515229,-31586.9544567497,4014.3551906797393,13112.416279532546,18094.004110013517,150089.86064927062
CASE_EX,10784,E2-P4-V-088,A-V-0784,SOL2_4_beam_0418,beam,P4,41,44,-32803.53810515229,31586.9544567497,-4014.3551906797393,-13112.416279532546,17633.75708703616,131034.03401580168,32803.53810515229,-31586.9544567497,4014.3551906797393,13112.416279532546,18094.004110013517,150089.86064927062
CASE_EX,10785,E2-P4-V-097,A-V-0785,SOL2_4_beam_0419,beam,P4,44,764,49622.83866157737,23924.72998175227,-28684.735751743152,-8242.540948193257,147938.05037551044,54360.47968504421,-49622.83866157737,-23924.72998175227,28684.735751743152,8242.540948193257,-12845.43042546352,58314.58494879831
CASE_EX,10786,E2-P4-V-096,A-V-0786,SOL2_4_beam_0420,beam,P4,44,764,49622.83866157737,23924.72998175227,-28684.735751743152,-8242.540948193257,147938.05037551044,54360.47968504421,-49622.83866157737,-23924.72998175227,28684.735751743152,8242.540948193257,-12845.43042546352,58314.58494879831
CASE_EX,10787,E2-P4-V-112,A-V-0787,SOL2_4_beam_0421,beam,P4,762,43,-14640.22766741795,7743.158420323292,-18610.289794628166,-7370.6726608572835,-6769.7094552744675,12256.673335430358,14640.22766741795,-7743.158420323292,18610.289794628166,7370.6726608572835,94416.07399370876,24210.23250406906
CASE_EX,10788,E2-P4-V-111,A-V-0788,SOL2_4_beam_0422,beam,P4,762,43,-14640.22766741795,7743.158420323292,-18610.289794628166,-7370.6726608572835,-6769.7094552744675,12256.673335430358,14640.22766741795,-7743.158420323292,18610.289794628166,7370.6726608572835,94416.07399370876,24210.23250406906
CASE_EX,10789,E2-P4-V-089,A-V-0789,SOL2_4_beam_0423,beam,P4,46,44,-22748.419513496854,-44203.84271667694,1571.1768047361963,29541.39803358567,-1496.6810295654332,-101581.92954545523,22748.419513496854,44203.84271667694,-1571.1768047361963,-29541.39803358567,-9894.350804771992,-218895.93015045254
CASE_EX,10790,E2-P4-V-087,A-V-0790,SOL2_4_beam_0424,beam,P4,46,44,-22748.419513496854,-44203.84271667694,1571.1768047361963,29541.39803358567,-1496.6810295654332,-101581.92954545523,22748.419513496854,44203.84271667694,-1571.1768047361963,-29541.39803358567,-9894.350804771992,-218895.93015045254
CASE_EX,10791,E2-P4-V-103,A-V-0791,SOL2_4_beam_0425,beam,P4,764,752,93522.79551678893,-66192.88209243787,-37123.96594129169,12330.210491143369,137720.32600412183,-281611.92567358847,-93522.79551678893,66192.88209243787,37123.96594129169,-12330.210491143369,131428.42707024293,-198286.46949658607
CASE_EX,10792,E2-P4-V-106,A-V-0792,SOL2_4_beam_0426,beam,P4,762,752,-27444.83184096742,-14604.15775627346,27553.341541119036,5071.023379482608,-76142.96037750319,-90851.71659434393,27444.83184096742,14604.15775627346,-27553.341541119036,-5071.023379482608,-124301.68143287583,-15390.394404422921
CASE_EX,10793,E2-P4-V-077,A-V-0793,SOL2_4_beam_0427,beam,P4,783,44,-63719.055372544004,31412.089153757006,-19899.327139912213,-31994.80307685697,-31727.168309371307,154643.01600450266,63719.055372544004,-31412.089153757006,19899.327139912213,31994.80307685697,100638.91457443344,-45862.357130990495
CASE_EX,10794,E2-P4-V-076,A-V-0794,SOL2_4_beam_0428,beam,P4,784,44,23679.984356854773,37630.111402179704,-3228.2334531058777,12308.200066570254,-11436.126652666586,15843.567612054285,-23679.984356854773,-37630.111402179704,3228.2334531058777,-12308.200066570254,22615.560160175573,114470.21991656607
CASE_EX,10795,E2-P4-V-081,A-V-0795,SOL2_4_beam_0429,beam,P4,785,786,48693.787360026836,-39540.032277540384,3228.2334530976327,13541.701922183887,15863.299265285765,-42614.31979212267,-48693.787360026836,39540.032277540384,-3228.2334530976327,-13541.701922183887,-18445.88602776387,10982.293970090366
CASE_EX,10796,E2-P4-V-075,A-V-0796,SOL2_4_beam_0430,beam,P4,787,785,48693.787359827984,-39540.032277539365,3228.233453096937,13541.701922183891,10326.878893224159,-110425.47514810311,-48693.787359827984,39540.032277539365,-3228.233453096937,-13541.701922183891,-15863.299265285408,42614.31979212306
CASE_EX,10797,E2-P4-V-085,A-V-0797,SOL2_4_beam_0431,beam,P4,786,41,58445.66907409554,-22772.853278753537,3228.23345309913,7258.74887217371,21701.12824508036,-10982.293970090766,-58445.66907409554,22772.853278753537,-3228.23345309913,-7258.74887217371,-24871.09076521164,-11379.500001406353
CASE_EX,10798,E2-P4-V-080,A-V-0798,SOL2_4_beam_0432,beam,P4,788,789,-109935.59133906651,-33947.51138225542,-47249.024672760104,4471.071185855079,-116598.19396134489,59767.442455098804,109935.59133906651,33947.51138225542,47249.024672760104,-4471.071185855079,154397.41369955297,-86925.45156090314
CASE_EX,10799,E2-P4-V-072,A-V-0799,SOL2_4_beam_0433,beam,P4,790,788,-109935.59133922924,-33947.51138225203,-47249.024672766725,4471.071185855147,-7216.701843890027,-18821.046394815134,109935.59133922924,33947.51138225203,47249.024672766725,-4471.071185855147,116598.19396134501,-59767.44245509832
CASE_EX,10800,E2-P4-V-084,A-V-0800,SOL2_4_beam_0434,beam,P4,789,41,-115050.74426305214,1262.5436888349188,-47249.024672766776,-42913.37653302451,-148381.2452744456,86925.45156089857,115050.74426305214,-1262.5436888349188,47249.024672766776,42913.37653302451,194777.4057446994,-85685.69730155502
CASE_EX,10801,E2-P4-V-060,A-V-0801,SOL2_4_beam_0435,beam,P4,791,792,-54013.5656614815,3905.6067016774145,19533.969115678334,12571.096526210109,6007.232184204982,6509.6886154500025,54013.5656614815,-3905.6067016774145,-19533.969115678334,-12571.096526210109,-21634.407476747656,-3385.20325410807
CASE_EX,10802,E2-P4-V-062,A-V-0802,SOL2_4_beam_0436,beam,P4,790,791,-54013.565661428845,3905.6067016759225,19533.96911568157,12571.096526210424,-11280.330483175407,9966.150546432615,54013.565661428845,-3905.6067016759225,-19533.96911568157,-12571.096526210424,-6007.232184202783,-6509.688615449424
CASE_EX,10803,E2-P4-V-048,A-V-0803,SOL2_4_beam_0437,beam,P4,792,793,-104381.0440419059,-4747.285463440601,45750.65891977981,4167.389898087793,16259.205988910544,-830.2574259866642,104381.0440419059,4747.285463440601,-45750.65891977981,-4167.389898087793,-110734.31665825585,-8972.887056018179
CASE_EX,10804,E2-P4-V-061,A-V-0804,SOL2_4_beam_0438,beam,P4,791,792,-54013.5656614815,3905.6067016774145,19533.969115678334,12571.096526210109,6007.232184204982,6509.6886154500025,54013.5656614815,-3905.6067016774145,-19533.969115678334,-12571.096526210109,-21634.407476747656,-3385.20325410807
CASE_EX,10805,E2-P4-V-063,A-V-0805,SOL2_4_beam_0439,beam,P4,790,791,-54013.565661428845,3905.6067016759225,19533.96911568157,12571.096526210424,-11280.330483175407,9966.150546432615,54013.565661428845,-3905.6067016759225,-19533.96911568157,-12571.096526210424,-6007.232184202783,-6509.688615449424
CASE_EX,10806,E2-P4-V-049,A-V-0806,SOL2_4_beam_0440,beam,P4,792,794,-8133.767529108464,10239.710544314863,-6682.720688413593,9173.308738902788,32944.07003640629,7600.66393420102,8133.767529108464,-10239.710544314863,6682.720688413593,-9173.308738902788,-22364.613989272835,8609.884536988273
CASE_EX,10807,E2-P4-V-059,A-V-0807,SOL2_4_beam_0441,beam,P4,45,795,42150.91493276843,39838.10728783234,-13090.164666076213,-5970.694867244806,56294.49074196827,87901.23244262043,-42150.91493276843,-39838.10728783234,13090.164666076213,5970.694867244806,-10963.002913555938,50058.8866004567
CASE_EX,10808,E2-P4-V-058,A-V-0808,SOL2_4_beam_0442,beam,P4,45,796,16479.499630246104,-32329.670426909095,-3974.958716382224,5196.144165473269,25278.607494438747,-79257.85568829178,-16479.499630246104,32329.670426909095,3974.958716382224,-5196.144165473269,-11513.250276504328,-32700.40448944762
CASE_EX,10809,E2-P4-V-079,A-V-0809,SOL2_4_beam_0443,beam,P4,797,798,0.0,6.6613381477509335e-09,-1.463672932855422e-10,-4.045121064813937e-11,-1.0928757898653874e-09,-3.304023721284463e-08,0.0,-6.6613381477509335e-09,1.463672932855422e-10,4.045121064813937e-11,1.2099696244938213e-09,3.8369307731045384e-08
CASE_EX,10810,E2-P4-V-074,A-V-0810,SOL2_4_beam_0444,beam,P4,744,797,0.0,5.3928863398894384e-09,-1.3824537736532985e-10,-4.00259350878312e-11,-8.718675132506807e-10,-2.436146522606058e-08,0.0,-5.3928863398894384e-09,1.3824537736532985e-10,4.00259350878312e-11,1.0847653943932887e-09,3.2666510189490316e-08
CASE_EX,10811,E2-P4-V-083,A-V-0811,SOL2_4_beam_0445,beam,P4,798,46,-5.793344140920248e-08,-1.7412892094869732e-08,0.0,2.728650027403175e-10,-1.1677209284042373e-09,-3.806613323527332e-08,5.793344140920248e-08,1.7412892094869732e-08,0.0,-2.728650027403175e-10,1.1677209284042373e-09,1.804433588425293e-08
CASE_EX,10812,E2-P4-V-078,A-V-0812,SOL2_4_beam_0446,beam,P4,799,800,-80301.3254188078,46009.85045781591,-25360.83039750491,-9480.908294905252,-28670.832827765727,-87469.10676621548,80301.3254188078,-46009.85045781591,25360.83039750491,9480.908294905252,48959.497145769674,124276.98713246825
CASE_EX,10813,E2-P4-V-073,A-V-0813,SOL2_4_beam_0447,beam,P4,746,799,-80301.3254189853,46009.85045781797,-25360.83039750484,-9480.908294905277,25601.344222894535,10991.973213515477,80301.3254189853,-46009.85045781797,25360.83039750484,9480.908294905277,28670.832827765815,87469.10676621497
CASE_EX,10814,E2-P4-V-082,A-V-0814,SOL2_4_beam_0448,beam,P4,800,46,-65515.574740893986,65367.56588340211,-25360.830397505502,-21926.496472342904,-44790.05174490657,-124276.98713247431,65515.574740893986,-65367.56588340211,25360.830397505502,21926.496472342904,73950.59578928471,199438.3187663244
CASE_EX,10815,E2-P4-V-116,A-V-0815,SOL2_4_beam_0449,beam,P4,801,802,-4.163336342344343e-08,7.1609385088322944e-09,-2.1955093992831498e-09,-0.0,-8.703975040713641e-09,-3.188560526723454e-08,4.163336342344343e-08,-7.1609385088322944e-09,2.1955093992831498e-09,0.0,1.0460382560140158e-08,3.761435607430037e-08
CASE_EX,10816,E2-P4-V-110,A-V-0816,SOL2_4_beam_0450,beam,P4,749,801,-1.3376181019580199e-08,6.601064753759095e-09,-1.8281452221790706e-09,-0.0,-4.163336342344335e-09,-1.5480700166660818e-08,1.3376181019580199e-08,-6.601064753759095e-09,1.8281452221790706e-09,0.0,8.715417945570222e-09,3.191735140352097e-08
CASE_EX,10817,E2-P4-V-120,A-V-0817,SOL2_4_beam_0451,beam,P4,802,47,1.386275390912352e-07,2.9080246223182966e-08,-1.780552030344315e-09,7.080913984582591e-10,-1.0353744325876629e-08,-3.741095188275467e-08,-1.386275390912352e-07,-2.9080246223182966e-08,1.780552030344315e-09,-7.080913984582591e-10,1.2920519854362776e-08,7.933191970394421e-08
CASE_EX,10818,E2-P4-V-115,A-V-0818,SOL2_4_beam_0452,beam,P4,803,804,83010.8415420251,67375.97049918545,-9570.624400167575,7132.000846466486,-22441.26025736463,5485.115058542175,-83010.8415420251,-67375.97049918545,9570.624400167575,-7132.000846466486,30097.75977749868,48415.66134080611
CASE_EX,10819,E2-P4-V-109,A-V-0819,SOL2_4_beam_0453,beam,P4,752,803,83010.84154195683,67375.97049917579,-9570.62440016756,7132.00084646649,7131.969139153142,213676.86390099788,-83010.84154195683,-67375.97049917579,9570.62440016756,-7132.00084646649,22441.260257364615,-5485.115058544732
CASE_EX,10820,E2-P4-V-119,A-V-0820,SOL2_4_beam_0454,beam,P4,804,47,95214.85079631052,48625.64551802399,-9570.62440016742,712.2784224893574,-30923.021184012257,-48415.661340806284,-95214.85079631052,-48625.64551802399,9570.62440016742,-712.2784224893574,44719.66631655115,118512.5272820788
CASE_EX,10821,E2-P4-V-015,A-V-0821,SOL2_4_beam_0455,beam,P4,344,805,-704.5486806495067,-20488.561545645058,-4238.294882332516,-29896.339377703353,24193.677963586484,-13499.070477814503,704.5486806495067,20488.561545645058,4238.294882332516,29896.339377703353,-16007.66182694109,-26073.375537786793
CASE_EX,10822,E2-P4-V-008,A-V-0822,SOL2_4_beam_0457,beam,P4,344,806,-5852.586934780009,-1868.8162824623753,-2057.4283647652405,-22682.34270991977,-15423.530904690422,10539.447813359335,5852.586934780009,1868.8162824623753,2057.4283647652405,22682.34270991977,17814.89999285995,-12711.59123564483
CASE_EX,10823,E2-P4-V-007,A-V-0823,SOL2_4_beam_0458,beam,P4,806,807,-5991.670621872674,-1358.3560968002046,-2057.428364765177,-24130.95337940309,-15797.3548914661,12711.591235645155,5991.670621872674,1358.3560968002046,2057.428364765177,24130.95337940309,18895.842008802458,-14757.275517426264
CASE_EX,10824,E2-P4-V-012,A-V-0824,SOL2_4_beam_0459,beam,P4,808,809,-39448.028676176276,741.0389236019442,1217.6067014604484,-1251.8712335562896,-11613.373110174904,3837.842329053614,39448.028676176276,-741.0389236019442,-1217.6067014604484,1251.8712335562896,9726.082722911207,-2689.2319974705997
CASE_EX,10825,E2-P4-V-013,A-V-0825,SOL2_4_beam_0460,beam,P4,807,808,-14114.434519430222,2677.3714054105412,1072.3692606123304,-2619.019824689855,-14038.806008107827,14500.1858939933,14114.434519430222,-2677.3714054105412,-1072.3692606123304,2619.019824689855,10383.579893302582,-5374.226917417143
CASE_EX,10826,E2-P4-V-011,A-V-0826,SOL2_4_beam_0461,beam,P4,809,810,-39448.02867618086,741.0389236056765,1217.6067014602454,-1251.8712335562755,-9726.082722911113,2689.231997463932,39448.02867618086,-741.0389236056765,-1217.6067014602454,1251.8712335562755,6822.090739928428,-921.8541646643939
CASE_EX,10827,E2-P4-V-005,A-V-0827,SOL2_4_beam_0462,beam,P4,808,811,9081.856281466366,5954.115845877368,927.131819763406,2951.237400602103,-9285.44466722339,6910.61150576466,-9081.856281466366,-5954.115845877368,-927.131819763406,-2951.237400602103,8456.192757985766,-1585.0883948484743
CASE_EX,10828,E2-P4-V-006,A-V-0828,SOL2_4_beam_0463,beam,P4,807,808,-14114.434519430222,2677.3714054105412,1072.3692606123304,-2619.019824689855,-14038.806008107827,14500.1858939933,14114.434519430222,-2677.3714054105412,-1072.3692606123304,2619.019824689855,10383.579893302582,-5374.226917417143
CASE_EX,10829,E2-P4-V-004,A-V-0829,SOL2_4_beam_0464,beam,P4,811,810,10859.061862905523,-111.28557969987428,927.1318197640564,-2257.1915653927263,-8667.29971744588,1585.0883948449866,-10859.061862905523,111.28557969987428,-927.1318197640564,2257.1915653927263,5737.178109854652,-1936.7970459135054
CASE_EX,10830,E2-P4-V-009,A-V-0830,SOL2_4_beam_0465,beam,P4,812,345,-10792.776986704157,831.0140309927145,17265.160493003434,10825.174217354097,-7632.779079759659,1800.19705812762,10792.776986704157,-831.0140309927145,-17265.160493003434,-10825.174217354097,-21610.595854918087,-392.64252690007015
CASE_EX,10831,E2-P4-V-010,A-V-0831,SOL2_4_beam_0466,beam,P4,810,812,-3527.1367603839053,1458.234106545532,2845.5780355562392,12628.503715592915,-962.6118965954828,3354.057472171988,3527.1367603839053,-1458.234106545532,-2845.5780355562392,-12628.503715592915,-1737.841659147389,-1970.193305060278
CASE_EX,10832,E2-P4-V-002,A-V-0832,SOL2_4_beam_0467,beam,P4,812,813,2975.9210862026994,1697.022221411993,-11574.004421889991,8499.142285402326,18677.939494883693,2140.189551993508,-2975.9210862026994,-1697.022221411993,11574.004421889991,-8499.142285402326,-8325.835231192017,-622.3267334315408
CASE_EX,10833,E2-P4-V-003,A-V-0833,SOL2_4_beam_0468,beam,P4,810,812,-3527.1367603839053,1458.234106545532,2845.5780355562392,12628.503715592915,-962.6118965954828,3354.057472171988,3527.1367603839053,-1458.234106545532,-2845.5780355562392,-12628.503715592915,-1737.841659147389,-1970.193305060278
CASE_EX,10834,E2-P4-V-001,A-V-0834,SOL2_4_beam_0469,beam,P4,813,345,3419.5728945248056,-206.1842631407902,-11574.004421890559,11668.453702920988,2324.2504312701103,622.3267334363403,-3419.5728945248056,206.1842631407902,11574.004421890559,-11668.453702920988,7776.938305798542,-802.2736282776289
CASE_EX,10835,E2-P4-V-022,A-V-0835,SOL2_4_beam_0470,beam,P4,805,814,-19758.00033256815,-5467.994688356306,-4238.294882332547,6312.358138379433,33319.521006241324,26073.375537786706,19758.00033256815,5467.994688356306,4238.294882332547,-6312.358138379433,-20249.04562441509,-42936.121511418576
CASE_EX,10836,E2-P4-V-021,A-V-0836,SOL2_4_beam_0471,beam,P4,807,814,-5314.684116103345,-22293.940352417674,-4202.166885989805,11491.62151535054,21308.660704387497,-14243.09627055794,5314.684116103345,22293.940352417674,4202.166885989805,-11491.62151535054,-6756.477297644771,-62961.24084156685
CASE_EX,10837,E2-P4-V-020,A-V-0837,SOL2_4_beam_0472,beam,P4,810,815,-455.71788998182086,10803.967198547552,-1773.208774944403,-5436.795457976567,14010.894390996333,-1924.7318668862063,455.71788998182086,-10803.967198547552,1773.208774944403,5436.795457976567,-8602.607627415904,34876.83182245624
CASE_EX,10838,E2-P4-V-019,A-V-0838,SOL2_4_beam_0473,beam,P4,810,815,-455.71788998182086,10803.967198547552,-1773.208774944403,-5436.795457976567,14010.894390996333,-1924.7318668862063,455.71788998182086,-10803.967198547552,1773.208774944403,5436.795457976567,-8602.607627415904,34876.83182245624
CASE_EX,10839,E2-P4-V-055,A-V-0839,SOL2_4_beam_0474,beam,P4,814,816,-96196.72284649994,7445.714383733524,-10370.249913904843,-15991.58927407201,34968.42766854136,23506.013130970256,96196.72284649994,-7445.714383733524,10370.249913904843,15991.58927407201,3920.0095086018046,4415.415808030464
CASE_EX,10840,E2-P4-V-054,A-V-0840,SOL2_4_beam_0475,beam,P4,817,816,12372.086778655868,4231.772282858388,-3329.76279013204,-17920.490387002497,22914.09132958389,13326.53724105185,-12372.086778655868,-4231.772282858388,3329.76279013204,17920.490387002497,-12377.877878421234,63.86287424939292
CASE_EX,10841,E2-P4-V-053,A-V-0841,SOL2_4_beam_0476,beam,P4,815,818,-13415.529520663938,-8122.139760339224,-4700.863431364535,13512.840055871584,20836.29046321664,-17485.179264543596,13415.529520663938,8122.139760339224,4700.863431364535,-13512.840055871584,-3208.052595599631,-12972.844836728495
CASE_EX,10842,E2-P4-V-052,A-V-0842,SOL2_4_beam_0477,beam,P4,819,818,-2100.3463058985803,199.18675753749642,494.7357063505943,14889.982137905425,-1862.4332774986601,4056.3669167399403,2100.3463058985803,-199.18675753749642,-494.7357063505943,-14889.982137905425,296.96410369757814,-3426.0895287291196
CASE_EX,10843,E2-P4-V-028,A-V-0843,SOL2_4_beam_0478,beam,P4,793,815,26482.572990905923,-9246.481058078602,-15045.041703143626,-8996.10014489011,48108.651272153125,-20785.00910627953,-26482.572990905923,9246.481058078602,15045.041703143626,8996.10014489011,22828.720358169074,-22812.149082561078
CASE_EX,10844,E2-P4-V-038,A-V-0844,SOL2_4_beam_0479,beam,P4,794,819,-12558.49886679264,-3646.0872810940605,-6682.720688413434,-17219.42315606084,16965.170741284324,-8609.884536988642,12558.49886679264,3646.0872810940605,6682.720688413434,17219.42315606084,8529.40868501292,-5299.9384403851955
CASE_EX,10845,E2-P4-V-033,A-V-0845,SOL2_4_beam_0480,beam,P4,820,821,27507.336875854846,29560.91316981494,16767.2577092493,19590.664095606946,-45501.463057044944,21638.238184602604,-27507.336875854846,-29560.91316981494,-16767.2577092493,-19590.664095606946,32087.656889645492,2010.4923512493697
CASE_EX,10846,E2-P4-V-032,A-V-0846,SOL2_4_beam_0481,beam,P4,45,820,33036.92450316853,23217.725745767097,16767.25770924887,9734.448911757754,-72843.2839701724,55244.29017027655,-33036.92450316853,-23217.725745767097,-16767.25770924887,-9734.448911757754,48573.83827146995,-21638.238184599577
CASE_EX,10847,E2-P4-V-034,A-V-0847,SOL2_4_beam_0482,beam,P4,821,814,73242.68187793685,84816.41297973527,35693.92263160391,11701.739222936603,-59767.79315281743,16343.017941589955,-73242.68187793685,-84816.41297973527,-35693.92263160391,-11701.739222936603,26965.078254373482,61603.26558678665
CASE_EX,10848,E2-P4-V-043,A-V-0848,SOL2_4_beam_0483,beam,P4,820,821,27507.336875854846,29560.91316981494,16767.2577092493,19590.664095606946,-45501.463057044944,21638.238184602604,-27507.336875854846,-29560.91316981494,-16767.2577092493,-19590.664095606946,32087.656889645492,2010.4923512493697
CASE_EX,10849,E2-P4-V-042,A-V-0849,SOL2_4_beam_0484,beam,P4,45,820,33036.92450316853,23217.725745767097,16767.25770924887,9734.448911757754,-72843.2839701724,55244.29017027655,-33036.92450316853,-23217.725745767097,-16767.25770924887,-9734.448911757754,48573.83827146995,-21638.238184599577
CASE_EX,10850,E2-P4-V-044,A-V-0850,SOL2_4_beam_0485,beam,P4,821,817,4794.999480322902,-31136.47447670768,-2159.407213106883,22799.10758344477,15961.038228661657,-20364.002644088752,-4794.999480322902,31136.47447670768,2159.407213106883,-22799.10758344477,-14099.48266763458,-6477.751361863016
CASE_EX,10851,E2-P4-V-036,A-V-0851,SOL2_4_beam_0486,beam,P4,822,823,8513.174477442826,-723.5130637690246,19397.033177102378,3961.435221985665,-7745.272878600783,3313.381685425563,-8513.174477442826,723.5130637690246,-19397.033177102378,-3961.435221985665,-7772.353663081134,-3892.192136440783
CASE_EX,10852,E2-P4-V-035,A-V-0852,SOL2_4_beam_0487,beam,P4,814,822,40640.05355115667,12332.41462823303,37623.71077718665,3552.987893937559,-63056.86629692239,20788.083635222967,-40640.05355115667,-12332.41462823303,-37623.71077718665,-3552.987893937559,-7713.333674965714,2409.188280483366
CASE_EX,10853,E2-P4-V-037,A-V-0853,SOL2_4_beam_0488,beam,P4,823,824,-9626.189119140772,-96766.35889006397,57264.04652151446,-52936.66447630109,-14585.94935442883,-103708.26513470049,9626.189119140772,96766.35889006397,-57264.04652151446,52936.66447630109,-50351.47940096859,-6024.78584663209
CASE_EX,10854,E2-P4-V-046,A-V-0854,SOL2_4_beam_0489,beam,P4,822,823,8513.174477442826,-723.5130637690246,19397.033177102378,3961.435221985665,-7745.272878600783,3313.381685425563,-8513.174477442826,723.5130637690246,-19397.033177102378,-3961.435221985665,-7772.353663081134,-3892.192136440783
CASE_EX,10855,E2-P4-V-045,A-V-0855,SOL2_4_beam_0490,beam,P4,817,822,-26422.842985177293,-7022.35009684505,1170.3555770257103,-1941.4516392616902,-26179.19686114881,-6848.785879187749,26422.842985177293,7022.35009684505,-1170.3555770257103,1941.4516392616902,23531.822278273034,-9035.95165134005
CASE_EX,10856,E2-P4-V-047,A-V-0856,SOL2_4_beam_0491,beam,P4,823,745,-21020.03975590948,96717.58326557794,-18469.98016730199,39702.5537657489,55094.888031409995,111492.6494075814,21020.03975590948,-96717.58326557794,18469.98016730199,-39702.5537657489,-31398.86082554728,12590.996789490091
CASE_EX,10857,E2-P4-V-030,A-V-0857,SOL2_4_beam_0492,beam,P4,825,826,21827.49534681769,-13753.216016975637,-10534.026108216041,-12548.89323623056,-24461.72669515836,18761.814621989182,-21827.49534681769,13753.216016975637,10534.026108216041,12548.89323623056,32888.94758173119,-29764.38743556969
CASE_EX,10858,E2-P4-V-029,A-V-0858,SOL2_4_beam_0493,beam,P4,815,825,56212.64714832038,-21750.57479870615,-13890.595821668108,-12627.17535327499,1557.710613655563,-29456.33529780683,-56212.64714832038,21750.57479870615,13890.595821668108,12627.17535327499,34571.72911850318,-27116.909753627864
CASE_EX,10859,E2-P4-V-031,A-V-0859,SOL2_4_beam_0494,beam,P4,826,45,24705.082759407644,-7432.993325349099,-10534.026108215976,-3321.9165900369817,-35044.57824909595,29764.38743563783,-24705.082759407644,7432.993325349099,10534.026108215976,3321.9165900369817,46892.693383200065,-38124.62499391349
CASE_EX,10860,E2-P4-V-040,A-V-0860,SOL2_4_beam_0495,beam,P4,825,826,21827.49534681769,-13753.216016975637,-10534.026108216041,-12548.89323623056,-24461.72669515836,18761.814621989182,-21827.49534681769,13753.216016975637,10534.026108216041,12548.89323623056,32888.94758173119,-29764.38743556969
CASE_EX,10861,E2-P4-V-039,A-V-0861,SOL2_4_beam_0496,beam,P4,819,825,-13463.173343000504,-3093.1523860042116,-7177.4563947639635,-15118.927214716285,9733.987486263028,1243.5715236490723,13463.173343000504,3093.1523860042116,7177.4563947639635,15118.927214716285,11528.493879785157,-10406.71949034945
CASE_EX,10862,E2-P4-V-041,A-V-0862,SOL2_4_beam_0497,beam,P4,826,45,24705.082759407644,-7432.993325349099,-10534.026108215976,-3321.9165900369817,-35044.57824909595,29764.38743563783,-24705.082759407644,7432.993325349099,10534.026108215976,3321.9165900369817,46892.693383200065,-38124.62499391349
CASE_EX,10863,E2-P4-V-071,A-V-0863,SOL2_4_beam_0498,beam,P4,746,827,-45195.104894490745,-54810.94649920013,-19899.32713991226,30817.27046099386,94247.25364354986,-227311.25230388402,45195.104894490745,54810.94649920013,19899.32713991226,-30817.27046099386,-11495.65589203879,-620.7458582107502
CASE_EX,10864,E2-P4-V-067,A-V-0864,SOL2_4_beam_0499,beam,P4,746,816,56171.26788085845,45740.28462745674,26790.17737011335,17107.63591185757,-97412.28250090977,119772.7873677845,-56171.26788085845,-45740.28462745674,-26790.17737011335,-17107.63591185757,-4792.244166072698,54726.398485963044
CASE_EX,10865,E2-P4-V-069,A-V-0865,SOL2_4_beam_0500,beam,P4,784,828,39540.03227753434,-20331.079429608264,3228.233453107959,-10326.878893224284,-13252.635738570352,-15843.567612053805,-39540.03227753434,20331.079429608264,-3228.233453107959,10326.878893224284,-1225.9912986188483,-75341.32362973929
CASE_EX,10866,E2-P4-V-065,A-V-0866,SOL2_4_beam_0501,beam,P4,796,818,33635.74261312696,13616.839458499997,-3974.958716386467,-11019.827251877376,6173.998174326597,32700.40448944748,-33635.74261312696,-13616.839458499997,3974.958716386467,11019.827251877376,10461.204053750771,24286.068644375016
CASE_EX,10867,E2-P4-V-070,A-V-0867,SOL2_4_beam_0502,beam,P4,827,783,-36813.95549705534,-60758.29197092461,-19899.327139912573,28836.1953020946,15821.760444201473,620.7458582094259,36813.95549705534,60758.29197092461,19899.327139912573,-28836.1953020946,34623.033855476904,-154643.01600450333
CASE_EX,10868,E2-P4-V-066,A-V-0868,SOL2_4_beam_0503,beam,P4,816,795,43339.857027088605,-38541.29233463923,13090.164666076253,10404.54946521092,-30212.647525237116,-59205.677168245755,-43339.857027088605,38541.29233463923,-13090.164666076253,-10404.54946521092,-6897.969303089047,-50058.88660045642
CASE_EX,10869,E2-P4-V-068,A-V-0869,SOL2_4_beam_0504,beam,P4,828,787,39540.03227754367,48693.78735985394,3228.23345309695,-10326.878893224277,1225.9912986189356,75341.32362973948,-39540.03227754367,-48693.78735985394,-3228.23345309695,10326.878893224277,-13541.701922183798,110425.47514810324
CASE_EX,10870,E2-P4-V-064,A-V-0870,SOL2_4_beam_0505,beam,P4,818,790,41758.724785605686,-1908.4600163241319,-8181.086441398527,-15343.959122464152,17902.70070462926,-7887.134278917653,-41758.724785605686,1908.4600163241319,8181.086441398527,15343.959122464152,20671.121866564805,-1111.2546980506304
CASE_EX,10871,E2-P4-V-025,A-V-0871,SOL2_4_beam_0506,beam,P4,829,743,0.0,2.290102241431818e-09,1.6010791149925038e-10,-0.0,-9.81918948666117e-11,9.930716083299766e-11,0.0,-2.290102241431818e-09,-1.6010791149925038e-10,0.0,-1.309225264888156e-10,3.177829146655934e-09
CASE_EX,10872,E2-P4-V-017,A-V-0872,SOL2_4_beam_0507,beam,P4,340,338,-18175.40247020378,22885.454584762876,-469762.5879933597,-65864.9872310966,122728.31119649002,-1249.9865212557343,18175.40247020378,-22885.454584762876,469762.5879933597,65864.9872310966,250789.96340229496,19446.70062406188
CASE_EX,10873,E2-P4-V-024,A-V-0873,SOL2_4_beam_0508,beam,P4,338,824,-97123.21434768743,-4844.89056374837,-57264.046521514865,41935.468749604835,194455.0769294856,-17415.3553972355,97123.21434768743,4844.89056374837,57264.046521514865,-41935.468749604835,-59824.56338740286,6024.785846626337
CASE_EX,10874,E2-P4-V-027,A-V-0874,SOL2_4_beam_0510,beam,P4,793,830,0.0,-4.3419872572817487e-10,1.2720665792817618e-10,-0.0,-2.6738839496502637e-10,-2.0281904921791633e-10,0.0,4.3419872572817487e-10,-1.2720665792817618e-10,0.0,1.336941974825132e-10,-2.535238115223954e-10
CASE_EX,10875,E2-P4-V-018,A-V-0875,SOL2_4_beam_0511,beam,P4,831,347,-84546.07443130182,48733.65465736454,60795.700622926364,46813.07337514705,177656.7114462635,57582.93694063132,84546.07443130182,-48733.65465736454,-60795.700622926364,-46813.07337514705,-239925.34074427263,-7668.58699312411
CASE_EX,10876,E2-P4-V-026,A-V-0876,SOL2_4_beam_0512,beam,P4,793,831,-95741.84229459602,-18881.404398414816,60795.70062292464,-81556.6004821279,75033.45965809567,29757.896162298246,95741.84229459602,18881.404398414816,-60795.70062292464,81556.6004821279,-164626.52240306308,-57582.93694063255
CASE_EX,10877,E2-P4-V-016,A-V-0877,SOL2_4_beam_0513,beam,P4,347,339,-22564.62098016264,11541.664268784294,479041.0595945734,111264.18607937233,-281354.9139248481,9904.129875178962,22564.62098016264,-11541.664268784294,-479041.0595945734,-111264.18607937233,-87315.34696997447,-1021.6587551995035
CASE_EX,10880,E1-S1-V-020,A-V-0880,SOL_1S_beam_0001,beam,S1,402,404,2642.7971745754185,-1643.435829893644,-1505.047371377956,-350.0533015572746,9300.7847533825,-13291.316738535188,-2642.7971745754185,1643.435829893644,1505.047371377956,350.0533015572746,5373.427117552573,-2732.182602927842
CASE_EX,10881,E1-S1-V-019,A-V-0881,SOL_1S_beam_0002,beam,S1,408,400,48896.18312010161,-1193.625468553769,-7966.783694550663,192.61400804492442,-661.9141942390997,-3247.103505752152,-48896.18312010161,1193.625468553769,7966.783694550663,-192.61400804492442,76805.22237698663,-8161.087728187476
CASE_EX,10882,E1-S1-V-018,A-V-0882,SOL_1S_beam_0003,beam,S1,406,386,16729.563572829433,367.2922577477019,-6388.494467824158,68.9826847862101,27406.575485862435,3118.065499874844,-16729.563572829433,-367.2922577477019,6388.494467824158,-68.9826847862101,32009.85764007352,297.94996042703656
CASE_EX,10883,E1-S1-V-011,A-V-0883,SOL_1S_beam_0004,beam,S1,406,458,-40867.213393473416,-4730.166618134136,-1870.883013332838,-1219.3987564973718,19917.449308259354,-4333.9839869714015,40867.213393473416,4730.166618134136,1870.883013332838,1219.3987564973718,-11744.773583011232,-16329.049255036243
CASE_EX,10884,E1-S1-V-021,A-V-0884,SOL_1S_beam_0005,beam,S1,410,390,0.0,0.0,0.0,-0.0,0.0,0.0,0.0,0.0,0.0,0.0,0.0,0.0
CASE_EX,10885,E1-S1-V-038,A-V-0885,SOL_1S_beam_0006,beam,S1,382,400,1459.7259058425886,1588.495144544351,406.12593349384537,-4097.674163937864,-2787.2687074282567,3148.682643028728,-1459.7259058425886,-1588.495144544351,-406.12593349384537,4097.674163937864,-502.351353871891,9718.128027780514
CASE_EX,10886,E1-S1-V-039,A-V-0886,SOL_1S_beam_0007,beam,S1,404,394,-809.5882866527148,316.4362645530248,432.156476693802,361.76745002237965,-1282.482053001218,2185.1086374702286,809.5882866527148,-316.4362645530248,-432.156476693802,-361.76745002237965,-1569.7506931778757,-96.62929142026451
CASE_EX,10887,E1-S1-V-003,A-V-0887,SOL_1S_beam_0008,beam,S1,380,398,1573.069716698056,2912.407850322124,512.7437894765828,-8562.030668227859,-2877.0810122239886,4875.172759215099,-1573.069716698056,-2912.407850322124,-512.7437894765828,8562.030668227859,-1276.4601789890498,18717.128542520364
CASE_EX,10888,E1-S1-V-004,A-V-0888,SOL_1S_beam_0009,beam,S1,402,392,1180.870516296013,5567.546218455101,992.4802678399959,-5675.766528490906,378.74454629782304,16782.595208051363,-1180.870516296013,-5567.546218455101,-992.4802678399959,5675.766528490906,-6929.114314041797,19963.209833752313
CASE_EX,10889,E1-S1-V-001,A-V-0889,SOL_1S_beam_0010,beam,S1,450,836,137.57646659697104,1294.8930304770543,12.642410239984246,2592.0150722143335,-237.58490791181498,620.7501378694889,-137.57646659697104,-1294.8930304770543,-12.642410239984246,-2592.0150722143335,213.10642652203995,1886.4470141445768
CASE_EX,10890,E1-S1-V-002,A-V-0890,SOL_1S_beam_0011,beam,S1,836,450,137.57646659697104,1294.8930304770543,-12.642410239984246,2592.0150722143335,-213.10642652203995,1886.4470141445768,-137.57646659697104,-1294.8930304770543,12.642410239984246,-2592.0150722143335,237.58490791181498,620.7501378694889
CASE_EX,10891,E1-S1-V-048,A-V-0891,SOL_1S_beam_0012,beam,S1,837,838,-5027.018183865855,-274.18460977851294,977.057756998252,-749.2199516577782,952.036710513127,-1217.983895984923,5027.018183865855,274.18460977851294,-977.057756998252,749.2199516577782,-2417.623346010505,806.7069813171536
CASE_EX,10892,E1-S1-V-027,A-V-0892,SOL_1S_beam_0013,beam,S1,836,837,4521.999933967027,-122.88904538370221,285.6462386491253,-776.3332901308095,-3525.7346742629447,-943.7056896289832,-4521.999933967027,122.88904538370221,-285.6462386491253,776.3332901308095,100.35983187283227,-529.9389361619238
CASE_EX,10893,E1-S1-V-063,A-V-0893,SOL_1S_beam_0014,beam,S1,838,839,-461.99758549108384,-160.48275532239506,-150.68404689406518,-687.5187010682545,1468.4083411841575,-909.0958914799381,461.99758549108384,160.48275532239506,150.68404689406518,687.5187010682545,-231.29231618388235,-408.4675297169254
CASE_EX,10894,E1-S1-V-005,A-V-0894,SOL_1S_beam_0015,beam,S1,840,836,-2053.089722341132,-638.6094580920255,260.36141816914505,-718.6843405013431,-2340.3681626341113,649.6142581921345,2053.089722341132,638.6094580920255,-260.36141816914505,718.6843405013431,1451.7546424228192,-2829.188338660218
CASE_EX,10895,E1-S1-V-014,A-V-0895,SOL_1S_beam_0016,beam,S1,841,840,-2053.0897223412085,-638.6094580920251,260.36141816914295,-718.6843405013432,-3228.9816828454077,-1529.959822275947,2053.0897223412085,638.6094580920251,-260.36141816914295,718.6843405013432,2340.3681626341227,-649.6142581921345
CASE_EX,10896,E1-S1-V-037,A-V-0896,SOL_1S_beam_0017,beam,S1,842,841,-2053.089722341179,-638.6094580919207,260.3614181691083,-718.6843405013415,-4120.459178656443,-3716.5586067830154,2053.089722341179,638.6094580919207,-260.3614181691083,718.6843405013415,3228.981682845417,1529.9598222762793
CASE_EX,10897,E1-S1-V-055,A-V-0897,SOL_1S_beam_0018,beam,S1,838,843,4719.710371505921,1399.7098307146034,1210.6136951832175,-1085.536344319588,208.7416566506862,1346.3060653907773,-4719.710371505921,-1399.7098307146034,-1210.6136951832175,1085.536344319588,-974.4009853250436,-461.0518397134049
CASE_EX,10898,E1-S1-V-047,A-V-0898,SOL_1S_beam_0019,beam,S1,843,837,4767.263021710871,-1228.0296750985008,1210.6136951788371,-429.5145648249704,1394.0457932387353,461.0518397137166,-4767.263021710871,1228.0296750985008,-1210.6136951788371,429.5145648249704,-2510.1764715696245,-1593.2392581582717
CASE_EX,10899,E1-S1-V-046,A-V-0899,SOL_1S_beam_0020,beam,S1,837,842,-4568.476728874028,-767.2116293399714,519.2021768288832,-1316.8912965561074,3267.6592442812007,3341.162090305026,4568.476728874028,767.2116293399714,-519.2021768288832,1316.8912965561074,-4177.019290764554,-4684.899913555913
CASE_EX,10900,E1-S1-V-059,A-V-0900,SOL_1S_beam_0021,beam,S1,844,838,338.2627480167933,-298.5809379518617,82.87189129566772,-936.7561261356688,1263.9429444903294,221.02575037046972,-338.2627480167933,298.5809379518617,-82.87189129566772,936.7561261356688,-1547.8490300297756,-1243.9171552277976
CASE_EX,10901,E1-S1-V-070,A-V-0901,SOL_1S_beam_0022,beam,S1,845,844,355.11691554953023,-278.3239829672387,82.87189129512548,-1008.9471638554197,930.3074760357772,-708.5763527400346,-355.11691554953023,278.3239829672387,-82.87189129512548,1008.9471638554197,-1207.099592961496,-221.02575037054174
CASE_EX,10902,E1-S1-V-077,A-V-0902,SOL_1S_beam_0023,beam,S1,839,845,435.7366238746831,222.10375586666527,-150.68404689396934,712.6737320899024,-135.18228964676587,408.46752971697913,-435.7366238746831,-222.10375586666527,150.68404689396934,-712.6737320899024,355.7427658432664,-83.36801740129579
CASE_EX,10905,E1-S1-V-041,A-V-0905,SOL_1S_beam_0026,beam,S1,848,849,-2765.465880272893,4106.925242073529,-582.9360959440814,-16550.809025744773,2714.751712158911,15897.310490815878,2765.465880272893,-4106.925242073529,582.9360959440814,16550.809025744773,-324.7137187881772,941.0830016855925
CASE_EX,10906,E1-S1-V-044,A-V-0906,SOL_1S_beam_0027,beam,S1,848,849,-2765.465880272893,4106.925242073529,-582.9360959440814,-16550.809025744773,2714.751712158911,15897.310490815878,2765.465880272893,-4106.925242073529,582.9360959440814,16550.809025744773,-324.7137187881772,941.0830016855925
CASE_EX,10907,E1-S1-V-050,A-V-0907,SOL_1S_beam_0028,beam,S1,850,851,0.0,-2.793424595501653e-11,-6.887197409769699e-11,-0.0,2.9885335130689547e-10,-2.3083845066463657e-10,0.0,2.793424595501653e-11,6.887197409769699e-11,0.0,-9.017126979087363e-11,1.461976854209365e-10
CASE_EX,10908,E1-S1-V-053,A-V-0908,SOL_1S_beam_0029,beam,S1,850,851,0.0,-2.793424595501653e-11,-6.887197409769699e-11,-0.0,2.9885335130689547e-10,-2.3083845066463657e-10,0.0,2.793424595501653e-11,6.887197409769699e-11,0.0,-9.017126979087363e-11,1.461976854209365e-10
CASE_EX,10909,E1-S1-V-072,A-V-0909,SOL_1S_beam_0030,beam,S1,852,853,-219.4033691435793,53.440334970932604,-116.77796909552288,690.0458301080682,591.4341317483105,285.3506916809906,219.4033691435793,-53.440334970932604,116.77796909552288,-690.0458301080682,-486.9178494078176,-237.52159188200596
CASE_EX,10910,E1-S1-V-075,A-V-0910,SOL_1S_beam_0031,beam,S1,852,853,-219.4033691435793,53.440334970932604,-116.77796909552288,690.0458301080682,591.4341317483105,285.3506916809906,219.4033691435793,-53.440334970932604,116.77796909552288,-690.0458301080682,-486.9178494078176,-237.52159188200596
CASE_EX,10911,E1-S1-V-071,A-V-0911,SOL_1S_beam_0032,beam,S1,845,852,-219.40336914447104,53.44033497086601,-116.77796909417927,690.0458301080694,833.1645277726486,395.97218507067583,219.40336914447104,-53.44033497086601,116.77796909417927,-690.0458301080694,-591.4341317476975,-285.3506916809832
CASE_EX,10912,E1-S1-V-074,A-V-0912,SOL_1S_beam_0033,beam,S1,845,852,-219.40336914447104,53.44033497086601,-116.77796909417927,690.0458301080694,833.1645277726486,395.97218507067583,219.40336914447104,-53.44033497086601,116.77796909417927,-690.0458301080694,-591.4341317476975,-285.3506916809832
CASE_EX,10913,E1-S1-V-078,A-V-0913,SOL_1S_beam_0034,beam,S1,839,854,5.022326908738599e-10,3.499416562868303e-11,8.724307220447292e-11,-4.342487081444774e-11,-2.636721627087764e-10,-3.026789016999796e-11,-5.022326908738599e-10,-3.499416562868303e-11,-8.724307220447292e-11,4.342487081444774e-11,8.286839399418687e-11,1.0279029073218331e-10
CASE_EX,10914,E1-S1-V-079,A-V-0914,SOL_1S_beam_0035,beam,S1,839,854,5.022326908738599e-10,3.499416562868303e-11,8.724307220447292e-11,-4.342487081444774e-11,-2.636721627087764e-10,-3.026789016999796e-11,-5.022326908738599e-10,-3.499416562868303e-11,-8.724307220447292e-11,4.342487081444774e-11,8.286839399418687e-11,1.0279029073218331e-10
CASE_EX,10917,E1-S1-V-049,A-V-0917,SOL_1S_beam_0038,beam,S1,843,850,-2.508361662608452e-10,5.3389747031573295e-11,-1.8497806376428254e-10,2.436209900907531e-11,6.772576489042819e-10,-1.2093647695989552e-10,2.508361662608452e-10,-5.3389747031573295e-11,1.8497806376428254e-10,-2.436209900907531e-11,-2.9347831452518876e-10,2.3170572798068472e-10
CASE_EX,10918,E1-S1-V-052,A-V-0918,SOL_1S_beam_0039,beam,S1,843,850,-2.508361662608452e-10,5.3389747031573295e-11,-1.8497806376428254e-10,2.436209900907531e-11,6.772576489042819e-10,-1.2093647695989552e-10,2.508361662608452e-10,-5.3389747031573295e-11,1.8497806376428254e-10,-2.436209900907531e-11,-2.9347831452518876e-10,2.3170572798068472e-10
CASE_EX,10919,E1-S1-V-040,A-V-0919,SOL_1S_beam_0040,beam,S1,842,848,-199.0468521171359,-1286.5561676758998,129.42037932977536,-4210.266335135567,-56.30816629323391,4200.72926016946,199.0468521171359,1286.5561676758998,-129.42037932977536,4210.266335135567,-211.59201891940114,-6863.900527258573
CASE_EX,10920,E1-S1-V-043,A-V-0920,SOL_1S_beam_0041,beam,S1,842,848,-199.0468521171359,-1286.5561676758998,129.42037932977536,-4210.266335135567,-56.30816629323391,4200.72926016946,199.0468521171359,1286.5561676758998,-129.42037932977536,4210.266335135567,-211.59201891940114,-6863.900527258573
CASE_EX,10921,E1-S1-V-009,A-V-0921,SOL_1S_beam_0042,beam,S1,856,857,0.0,0.0,0.0,-0.0,0.0,0.0,0.0,0.0,0.0,0.0,0.0,0.0
CASE_EX,10922,E1-S1-V-013,A-V-0922,SOL_1S_beam_0043,beam,S1,856,468,0.0,0.0,0.0,-0.0,0.0,0.0,0.0,0.0,0.0,0.0,0.0,0.0
CASE_EX,10923,E1-S1-V-008,A-V-0923,SOL_1S_beam_0044,beam,S1,858,856,0.0,0.0,0.0,-0.0,0.0,0.0,0.0,0.0,0.0,0.0,0.0,0.0
CASE_EX,10924,E1-S1-V-012,A-V-0924,SOL_1S_beam_0045,beam,S1,858,856,0.0,0.0,0.0,-0.0,0.0,0.0,0.0,0.0,0.0,0.0,0.0,0.0
CASE_EX,10925,E1-S1-V-010,A-V-0925,SOL_1S_beam_0046,beam,S1,857,468,0.0,0.0,0.0,-0.0,0.0,0.0,0.0,0.0,0.0,0.0,0.0,0.0
CASE_EX,10928,E1-S1-V-042,A-V-0928,SOL_1S_beam_0049,beam,S1,849,51,-2860.884530338132,4041.0365233448697,-582.9360959440857,-16553.874278143325,-62.96657263074326,-941.0830016856071,2860.884530338132,-4041.0365233448697,582.9360959440857,16553.874278143325,2552.203427437962,18197.000272070138
CASE_EX,10929,E1-S1-V-045,A-V-0929,SOL_1S_beam_0050,beam,S1,849,51,-2860.884530338132,4041.0365233448697,-582.9360959440857,-16553.874278143325,-62.96657263074326,-941.0830016856071,2860.884530338132,-4041.0365233448697,582.9360959440857,16553.874278143325,2552.203427437962,18197.000272070138
CASE_EX,10930,E1-S1-V-051,A-V-0930,SOL_1S_beam_0051,beam,S1,851,860,0.0,-3.015518150294454e-11,-2.6760893779160414e-11,-0.0,1.3255905806992576e-10,-1.4500397156005715e-10,0.0,3.015518150294454e-11,2.6760893779160414e-11,0.0,-4.909594743330591e-12,1.1637557910116897e-12
CASE_EX,10931,E1-S1-V-054,A-V-0931,SOL_1S_beam_0052,beam,S1,851,860,0.0,-3.015518150294454e-11,-2.6760893779160414e-11,-0.0,1.3255905806992576e-10,-1.4500397156005715e-10,0.0,3.015518150294454e-11,2.6760893779160414e-11,0.0,-4.909594743330591e-12,1.1637557910116897e-12
CASE_EX,10932,E1-S1-V-073,A-V-0932,SOL_1S_beam_0053,beam,S1,853,376,-220.11251340164497,50.439956760182696,-116.77796909501015,683.3338876720807,496.29329804176433,237.5215918820471,220.11251340164497,-50.439956760182696,116.77796909501015,-683.3338876720807,359.06826670281896,131.93508453040928
CASE_EX,10933,E1-S1-V-076,A-V-0933,SOL_1S_beam_0054,beam,S1,853,376,-220.11251340164497,50.439956760182696,-116.77796909501015,683.3338876720807,496.29329804176433,237.5215918820471,220.11251340164497,-50.439956760182696,116.77796909501015,-683.3338876720807,359.06826670281896,131.93508453040928
CASE_EX,10934,E1-S1-V-029,A-V-0934,SOL_1S_beam_0055,beam,S1,848,444,-10869.415702358692,-4018.4800105639524,549.3035974029782,-1939.6826744778402,-12113.078108454249,-11985.748640406722,10869.415702358692,4018.4800105639524,-549.3035974029782,1939.6826744778402,9078.677256114082,-10212.684478941104
CASE_EX,10935,E1-S1-V-028,A-V-0935,SOL_1S_beam_0056,beam,S1,452,848,25.200728458017487,-1054.8155408155453,-875.4093531447812,-3544.195539645928,-7609.56603522265,251.14319890028491,-25.200728458017487,1054.8155408155453,875.4093531447812,3544.195539645928,12447.92248594608,-6081.071286707856
CASE_EX,10936,E1-S1-V-016,A-V-0936,SOL_1S_beam_0057,beam,S1,444,861,-1147.8338924870372,6106.043657185168,-650.4538237565985,2124.8063001390806,4852.031739893508,21473.665066464684,1147.8338924870372,-6106.043657185168,650.4538237565985,-2124.8063001390806,-1432.4791883436455,10626.902883483626
CASE_EX,10937,E1-S1-V-023,A-V-0937,SOL_1S_beam_0058,beam,S1,862,861,9.875618051173773e-10,3.935798019350625e-12,5.404996059288889e-13,1.1845076708430334e-12,4.875305113870595e-12,1.4678251950355563e-10,-9.875618051173773e-10,-3.935798019350625e-12,-5.404996059288889e-13,-1.1845076708430334e-12,-7.687981141103631e-12,-1.2630123771236185e-10
CASE_EX,10938,E1-S1-V-015,A-V-0938,SOL_1S_beam_0059,beam,S1,863,862,1.5640242872171917e-10,-8.625284660317058e-11,0.0,-0.0,9.384145723303148e-13,-5.97916058174551e-11,-1.5640242872171917e-10,8.625284660317058e-11,0.0,0.0,-9.384145723303148e-13,-1.195832116349102e-10
CASE_EX,10939,E1-S1-V-022,A-V-0939,SOL_1S_beam_0060,beam,S1,863,862,1.5640242872171917e-10,-8.625284660317058e-11,0.0,-0.0,9.384145723303148e-13,-5.97916058174551e-11,-1.5640242872171917e-10,8.625284660317058e-11,0.0,0.0,-9.384145723303148e-13,-1.195832116349102e-10
CASE_EX,10940,E1-S1-V-017,A-V-0940,SOL_1S_beam_0061,beam,S1,861,458,-4.448464252639898,3106.4937080595923,-325.22691187830276,1175.710208242886,509.3182853291095,-5313.451441741716,4.448464252639898,-3106.4937080595923,325.22691187830276,-1175.710208242886,453.54014143972233,14510.456779445085
CASE_EX,10941,E1-S1-V-024,A-V-0941,SOL_1S_beam_0062,beam,S1,861,458,-4.448464252639898,3106.4937080595923,-325.22691187830276,1175.710208242886,509.3182853291095,-5313.451441741716,4.448464252639898,-3106.4937080595923,325.22691187830276,-1175.710208242886,453.54014143972233,14510.456779445085
CASE_EX,10942,E1-S1-V-057,A-V-0942,SOL_1S_beam_0063,beam,S1,448,864,0.0,0.0,0.0,-0.0,0.0,0.0,0.0,0.0,0.0,0.0,0.0,0.0
CASE_EX,10943,E1-S1-V-061,A-V-0943,SOL_1S_beam_0064,beam,S1,448,864,0.0,0.0,0.0,-0.0,0.0,0.0,0.0,0.0,0.0,0.0,0.0,0.0
CASE_EX,10944,E1-S1-V-056,A-V-0944,SOL_1S_beam_0065,beam,S1,865,448,0.0,0.0,0.0,-0.0,0.0,0.0,0.0,0.0,0.0,0.0,0.0,0.0
CASE_EX,10945,E1-S1-V-060,A-V-0945,SOL_1S_beam_0066,beam,S1,865,448,0.0,0.0,0.0,-0.0,0.0,0.0,0.0,0.0,0.0,0.0,0.0,0.0
CASE_EX,10946,E1-S1-V-058,A-V-0946,SOL_1S_beam_0067,beam,S1,864,866,0.0,0.0,0.0,-0.0,0.0,0.0,0.0,0.0,0.0,0.0,0.0,0.0
CASE_EX,10947,E1-S1-V-062,A-V-0947,SOL_1S_beam_0068,beam,S1,864,866,0.0,0.0,0.0,-0.0,0.0,0.0,0.0,0.0,0.0,0.0,0.0,0.0
CASE_EX,10954,E1-S1-V-006,A-V-0954,SOL_1S_beam_0075,beam,S1,452,442,3749.8351457976914,521.8530615655677,4765.253712743351,-794.0573085074251,-12619.154612185363,267.6901472762828,-3749.8351457976914,-521.8530615655677,-4765.253712743351,794.0573085074251,-7412.4332044732,1926.0116071943523
CASE_EX,10955,E1-S1-V-007,A-V-0955,SOL_1S_beam_0076,beam,S1,444,442,-12442.184173886915,-2659.7668329119483,5298.649441961003,-2821.4524804016905,-13335.817203074675,-9416.215639002156,12442.184173886915,2659.7668329119483,-5298.649441961003,2821.4524804016905,-8923.809102603498,-1757.464826060941
CASE_EX,10956,E1-S1-V-030,A-V-0956,SOL_1S_beam_0077,beam,S1,458,51,-88384.28125809837,-2752.1039730533957,-97735.96147514188,-2821.966294720724,160112.60092430573,-8202.953625114387,88384.28125809837,2752.1039730533957,97735.96147514188,2821.966294720724,363212.6950653983,-6533.133323382253
CASE_EX,10957,E1-S1-V-026,A-V-0957,SOL_1S_beam_0078,beam,S1,458,366,10618.501551378657,-436.92881590109056,17986.74349653331,-127.33805549888265,-53025.57494899671,-1555.500061082975,-10618.501551378657,436.92881590109056,-17986.74349653331,127.33805549888265,20636.948269702327,768.7248281802501
CASE_EX,10958,E1-S1-V-025,A-V-0958,SOL_1S_beam_0079,beam,S1,458,366,10618.501551378657,-436.92881590109056,17986.74349653331,-127.33805549888265,-53025.57494899671,-1555.500061082975,-10618.501551378657,436.92881590109056,-17986.74349653331,127.33805549888265,20636.948269702327,768.7248281802501
CASE_EX,10959,E1-P1-V-009,A-V-0959,SOL_1_beam_0080,beam,P1,127,125,-233468.14112897296,12463.256379555238,-64094.836836876086,-5635.811968328207,320585.4640493536,73691.90012899226,233468.14112897296,-12463.256379555238,64094.836836876086,5635.811968328207,320362.9043194072,50940.66366656011
CASE_EX,10960,E1-P1-V-008,A-V-0960,SOL_1_beam_0081,beam,P1,91,90,86555.1847416554,2668.445399181256,-72878.38995759138,-4692.935523113501,361538.55813772813,16045.206712687599,-86555.1847416554,-2668.445399181256,72878.38995759138,4692.935523113501,365423.38168924605,10572.536144145437
CASE_EX,10961,E1-P1-V-031,A-V-0961,SOL_1_beam_0082,beam,P1,871,872,22982.692817822823,81034.57027404782,-26703.39200786512,-19758.633188685715,48713.41867344608,85751.01999326148,-22982.692817822823,-81034.57027404782,26703.39200786512,19758.633188685715,1755.9922214190083,67404.31782468894
CASE_EX,10962,E1-P1-V-021,A-V-0962,SOL_1_beam_0083,beam,P1,125,871,53510.61653086416,8029.111018238221,-37233.921653215504,-25457.116152039587,254146.337828563,22507.006162105517,-53510.61653086416,-8029.111018238221,37233.921653215504,25457.116152039587,-56756.81692234831,20058.00732086141
CASE_EX,10963,E1-P1-V-036,A-V-0963,SOL_1_beam_0084,beam,P1,873,94,827617.0770540743,-20734.905376203904,-69791.43416754078,953.5941439652711,-2347.9079332458496,-46082.21228412935,-827617.0770540743,20734.905376203904,69791.43416754078,-953.5941439652711,331035.1851444839,-51570.166874269475
CASE_EX,10964,E1-P1-V-020,A-V-0964,SOL_1_beam_0085,beam,P1,90,873,284178.6469613731,17691.58118049817,-67881.17793582703,-4255.393495403354,347154.4633341987,41543.723213845806,-284178.6469613731,-17691.58118049817,67881.17793582703,4255.393495403354,13191.668433554994,52371.74845452361
CASE_EX,10965,E1-P1-V-058,A-V-0965,SOL_1_beam_0086,beam,P1,874,147,-13996.32742745847,11415.308576468968,-17478.730744063298,4208.089108042373,-13147.45679001011,25948.400257244204,13996.32742745847,-11415.308576468968,17478.730744063298,-4208.089108042373,95323.81859036497,27720.744337893262
CASE_EX,10966,E1-P1-V-048,A-V-0966,SOL_1_beam_0087,beam,P1,133,874,3580.8526236531766,11478.674615013699,-20331.61373027932,-3982.428132108744,108504.06836599138,29709.20489372008,-3580.8526236531766,-11478.674615013699,20331.61373027932,3982.428132108744,-719.3571328282706,31143.10349319977
CASE_EX,10967,E1-P1-V-057,A-V-0967,SOL_1_beam_0088,beam,P1,875,101,664797.0029135492,-13035.569075172269,-66382.61102271163,-1683.42490646809,-15191.904116018704,-31268.61969661055,-664797.0029135492,13035.569075172269,66382.61102271163,1683.42490646809,327825.10805404064,-30123.236729949625
CASE_EX,10968,E1-P1-V-047,A-V-0968,SOL_1_beam_0089,beam,P1,94,875,653885.1933379268,26966.423989203686,-64457.227846912094,-7505.305899951345,313111.25962929334,71018.68941176981,-653885.1933379268,-26966.423989203686,64457.227846912094,7505.305899951345,29058.888641639525,72132.13483151484
CASE_EX,10969,E1-P1-V-087,A-V-0969,SOL_1_beam_0090,beam,P1,876,141,-5081.977868920653,16385.19816826287,-22074.39212900553,-5766.899955053763,-4781.331902177437,37582.26925677598,5081.977868920653,-16385.19816826287,22074.39212900553,5766.899955053763,108563.66803787218,39452.429321138414
CASE_EX,10970,E1-P1-V-066,A-V-0970,SOL_1_beam_0091,beam,P1,147,876,11858.687599664003,6450.894102478406,-19281.48126878647,4893.119959891314,88436.58931809699,17646.106918135378,-11858.687599664003,-6450.894102478406,19281.48126878647,-4893.119959891314,13781.017128395419,16552.248768498925
CASE_EX,10971,E1-P1-V-086,A-V-0971,SOL_1_beam_0092,beam,P1,877,98,455647.0511762577,-5482.923382479108,-62653.61668670267,-2137.098085300089,2896.47437763543,-14302.450551684526,-455647.0511762577,5482.923382479108,62653.61668670267,2137.098085300089,286735.20306904614,-11043.704715296153
CASE_EX,10972,E1-P1-V-065,A-V-0972,SOL_1_beam_0093,beam,P1,101,877,443993.59976544476,20303.67934739695,-61314.32033484203,-6221.335822765307,310950.4630538705,53156.40302206739,-443993.59976544476,-20303.67934739695,61314.32033484203,6221.335822765307,14535.611679786205,54625.349386589915
CASE_EX,10973,E1-P1-V-102,A-V-0973,SOL_1_beam_0094,beam,P1,141,157,21657.660457410355,6368.892108726855,-177.85709282505815,-10690.24416340788,-4634.939919366495,8619.232852752779,-21657.660457410355,-6368.892108726855,177.85709282505815,10690.24416340788,5524.225383491786,23225.227690881497
CASE_EX,10974,E1-P1-V-101,A-V-0974,SOL_1_beam_0095,beam,P1,98,105,205295.4337728996,4658.069704915651,-220500.03711246932,-2087.400462786453,536358.8818787059,12763.914174825088,-205295.4337728996,-4658.069704915651,220500.03711246932,2087.400462786453,585324.8069124263,10931.686414080843
CASE_EX,10975,E1-P1-V-007,A-V-0975,SOL_1_beam_0096,beam,P1,129,121,-75298.88701046316,1166.394772547581,-3772.2577344967403,-3491.5158995169295,24339.8760778574,8480.388160692637,75298.88701046316,-1166.394772547581,3772.2577344967403,3491.5158995169295,13382.701267109998,3183.5595647831724
CASE_EX,10976,E1-P1-V-006,A-V-0976,SOL_1_beam_0097,beam,P1,24,88,565522.7585152035,1018.9107439888656,-68732.00362847831,-849.6346278122608,367093.03209177556,7809.141184385026,-565522.7585152035,-1018.9107439888656,68732.00362847831,849.6346278122608,321601.64769531786,2400.3445212272586
CASE_EX,10977,E1-P1-V-035,A-V-0977,SOL_1_beam_0098,beam,P1,878,149,-73136.67151329221,-18689.220584468414,-24521.164496025893,3221.3487962128434,-14118.871829991054,-42183.15914233829,73136.67151329221,18689.220584468414,24521.164496025893,-3221.3487962128434,129404.6618663698,-45683.85714857996
CASE_EX,10978,E1-P1-V-019,A-V-0978,SOL_1_beam_0099,beam,P1,121,878,-74538.34885957862,15252.414202997266,-26431.42072774255,-6971.733575143891,136729.90653994362,32689.85168970801,74538.34885957862,-15252.414202997266,26431.42072774255,6971.733575143891,3391.929749872288,48168.31738077385
CASE_EX,10979,E1-P1-V-028,A-V-0979,SOL_1_beam_0100,beam,P1,88,102,293210.191368643,-876.5697542118975,-50630.98720575636,387.06047430187476,261067.32086968567,-5737.128922337175,-293210.191368643,876.5697542118975,50630.98720575636,-387.06047430187476,245242.55118787798,-3028.5686197818004
CASE_EX,10980,E1-P1-V-056,A-V-0980,SOL_1_beam_0101,beam,P1,879,145,-27229.55247052887,-12852.646587756808,-19637.447429181597,4401.471810393929,-17230.97188754627,-31050.975048256376,27229.55247052887,12852.646587756808,19637.447429181597,-4401.471810393929,109556.05871358037,-29375.49923962063
CASE_EX,10981,E1-P1-V-046,A-V-0981,SOL_1_beam_0102,beam,P1,149,879,-17020.60322990162,27588.980272305802,-21562.830604980838,-3678.3215577772066,110376.22202569507,73791.83083815391,17020.60322990162,-27588.980272305802,21562.830604980838,3678.3215577772066,3935.1012803055637,72466.00058319644
CASE_EX,10982,E1-P1-V-052,A-V-0982,SOL_1_beam_0103,beam,P1,102,100,125240.1914053538,-60.12786602483542,-52882.360739168056,431.96405683196633,252504.2149499147,-64.86374701579695,-125240.1914053538,60.12786602483542,52882.360739168056,-431.96405683196633,276323.2105344281,-536.4192544488126
CASE_EX,10983,E1-P1-V-085,A-V-0983,SOL_1_beam_0104,beam,P1,513,143,4728.7744902858885,-5883.503553237181,-15939.963029832654,29.11395380014542,-15898.698440998618,-17116.94693544019,-4728.7744902858885,5883.503553237181,15939.963029832654,-29.11395380014542,95651.29564596115,-12320.052896812049
CASE_EX,10984,E1-P1-V-064,A-V-0984,SOL_1_beam_0105,beam,P1,145,513,14695.95224174786,23761.564188686887,-17279.259381644584,-6246.051255753027,87654.24591840726,59514.26842523574,-14695.95224174786,-23761.564188686887,17279.259381644584,6246.051255753027,-1200.7321376517648,59372.234269501234
CASE_EX,10985,E1-P1-V-100,A-V-0985,SOL_1_beam_0106,beam,P1,143,151,22350.949487341953,6929.682691903294,138.97053122467898,-4829.428134430875,-5303.755707673881,16723.697253851362,-22350.949487341953,-6929.682691903294,-138.97053122467898,4829.428134430875,4608.903051550486,17924.7162056651
CASE_EX,10986,E1-P1-V-011,A-V-0986,SOL_1_beam_0107,beam,P1,131,123,-70709.42357945217,-1794.1956798858773,-53768.69103401316,-12591.623908231632,271869.3856337066,-2482.2602119107414,70709.42357945217,1794.1956798858773,53768.69103401316,12591.623908231632,265799.9339914085,-15459.109606229666
CASE_EX,10987,E1-P1-V-010,A-V-0987,SOL_1_beam_0108,beam,P1,93,89,-229781.2026931303,5064.845428862309,-55385.60246945624,-7385.375898922203,276678.2826514877,23710.92901788488,229781.2026931303,-5064.845428862309,55385.60246945624,7385.375898922203,275793.10198133846,26810.904135016663
CASE_EX,10988,E1-P1-V-024,A-V-0988,SOL_1_beam_0109,beam,P1,123,120,186025.0745256944,4918.856154397526,-35228.4526034631,5448.088848068503,177053.89051425975,16346.008271812381,-186025.0745256944,-4918.856154397526,35228.4526034631,-5448.088848068503,86874.08628056868,20505.560759275537
CASE_EX,10989,E1-P1-V-032,A-V-0989,SOL_1_beam_0110,beam,P1,880,120,-346970.03442459716,36586.57267935117,-57913.87467515346,41291.623872432174,-16438.772864537386,63718.96416208645,346970.03442459716,-36586.57267935117,57913.87467515346,-41291.623872432174,146305.70081480872,18323.306791943338
CASE_EX,10990,E1-P1-V-022,A-V-0990,SOL_1_beam_0111,beam,P1,89,880,-378318.1930513378,11596.110146792753,-47383.34502981799,-18344.142911372648,235835.26035140845,29363.25871117528,378318.1930513378,-11596.110146792753,47383.34502981799,18344.142911372648,15698.457991744013,32194.503867722684
CASE_EX,10991,E1-P1-V-053,A-V-0991,SOL_1_beam_0112,beam,P1,135,137,-118835.44735704514,1220.398567199255,-27907.987476416176,2666.4088883955037,143908.8216030793,5285.993103406729,118835.44735704514,-1220.398567199255,27907.987476416176,-2666.4088883955037,135217.73513366198,6920.033941597695
CASE_EX,10992,E1-P1-V-059,A-V-0992,SOL_1_beam_0113,beam,P1,881,96,14259.1415615894,10307.518944892628,-53637.477969233514,-1081.1552029075108,-20840.501115935098,24903.639175182667,-14259.1415615894,-10307.518944892628,53637.477969233514,1081.1552029075108,273449.67587315233,23640.288560518024
CASE_EX,10993,E1-P1-V-049,A-V-0993,SOL_1_beam_0114,beam,P1,95,881,-4090.6028136782443,11191.357346086099,-50784.594983025425,-8870.563869254625,234284.88893265987,28186.724372421006,4090.6028136782443,-11191.357346086099,50784.594983025425,8870.563869254625,35304.309605197326,31222.414530637234
CASE_EX,10994,E1-P1-V-078,A-V-0994,SOL_1_beam_0115,beam,P1,137,139,5935.154682953358,-368.3416387885839,-28048.46797479322,-1168.8161341294076,139139.48231060314,-1248.4198349321969,-5935.154682953358,368.3416387885839,28048.46797479322,1168.8161341294076,141345.19743732904,-2434.996552953642
CASE_EX,10995,E1-P1-V-088,A-V-0995,SOL_1_beam_0116,beam,P1,882,139,-120952.4190448892,15436.996135472897,-20724.05834169374,-1395.0442397545542,3753.6646940957507,41299.04087580813,120952.4190448892,-15436.996135472897,20724.05834169374,1395.0442397545542,94160.27153702085,31635.373334355412
CASE_EX,10996,E1-P1-V-067,A-V-0996,SOL_1_beam_0117,beam,P1,96,882,-138779.14254920435,4974.319819516639,-23516.96920191799,4993.249924371406,137766.67727425686,12912.46391032463,138779.14254920435,-4974.319819516639,23516.96920191799,-4993.249924371406,-12927.227805305913,13493.632148188808
CASE_EX,10997,E1-P1-V-104,A-V-0997,SOL_1_beam_0118,beam,P1,97,153,-110694.4754366847,11089.857772007226,90707.62678848559,15441.248339300038,-333661.8978623806,32528.3877071229,110694.4754366847,-11089.857772007226,-90707.62678848559,-15441.248339300038,-103643.33388994938,20936.276674368903
CASE_EX,10998,E1-P1-V-103,A-V-0998,SOL_1_beam_0119,beam,P1,97,104,104482.84125086576,9147.236225959567,-153355.81324073471,1937.0839760075285,370346.8982987101,18821.120826942813,-104482.84125086576,-9147.236225959567,153355.81324073471,-1937.0839760075285,369630.1795297624,25316.398251429986
CASE_EX,10999,E1-P1-V-012,A-V-0999,SOL_1_beam_0120,beam,P1,121,90,1021.7753639099808,-5424.795373801749,-15209.426597981339,-14432.984793714424,79060.68595208817,-24986.302140275537,-1021.7753639099808,5424.795373801749,15209.426597981339,14432.984793714424,53550.30455571116,-22312.488723901923
CASE_EX,11000,E1-P1-V-016,A-V-1000,SOL_1_beam_0121,beam,P1,121,90,1021.7753639099808,-5424.795373801749,-15209.426597981339,-14432.984793714424,79060.68595208817,-24986.302140275537,-1021.7753639099808,5424.795373801749,15209.426597981339,14432.984793714424,53550.30455571116,-22312.488723901923
CASE_EX,11001,E1-P1-V-013,A-V-1001,SOL_1_beam_0122,beam,P1,125,89,40774.860097745994,-13085.00495493708,-50584.566516224506,13047.882250348384,189771.0445975094,-46594.837017806036,-40774.860097745994,13085.00495493708,50584.566516224506,-13047.882250348384,167811.25610568156,-45903.06300864416
CASE_EX,11002,E1-P1-V-017,A-V-1002,SOL_1_beam_0123,beam,P1,125,89,40774.860097745994,-13085.00495493708,-50584.566516224506,13047.882250348384,189771.0445975094,-46594.837017806036,-40774.860097745994,13085.00495493708,50584.566516224506,-13047.882250348384,167811.25610568156,-45903.06300864416
CASE_EX,11003,E1-P1-V-014,A-V-1003,SOL_1_beam_0124,beam,P1,123,119,-1622.9880496528922,5252.720239525438,-5327.975279434328,13509.81483531095,11258.434603698688,14484.783922268422,1622.9880496528922,-5252.720239525438,5327.975279434328,-13509.81483531095,10074.779080487931,6547.108572725522
CASE_EX,11004,E1-P1-V-018,A-V-1004,SOL_1_beam_0126,beam,P1,123,119,-1622.9880496528922,5252.720239525438,-5327.975279434328,13509.81483531095,11258.434603698688,14484.783922268422,1622.9880496528922,-5252.720239525438,5327.975279434328,-13509.81483531095,10074.779080487931,6547.108572725522
CASE_EX,11005,E1-P1-V-023,A-V-1005,SOL_1_beam_0127,beam,P1,117,119,418.9455561993053,-1180.3726242698274,4532.739396647436,9281.673035286478,-9546.274488825053,-5711.679617199766,-418.9455561993053,1180.3726242698274,-4532.739396647436,-9281.673035286478,-24403.943592064246,-3129.3113385812435
CASE_EX,11006,E1-P1-V-025,A-V-1006,SOL_1_beam_0128,beam,P1,117,119,418.9455561993053,-1180.3726242698274,4532.739396647436,9281.673035286478,-9546.274488825053,-5711.679617199766,-418.9455561993053,1180.3726242698274,-4532.739396647436,-9281.673035286478,-24403.943592064246,-3129.3113385812435
CASE_EX,11007,E1-P1-V-042,A-V-1007,SOL_1_beam_0129,beam,P1,149,94,-16224.273983984289,-3199.045679785027,-8969.87747631262,-11019.516164485342,37135.23877842055,-13333.801593742446,16224.273983984289,3199.045679785027,8969.87747631262,11019.516164485342,41064.15306007287,-14555.47864262342
CASE_EX,11008,E1-P1-V-044,A-V-1008,SOL_1_beam_0130,beam,P1,149,94,-16224.273983984289,-3199.045679785027,-8969.87747631262,-11019.516164485342,37135.23877842055,-13333.801593742446,16224.273983984289,3199.045679785027,8969.87747631262,11019.516164485342,41064.15306007287,-14555.47864262342
CASE_EX,11009,E1-P1-V-043,A-V-1009,SOL_1_beam_0131,beam,P1,133,95,6720.2714655158015,-8102.137101598451,-6577.23760388927,-4542.697307556019,16026.221207977725,-28261.900133044433,-6720.2714655158015,8102.137101598451,6577.23760388927,4542.697307556019,30468.271413915514,-29012.107038155
CASE_EX,11010,E1-P1-V-045,A-V-1010,SOL_1_beam_0132,beam,P1,133,95,6720.2714655158015,-8102.137101598451,-6577.23760388927,-4542.697307556019,16026.221207977725,-28261.900133044433,-6720.2714655158015,8102.137101598451,6577.23760388927,4542.697307556019,30468.271413915514,-29012.107038155
CASE_EX,11011,E1-P1-V-060,A-V-1011,SOL_1_beam_0133,beam,P1,145,101,-18342.098497564977,-4450.952684375615,-8016.3371971546185,-12067.35778879716,38363.37313057948,-19390.565198779517,18342.098497564977,4450.952684375615,8016.3371971546185,12067.35778879716,31523.05455421448,-19412.840303607092
CASE_EX,11012,E1-P1-V-062,A-V-1012,SOL_1_beam_0134,beam,P1,145,101,-18342.098497564977,-4450.952684375615,-8016.3371971546185,-12067.35778879716,38363.37313057948,-19390.565198779517,18342.098497564977,4450.952684375615,8016.3371971546185,12067.35778879716,31523.05455421448,-19412.840303607092
CASE_EX,11013,E1-P1-V-061,A-V-1013,SOL_1_beam_0135,beam,P1,147,96,-496.73885436376673,-6701.322423823057,-10258.841652131243,-12957.60025413227,39476.97212599323,-22902.658392326404,496.73885436376673,6701.322423823057,10258.841652131243,12957.60025413227,33042.77951292251,-24468.989821678773
CASE_EX,11014,E1-P1-V-063,A-V-1014,SOL_1_beam_0136,beam,P1,147,96,-496.73885436376673,-6701.322423823057,-10258.841652131243,-12957.60025413227,39476.97212599323,-22902.658392326404,496.73885436376673,6701.322423823057,10258.841652131243,12957.60025413227,33042.77951292251,-24468.989821678773
CASE_EX,11015,E1-P1-V-094,A-V-1015,SOL_1_beam_0137,beam,P1,143,98,-5550.881807370203,-3422.448024548981,-13390.333478491923,-5262.627013019434,58331.9831405526,-14883.54061528256,5550.881807370203,3422.448024548981,13390.333478491923,5262.627013019434,58410.75674887269,-14954.84691679537
CASE_EX,11016,E1-P1-V-096,A-V-1016,SOL_1_beam_0138,beam,P1,143,98,-5550.881807370203,-3422.448024548981,-13390.333478491923,-5262.627013019434,58331.9831405526,-14883.54061528256,5550.881807370203,3422.448024548981,13390.333478491923,5262.627013019434,58410.75674887269,-14954.84691679537
CASE_EX,11017,E1-P1-V-095,A-V-1017,SOL_1_beam_0139,beam,P1,141,883,1.2382230834515682e-09,1.1305038226648305e-08,3.463499222162305e-08,2.933185900469511e-12,-2.3288190197786229e-07,7.60011422837905e-08,-1.2382230834515682e-09,-1.1305038226648305e-08,-3.463499222162305e-08,-2.933185900469511e-12,-2.786001937767897e-11,2.1792726268745158e-11
CASE_EX,11018,E1-P1-V-097,A-V-1018,SOL_1_beam_0140,beam,P1,141,97,6519.103770260133,-15113.981525295609,-16717.081779083936,-1032.4151039264523,82400.8080633993,-56624.59000350846,-6519.103770260133,15113.981525295609,16717.081779083936,1032.4151039264523,39169.20940471323,-53287.35649075602
CASE_EX,11019,E1-P1-V-001,A-V-1019,SOL_1_beam_0141,beam,P1,129,884,-1720.606511205106,-773.4787991676071,937.0412684230014,-11124.393843096357,5106.761697758857,-5169.394460926902,1720.606511205106,773.4787991676071,-937.0412684230014,11124.393843096357,-8509.545621880967,2360.573428010908
CASE_EX,11020,E1-P1-V-003,A-V-1020,SOL_1_beam_0142,beam,P1,129,266,-4822.96458765253,-42009.599012420855,-14830.076685386772,-60961.19179976261,14253.984755124144,-85046.85149367552,4822.96458765253,42009.599012420855,14830.076685386772,60961.19179976261,31676.61107481659,-45062.1124821272
CASE_EX,11021,E1-P1-V-002,A-V-1021,SOL_1_beam_0143,beam,P1,884,91,-1589.4220521851498,-1016.1170007453106,937.0412684225159,-12246.378470756057,6796.375461832866,-2360.5734280111637,1589.4220521851498,1016.1170007453106,-937.0412684225159,12246.378470756057,-11584.979529284477,-2832.1349048535576
CASE_EX,11022,E1-P1-V-004,A-V-1022,SOL_1_beam_0144,beam,P1,885,91,0.0,1.640607536339977e-09,-4.064268448477927e-09,-8.038281690382299e-12,0.0,-9.048805658697442e-11,0.0,-1.640607536339977e-09,4.064268448477927e-09,8.038281690382299e-12,1.9946254035948945e-08,8.142115331695901e-09
CASE_EX,11023,E1-P1-V-005,A-V-1023,SOL_1_beam_0145,beam,P1,127,93,33807.131443574435,-1270.082398914163,-27324.16464496274,12896.578781414615,99948.89214689258,13444.299015117871,-33807.131443574435,1270.082398914163,27324.16464496274,-12896.578781414615,93206.83564668999,-22422.56763952796
CASE_EX,11024,E1-P1-V-105,A-V-1024,SOL_1_beam_0146,beam,P1,151,105,17677.585144511886,-3697.85456598063,-30653.505500670646,-8876.87498671317,128499.88214968062,-15204.327918446184,-17677.585144511886,3697.85456598063,30653.505500670646,8876.87498671317,138737.37880516608,-17033.568187772948
CASE_EX,11025,E1-P1-V-107,A-V-1025,SOL_1_beam_0147,beam,P1,151,105,17677.585144511886,-3697.85456598063,-30653.505500670646,-8876.87498671317,128499.88214968062,-15204.327918446184,-17677.585144511886,3697.85456598063,30653.505500670646,8876.87498671317,138737.37880516608,-17033.568187772948
CASE_EX,11026,E1-P1-V-106,A-V-1026,SOL_1_beam_0148,beam,P1,157,104,24005.724396429094,-10330.89457706421,-48611.861828271096,267.7877098280561,165974.04747666823,-35277.08617494975,-24005.724396429094,10330.89457706421,48611.861828271096,-267.7877098280561,177614.5919255518,-37741.67669574006
CASE_EX,11027,E1-P1-V-108,A-V-1027,SOL_1_beam_0149,beam,P1,157,104,24005.724396429094,-10330.89457706421,-48611.861828271096,267.7877098280561,165974.04747666823,-35277.08617494975,-24005.724396429094,10330.89457706421,48611.861828271096,-267.7877098280561,177614.5919255518,-37741.67669574006
CASE_EX,11028,E1-P1-V-026,A-V-1028,SOL_1_beam_0150,beam,P1,878,873,15211.555093826577,-739.4394222186227,-955.1281158565587,5323.85214961581,4879.9047790340765,-2992.5791192178262,-15211.555093826577,739.4394222186227,955.1281158565587,-5323.85214961581,3047.65858257536,-3144.7680851967416
CASE_EX,11029,E1-P1-V-029,A-V-1029,SOL_1_beam_0151,beam,P1,878,873,15211.555093826577,-739.4394222186227,-955.1281158565587,5323.85214961581,4879.9047790340765,-2992.5791192178262,-15211.555093826577,739.4394222186227,955.1281158565587,-5323.85214961581,3047.65858257536,-3144.7680851967416
CASE_EX,11030,E1-P1-V-027,A-V-1030,SOL_1_beam_0152,beam,P1,871,880,-35903.16014669653,-15167.104913077648,-5265.264822664362,3728.8284881881864,3483.0493102892433,-52904.51365706175,35903.16014669653,15167.104913077648,5265.264822664362,-3728.8284881881864,31530.961760428774,-47956.73401490462
CASE_EX,11031,E1-P1-V-030,A-V-1031,SOL_1_beam_0153,beam,P1,871,880,-35903.16014669653,-15167.104913077648,-5265.264822664362,3728.8284881881864,3483.0493102892433,-52904.51365706175,35903.16014669653,15167.104913077648,5265.264822664362,-3728.8284881881864,31530.961760428774,-47956.73401490462
CASE_EX,11032,E1-P1-V-050,A-V-1032,SOL_1_beam_0154,beam,P1,879,875,19684.2335870166,-4956.53859456878,-962.6915879008202,6660.006658422968,3778.717214910481,-20707.512767469045,-19684.2335870166,4956.53859456878,962.6915879008202,-6660.006658422968,4211.622964666326,-20431.757567451827
CASE_EX,11033,E1-P1-V-054,A-V-1033,SOL_1_beam_0155,beam,P1,879,875,19684.2335870166,-4956.53859456878,-962.6915879008202,6660.006658422968,3778.717214910481,-20707.512767469045,-19684.2335870166,4956.53859456878,962.6915879008202,-6660.006658422968,4211.622964666326,-20431.757567451827
CASE_EX,11034,E1-P1-V-051,A-V-1034,SOL_1_beam_0156,beam,P1,874,881,-104.87529956125475,-8512.598304982508,-1426.4414931019608,6939.76869508031,3935.7686925461867,-28545.751875222617,104.87529956125475,8512.598304982508,1426.4414931019608,-6939.76869508031,5550.067236581852,-28063.026852911058
CASE_EX,11035,E1-P1-V-055,A-V-1035,SOL_1_beam_0157,beam,P1,874,881,-104.87529956125475,-8512.598304982508,-1426.4414931019608,6939.76869508031,3935.7686925461867,-28545.751875222617,104.87529956125475,8512.598304982508,1426.4414931019608,-6939.76869508031,5550.067236581852,-28063.026852911058
CASE_EX,11036,E1-P1-V-076,A-V-1036,SOL_1_beam_0158,beam,P1,513,877,14635.599846464374,-4798.1388578114465,-669.6481759301565,8533.23647126556,3702.572848665934,-21127.643667030425,-14635.599846464374,4798.1388578114465,669.6481759301565,-8533.23647126556,2059.904372021683,-20161.44941745269
CASE_EX,11037,E1-P1-V-079,A-V-1037,SOL_1_beam_0159,beam,P1,513,877,14635.599846464374,-4798.1388578114465,-669.6481759301565,8533.23647126556,3702.572848665934,-21127.643667030425,-14635.599846464374,4798.1388578114465,669.6481759301565,-8533.23647126556,2059.904372021683,-20161.44941745269
CASE_EX,11038,E1-P1-V-077,A-V-1038,SOL_1_beam_0160,beam,P1,876,882,-4896.061885124691,-8190.014364606896,1396.455430112078,-4516.311353634666,-5543.159668615962,-27067.25901263743,4896.061885124691,8190.014364606896,-1396.455430112078,4516.311353634666,-3743.268941629357,-27396.33651199843
CASE_EX,11039,E1-P1-V-080,A-V-1039,SOL_1_beam_0161,beam,P1,876,882,-4896.061885124691,-8190.014364606896,1396.455430112078,-4516.311353634666,-5543.159668615962,-27067.25901263743,4896.061885124691,8190.014364606896,-1396.455430112078,4516.311353634666,-3743.268941629357,-27396.33651199843
CASE_EX,11040,E1-P1-V-070,A-V-1040,SOL_1_beam_0162,beam,P1,107,109,1.7667457425607197e-09,2.9233587945651427e-09,-2.3127387775786902e-08,-2.053963649215672e-07,2.906318830834166e-07,2.7305879932622454e-08,-1.7667457425607197e-09,-2.9233587945651427e-09,2.3127387775786902e-08,2.053963649215672e-07,-1.8163250449613292e-07,-1.3528089933836936e-08
CASE_EX,11041,E1-P1-V-073,A-V-1041,SOL_1_beam_0163,beam,P1,107,109,1.7667457425607197e-09,2.9233587945651427e-09,-2.3127387775786902e-08,-2.053963649215672e-07,2.906318830834166e-07,2.7305879932622454e-08,-1.7667457425607197e-09,-2.9233587945651427e-09,2.3127387775786902e-08,2.053963649215672e-07,-1.8163250449613292e-07,-1.3528089933836936e-08
CASE_EX,11042,E1-P1-V-071,A-V-1042,SOL_1_beam_0164,beam,P1,109,111,1.7671206886011617e-09,4.6911203882797564e-09,-2.308235770002987e-08,-1.9851618854275978e-07,1.7963665359975107e-07,1.356536087006977e-08,-1.7671206886011617e-09,-4.6911203882797564e-09,2.308235770002987e-08,1.9851618854275978e-07,-7.087258411721033e-08,8.53919839950444e-09
CASE_EX,11043,E1-P1-V-074,A-V-1043,SOL_1_beam_0165,beam,P1,109,111,1.7671206886011617e-09,4.6911203882797564e-09,-2.308235770002987e-08,-1.9851618854275978e-07,1.7963665359975107e-07,1.356536087006977e-08,-1.7671206886011617e-09,-4.6911203882797564e-09,2.308235770002987e-08,1.9851618854275978e-07,-7.087258411721033e-08,8.53919839950444e-09
CASE_EX,11044,E1-P1-V-084,A-V-1044,SOL_1_beam_0166,beam,P1,111,886,5.566805784108818e-09,-1.4242922417456833e-09,3.5232810598578935e-08,-2.2253101252525983e-11,-2.1080101802974062e-07,-8.542449035907787e-09,-5.566805784108818e-09,1.4242922417456833e-09,-3.5232810598578935e-08,2.2253101252525983e-11,0.0,2.0782741594006208e-11
CASE_EX,11045,E1-P1-V-083,A-V-1045,SOL_1_beam_0167,beam,P1,886,111,5.566805784108818e-09,-1.4242922417456833e-09,-3.5232810598578935e-08,-2.2253101252525983e-11,0.0,2.0782741594006208e-11,-5.566805784108818e-09,1.4242922417456833e-09,3.5232810598578935e-08,2.2253101252525983e-11,2.1080101802974062e-07,-8.542449035907787e-09
CASE_EX,11046,E1-P1-V-091,A-V-1046,SOL_1_beam_0168,beam,P1,139,887,0.0,-1.0884806259603696e-08,-4.1455158646321576e-08,3.251240165808203e-07,4.0547249584957345e-07,-2.473736341734058e-08,0.0,1.0884806259603696e-08,4.1455158646321576e-08,-3.251240165808203e-07,-3.0360877744885325e-07,-2.0088094566848614e-09
CASE_EX,11047,E1-P1-V-092,A-V-1047,SOL_1_beam_0169,beam,P1,139,887,0.0,-1.0884806259603696e-08,-4.1455158646321576e-08,3.251240165808203e-07,4.0547249584957345e-07,-2.473736341734058e-08,0.0,1.0884806259603696e-08,4.1455158646321576e-08,-3.251240165808203e-07,-3.0360877744885325e-07,-2.0088094566848614e-09
CASE_EX,11048,E1-P1-V-081,A-V-1048,SOL_1_beam_0170,beam,P1,888,107,-1.0825604513749052e-08,-1.7762012693154975e-09,-1.0537398477184203e-07,4.082439106875207e-07,4.670977707569871e-07,2.006994906152316e-08,1.0825604513749052e-08,1.7762012693154975e-09,1.0537398477184203e-07,-4.082439106875207e-07,-1.4289797958148745e-07,-2.553471422006368e-08
CASE_EX,11049,E1-P1-V-093,A-V-1049,SOL_1_beam_0171,beam,P1,889,888,-1.359456764847129e-08,1.3967447218257915e-08,-5.780465652161202e-08,-1.5779019555932214e-07,3.3238717900512295e-08,1.0050917014769773e-08,1.359456764847129e-08,-1.3967447218257915e-08,5.780465652161202e-08,1.5779019555932214e-07,1.0838269057743731e-07,2.4169328669962157e-08
CASE_EX,11050,E1-P1-V-082,A-V-1050,SOL_1_beam_0172,beam,P1,889,107,1.20566408461693e-08,-7.093840489606029e-09,5.817017940241376e-08,1.586392931270472e-07,-2.913939384508541e-08,-1.0029517631900038e-08,-1.20566408461693e-08,7.093840489606029e-09,-5.817017940241376e-08,-1.586392931270472e-07,-2.922529741111438e-07,-2.9164210430827132e-08
CASE_EX,11051,E1-P1-V-090,A-V-1051,SOL_1_beam_0173,beam,P1,888,887,1.114184569762088e-08,-9.129488553185873e-09,2.3704997313849925e-08,-2.777305444471848e-07,2.942143629528013e-07,-2.243621088301364e-08,-1.114184569762088e-08,9.129488553185873e-09,-2.3704997313849925e-08,2.777305444471848e-07,-3.4736096693045285e-07,1.9678975467709063e-09
CASE_EX,11052,E1-P1-V-089,A-V-1052,SOL_1_beam_0174,beam,P1,888,887,1.114184569762088e-08,-9.129488553185873e-09,2.3704997313849925e-08,-2.777305444471848e-07,2.942143629528013e-07,-2.243621088301364e-08,-1.114184569762088e-08,9.129488553185873e-09,-2.3704997313849925e-08,2.777305444471848e-07,-3.4736096693045285e-07,1.9678975467709063e-09
CASE_EX,11053,E1-P1-V-038,A-V-1053,SOL_1_beam_0175,beam,P1,117,120,1915.7733901840852,9091.17686759117,-15653.085669931936,-8345.604088166476,12018.530182592975,8741.497304005514,-1915.7733901840852,-9091.17686759117,15653.085669931936,8345.604088166476,52472.18277752662,28714.151390470113
CASE_EX,11054,E1-P1-V-034,A-V-1054,SOL_1_beam_0176,beam,P1,117,120,1915.7733901840852,9091.17686759117,-15653.085669931936,-8345.604088166476,12018.530182592975,8741.497304005514,-1915.7733901840852,-9091.17686759117,15653.085669931936,8345.604088166476,52472.18277752662,28714.151390470113
CASE_EX,11055,E1-P1-V-037,A-V-1055,SOL_1_beam_0177,beam,P1,120,890,-41959.345876050305,-11225.521521753088,-11316.150779010615,10053.235426269188,65216.83893024486,-40977.56950230429,41959.345876050305,11225.521521753088,11316.150779010615,-10053.235426269188,15561.3171484368,-39153.647132832455
CASE_EX,11056,E1-P1-V-033,A-V-1056,SOL_1_beam_0178,beam,P1,120,872,81928.86342080618,-19556.76576616654,26703.39200786465,-2584.8323687205752,-170949.627356384,-72197.87626977156,-81928.86342080618,19556.76576616654,-26703.39200786465,2584.8323687205752,-19667.377450802378,-67404.3178246889
CASE_EX,11057,E1-P1-V-041,A-V-1057,SOL_1_beam_0179,beam,P1,120,135,-271314.1161699911,8871.791018747961,28476.40826073476,10585.060646776708,-187634.1951117059,11769.53009282392,271314.1161699911,-8871.791018747961,-28476.40826073476,-10585.060646776708,116110.56673708651,10513.570993248313
CASE_EX,11058,E1-P1-V-040,A-V-1058,SOL_1_beam_0180,beam,P1,120,95,198287.79860868564,12924.398236912468,-261618.15743071382,20015.91300934865,186841.55667838734,9561.1633247438,-198287.79860868564,-12924.398236912468,261618.15743071382,-20015.91300934865,471544.0182951267,22964.244880723923
CASE_EX,11062,E1-P1-V-039,A-V-1062,SOL_1_beam_0184,beam,P1,890,133,-15188.966033616498,40692.681781984065,-11316.150779010884,-14527.952715802188,-11496.117771562058,39153.647132832586,15188.966033616498,-40692.681781984065,11316.150779010884,14527.952715802188,36541.03995769337,50907.4583329144
CASE_EX,11066,E1-P2-V-010,A-V-1066,SOL_2_beam_0188,beam,P2,128,126,-139463.9400980502,16918.563011251415,-57452.98582373163,750.1205158535703,280856.9005900949,104013.04264748833,139463.9400980502,-16918.563011251415,57452.98582373163,-750.1205158535703,293672.95764722134,65172.58746502581
CASE_EX,11067,E1-P2-V-009,A-V-1067,SOL_2_beam_0189,beam,P2,128,126,-139463.9400980502,16918.563011251415,-57452.98582373163,750.1205158535703,280856.9005900949,104013.04264748833,139463.9400980502,-16918.563011251415,57452.98582373163,-750.1205158535703,293672.95764722134,65172.58746502581
CASE_EX,11068,E1-P2-V-034,A-V-1068,SOL_2_beam_0190,beam,P2,896,897,-5692.506194551704,1384.663924453361,2260.482882211017,411.9671166509826,-4950.306310496899,2866.9368154328863,5692.506194551704,-1384.663924453361,-2260.482882211017,-411.9671166509826,677.9936631180758,-249.92199821603367
CASE_EX,11069,E1-P2-V-024,A-V-1069,SOL_2_beam_0191,beam,P2,126,898,18130.23673800296,-1462.010561099197,-10130.460806248168,1365.9639499072332,51273.002095076175,-10269.966302283541,-18130.23673800296,1462.010561099197,10130.460806248168,-1365.9639499072332,-3562.94112530884,3384.5329204708305
CASE_EX,11070,E1-P2-V-040,A-V-1070,SOL_2_beam_0192,beam,P2,896,134,7394.226408949347,1511.374781154538,-6535.717900396564,-3290.6788096034684,1985.1176016723402,4428.765978491682,-7394.226408949347,-1511.374781154538,6535.717900396564,3290.6788096034684,28795.26894469274,2689.151393300312
CASE_EX,11071,E1-P2-V-023,A-V-1071,SOL_2_beam_0193,beam,P2,126,898,18130.23673800296,-1462.010561099197,-10130.460806248168,1365.9639499072332,51273.002095076175,-10269.966302283541,-18130.23673800296,1462.010561099197,10130.460806248168,-1365.9639499072332,-3562.94112530884,3384.5329204708305
CASE_EX,11072,E1-P2-V-073,A-V-1072,SOL_2_beam_0194,beam,P2,899,148,1294.739890144575,1014.21417148581,163.47541161016807,-633.4368892365026,520.4457607462471,3961.772524715243,-1294.739890144575,-1014.21417148581,-163.47541161016807,633.4368892365026,-1290.3437944238935,814.7347717885484
CASE_EX,11073,E1-P2-V-058,A-V-1073,SOL_2_beam_0195,beam,P2,134,900,-897.9514590914577,665.7422534764306,1416.3799100470542,2552.025940465077,-7151.804871320402,489.84390640768584,897.9514590914577,-665.7422534764306,-1416.3799100470542,-2552.025940465077,481.27199457111055,2645.5123336481047
CASE_EX,11074,E1-P2-V-072,A-V-1074,SOL_2_beam_0196,beam,P2,899,148,1294.739890144575,1014.21417148581,163.47541161016807,-633.4368892365026,520.4457607462471,3961.772524715243,-1294.739890144575,-1014.21417148581,-163.47541161016807,633.4368892365026,-1290.3437944238935,814.7347717885484
CASE_EX,11075,E1-P2-V-057,A-V-1075,SOL_2_beam_0197,beam,P2,134,900,-897.9514590914577,665.7422534764306,1416.3799100470542,2552.025940465077,-7151.804871320402,489.84390640768584,897.9514590914577,-665.7422534764306,-1416.3799100470542,-2552.025940465077,481.27199457111055,2645.5123336481047
CASE_EX,11076,E1-P2-V-095,A-V-1076,SOL_2_beam_0198,beam,P2,901,142,-2586.2144673754387,10055.303879971954,-8833.600292929434,-8666.216896794102,-5416.090394649902,21720.61266512647,2586.2144673754387,-10055.303879971954,8833.600292929434,8666.216896794102,47017.941056077274,25634.852433820142
CASE_EX,11077,E1-P2-V-085,A-V-1077,SOL_2_beam_0199,beam,P2,148,902,512.7424560371687,10837.527167638633,-7523.673422738057,-4786.803328292586,39551.87144465288,28744.871043686253,-512.7424560371687,-10837.527167638633,7523.673422738057,4786.803328292586,-4118.644409801909,22295.164727504176
CASE_EX,11078,E1-P2-V-094,A-V-1078,SOL_2_beam_0200,beam,P2,901,142,-2586.2144673754387,10055.303879971954,-8833.600292929434,-8666.216896794102,-5416.090394649902,21720.61266512647,2586.2144673754387,-10055.303879971954,8833.600292929434,8666.216896794102,47017.941056077274,25634.852433820142
CASE_EX,11079,E1-P2-V-084,A-V-1079,SOL_2_beam_0201,beam,P2,148,902,512.7424560371687,10837.527167638633,-7523.673422738057,-4786.803328292586,39551.87144465288,28744.871043686253,-512.7424560371687,-10837.527167638633,7523.673422738057,4786.803328292586,-4118.644409801909,22295.164727504176
CASE_EX,11080,E1-P2-V-105,A-V-1080,SOL_2_beam_0202,beam,P2,142,158,-9846.463068017287,7611.3797385487505,-8042.929181555643,-154.85504465602077,18300.218297972453,15300.947145046579,9846.463068017287,-7611.3797385487505,8042.929181555643,154.85504465602077,21914.42760980576,22755.951547697176
CASE_EX,11081,E1-P2-V-104,A-V-1081,SOL_2_beam_0203,beam,P2,142,158,-9846.463068017287,7611.3797385487505,-8042.929181555643,-154.85504465602077,18300.218297972453,15300.947145046579,9846.463068017287,-7611.3797385487505,8042.929181555643,154.85504465602077,21914.42760980576,22755.951547697176
CASE_EX,11082,E1-P2-V-008,A-V-1082,SOL_2_beam_0204,beam,P2,130,122,183587.1707455883,-1577.7210726415426,-15043.820114070233,436.28657895875733,77016.4500797184,-9442.534420874132,-183587.1707455883,1577.7210726415426,15043.820114070233,-436.28657895875733,73421.75106098392,-6334.676305541294
CASE_EX,11083,E1-P2-V-007,A-V-1083,SOL_2_beam_0205,beam,P2,32,122,-659979.2194259645,976.3834817273872,-36016.99675563636,2908.656509035037,211288.1026202146,8201.454929362757,659979.2194259645,-976.3834817273872,36016.99675563636,-2908.656509035037,149660.4312467121,1583.4860142830817
CASE_EX,11084,E1-P2-V-039,A-V-1084,SOL_2_beam_0206,beam,P2,903,150,-1711.808443276141,1508.9090613393391,819.1533085183838,-775.1685132842282,-1900.3361230217236,6605.1871094946955,1711.808443276141,-1508.9090613393391,-819.1533085183838,775.1685132842282,-1957.4673183534542,501.02183701589684
CASE_EX,11085,E1-P2-V-022,A-V-1085,SOL_2_beam_0207,beam,P2,122,904,-16500.247309974373,-27723.504408829565,9091.444726277523,14797.379496145093,-49174.03284599937,-70964.17410697533,16500.247309974373,27723.504408829565,-9091.444726277523,-14797.379496145093,6357.285366314718,-59601.46460761069
CASE_EX,11086,E1-P2-V-031,A-V-1086,SOL_2_beam_0208,beam,P2,122,150,-252154.37188751152,336.92318329662027,-40298.9682966161,-5530.8668441977425,203231.88722772707,-2311.7312870662718,252154.37188751152,-336.92318329662027,40298.9682966161,5530.8668441977425,199757.79775338236,5680.963136878634
CASE_EX,11087,E1-P2-V-071,A-V-1087,SOL_2_beam_0209,beam,P2,905,146,-2136.814479249529,1504.55885378035,-197.78863922064136,-778.583944732076,73.92350393536003,8145.043162334794,2136.814479249529,-1504.55885378035,197.78863922064136,778.583944732076,857.562318212399,-1059.3215232881957
CASE_EX,11088,E1-P2-V-056,A-V-1088,SOL_2_beam_0210,beam,P2,150,906,1447.1446338400183,857.2717351016887,-622.8551329837928,545.9000384585047,1940.260570176632,-1460.6172595014978,-1447.1446338400183,-857.2717351016887,622.8551329837928,-545.9000384585047,993.0763894813218,5497.93947437569
CASE_EX,11089,E1-P2-V-063,A-V-1089,SOL_2_beam_0211,beam,P2,150,146,-162796.17376530496,2794.9875531007183,-33947.527658382,642.9047594796054,170566.69437809955,14397.367941099563,162796.17376530496,-2794.9875531007183,33947.527658382,-642.9047594796054,168908.58220572045,13552.507589907618
CASE_EX,11090,E1-P2-V-093,A-V-1090,SOL_2_beam_0212,beam,P2,907,144,-5676.038485789737,10186.746530096112,2084.956154849295,-3304.672084185135,-4862.3928555244875,22218.46748840929,5676.038485789737,-10186.746530096112,-2084.956154849295,3304.672084185135,-4956.710535319542,25756.02692131386
CASE_EX,11091,E1-P2-V-083,A-V-1091,SOL_2_beam_0213,beam,P2,146,908,6338.3361983129025,10703.42153965536,1883.8901507990909,12.152575543677578,-5173.799363899218,25924.904300715945,-6338.3361983129025,-10703.42153965536,-1883.8901507990909,-12.152575543677578,-3698.3834513917354,24482.871656212832
CASE_EX,11092,E1-P2-V-089,A-V-1092,SOL_2_beam_0214,beam,P2,146,144,-108859.4506470253,2446.0462934831,-26276.787537030294,-1175.1969677721336,130634.10081455705,11836.662103905659,108859.4506470253,-2446.0462934831,26276.787537030294,1175.1969677721336,132133.77455574588,12623.80083092534
CASE_EX,11093,E1-P2-V-103,A-V-1093,SOL_2_beam_0215,beam,P2,144,152,-32455.978503924674,5345.971912674491,-12442.871371349094,512.0911913185511,29315.91957441019,11576.815580951765,32455.978503924674,-5345.971912674491,12442.871371349094,-512.0911913185511,32898.437282335275,15153.043982420691
CASE_EX,11094,E1-P2-V-102,A-V-1094,SOL_2_beam_0216,beam,P2,144,152,-32455.978503924674,5345.971912674491,-12442.871371349094,512.0911913185511,29315.91957441019,11576.815580951765,32455.978503924674,-5345.971912674491,12442.871371349094,-512.0911913185511,32898.437282335275,15153.043982420691
CASE_EX,11095,E1-P2-V-012,A-V-1095,SOL_2_beam_0217,beam,P2,132,124,439969.58420844167,4083.646724200308,-54689.35146750315,-13015.02064633548,282006.11542319745,24823.917837407767,-439969.58420844167,-4083.646724200308,54689.35146750315,13015.02064633548,264869.50733782974,16011.213417715731
CASE_EX,11096,E1-P2-V-011,A-V-1096,SOL_2_beam_0218,beam,P2,132,161,-135527.50187334372,10065.637319410127,-21410.331833413093,1118.335561172012,100719.35809133643,44418.45765226889,135527.50187334372,-10065.637319410127,21410.331833413093,-1118.335561172012,113383.96024279449,56237.91554183237
CASE_EX,11097,E1-P2-V-027,A-V-1097,SOL_2_beam_0219,beam,P2,124,159,171449.33661288736,3401.1008202951466,-52333.7513769478,10207.717869174032,214688.1992734065,8855.912285439274,-171449.33661288736,-3401.1008202951466,52333.7513769478,-10207.717869174032,177390.93274170771,16624.788456082573
CASE_EX,11098,E1-P2-V-035,A-V-1098,SOL_2_beam_0220,beam,P2,909,159,-718.45589082863,-3975.702073792666,3456.0817096646624,-11313.10798888555,6205.107869510459,-682.4424145921002,718.45589082863,3975.702073792666,-3456.0817096646624,11313.10798888555,-13845.081948333023,-8106.198404853179
CASE_EX,11099,E1-P2-V-025,A-V-1099,SOL_2_beam_0221,beam,P2,161,910,-23502.34673331374,27881.482337468347,11169.4768862269,-10665.426737159343,-55174.642715148875,65194.55143290379,23502.34673331374,-27881.482337468347,-11169.4768862269,10665.426737159343,2570.555576859231,66116.87356618763
CASE_EX,11100,E1-P2-V-064,A-V-1100,SOL_2_beam_0222,beam,P2,136,138,65335.35045595472,646.8336805977491,-26877.4500620881,3017.848348058598,130766.0580423408,2884.554614879496,-65335.35045595472,-646.8336805977491,26877.4500620881,-3017.848348058598,138053.40076077628,3584.864156329873
CASE_EX,11101,E1-P2-V-074,A-V-1101,SOL_2_beam_0223,beam,P2,911,138,-898.5377655528735,-3446.163993329586,-129.16218399452288,987.3181853475138,-1308.4594153240216,-2437.8541771939845,898.5377655528735,3446.163993329586,129.16218399452288,-987.3181853475138,1916.7653235620287,-13792.298124878935
CASE_EX,11102,E1-P2-V-059,A-V-1102,SOL_2_beam_0224,beam,P2,168,912,624.4412852107879,-2126.2385249034405,-2209.9046870805582,3280.9383512103586,12213.085707897877,-8353.664749574276,-624.4412852107879,2126.2385249034405,2209.9046870805582,-3280.9383512103586,-1805.2555193732478,-1660.1288935935627
CASE_EX,11103,E1-P2-V-086,A-V-1103,SOL_2_beam_0225,beam,P2,138,913,37277.61670418879,8336.05028424682,-33850.98902286668,-1287.7158937257957,158963.08796316828,17268.066097292147,-37277.61670418879,-8336.05028424682,33850.98902286668,1287.7158937257957,462.4961008401151,21991.634245739293
CASE_EX,11104,E1-P2-V-013,A-V-1104,SOL_2_beam_0226,beam,P2,122,126,3015.8502652397865,10264.780637638556,8720.835093182328,-14153.478366872485,-37840.11763691589,40467.78941528369,-3015.8502652397865,-10264.780637638556,-8720.835093182328,14153.478366872485,-39775.31469240683,50888.75825969946
CASE_EX,11105,E1-P2-V-019,A-V-1105,SOL_2_beam_0227,beam,P2,122,126,3015.8502652397865,10264.780637638556,8720.835093182328,-14153.478366872485,-37840.11763691589,40467.78941528369,-3015.8502652397865,-10264.780637638556,-8720.835093182328,14153.478366872485,-39775.31469240683,50888.75825969946
CASE_EX,11106,E1-P2-V-014,A-V-1106,SOL_2_beam_0228,beam,P2,126,161,-5985.11782141319,-20063.192269479296,-6660.143847913634,12865.618033138076,23539.504103021824,-82324.94657133144,5985.11782141319,20063.192269479296,6660.143847913634,-12865.618033138076,24753.198938199945,-63153.26057466296
CASE_EX,11107,E1-P2-V-020,A-V-1107,SOL_2_beam_0229,beam,P2,126,161,-5985.11782141319,-20063.192269479296,-6660.143847913634,12865.618033138076,23539.504103021824,-82324.94657133144,5985.11782141319,20063.192269479296,6660.143847913634,-12865.618033138076,24753.198938199945,-63153.26057466296
CASE_EX,11108,E1-P2-V-015,A-V-1108,SOL_2_beam_0231,beam,P2,124,156,3518.8486101195194,-11076.434807530588,-5119.94398112022,12880.536943487756,12122.060963174305,-27361.796106637375,-3518.8486101195194,11076.434807530588,5119.94398112022,-12880.536943487756,8378.195376584696,-16988.250245886262
CASE_EX,11109,E1-P2-V-021,A-V-1109,SOL_2_beam_0232,beam,P2,124,156,3518.8486101195194,-11076.434807530588,-5119.94398112022,12880.536943487756,12122.060963174305,-27361.796106637375,-3518.8486101195194,11076.434807530588,5119.94398112022,-12880.536943487756,8378.195376584696,-16988.250245886262
CASE_EX,11110,E1-P2-V-026,A-V-1110,SOL_2_beam_0234,beam,P2,155,156,5405.242321738342,3074.7786514766494,5915.179863907462,7430.329956790553,-19861.497395971117,9459.63908781823,-5405.242321738342,-3074.7786514766494,-5915.179863907462,-7430.329956790553,-24443.199784695782,13570.453011741882
CASE_EX,11111,E1-P2-V-028,A-V-1111,SOL_2_beam_0235,beam,P2,155,156,5405.242321738342,3074.7786514766494,5915.179863907462,7430.329956790553,-19861.497395971117,9459.63908781823,-5405.242321738342,-3074.7786514766494,-5915.179863907462,-7430.329956790553,-24443.199784695782,13570.453011741882
CASE_EX,11112,E1-P2-V-048,A-V-1112,SOL_2_beam_0236,beam,P2,150,134,-5320.990335123265,-3018.5602187923196,1143.3033456790745,-308.55334415261075,-4967.928209255393,-14015.22177128683,5320.990335123265,3018.5602187923196,-1143.3033456790745,308.55334415261075,-5206.328263942691,-12846.945615746023
CASE_EX,11113,E1-P2-V-051,A-V-1113,SOL_2_beam_0237,beam,P2,150,134,-5320.990335123265,-3018.5602187923196,1143.3033456790745,-308.55334415261075,-4967.928209255393,-14015.22177128683,5320.990335123265,3018.5602187923196,-1143.3033456790745,308.55334415261075,-5206.328263942691,-12846.945615746023
CASE_EX,11114,E1-P2-V-049,A-V-1114,SOL_2_beam_0238,beam,P2,134,168,8298.888820548462,-1927.2042484616472,4237.950238003696,-3434.485411346026,-17365.993605992557,-5549.998823542741,-8298.888820548462,1927.2042484616472,-4237.950238003696,3434.485411346026,-13363.383569772248,-8424.159182052666
CASE_EX,11115,E1-P2-V-052,A-V-1115,SOL_2_beam_0239,beam,P2,134,168,8298.888820548462,-1927.2042484616472,4237.950238003696,-3434.485411346026,-17365.993605992557,-5549.998823542741,-8298.888820548462,1927.2042484616472,-4237.950238003696,3434.485411346026,-13363.383569772248,-8424.159182052666
CASE_EX,11116,E1-P2-V-036,A-V-1116,SOL_2_beam_0240,beam,P2,897,159,-2170.3708063588697,-1213.6704650602658,4774.738983639372,4975.63187805181,-3319.5735249626778,-3576.6895800936704,2170.3708063588697,1213.6704650602658,-4774.738983639372,-4975.63187805181,-29900.533897508267,-4867.387334462853
CASE_EX,11117,E1-P2-V-042,A-V-1117,SOL_2_beam_0241,beam,P2,897,159,-2170.3708063588697,-1213.6704650602658,4774.738983639372,4975.63187805181,-3319.5735249626778,-3576.6895800936704,2170.3708063588697,1213.6704650602658,-4774.738983639372,-4975.63187805181,-29900.533897508267,-4867.387334462853
CASE_EX,11118,E1-P2-V-076,A-V-1118,SOL_2_beam_0242,beam,P2,146,148,7271.80279972008,-4244.5121249646145,1869.4199326662526,88.37013923331673,-8496.528284689171,-19569.13913491107,-7271.80279972008,4244.5121249646145,-1869.4199326662526,-88.37013923331673,-8139.439696107809,-18202.774265149033
CASE_EX,11119,E1-P2-V-080,A-V-1119,SOL_2_beam_0243,beam,P2,146,148,7271.80279972008,-4244.5121249646145,1869.4199326662526,88.37013923331673,-8496.528284689171,-19569.13913491107,-7271.80279972008,4244.5121249646145,-1869.4199326662526,-88.37013923331673,-8139.439696107809,-18202.774265149033
CASE_EX,11120,E1-P2-V-077,A-V-1120,SOL_2_beam_0244,beam,P2,148,138,9305.88953162346,-3253.379941445695,3882.595807337703,-1640.4148937002662,-18018.412998719785,-9302.719548609304,-9305.88953162346,3253.379941445695,-3882.595807337703,1640.4148937002662,-10134.289200285904,-14287.538406813434
CASE_EX,11121,E1-P2-V-081,A-V-1121,SOL_2_beam_0245,beam,P2,148,138,9305.88953162346,-3253.379941445695,3882.595807337703,-1640.4148937002662,-18018.412998719785,-9302.719548609304,-9305.88953162346,3253.379941445695,-3882.595807337703,1640.4148937002662,-10134.289200285904,-14287.538406813434
CASE_EX,11122,E1-P2-V-097,A-V-1122,SOL_2_beam_0247,beam,P2,144,142,7992.680146234949,-3692.325265284697,4291.0325694480525,442.121916526145,-22133.162724659902,-16419.569182267587,-7992.680146234949,3692.325265284697,-4291.0325694480525,-442.121916526145,-16057.02714342777,-16442.125678766213
CASE_EX,11123,E1-P2-V-100,A-V-1123,SOL_2_beam_0248,beam,P2,144,142,7992.680146234949,-3692.325265284697,4291.0325694480525,442.121916526145,-22133.162724659902,-16419.569182267587,-7992.680146234949,3692.325265284697,-4291.0325694480525,-442.121916526145,-16057.02714342777,-16442.125678766213
CASE_EX,11124,E1-P2-V-098,A-V-1124,SOL_2_beam_0249,beam,P2,142,140,4693.514414842582,-4207.308051072695,8372.834130296562,-1144.8513641347993,-31464.647217633923,-13746.221291952963,-4693.514414842582,4207.308051072695,-8372.834130296562,1144.8513641347993,-29238.40022701615,-16756.762078324075
CASE_EX,11125,E1-P2-V-101,A-V-1125,SOL_2_beam_0250,beam,P2,142,140,4693.514414842582,-4207.308051072695,8372.834130296562,-1144.8513641347993,-31464.647217633923,-13746.221291952963,-4693.514414842582,4207.308051072695,-8372.834130296562,1144.8513641347993,-29238.40022701615,-16756.762078324075
CASE_EX,11126,E1-P2-V-001,A-V-1126,SOL_2_beam_0251,beam,P2,130,914,-17320.804882573655,16233.372541064273,6685.278716889681,-8185.45776964591,-32783.983232044644,60715.938407388385,17320.804882573655,-16233.372541064273,-6685.278716889681,8185.45776964591,7294.214760235798,1178.9989783875935
CASE_EX,11127,E1-P2-V-004,A-V-1127,SOL_2_beam_0252,beam,P2,130,914,-17320.804882573655,16233.372541064273,6685.278716889681,-8185.45776964591,-32783.983232044644,60715.938407388385,17320.804882573655,-16233.372541064273,-6685.278716889681,8185.45776964591,7294.214760235798,1178.9989783875935
CASE_EX,11128,E1-P2-V-002,A-V-1128,SOL_2_beam_0253,beam,P2,914,128,-38765.61769371902,27410.90199482933,13370.557433779031,-14216.297059511755,-16695.09057729607,-2357.9979567752453,38765.61769371902,-27410.90199482933,-13370.557433779031,14216.297059511755,-51599.278482665686,142367.8865775681
CASE_EX,11129,E1-P2-V-005,A-V-1129,SOL_2_beam_0254,beam,P2,915,128,-10284.11344840501,-167939.57261243995,1.0049862700512597e-08,-8.037518207255958e-12,3.6580563718499355e-11,6.984919309616089e-10,10284.11344840501,167939.57261243995,-1.0049862700512597e-08,8.037518207255958e-12,-4.936308504918176e-08,-824277.13975951
CASE_EX,11130,E1-P2-V-003,A-V-1130,SOL_2_beam_0255,beam,P2,128,132,-11661.22076185916,-4634.662405747064,-1601.4116151267374,12832.631636761547,6806.841410075673,8544.241181684669,11661.22076185916,4634.662405747064,1601.4116151267374,-12832.631636761547,4804.994211208303,-42150.178285756636
CASE_EX,11131,E1-P2-V-006,A-V-1131,SOL_2_beam_0256,beam,P2,128,132,-11661.22076185916,-4634.662405747064,-1601.4116151267374,12832.631636761547,6806.841410075673,8544.241181684669,11661.22076185916,4634.662405747064,1601.4116151267374,-12832.631636761547,4804.994211208303,-42150.178285756636
CASE_EX,11132,E1-P2-V-108,A-V-1132,SOL_2_beam_0258,beam,P2,152,158,6116.761421241742,-1619.7610710481108,3585.8894510822442,439.3101862931698,-17808.984414373397,-8286.20233847143,-6116.761421241742,1619.7610710481108,-3585.8894510822442,-439.3101862931698,-14105.431700258578,-6129.671193856758
CASE_EX,11133,E1-P2-V-111,A-V-1133,SOL_2_beam_0259,beam,P2,152,158,6116.761421241742,-1619.7610710481108,3585.8894510822442,439.3101862931698,-17808.984414373397,-8286.20233847143,-6116.761421241742,1619.7610710481108,-3585.8894510822442,-439.3101862931698,-14105.431700258578,-6129.671193856758
CASE_EX,11134,E1-P2-V-109,A-V-1134,SOL_2_beam_0260,beam,P2,158,154,-1280.68312826359,-1195.542574247979,9622.70572128674,-7534.333481240149,-37200.87717014474,-1457.9557510935351,1280.68312826359,1195.542574247979,-9622.70572128674,7534.333481240149,-32563.739309184115,-7209.727912204313
CASE_EX,11135,E1-P2-V-112,A-V-1135,SOL_2_beam_0261,beam,P2,158,154,-1280.68312826359,-1195.542574247979,9622.70572128674,-7534.333481240149,-37200.87717014474,-1457.9557510935351,1280.68312826359,1195.542574247979,-9622.70572128674,7534.333481240149,-32563.739309184115,-7209.727912204313
CASE_EX,11136,E1-P2-V-029,A-V-1136,SOL_2_beam_0262,beam,P2,904,898,-28718.26856704308,14700.745168460327,9091.444726277112,-5401.778890495798,-15172.287302879846,59601.46460761041,28718.26856704308,-14700.745168460327,-9091.444726277112,5401.778890495798,-65741.57076098645,71235.16739168651
CASE_EX,11137,E1-P2-V-032,A-V-1137,SOL_2_beam_0263,beam,P2,903,896,-1614.5453806423018,-1612.5563294301135,-819.1533085188687,1847.2878828799546,-894.2544840712599,-6605.187109494735,1614.5453806423018,1612.5563294301135,819.1533085188687,-1847.2878828799546,8184.718929889192,-7746.564222433275
CASE_EX,11138,E1-P2-V-030,A-V-1138,SOL_2_beam_0264,beam,P2,898,910,-29326.553491933886,-21672.346887039934,-11169.476886225782,1883.6555123112132,63469.11097871187,-78004.23323262803,29326.553491933886,21672.346887039934,11169.476886225782,-1883.6555123112132,10807.910314689569,-66116.87356618753
CASE_EX,11139,E1-P2-V-033,A-V-1139,SOL_2_beam_0265,beam,P2,896,909,-4036.5012466825006,170.42163054151075,3456.081709636594,4606.891453381925,-10930.295229475072,450.8614285087807,4036.5012466825006,-170.42163054151075,-3456.081709636594,-4606.891453381925,-12052.648139608275,682.4424145922658
CASE_EX,11140,E1-P2-V-060,A-V-1140,SOL_2_beam_0266,beam,P2,906,900,947.4195390525808,-1389.7980559139864,-622.85513298666,-956.4144447427174,-607.8478240995173,-5497.939474375868,-947.4195390525808,1389.7980559139864,622.85513298666,956.4144447427174,6151.258507680792,-6871.263223258613
CASE_EX,11141,E1-P2-V-067,A-V-1141,SOL_2_beam_0267,beam,P2,905,899,-1637.1870206012784,-2036.9811296852579,197.78863923251987,-123.20563273363506,-772.3198919396409,-8145.043162336566,1637.1870206012784,2036.9811296852579,-197.78863923251987,123.20563273363506,-987.998997229786,-9984.088891862228
CASE_EX,11142,E1-P2-V-061,A-V-1142,SOL_2_beam_0268,beam,P2,900,912,2161.800618441637,487.2733006851077,2209.9046870587817,-1591.8746948073604,-11306.258682711456,1580.238555962365,-2161.800618441637,-487.2733006851077,-2209.9046870587817,1591.8746948073604,-3389.6074862294436,1660.1288935936009
CASE_EX,11143,E1-P2-V-068,A-V-1143,SOL_2_beam_0269,beam,P2,899,911,-3496.5455323215647,676.4508300189174,-129.16218400293016,-1242.6832448713126,-209.99691511989909,2060.543842431765,3496.5455323215647,-676.4508300189174,129.16218400293016,1242.6832448713126,1068.9254387393846,2437.8541771940345
CASE_EX,11144,E1-P2-V-087,A-V-1144,SOL_2_beam_0270,beam,P2,908,902,11084.240600726764,-5646.002897891174,1883.8901508107394,3691.693731451049,222.67741646135983,-24482.87165621244,-11084.240600726764,5646.002897891174,-1883.8901508107394,-3691.693731451049,-16989.29975867694,-25766.554135019014
CASE_EX,11145,E1-P2-V-091,A-V-1145,SOL_2_beam_0271,beam,P2,907,901,-10526.559546587056,-5017.84434520686,-2084.9561547744725,4642.774003386096,-3606.71199556216,-22218.467488409544,10526.559546587056,5017.84434520686,2084.9561547744725,-4642.774003386096,22162.821773054966,-22440.347183931517
CASE_EX,11146,E1-P2-V-088,A-V-1146,SOL_2_beam_0272,beam,P2,902,913,32780.59824376072,-5288.700831114872,-13163.456694660526,11302.413079519294,27068.179781653063,-18823.77531998622,-32780.59824376072,5288.700831114872,13163.456694660526,-11302.413079519294,60468.80723783943,-16346.085206927677
CASE_EX,11147,E1-P2-V-092,A-V-1147,SOL_2_beam_0273,beam,P2,901,913,-31599.906804321727,-6088.08773828978,15582.244431091465,10686.900428521574,-41275.32511732766,-21000.878146321505,31599.906804321727,6088.08773828978,-15582.244431091465,-10686.900428521574,-62767.52048188737,-19649.36164105355
CASE_EX,11148,E1-P2-V-038,A-V-1148,SOL_2_beam_0274,beam,P2,916,155,-3.6204550193107748e-09,1.13970744513252e-09,-1.4415567581216916e-08,8.57637671099176e-12,-2.7153412644832197e-11,1.2666765294228631e-09,3.6204550193107748e-09,-1.13970744513252e-09,1.4415567581216916e-08,-8.57637671099176e-12,3.3181470251983245e-08,1.354532904558138e-09
CASE_EX,11149,E1-P2-V-041,A-V-1149,SOL_2_beam_0275,beam,P2,155,916,-3.6204550193107748e-09,1.13970744513252e-09,1.4415567581216916e-08,8.57637671099176e-12,-3.3181470251983245e-08,1.354532904558138e-09,3.6204550193107748e-09,-1.13970744513252e-09,-1.4415567581216916e-08,-8.57637671099176e-12,2.7153412644832197e-11,1.2666765294228631e-09
CASE_EX,11150,E1-P2-V-016,A-V-1150,SOL_2_beam_0276,beam,P2,917,124,4.839782643531765e-09,1.2692562578041584e-09,-2.5317611525348904e-10,8.025361246085818e-11,1.0163543551416704e-09,1.6700476641946945e-09,-4.839782643531765e-09,-1.2692562578041584e-09,2.5317611525348904e-10,-8.025361246085818e-11,-5.807739172238115e-10,5.136622645668379e-10
CASE_EX,11151,E1-P2-V-018,A-V-1151,SOL_2_beam_0277,beam,P2,124,917,4.839782643531765e-09,1.2692562578041584e-09,2.5317611525348904e-10,8.025361246085818e-11,5.807739172238115e-10,5.136622645668379e-10,-4.839782643531765e-09,-1.2692562578041584e-09,-2.5317611525348904e-10,-8.025361246085818e-11,-1.0163543551416704e-09,1.6700476641946945e-09
CASE_EX,11152,E1-P2-V-062,A-V-1152,SOL_2_beam_0278,beam,P2,918,919,2.0713116131066376e-09,-4.1879653709778035e-10,1.3911794416387876e-10,-0.0,-1.553483709829978e-10,-4.1536702214831776e-10,-2.0713116131066376e-09,4.1879653709778035e-10,-1.3911794416387876e-10,0.0,-1.2427869678639824e-10,-4.264140174182199e-10
CASE_EX,11153,E1-P2-V-069,A-V-1153,SOL_2_beam_0279,beam,P2,919,918,2.0713116131066376e-09,-4.1879653709778035e-10,-1.3911794416387876e-10,-0.0,1.2427869678639824e-10,-4.264140174182199e-10,-2.0713116131066376e-09,4.1879653709778035e-10,1.3911794416387876e-10,0.0,1.553483709829978e-10,-4.1536702214831776e-10
CASE_EX,11154,E1-P2-V-090,A-V-1154,SOL_2_beam_0282,beam,P2,138,140,68195.57217096706,1062.8944141388167,-30328.26289788289,-1019.2878592812332,153026.3447188993,4822.979354944368,-68195.57217096706,-1062.8944141388167,30328.26289788289,1019.2878592812332,150256.2842599296,5805.964786443798
CASE_EX,11155,E1-P2-V-096,A-V-1155,SOL_2_beam_0283,beam,P2,913,140,52284.20332611829,4835.355086293637,-31432.20128643564,-3409.7514259730046,16145.816084284277,14003.812602241873,-52284.20332611829,-4835.355086293637,31432.20128643564,3409.7514259730046,150713.29377743718,11664.865140429712
CASE_EX,11156,E1-P2-V-106,A-V-1156,SOL_2_beam_0284,beam,P2,140,154,71183.99459633772,-47.31447980850908,-50710.68601160965,397.21602365178836,95636.76236274114,-1858.3956541603125,-71183.99459633772,47.31447980850908,50710.68601160965,-397.21602365178836,157916.6676953071,1621.823255117767
CASE_EX,11157,E1-P2-V-070,A-V-1157,SOL_2_beam_0285,beam,P2,920,919,1986.5340052072079,329.8359296988436,6196.919322710393,3121.463697718678,-25009.042429017274,900.8010772709906,-1986.5340052072079,-329.8359296988436,-6196.919322710393,-3121.463697718678,-5975.5541845346925,748.3785712232273
CASE_EX,11158,E1-P2-V-075,A-V-1158,SOL_2_beam_0287,beam,P2,921,919,2105.5904525371725,76.48993493594601,2430.7516024884862,3462.1599292682595,-20313.16953908754,245.55082258285188,-2105.5904525371725,-76.48993493594601,-2430.7516024884862,-3462.1599292682595,6681.441734005,183.40702395639713
CASE_EX,11159,E1-P2-V-054,A-V-1159,SOL_2_beam_0288,beam,P2,919,922,2042.5088614839383,259.42715787092635,4313.835462599445,3468.0440679147823,-255.55666395093795,-465.8927975899892,-2042.5088614839383,-259.42715787092635,-4313.835462599445,-3468.0440679147823,-21313.620649046286,1763.0285869446209
CASE_EX,11160,E1-P2-V-055,A-V-1160,SOL_2_beam_0289,beam,P2,919,922,2042.5088614839383,259.42715787092635,4313.835462599445,3468.0440679147823,-255.55666395093795,-465.8927975899892,-2042.5088614839383,-259.42715787092635,-4313.835462599445,-3468.0440679147823,-21313.620649046286,1763.0285869446209
CASE_EX,11161,E1-P2-V-078,A-V-1161,SOL_2_beam_0290,beam,P2,138,920,-71.13487116779415,2012.4733350983854,6196.919322709824,25202.77086741147,-14555.757502300281,5586.658874209223,71.13487116779415,-2012.4733350983854,-6196.919322709824,-25202.77086741147,126.80472121286948,-900.8010772685561
CASE_EX,11162,E1-P2-V-082,A-V-1162,SOL_2_beam_0291,beam,P2,921,138,-427.49896539152576,2063.1545018489132,-2430.7516024877095,19448.245384907343,6810.077793092461,-245.5508225825456,427.49896539152576,-2063.1545018489132,2430.7516024877095,-19448.245384907343,-426.4589637944382,5663.789326374831
CASE_EX,11163,E1-P2-V-107,A-V-1163,SOL_2_beam_0292,beam,P2,140,154,71183.99459633772,-47.31447980850908,-50710.68601160965,397.21602365178836,95636.76236274114,-1858.3956541603125,-71183.99459633772,47.31447980850908,50710.68601160965,-397.21602365178836,157916.6676953071,1621.823255117767
CASE_EX,11164,E1-P2-V-047,A-V-1164,SOL_2_beam_0293,beam,P2,159,136,222115.84455206353,-3587.5100090212577,-91889.51672444369,-2288.4447166232926,56473.26661118594,4085.917026570407,-222115.84455206353,3587.5100090212577,91889.51672444369,2288.4447166232926,174323.8053209785,-13096.594578530858
CASE_EX,11165,E1-P2-V-043,A-V-1165,SOL_2_beam_0294,beam,P2,159,155,-3810.179417388569,-3266.988989629635,-5205.166409368062,3411.339979931022,29050.94544914095,-970.5378626508264,3810.179417388569,3266.988989629635,5205.166409368062,-3411.339979931022,-7605.65984254453,-12489.456774623273
CASE_EX,11166,E1-P2-V-037,A-V-1166,SOL_2_beam_0295,beam,P2,159,155,-3810.179417388569,-3266.988989629635,-5205.166409368062,3411.339979931022,29050.94544914095,-970.5378626508264,3810.179417388569,3266.988989629635,5205.166409368062,-3411.339979931022,-7605.65984254453,-12489.456774623273
CASE_EX,11167,E1-P2-V-046,A-V-1167,SOL_2_beam_0296,beam,P2,159,168,-110214.71046912145,-5935.253717804929,14486.4947333363,5878.301256662609,-116544.41060397521,-4627.526469769823,110214.71046912145,5935.253717804929,-14486.4947333363,-5878.301256662609,80183.30882330112,-10269.960361920537
CASE_EX,11168,E1-P2-V-045,A-V-1168,SOL_2_beam_0297,beam,P2,897,134,-8504.089406058436,4951.231856522828,-7288.995085067544,-5515.505948292398,-10981.297241270524,7403.301158403628,8504.089406058436,-4951.231856522828,7288.995085067544,5515.505948292398,31579.770375343942,6588.7258887937605
CASE_EX,11169,E1-P2-V-050,A-V-1169,SOL_2_beam_0298,beam,P2,136,922,-18.879768826798603,-2058.8318177606834,-4313.835462603583,20649.728299645172,3232.192252231908,-2793.7620665005456,18.879768826798603,2058.8318177606834,4313.835462603583,-20649.728299645172,6315.574081529182,-1763.0285869444556
CASE_EX,11170,E1-P2-V-053,A-V-1170,SOL_2_beam_0299,beam,P2,922,136,-18.879768826798603,-2058.8318177606834,4313.835462603583,20649.728299645172,-6315.574081529182,-1763.0285869444556,18.879768826798603,2058.8318177606834,-4313.835462603583,-20649.728299645172,-3232.192252231908,-2793.7620665005456
CASE_EX,11171,E1-P3-V-010,A-V-1171,SOL_3_beam_0300,beam,P3,164,163,-124644.03347205222,16549.91802576892,-35451.36412505704,779.9639815472708,174431.1301818062,99783.91308881532,124644.03347205222,-16549.91802576892,35451.36412505704,-779.9639815472708,180082.5110687642,65715.26716887386
CASE_EX,11172,E1-P3-V-009,A-V-1172,SOL_3_beam_0301,beam,P3,164,163,-124644.03347205222,16549.91802576892,-35451.36412505704,779.9639815472708,174431.1301818062,99783.91308881532,124644.03347205222,-16549.91802576892,35451.36412505704,-779.9639815472708,180082.5110687642,65715.26716887386
CASE_EX,11173,E1-P3-V-044,A-V-1173,SOL_3_beam_0302,beam,P3,923,167,2159.542322344837,1425.7101235916684,-628.6172653485648,-1307.2562945216087,97.18296254312418,3831.2047804132203,-2159.542322344837,-1425.7101235916684,628.6172653485648,1307.2562945216087,2863.330742611399,2883.2693410225856
CASE_EX,11174,E1-P3-V-034,A-V-1174,SOL_3_beam_0303,beam,P3,924,925,-19732.9626728198,28966.22963557822,2834.8953191013256,-1694.281624314278,-23329.588851666802,61000.39157062896,19732.9626728198,-28966.22963557822,-2834.8953191013256,1694.281624314278,17092.819149643878,2725.313627643205
CASE_EX,11175,E1-P3-V-023,A-V-1175,SOL_3_beam_0304,beam,P3,163,926,19906.877964475054,10753.067911691769,-61.015292144157165,-10811.839733084082,13658.003923943012,-39112.82327561157,-19906.877964475054,-10753.067911691769,61.015292144157165,10811.839733084082,-13540.638666140218,59796.7623878741
CASE_EX,11176,E1-P3-V-043,A-V-1176,SOL_3_beam_0305,beam,P3,923,167,2159.542322344837,1425.7101235916684,-628.6172653485648,-1307.2562945216087,97.18296254312418,3831.2047804132203,-2159.542322344837,-1425.7101235916684,628.6172653485648,1307.2562945216087,2863.330742611399,2883.2693410225856
CASE_EX,11177,E1-P3-V-033,A-V-1177,SOL_3_beam_0306,beam,P3,163,925,65103.95648486414,-15423.564326764868,-26177.425434495977,-11454.289788392092,155461.39881637166,-46107.19574539578,-65103.95648486414,15423.564326764868,26177.425434495977,11454.289788392092,-32177.119117955517,-26531.078907147596
CASE_EX,11178,E1-P3-V-067,A-V-1178,SOL_3_beam_0307,beam,P3,927,175,-184.35216481424226,8808.84280891452,-9920.235066360006,-6961.749975306962,-5034.217802542109,17571.651195939838,184.35216481424226,-8808.84280891452,9920.235066360006,6961.749975306962,51754.20704119012,23914.16425948328
CASE_EX,11179,E1-P3-V-055,A-V-1179,SOL_3_beam_0308,beam,P3,167,928,-253.9638145003753,10489.274797901726,-8834.223288102941,-7294.533113501602,45185.66190692285,28516.258229022642,253.9638145003753,-10489.274797901726,8834.223288102941,7294.533113501602,-3580.3154417380974,20883.66046252161
CASE_EX,11180,E1-P3-V-066,A-V-1180,SOL_3_beam_0309,beam,P3,927,175,-184.35216481424226,8808.84280891452,-9920.235066360006,-6961.749975306962,-5034.217802542109,17571.651195939838,184.35216481424226,-8808.84280891452,9920.235066360006,6961.749975306962,51754.20704119012,23914.16425948328
CASE_EX,11181,E1-P3-V-054,A-V-1181,SOL_3_beam_0310,beam,P3,167,928,-253.9638145003753,10489.274797901726,-8834.223288102941,-7294.533113501602,45185.66190692285,28516.258229022642,253.9638145003753,-10489.274797901726,8834.223288102941,7294.533113501602,-3580.3154417380974,20883.66046252161
CASE_EX,11182,E1-P3-V-088,A-V-1182,SOL_3_beam_0311,beam,P3,929,172,1817.754678467432,726.1433583252536,-225.79428624814068,-402.952953650074,656.9103292029424,2469.1429722367266,-1817.754678467432,-726.1433583252536,225.79428624814068,402.952953650074,406.46811958394903,950.6300025507193
CASE_EX,11183,E1-P3-V-078,A-V-1183,SOL_3_beam_0312,beam,P3,175,930,-2510.079434172518,1134.4614216965977,546.8462490500253,-829.4625918868525,-2312.3908090239443,2069.059355209857,2510.079434172518,-1134.4614216965977,-546.8462490500253,829.4625918868525,-263.01700136644786,3273.7601504547597
CASE_EX,11184,E1-P3-V-087,A-V-1184,SOL_3_beam_0313,beam,P3,929,172,1817.754678467432,726.1433583252536,-225.79428624814068,-402.952953650074,656.9103292029424,2469.1429722367266,-1817.754678467432,-726.1433583252536,225.79428624814068,402.952953650074,406.46811958394903,950.6300025507193
CASE_EX,11185,E1-P3-V-077,A-V-1185,SOL_3_beam_0314,beam,P3,175,930,-2510.079434172518,1134.4614216965977,546.8462490500253,-829.4625918868525,-2312.3908090239443,2069.059355209857,2510.079434172518,-1134.4614216965977,-546.8462490500253,829.4625918868525,-263.01700136644786,3273.7601504547597
CASE_EX,11186,E1-P3-V-100,A-V-1186,SOL_3_beam_0315,beam,P3,172,179,-548.481901376796,5279.7527440078775,-11947.171592073442,1053.4623253717818,30466.058659023056,12232.087079110472,548.481901376796,-5279.7527440078775,11947.171592073442,-1053.4623253717818,29269.799301344156,14166.676640928912
CASE_EX,11187,E1-P3-V-099,A-V-1187,SOL_3_beam_0316,beam,P3,172,179,-548.481901376796,5279.7527440078775,-11947.171592073442,1053.4623253717818,30466.058659023056,12232.087079110472,548.481901376796,-5279.7527440078775,11947.171592073442,-1053.4623253717818,29269.799301344156,14166.676640928912
CASE_EX,11188,E1-P3-V-008,A-V-1188,SOL_3_beam_0317,beam,P3,165,160,-61308.8619769242,-3454.219940966428,-18649.79660886762,829.2327676586596,94281.19080540948,-20212.668284541694,61308.8619769242,3454.219940966428,18649.79660886762,-829.2327676586596,92216.7752832667,-14329.531125122587
CASE_EX,11189,E1-P3-V-007,A-V-1189,SOL_3_beam_0318,beam,P3,40,160,254387.62590147104,-498.5084348604106,-19151.221616635063,3072.7316435094913,91755.21650110578,1461.6269150146327,-254387.62590147104,498.5084348604106,19151.221616635063,-3072.7316435094913,100170.98465288836,-6457.487339024112
CASE_EX,11190,E1-P3-V-042,A-V-1190,SOL_3_beam_0319,beam,P3,931,176,-2881.3052288362665,2606.895574799674,217.46856123101176,-397.5642600830523,-1181.2237695044691,10726.85240838264,2881.3052288362665,-2606.895574799674,-217.46856123101176,397.5642600830523,157.05533218797916,1550.325276412368
CASE_EX,11191,E1-P3-V-032,A-V-1191,SOL_3_beam_0320,beam,P3,160,932,-26507.212327699963,-46832.86523732852,6854.48208477519,2876.694007364525,-22094.8741529009,-122194.52850010447,26507.212327699963,46832.86523732852,-6854.48208477519,-2876.694007364525,-10186.752955226422,-98367.88209465644
CASE_EX,11192,E1-P3-V-038,A-V-1192,SOL_3_beam_0321,beam,P3,160,176,230209.18656160738,2232.6783657126143,-43854.590273957874,-5699.778975085313,221875.6811362835,6995.564984799403,-230209.18656160738,-2232.6783657126143,43854.590273957874,5699.778975085313,216670.2237960248,15331.218783960658
CASE_EX,11193,E1-P3-V-065,A-V-1193,SOL_3_beam_0322,beam,P3,933,174,-6384.230893140455,10024.886635773857,2727.2401952703376,-202.74626538973993,-5271.161063156805,24247.672830097283,6384.230893140455,-10024.886635773857,-2727.2401952703376,202.74626538973993,-7572.779749095312,22964.542222582895
CASE_EX,11194,E1-P3-V-053,A-V-1194,SOL_3_beam_0323,beam,P3,176,934,6654.160266988622,10882.543937285523,1699.4044027167108,-1954.01665141257,-3072.357829147028,25837.497884039072,-6654.160266988622,-10882.543937285523,-1699.4044027167108,1954.01665141257,-4930.989144994532,25413.85520896314
CASE_EX,11195,E1-P3-V-059,A-V-1195,SOL_3_beam_0324,beam,P3,176,174,147176.63416222716,2172.2405793939683,-36904.80866170108,1156.6477030925464,185484.01384294662,10825.103378699085,-147176.63416222716,-2172.2405793939683,36904.80866170108,-1156.6477030925464,183564.07277406412,10897.302415240596
CASE_EX,11196,E1-P3-V-086,A-V-1196,SOL_3_beam_0325,beam,P3,935,173,-2275.664468179515,2069.698532746696,97.76819215759203,-13.880575783213269,-234.196788465799,8494.10225176247,2275.664468179515,-2069.698532746696,-97.76819215759203,13.880575783213269,-226.2426240841944,1253.1453503756925
CASE_EX,11197,E1-P3-V-076,A-V-1197,SOL_3_beam_0326,beam,P3,174,936,3091.9116588719676,2827.241404140802,-664.7766595210622,-1446.6051187830208,3326.4833631249785,1858.1901953705565,-3091.9116588719676,-2827.241404140802,664.7766595210622,1446.6051187830208,-195.71692639429784,11456.70642418939
CASE_EX,11198,E1-P3-V-082,A-V-1198,SOL_3_beam_0327,beam,P3,174,173,89749.10378383049,3047.153235442682,-28312.9024472983,-716.6221305226625,142209.51123393964,14802.695857404193,-89749.10378383049,-3047.153235442682,28312.9024472983,716.6221305226625,140919.51323904333,15668.836497022628
CASE_EX,11199,E1-P3-V-098,A-V-1199,SOL_3_beam_0328,beam,P3,173,177,24768.116351787663,3954.6304717811117,-16756.92549475757,1008.9914421605728,40409.32019388264,8290.361683619392,-24768.116351787663,-3954.6304717811117,16756.92549475757,-1008.9914421605728,43375.307279905195,11482.790675286165
CASE_EX,11200,E1-P3-V-097,A-V-1200,SOL_3_beam_0329,beam,P3,173,177,24768.116351787663,3954.6304717811117,-16756.92549475757,1008.9914421605728,40409.32019388264,8290.361683619392,-24768.116351787663,-3954.6304717811117,16756.92549475757,-1008.9914421605728,43375.307279905195,11482.790675286165
CASE_EX,11201,E1-P3-V-012,A-V-1201,SOL_3_beam_0330,beam,P3,166,162,-26456.930535772026,10230.360117612854,-10725.26820581098,521.6507039973465,55101.65704643728,46678.42399790186,26456.930535772026,-10230.360117612854,10725.26820581098,-521.6507039973465,52151.02501167252,55625.17717822667
CASE_EX,11202,E1-P3-V-011,A-V-1202,SOL_3_beam_0331,beam,P3,166,162,-26456.930535772026,10230.360117612854,-10725.26820581098,521.6507039973465,55101.65704643728,46678.42399790186,26456.930535772026,-10230.360117612854,10725.26820581098,-521.6507039973465,52151.02501167252,55625.17717822667
CASE_EX,11203,E1-P3-V-041,A-V-1203,SOL_3_beam_0332,beam,P3,937,169,50099.10864865722,19571.31126092384,-69342.54530996985,-1736.0275267805528,159444.79932844796,83358.6080495009,-50099.10864865722,-19571.31126092384,69342.54530996985,1736.0275267805528,361037.41260535986,63542.826416102645
CASE_EX,11204,E1-P3-V-025,A-V-1204,SOL_3_beam_0333,beam,P3,162,938,2300.351582104333,35574.1582415115,-28171.44317551626,-22632.70787747894,70590.42570156223,33571.18832662802,-2300.351582104333,-35574.1582415115,28171.44317551626,22632.70787747894,-16405.959341803587,34851.53210358248
CASE_EX,11205,E1-P3-V-045,A-V-1205,SOL_3_beam_0334,beam,P3,939,169,-2120.572899496089,-5230.233097542699,1039.7659695480727,-1855.8024193137146,913.5589090231852,-6120.470438523734,2120.572899496089,5230.233097542699,-1039.7659695480727,1855.8024193137146,-5810.470395807377,-18511.984636965793
CASE_EX,11206,E1-P3-V-035,A-V-1206,SOL_3_beam_0335,beam,P3,937,940,-30028.53342498877,23636.991154668296,16488.048030852508,-27947.242362345038,-70759.00993611812,-10684.040942804262,30028.53342498877,-23636.991154668296,-16488.048030852508,27947.242362345038,33160.475590853544,64584.673818481315
CASE_EX,11207,E1-P3-V-024,A-V-1207,SOL_3_beam_0336,beam,P3,162,938,2300.351582104333,35574.1582415115,-28171.44317551626,-22632.70787747894,70590.42570156223,33571.18832662802,-2300.351582104333,-35574.1582415115,28171.44317551626,22632.70787747894,-16405.959341803587,34851.53210358248
CASE_EX,11208,E1-P3-V-060,A-V-1208,SOL_3_beam_0337,beam,P3,169,170,80659.55956583103,309.27727056974425,-26511.485969901976,1088.021471266256,128778.80577222141,999.8495770516416,-80659.55956583103,-309.27727056974425,26511.485969901976,-1088.021471266256,136336.05392679834,2092.9231286458007
CASE_EX,11209,E1-P3-V-056,A-V-1209,SOL_3_beam_0338,beam,P3,169,941,52357.2374136327,4912.723129358858,-29383.301174875753,52.42797248150257,133792.086436885,9129.310055018612,-52357.2374136327,-4912.723129358858,29383.301174875753,-52.42797248150257,4592.347423196232,14007.791012064843
CASE_EX,11210,E1-P3-V-083,A-V-1210,SOL_3_beam_0339,beam,P3,170,171,80234.54143266329,1770.5565042616927,-29473.85834084761,-811.9527202743722,144238.14893640068,7936.65409263319,-80234.54143266329,-1770.5565042616927,29473.85834084761,811.9527202743722,150500.43447207543,9768.910949983736
CASE_EX,11211,E1-P3-V-089,A-V-1211,SOL_3_beam_0340,beam,P3,942,171,-1796.5998888294437,-3320.5100599109246,353.82038035538807,-803.8686854559287,-1080.325057568116,-4901.022057380781,1796.5998888294437,3320.5100599109246,-353.82038035538807,803.8686854559287,-586.0375043588978,-10737.346893497346
CASE_EX,11212,E1-P3-V-079,A-V-1212,SOL_3_beam_0341,beam,P3,170,943,2560.8744894285214,-4808.530045458261,-428.9158384901609,114.20066328116486,1503.506100834469,-15555.816223196423,-2560.8744894285214,4808.530045458261,428.9158384901609,-114.20066328116486,516.5281740697685,-7090.5741221098315
CASE_EX,11213,E1-P3-V-013,A-V-1213,SOL_3_beam_0342,beam,P3,160,163,10961.42811649005,15796.061140605545,5865.414539441044,-5809.47657822972,-25144.72071305897,63093.71584307117,-10961.42811649005,-15796.061140605545,-5865.414539441044,5809.47657822972,-27057.468687966324,77491.22830831817
CASE_EX,11214,E1-P3-V-018,A-V-1214,SOL_3_beam_0343,beam,P3,160,163,10961.42811649005,15796.061140605545,5865.414539441044,-5809.47657822972,-25144.72071305897,63093.71584307117,-10961.42811649005,-15796.061140605545,-5865.414539441044,5809.47657822972,-27057.468687966324,77491.22830831817
CASE_EX,11215,E1-P3-V-014,A-V-1215,SOL_3_beam_0344,beam,P3,163,162,18252.952369646817,-28981.980615935514,-9280.78527947591,9698.523617029117,35178.15353006453,-112621.2109861126,-18252.952369646817,28981.980615935514,9280.78527947591,-9698.523617029117,32116.82053141531,-97527.13046003587
CASE_EX,11216,E1-P3-V-019,A-V-1216,SOL_3_beam_0345,beam,P3,163,162,18252.952369646817,-28981.980615935514,-9280.78527947591,9698.523617029117,35178.15353006453,-112621.2109861126,-18252.952369646817,28981.980615935514,9280.78527947591,-9698.523617029117,32116.82053141531,-97527.13046003587
CASE_EX,11217,E1-P3-V-061,A-V-1217,SOL_3_beam_0348,beam,P3,214,216,1010.2383576215957,-1186.9023216531828,4455.098164681564,2196.9103668495527,-22960.769755156267,-6373.99281678544,-1010.2383576215957,1186.9023216531828,-4455.098164681564,-2196.9103668495527,-21590.211891659375,-5495.030399746388
CASE_EX,11218,E1-P3-V-062,A-V-1218,SOL_3_beam_0349,beam,P3,214,216,1010.2383576215957,-1186.9023216531828,4455.098164681564,2196.9103668495527,-22960.769755156267,-6373.99281678544,-1010.2383576215957,1186.9023216531828,-4455.098164681564,-2196.9103668495527,-21590.211891659375,-5495.030399746388
CASE_EX,11219,E1-P3-V-046,A-V-1219,SOL_3_beam_0350,beam,P3,176,167,-3653.2178793437492,-4520.732600067587,-906.2997045442319,1065.346195095576,4138.218746803578,-20959.62499572026,3653.2178793437492,4520.732600067587,906.2997045442319,-1065.346195095576,3926.942323935541,-19270.37441228119
CASE_EX,11220,E1-P3-V-050,A-V-1220,SOL_3_beam_0351,beam,P3,176,167,-3653.2178793437492,-4520.732600067587,-906.2997045442319,1065.346195095576,4138.218746803578,-20959.62499572026,3653.2178793437492,4520.732600067587,906.2997045442319,-1065.346195095576,3926.942323935541,-19270.37441228119
CASE_EX,11221,E1-P3-V-047,A-V-1221,SOL_3_beam_0352,beam,P3,167,169,-14674.896517044135,-2122.649420959335,2666.8158207892034,1567.6831973013548,-9879.090223411276,-4158.515504643265,14674.896517044135,2122.649420959335,-2666.8158207892034,-1567.6831973013548,-9457.991293131243,-11232.815446732879
CASE_EX,11222,E1-P3-V-051,A-V-1222,SOL_3_beam_0353,beam,P3,167,169,-14674.896517044135,-2122.649420959335,2666.8158207892034,1567.6831973013548,-9879.090223411276,-4158.515504643265,14674.896517044135,2122.649420959335,-2666.8158207892034,-1567.6831973013548,-9457.991293131243,-11232.815446732879
CASE_EX,11223,E1-P3-V-048,A-V-1223,SOL_3_beam_0354,beam,P3,169,216,-2498.7556596355826,4463.398494467113,-4066.559342836352,10867.777345971032,11976.139338449684,11026.779500306817,2498.7556596355826,-4463.398494467113,4066.559342836352,-10867.777345971032,4774.018594693249,7357.95889840322
CASE_EX,11224,E1-P3-V-052,A-V-1224,SOL_3_beam_0355,beam,P3,169,216,-2498.7556596355826,4463.398494467113,-4066.559342836352,10867.777345971032,11976.139338449684,11026.779500306817,2498.7556596355826,-4463.398494467113,4066.559342836352,-10867.777345971032,4774.018594693249,7357.95889840322
CASE_EX,11225,E1-P3-V-069,A-V-1225,SOL_3_beam_0356,beam,P3,174,175,-4411.333673818386,-4839.160698599668,-2736.057568236953,547.5604403487372,11797.450891868953,-22276.97267445147,4411.333673818386,4839.160698599668,2736.057568236953,-547.5604403487372,12550.72540787169,-20786.71838238697
CASE_EX,11226,E1-P3-V-072,A-V-1226,SOL_3_beam_0357,beam,P3,174,175,-4411.333673818386,-4839.160698599668,-2736.057568236953,547.5604403487372,11797.450891868953,-22276.97267445147,4411.333673818386,4839.160698599668,2736.057568236953,-547.5604403487372,12550.72540787169,-20786.71838238697
CASE_EX,11227,E1-P3-V-070,A-V-1227,SOL_3_beam_0358,beam,P3,175,170,-4908.393777891107,-814.3964619750835,534.133244861898,139.04913137092868,-1255.5140001764491,-241.51067873654983,4908.393777891107,814.3964619750835,-534.133244861898,-139.04913137092868,-2617.486158317174,-5663.6780670447815
CASE_EX,11228,E1-P3-V-073,A-V-1228,SOL_3_beam_0359,beam,P3,175,170,-4908.393777891107,-814.3964619750835,534.133244861898,139.04913137092868,-1255.5140001764491,-241.51067873654983,4908.393777891107,814.3964619750835,-534.133244861898,-139.04913137092868,-2617.486158317174,-5663.6780670447815
CASE_EX,11229,E1-P3-V-090,A-V-1229,SOL_3_beam_0361,beam,P3,173,172,-7086.336715497649,-3704.4821231306773,-248.91809464519304,267.4639567154077,1290.0724265348847,-16971.54850070933,7086.336715497649,3704.4821231306773,248.91809464519304,-267.4639567154077,925.2986158073331,-15998.342395153697
CASE_EX,11230,E1-P3-V-093,A-V-1230,SOL_3_beam_0362,beam,P3,173,172,-7086.336715497649,-3704.4821231306773,-248.91809464519304,267.4639567154077,1290.0724265348847,-16971.54850070933,7086.336715497649,3704.4821231306773,248.91809464519304,-267.4639567154077,925.2986158073331,-15998.342395153697
CASE_EX,11231,E1-P3-V-091,A-V-1231,SOL_3_beam_0363,beam,P3,172,171,-5894.37084557701,-716.0748549028402,6118.79030668075,-1162.254826992532,-21769.42517216546,-867.8585938734795,5894.37084557701,716.0748549028402,-6118.79030668075,1162.254826992532,-22591.804551269983,-4323.684104172112
CASE_EX,11232,E1-P3-V-094,A-V-1232,SOL_3_beam_0364,beam,P3,172,171,-5894.37084557701,-716.0748549028402,6118.79030668075,-1162.254826992532,-21769.42517216546,-867.8585938734795,5894.37084557701,716.0748549028402,-6118.79030668075,1162.254826992532,-22591.804551269983,-4323.684104172112
CASE_EX,11233,E1-P3-V-001,A-V-1233,SOL_3_beam_0365,beam,P3,165,944,-11772.785230559892,17867.763812434656,6006.166838329984,-3813.0792061532597,-30255.956067965133,69976.40068936168,11772.785230559892,-17867.763812434656,-6006.166838329984,3813.0792061532597,7355.519362864659,-1849.8225801666558
CASE_EX,11234,E1-P3-V-004,A-V-1234,SOL_3_beam_0366,beam,P3,165,944,-11772.785230559892,17867.763812434656,6006.166838329984,-3813.0792061532597,-30255.956067965133,69976.40068936168,11772.785230559892,-17867.763812434656,-6006.166838329984,3813.0792061532597,7355.519362864659,-1849.8225801666558
CASE_EX,11235,E1-P3-V-002,A-V-1235,SOL_3_beam_0367,beam,P3,944,164,-28222.493967883467,32170.058395947726,12012.333676659639,-5537.302369703312,-15617.657794496088,3699.6451603346504,28222.493967883467,-32170.058395947726,-12012.333676659639,5537.302369703312,-45739.15200556707,160619.14645734656
CASE_EX,11236,E1-P3-V-005,A-V-1236,SOL_3_beam_0368,beam,P3,326,164,-19507.76964882093,-161871.1188561487,2574.2879404189275,-81326.20200383064,-6901.716416626492,-123032.59361139749,19507.76964882093,161871.1188561487,-2574.2879404189275,81326.20200383064,-4704.691652700461,-606777.8641019105
CASE_EX,11237,E1-P3-V-003,A-V-1237,SOL_3_beam_0369,beam,P3,164,166,-6300.703280329305,-14383.9066127676,-6121.925669842189,7825.032582718605,22597.811134867115,-30034.192473817988,6300.703280329305,14383.9066127676,6121.925669842189,-7825.032582718605,21792.271897158604,-74263.5143753599
CASE_EX,11238,E1-P3-V-006,A-V-1238,SOL_3_beam_0370,beam,P3,164,166,-6300.703280329305,-14383.9066127676,-6121.925669842189,7825.032582718605,22597.811134867115,-30034.192473817988,6300.703280329305,14383.9066127676,6121.925669842189,-7825.032582718605,21792.271897158604,-74263.5143753599
CASE_EX,11239,E1-P3-V-103,A-V-1239,SOL_3_beam_0372,beam,P3,177,179,-6941.266618481982,-2715.191707245871,-2953.465332136762,636.7451769635582,13246.20766256414,-12215.880467480278,6941.266618481982,2715.191707245871,2953.465332136762,-636.7451769635582,13039.63379345304,-11949.325727007976
CASE_EX,11240,E1-P3-V-106,A-V-1240,SOL_3_beam_0373,beam,P3,177,179,-6941.266618481982,-2715.191707245871,-2953.465332136762,636.7451769635582,13246.20766256414,-12215.880467480278,6941.266618481982,2715.191707245871,2953.465332136762,-636.7451769635582,13039.63379345304,-11949.325727007976
CASE_EX,11241,E1-P3-V-104,A-V-1241,SOL_3_beam_0374,beam,P3,179,178,-5587.887144360273,916.1154492507934,3640.0959478585132,-291.00805690608934,-13071.381272255028,4495.5330192741685,5587.887144360273,-916.1154492507934,-3640.0959478585132,291.00805690608934,-13319.314349719194,2146.303987794084
CASE_EX,11242,E1-P3-V-107,A-V-1242,SOL_3_beam_0375,beam,P3,179,178,-5587.887144360273,916.1154492507934,3640.0959478585132,-291.00805690608934,-13071.381272255028,4495.5330192741685,5587.887144360273,-916.1154492507934,-3640.0959478585132,291.00805690608934,-13319.314349719194,2146.303987794084
CASE_EX,11243,E1-P3-V-036,A-V-1243,SOL_3_beam_0376,beam,P3,932,925,-48426.26508212913,23470.117637517083,6854.482084786813,10349.310356029217,-2221.9539458913277,98367.88209465606,48426.26508212913,-23470.117637517083,-6854.482084786813,-10349.310356029217,-58782.93660871131,110516.164879246
CASE_EX,11244,E1-P3-V-039,A-V-1244,SOL_3_beam_0377,beam,P3,931,923,-2784.5665754192846,-2709.9840122632577,-217.46856120471307,1153.5998909164969,-471.756532714091,-10726.85240838318,2784.5665754192846,2709.9840122632577,217.46856120471307,-1153.5998909164969,2407.2267274360374,-13392.005300759814
CASE_EX,11245,E1-P3-V-037,A-V-1245,SOL_3_beam_0378,beam,P3,925,940,-30705.14372345683,-22751.138859882896,-16488.04803085665,24638.62123566682,73957.93275834645,-86710.3995997403,30705.14372345683,22751.138859882896,16488.04803085665,-24638.62123566682,35687.586646850265,-64584.67381848093
CASE_EX,11246,E1-P3-V-040,A-V-1246,SOL_3_beam_0379,beam,P3,923,939,-5355.069466380555,1781.9648388657652,1039.765969561501,793.0838517710486,-5004.048318651618,5729.595739933491,5355.069466380555,-1781.9648388657652,-1039.765969561501,-793.0838517710486,-1910.3953789323632,6120.470438523846
CASE_EX,11247,E1-P3-V-057,A-V-1247,SOL_3_beam_0380,beam,P3,934,928,11283.052881969597,-5949.817565949256,1699.4044026808883,4796.983231311024,2263.1365183395865,-25413.85520896311,-11283.052881969597,5949.817565949256,-1699.4044026808883,-4796.983231311024,-17387.835702199493,-27539.52112798527
CASE_EX,11248,E1-P3-V-063,A-V-1248,SOL_3_beam_0381,beam,P3,933,927,-10409.988394550586,-5734.884286720597,-2727.240195243837,5247.654713721004,-536.9962824797294,-24247.672830097297,10409.988394550586,5734.884286720597,2727.240195243837,-5247.654713721004,24809.43402014988,-26792.797321716018
CASE_EX,11249,E1-P3-V-058,A-V-1249,SOL_3_beam_0382,beam,P3,928,941,32186.64171360211,-4106.584651316103,-15969.042173535294,11013.74569817169,32403.406036232318,-14227.799797057653,-32186.64171360211,4106.584651316103,15969.042173535294,-11013.74569817169,73790.72441777737,-13080.98813419443
CASE_EX,11250,E1-P3-V-064,A-V-1250,SOL_3_beam_0383,beam,P3,927,941,-28349.598839513026,-2442.9635125736854,17113.22993750099,10814.766057717146,-40481.6122745013,-8350.505070163692,28349.598839513026,2442.9635125736854,-17113.22993750099,-10814.766057717146,-73783.64315549345,-7961.193585779949
CASE_EX,11251,E1-P3-V-080,A-V-1251,SOL_3_beam_0384,beam,P3,936,930,3017.8389937711263,-2906.176090867343,-664.7766596198514,103.47903289828493,1456.112486974134,-11456.706424189144,-3017.8389937711263,2906.176090867343,664.7766596198514,-103.47903289828493,4460.399783642544,-14408.260784530208
CASE_EX,11252,E1-P3-V-084,A-V-1252,SOL_3_beam_0385,beam,P3,935,929,-2210.001965729694,-2139.6710259987217,-97.7681921452817,232.84305082979486,-28.72141692989362,-8494.102251762739,2210.001965729694,2139.6710259987217,97.7681921452817,-232.84305082979486,898.8583270229008,-10548.969879625885
CASE_EX,11253,E1-P3-V-081,A-V-1253,SOL_3_beam_0386,beam,P3,930,943,4962.368948731384,2248.3179858241474,428.9158384965386,522.7709141007393,-2771.3352923602083,7860.740483620707,-4962.368948731384,-2248.3179858241474,-428.9158384965386,-522.7709141007393,-80.95503364177284,7090.574122109872
CASE_EX,11254,E1-P3-V-085,A-V-1254,SOL_3_beam_0387,beam,P3,929,942,-3428.545097651201,1580.7076680501234,353.8203803686707,-1129.4929521272547,-1619.7256302721064,5610.683935152445,3428.545097651201,-1580.7076680501234,-353.8203803686707,1129.4929521272547,-733.179899179554,4901.022057380874
CASE_EX,11255,E1-P3-V-121,A-V-1255,SOL_3_beam_0390,beam,P3,208,210,2874.1525832257757,2081.2921065480896,1866.2941625963801,531.6876816549502,-7960.344793975108,7678.562491664971,-2874.1525832257757,-2081.2921065480896,-1866.2941625963801,-531.6876816549502,-5570.28788484865,7410.805280808676
CASE_EX,11256,E1-P3-V-120,A-V-1256,SOL_3_beam_0391,beam,P3,212,208,2093.444835828269,-2037.5707800388097,-1709.7644149156101,-233.46621409186682,6352.33816706687,-8498.38198851195,-2093.444835828269,2037.5707800388097,1709.7644149156101,233.46621409186682,8864.56512568206,-9635.997953833457
CASE_EX,11257,E1-P3-V-124,A-V-1257,SOL_3_beam_0392,beam,P3,212,210,2443.917354009813,-112.74322998198835,-111.69190684095153,110.0239248656826,-326.77926163523057,-536.840533495591,-2443.917354009813,112.74322998198835,111.69190684095153,-110.0239248656826,2130.6035571165976,-1283.9626307135206
CASE_EX,11258,E1-P3-V-113,A-V-1258,SOL_3_beam_0393,beam,P3,177,212,408.13027583113086,1197.1489425689163,-1939.6180447629972,-911.68563740427,7932.2949806714705,1384.093964548853,-408.13027583113086,-1197.1489425689163,1939.6180447629972,911.68563740427,1571.833636587433,4481.935976196897
CASE_EX,11259,E1-P3-V-112,A-V-1259,SOL_3_beam_0394,beam,P3,177,212,408.13027583113086,1197.1489425689163,-1939.6180447629972,-911.68563740427,7932.2949806714705,1384.093964548853,-408.13027583113086,-1197.1489425689163,1939.6180447629972,911.68563740427,1571.833636587433,4481.935976196897
CASE_EX,11260,E1-P3-V-115,A-V-1260,SOL_3_beam_0395,beam,P3,178,210,572.8794982197684,-2018.774042504625,-1330.6919366477393,484.6584896638488,5290.9867461758895,-6759.565611321048,-572.8794982197684,2018.774042504625,1330.6919366477393,-484.6584896638488,1229.4038791829307,-3132.427402948973
CASE_EX,11261,E1-P3-V-114,A-V-1261,SOL_3_beam_0396,beam,P3,178,210,572.8794982197684,-2018.774042504625,-1330.6919366477393,484.6584896638488,5290.9867461758895,-6759.565611321048,-572.8794982197684,2018.774042504625,1330.6919366477393,-484.6584896638488,1229.4038791829307,-3132.427402948973
CASE_EX,11262,E1-P3-V-109,A-V-1262,SOL_3_beam_0397,beam,P3,179,222,-928.6686058827776,221.39035542915815,819.7192647343027,-58.246998524013016,-3942.0489478684563,381.69938068053887,928.6686058827776,-221.39035542915815,-819.7192647343027,58.246998524013016,1851.7646620667256,182.8460690736857
CASE_EX,11263,E1-P3-V-108,A-V-1263,SOL_3_beam_0398,beam,P3,179,222,-928.6686058827776,221.39035542915815,819.7192647343027,-58.246998524013016,-3942.0489478684563,381.69938068053887,928.6686058827776,-221.39035542915815,-819.7192647343027,58.246998524013016,1851.7646620667256,182.8460690736857
CASE_EX,11264,E1-P3-V-119,A-V-1264,SOL_3_beam_0399,beam,P3,222,208,-1461.5971391766354,267.49816569942146,1890.7577174500198,-210.83411526844887,-2880.3191175357465,-364.281756410659,1461.5971391766354,-267.49816569942146,-1890.7577174500198,210.83411526844887,-1562.9615184718161,992.9024458043017
CASE_EX,11265,E1-P3-V-118,A-V-1265,SOL_3_beam_0400,beam,P3,222,208,-1461.5971391766354,267.49816569942146,1890.7577174500198,-210.83411526844887,-2880.3191175357465,-364.281756410659,1461.5971391766354,-267.49816569942146,-1890.7577174500198,210.83411526844887,-1562.9615184718161,992.9024458043017
CASE_EX,11266,E1-P3-V-111,A-V-1266,SOL_3_beam_0401,beam,P3,222,220,-11.181349125898643,-15.4839052560019,2.90230342963153,24.195571779103254,-43.27760891805472,-64.71055517084876,11.181349125898643,15.4839052560019,-2.90230342963153,-24.195571779103254,22.235909053226123,-47.54775793516502
CASE_EX,11267,E1-P3-V-110,A-V-1267,SOL_3_beam_0402,beam,P3,218,222,9.945952956356114,29.273636284176746,4.425843385086944,-52.2265527179303,16.135850589841404,53.50288829940884,-9.945952956356114,-29.273636284176746,-4.425843385086944,52.2265527179303,-55.525856717115204,207.0324746297642
CASE_EX,11268,E1-P3-V-117,A-V-1268,SOL_3_beam_0403,beam,P3,222,220,-11.181349125898643,-15.4839052560019,2.90230342963153,24.195571779103254,-43.27760891805472,-64.71055517084876,11.181349125898643,15.4839052560019,-2.90230342963153,-24.195571779103254,22.235909053226123,-47.54775793516502
CASE_EX,11269,E1-P3-V-116,A-V-1269,SOL_3_beam_0404,beam,P3,218,222,9.945952956356114,29.273636284176746,4.425843385086944,-52.2265527179303,16.135850589841404,53.50288829940884,-9.945952956356114,-29.273636284176746,-4.425843385086944,52.2265527179303,-55.525856717115204,207.0324746297642
CASE_EX,11270,E1-P3-V-028,A-V-1270,SOL_3_beam_0405,beam,P3,945,946,11470.59114270374,84724.7752236628,56403.90164319277,51206.92841637989,3222.6319919817215,26878.84871536197,-11470.59114270374,-84724.7752236628,-56403.90164319277,-51206.92841637989,-37064.972977897465,23956.016418835832
CASE_EX,11271,E1-P3-V-027,A-V-1271,SOL_3_beam_0406,beam,P3,938,946,84724.77522366536,-11470.591142651414,-56403.901643163976,37064.972977893354,62164.91388637862,900.12822210784,-84724.77522366536,11470.591142651414,56403.901643163976,-37064.972977893354,51206.92841638084,-23956.01641883716
CASE_EX,11272,E1-P3-V-030,A-V-1272,SOL_3_beam_0407,beam,P3,937,945,-77231.45113088124,8354.865613389316,50019.601960011234,-75145.48222228515,-63210.85044483491,9389.020702333406,77231.45113088124,-8354.865613389316,-50019.601960011234,75145.48222228515,-37328.54949478757,7404.259180579104
CASE_EX,11273,E1-P3-V-026,A-V-1273,SOL_3_beam_0408,beam,P3,926,938,13726.210163972064,-17986.20066443328,-61.01529213824311,11688.699052561773,12791.367728253488,-59796.76238787331,-13726.210163972064,17986.20066443328,61.01529213824311,-11688.699052561773,-12349.006860251226,-70603.19242926798
CASE_EX,11274,E1-P3-V-029,A-V-1274,SOL_3_beam_0409,beam,P3,924,937,-28966.229635567746,-19732.962673056085,-2834.8953191036276,23329.588851668374,-1694.2816243133038,-61000.391570626685,28966.229635567746,19732.962673056085,2834.8953191036276,-23329.588851668374,22247.272687814606,-82063.58780902991
CASE_EX,11275,E1-P3-V-017,A-V-1275,SOL_3_beam_0410,beam,P3,947,948,3500.324487704132,-28491.105069999878,-15786.444009324063,-5924.185575564999,-21955.31342387063,-4144.305091780707,-3500.324487704132,28491.105069999878,15786.444009324063,5924.185575564999,31427.179829464978,-12950.357950219057
CASE_EX,11276,E1-P3-V-015,A-V-1276,SOL_3_beam_0411,beam,P3,162,948,-35734.05014120115,4254.964046277711,22170.743692640463,24982.52586819664,-34899.40540502021,10258.732239347883,35734.05014120115,-4254.964046277711,-22170.743692640463,-24982.52586819664,-16723.1181754244,-351.4424858774919
CASE_EX,11277,E1-P3-V-020,A-V-1277,SOL_3_beam_0412,beam,P3,162,947,27802.636420884886,7142.040862060937,-15786.444009355544,22535.607156608996,33711.263731155326,12485.275671294043,-27802.636420884886,-7142.040862060937,15786.444009355544,-22535.607156608996,3046.009250844003,4144.305091782739
CASE_EX,11278,E1-P3-V-016,A-V-1278,SOL_3_beam_0413,beam,P3,949,948,-2276.698228245022,34128.209613542,1980.8900463030066,21536.113146321237,5905.037088799835,3628.947511721246,2276.698228245022,-34128.209613542,-1980.8900463030066,-21536.113146321237,-7093.571116581642,16847.978256404003
CASE_EX,11279,E1-P3-V-031,A-V-1279,SOL_3_beam_0414,beam,P3,945,950,2276.698228245022,-34128.20961366976,1980.8900463279858,-15989.621016646071,-7093.571116586793,-23222.733295527465,-2276.698228245022,34128.20961366976,-1980.8900463279858,15989.621016646071,5905.037088789999,2745.80752732556
CASE_EX,11280,E1-P3-V-022,A-V-1280,SOL_3_beam_0415,beam,P3,949,950,-34128.20961367004,-2276.698228240735,-1980.890046312685,-5905.037088790043,21536.11314632121,-3628.9475117374454,34128.20961367004,2276.698228240735,1980.890046312685,5905.037088790043,-15989.621016645699,-2745.807527336606
CASE_EX,11281,E1-P3-V-021,A-V-1281,SOL_3_beam_0416,beam,P3,948,945,31012.48408436479,-5216.625864550181,8365.189729501706,-6784.807805006679,32510.697971049405,-3546.1778203346753,-31012.48408436479,5216.625864550181,-8365.189729501706,6784.807805006679,-55933.22921365416,-11060.37460040582
CASE_EX,11282,E1-P3-V-102,A-V-1282,SOL_3_beam_0417,beam,P3,951,178,-16065.445037737929,-293.75690065928507,-13231.889253328023,90.43177077741701,24910.237202829376,-2742.481787157081,16065.445037737929,293.75690065928507,13231.889253328023,-90.43177077741701,30144.44210861125,1520.2306292393268
CASE_EX,11283,E1-P3-V-101,A-V-1283,SOL_3_beam_0418,beam,P3,951,178,-16065.445037737929,-293.75690065928507,-13231.889253328023,90.43177077741701,24910.237202829376,-2742.481787157081,16065.445037737929,293.75690065928507,13231.889253328023,-90.43177077741701,30144.44210861125,1520.2306292393268
CASE_EX,11284,E1-P3-V-096,A-V-1284,SOL_3_beam_0419,beam,P3,171,951,-14850.005418106437,6136.950094074421,-13231.889253326697,10016.266997960498,34730.61445875533,2787.250800386561,14850.005418106437,-6136.950094074421,13231.889253326697,-10016.266997960498,-22807.94797503786,2742.4817871554724
CASE_EX,11285,E1-P3-V-095,A-V-1285,SOL_3_beam_0420,beam,P3,171,951,-14850.005418106437,6136.950094074421,-13231.889253326697,10016.266997960498,34730.61445875533,2787.250800386561,14850.005418106437,-6136.950094074421,13231.889253326697,-10016.266997960498,-22807.94797503786,2742.4817871554724
CASE_EX,11286,E1-P3-V-074,A-V-1286,SOL_3_beam_0421,beam,P3,170,214,2583.2621273418054,6009.09149384944,4845.181170782618,13239.784623889413,-14901.067635053436,16603.962793633542,-2583.2621273418054,-6009.09149384944,-4845.181170782618,-13239.784623889413,-5056.233607400167,8147.4850695322975
CASE_EX,11287,E1-P3-V-068,A-V-1287,SOL_3_beam_0422,beam,P3,941,170,61876.93391653229,2222.791368044734,-28239.11341092279,-306.73194378242687,10602.66099147017,7034.390707909663,-61876.93391653229,-2222.791368044734,28239.11341092279,306.73194378242687,139305.81293600466,4765.3870327705245
CASE_EX,11288,E1-P3-V-071,A-V-1288,SOL_3_beam_0423,beam,P3,170,214,2583.2621273418054,6009.09149384944,4845.181170782618,13239.784623889413,-14901.067635053436,16603.962793633542,-2583.2621273418054,-6009.09149384944,-4845.181170782618,-13239.784623889413,-5056.233607400167,8147.4850695322975
CASE_EX,11289,E1-P4-V-119,A-V-1289,SOL_4_beam_0425,beam,P4,209,211,1066.035539772799,2045.3893484170267,1734.545104340427,388.7456361283784,-7653.979221204609,7717.704580076155,-1066.035539772799,-2045.3893484170267,-1734.545104340427,-388.7456361283784,-4921.472785263488,7111.36819594729
CASE_EX,11290,E1-P4-V-118,A-V-1290,SOL_4_beam_0426,beam,P4,213,209,532.6541652806507,-2292.5299423236333,-1639.02458359278,7.814062730048457,5959.472941216808,-9715.602619479398,-532.6541652806507,2292.5299423236333,1639.02458359278,-7.814062730048457,8627.845852758932,-10687.913867200943
CASE_EX,11291,E1-P4-V-122,A-V-1291,SOL_4_beam_0428,beam,P4,213,211,772.0978163684574,-181.81725936239175,-120.33354060999683,178.82049660855571,-376.8884110695708,-1064.1648062040676,-772.0978163684574,181.81725936239175,120.33354060999683,-178.82049660855571,2320.2750919210193,-1872.183932498559
CASE_EX,11292,E1-P4-V-105,A-V-1292,SOL_4_beam_0429,beam,P4,205,213,1903.956022447524,1723.9914599941037,149.21082180133737,-648.4680590986458,-1768.3477358327812,3021.9991563000553,-1903.956022447524,-1723.9914599941037,-149.21082180133737,648.4680590986458,1037.2147090062272,5425.5589976710635
CASE_EX,11293,E1-P4-V-104,A-V-1293,SOL_4_beam_0430,beam,P4,205,213,1903.956022447524,1723.9914599941037,149.21082180133737,-648.4680590986458,-1768.3477358327812,3021.9991563000553,-1903.956022447524,-1723.9914599941037,-149.21082180133737,648.4680590986458,1037.2147090062272,5425.5589976710635
CASE_EX,11294,E1-P4-V-107,A-V-1294,SOL_4_beam_0431,beam,P4,207,211,1343.5929912122763,-1559.2107320443863,-353.71497308845153,1.062975979907118,727.3117531106054,-5089.546533194507,-1343.5929912122763,1559.2107320443863,353.71497308845153,-1.062975979907118,1005.8916150228092,-2550.586053822995
CASE_EX,11295,E1-P4-V-106,A-V-1295,SOL_4_beam_0432,beam,P4,207,211,1343.5929912122763,-1559.2107320443863,-353.71497308845153,1.062975979907118,727.3117531106054,-5089.546533194507,-1343.5929912122763,1559.2107320443863,353.71497308845153,-1.062975979907118,1005.8916150228092,-2550.586053822995
CASE_EX,11296,E1-P4-V-010,A-V-1296,SOL_4_beam_0433,beam,P4,184,183,-311135.7510817814,13920.46367866257,-19063.103709890827,690.6909429299805,88165.29595912629,82469.80198650535,311135.7510817814,-13920.46367866257,19063.103709890827,-690.6909429299805,102465.74113978197,56734.83480012034
CASE_EX,11297,E1-P4-V-009,A-V-1297,SOL_4_beam_0434,beam,P4,184,183,-311135.7510817814,13920.46367866257,-19063.103709890827,690.6909429299805,88165.29595912629,82469.80198650535,311135.7510817814,-13920.46367866257,19063.103709890827,-690.6909429299805,102465.74113978197,56734.83480012034
CASE_EX,11298,E1-P4-V-029,A-V-1298,SOL_4_beam_0435,beam,P4,952,188,2340.8908588396484,1492.9078604644926,-1992.1197888385707,-440.4100924648473,-698.6007175389932,2933.855333583046,-2340.8908588396484,-1492.9078604644926,1992.1197888385707,440.4100924648473,10080.617824396346,4097.09087974965
CASE_EX,11299,E1-P4-V-019,A-V-1299,SOL_4_beam_0436,beam,P4,183,953,28973.639909211197,167.9467500620553,-6677.100739268521,-1841.1897515583426,33109.508351800934,-6986.116364236618,-28973.639909211197,-167.9467500620553,6677.100739268521,1841.1897515583426,-1663.2701732475653,7777.072455808771
CASE_EX,11300,E1-P4-V-028,A-V-1300,SOL_4_beam_0437,beam,P4,952,188,2340.8908588396484,1492.9078604644926,-1992.1197888385707,-440.4100924648473,-698.6007175389932,2933.855333583046,-2340.8908588396484,-1492.9078604644926,1992.1197888385707,440.4100924648473,10080.617824396346,4097.09087974965
CASE_EX,11301,E1-P4-V-018,A-V-1301,SOL_4_beam_0438,beam,P4,183,953,28973.639909211197,167.9467500620553,-6677.100739268521,-1841.1897515583426,33109.508351800934,-6986.116364236618,-28973.639909211197,-167.9467500620553,6677.100739268521,1841.1897515583426,-1663.2701732475653,7777.072455808771
CASE_EX,11302,E1-P4-V-054,A-V-1302,SOL_4_beam_0439,beam,P4,954,201,2456.9146980160463,1086.4955630189772,-1791.022453140853,-125.45557669550867,-588.6996076811865,2276.039313929814,-2456.9146980160463,-1086.4955630189772,1791.022453140853,125.45557669550867,9023.635793887985,2840.881875187833
CASE_EX,11303,E1-P4-V-042,A-V-1303,SOL_4_beam_0440,beam,P4,188,955,-2337.374696909615,1491.8545462868437,-1150.2600101077314,-531.628759910463,6661.940684380758,4093.387870714459,2337.374696909615,-1491.8545462868437,1150.2600101077314,531.628759910463,-1244.7167038608059,2932.5976913115414
CASE_EX,11304,E1-P4-V-053,A-V-1304,SOL_4_beam_0441,beam,P4,954,201,2456.9146980160463,1086.4955630189772,-1791.022453140853,-125.45557669550867,-588.6996076811865,2276.039313929814,-2456.9146980160463,-1086.4955630189772,1791.022453140853,125.45557669550867,9023.635793887985,2840.881875187833
CASE_EX,11305,E1-P4-V-041,A-V-1305,SOL_4_beam_0442,beam,P4,188,955,-2337.374696909615,1491.8545462868437,-1150.2600101077314,-531.628759910463,6661.940684380758,4093.387870714459,2337.374696909615,-1491.8545462868437,1150.2600101077314,531.628759910463,-1244.7167038608059,2932.5976913115414
CASE_EX,11306,E1-P4-V-077,A-V-1306,SOL_4_beam_0443,beam,P4,956,196,1973.730197640167,788.3790969687161,-956.6783629368815,-443.46183284976746,120.01998406833809,2176.188297147668,-1973.730197640167,-788.3790969687161,956.6783629368815,443.46183284976746,4385.5186974519,1536.7340963202182
CASE_EX,11307,E1-P4-V-067,A-V-1307,SOL_4_beam_0444,beam,P4,201,957,-2443.6141391051056,1085.995044185407,-997.5157106894563,-367.3320332637083,5820.50264849075,2838.826301186225,2443.6141391051056,-1085.995044185407,997.5157106894563,367.3320332637083,-1122.6378340943793,2275.737662083273
CASE_EX,11308,E1-P4-V-076,A-V-1308,SOL_4_beam_0445,beam,P4,956,196,1973.730197640167,788.3790969687161,-956.6783629368815,-443.46183284976746,120.01998406833809,2176.188297147668,-1973.730197640167,-788.3790969687161,956.6783629368815,443.46183284976746,4385.5186974519,1536.7340963202182
CASE_EX,11309,E1-P4-V-066,A-V-1309,SOL_4_beam_0446,beam,P4,201,957,-2443.6141391051056,1085.995044185407,-997.5157106894563,-367.3320332637083,5820.50264849075,2838.826301186225,2443.6141391051056,-1085.995044185407,997.5157106894563,367.3320332637083,-1122.6378340943793,2275.737662083273
CASE_EX,11310,E1-P4-V-087,A-V-1310,SOL_4_beam_0447,beam,P4,196,225,-2360.870335667009,3876.36565715448,-7320.429924561387,550.9164719827629,16743.696515510914,9495.938093597275,2360.870335667009,-3876.36565715448,7320.429924561387,-550.9164719827629,19858.453107296024,9885.890192175124
CASE_EX,11311,E1-P4-V-086,A-V-1311,SOL_4_beam_0448,beam,P4,196,225,-2360.870335667009,3876.36565715448,-7320.429924561387,550.9164719827629,16743.696515510914,9495.938093597275,2360.870335667009,-3876.36565715448,7320.429924561387,-550.9164719827629,19858.453107296024,9885.890192175124
CASE_EX,11312,E1-P4-V-008,A-V-1312,SOL_4_beam_0449,beam,P4,185,180,48859.34520236557,-4871.100449820445,-7727.331738556128,340.1098534265641,43299.28609711955,-27314.760195601048,-48859.34520236557,4871.100449820445,7727.331738556128,-340.1098534265641,33974.03128844172,-21396.244302603394
CASE_EX,11313,E1-P4-V-007,A-V-1313,SOL_4_beam_0450,beam,P4,49,180,-11887.427438839522,-2322.373221758823,-10485.532043789102,2983.5364985096317,55296.12265938698,-6740.452663183625,11887.427438839522,2322.373221758823,10485.532043789102,-2983.5364985096317,49460.860813489824,-16461.499530910874
CASE_EX,11314,E1-P4-V-027,A-V-1314,SOL_4_beam_0451,beam,P4,958,203,-2781.6943613557164,2175.242602175395,1594.2169379734069,2142.567677891961,587.9868182514874,10116.802366320368,2781.6943613557164,-2175.242602175395,-1594.2169379734069,-2142.567677891961,-8096.054690429164,127.64348453514594
CASE_EX,11315,E1-P4-V-017,A-V-1315,SOL_4_beam_0452,beam,P4,180,959,-25909.671783882022,-42170.084207364176,5306.241561461312,6588.453849579289,-26127.038705500316,-104890.13095008342,25909.671783882022,42170.084207364176,-5306.241561461312,-6588.453849579289,1136.9505683950047,-93712.61053554223
CASE_EX,11316,E1-P4-V-023,A-V-1316,SOL_4_beam_0453,beam,P4,180,203,284739.1777016495,4106.81718083221,-31570.486232860858,-5816.02963352443,159090.64806815988,15208.97280571094,-284739.1777016495,-4106.81718083221,31570.486232860858,5816.02963352443,156614.2142604487,25859.19900261116
CASE_EX,11317,E1-P4-V-052,A-V-1317,SOL_4_beam_0454,beam,P4,960,200,-2768.0256639175286,2358.635934162426,1553.3075344254166,2336.307304348656,706.3586357627446,10088.33925087507,2768.0256639175286,-2358.635934162426,-1553.3075344254166,-2336.307304348656,-8021.761023631196,1019.809369073977
CASE_EX,11318,E1-P4-V-040,A-V-1318,SOL_4_beam_0455,beam,P4,203,961,2778.0602356298746,2165.4365558552463,866.4680684710057,1102.5660746126016,-5035.421690155459,97.76516530997833,-2778.0602356298746,-2165.4365558552463,-866.4680684710057,-1102.5660746126016,954.7342302512261,10100.498475599261
CASE_EX,11319,E1-P4-V-046,A-V-1319,SOL_4_beam_0456,beam,P4,203,200,175619.4723889526,2053.9566348945086,-26892.9848183609,940.6087296870766,133001.6349332939,10035.71300336176,-175619.4723889526,-2053.9566348945086,26892.9848183609,-940.6087296870766,135928.21325031505,10503.853345583326
CASE_EX,11320,E1-P4-V-075,A-V-1320,SOL_4_beam_0457,beam,P4,962,198,-2332.137970581067,2079.815912060043,712.5900153544438,582.3291733584358,-186.0006298139724,8602.50808460173,2332.137970581067,-2079.815912060043,-712.5900153544438,-582.3291733584358,-3169.9881775302283,1192.5195916394068
CASE_EX,11321,E1-P4-V-065,A-V-1321,SOL_4_beam_0458,beam,P4,200,963,2754.2905873516174,2319.1275473660708,726.9282681276466,918.674177780535,-4488.0987406540735,898.1980059757716,-2754.2905873516174,-2319.1275473660708,-726.9282681276466,-918.674177780535,1064.5830036772622,10023.883308751712
CASE_EX,11322,E1-P4-V-071,A-V-1322,SOL_4_beam_0459,beam,P4,200,198,79144.92644435,3640.0848420806087,-22106.737623435467,-520.7216354152949,107249.8261681626,18022.704231507545,-79144.92644435,-3640.0848420806087,22106.737623435467,520.7216354152949,113817.55006619205,18378.14418929854
CASE_EX,11323,E1-P4-V-085,A-V-1323,SOL_4_beam_0460,beam,P4,198,205,9815.13463778061,2863.020567240395,-5354.040691984708,644.172955602108,8603.260330292374,5590.82083940341,-9815.13463778061,-2863.020567240395,5354.040691984708,-644.172955602108,18166.943129631167,8724.281996798563
CASE_EX,11324,E1-P4-V-084,A-V-1324,SOL_4_beam_0461,beam,P4,198,205,9815.13463778061,2863.020567240395,-5354.040691984708,644.172955602108,8603.260330292374,5590.82083940341,-9815.13463778061,-2863.020567240395,5354.040691984708,-644.172955602108,18166.943129631167,8724.281996798563
CASE_EX,11325,E1-P4-V-012,A-V-1325,SOL_4_beam_0462,beam,P4,187,182,133079.58457439928,11034.985198143511,636.2188655160946,526.0788936987205,2636.490340722252,52434.8533943674,-133079.58457439928,-11034.985198143511,-636.2188655160946,-526.0788936987205,-8998.678995883198,57914.998587067705
CASE_EX,11326,E1-P4-V-011,A-V-1326,SOL_4_beam_0463,beam,P4,187,182,133079.58457439928,11034.985198143511,636.2188655160946,526.0788936987205,2636.490340722252,52434.8533943674,-133079.58457439928,-11034.985198143511,-636.2188655160946,-526.0788936987205,-8998.678995883198,57914.998587067705
CASE_EX,11327,E1-P4-V-024,A-V-1327,SOL_4_beam_0464,beam,P4,182,190,316263.60471687984,11126.334297847134,-60145.212557755855,-4948.43422895523,296965.19827218563,64326.20917596399,-316263.60471687984,-11126.334297847134,60145.212557755855,4948.43422895523,304486.92730537284,46937.13380250736
CASE_EX,11328,E1-P4-V-030,A-V-1328,SOL_4_beam_0465,beam,P4,964,190,-2540.8524035091295,-4877.594083136865,2390.0226396712987,-2850.279915692399,1071.6844514230852,-7307.1005750908325,2540.8524035091295,4877.594083136865,-2390.0226396712987,2850.279915692399,-12327.650792807355,-15664.24451403951
CASE_EX,11329,E1-P4-V-020,A-V-1329,SOL_4_beam_0466,beam,P4,182,965,-37096.47405550317,37421.376956818494,8047.959916916817,-8884.70466508808,-40844.58091298319,73961.5236789461,37096.47405550317,-37421.376956818494,-8047.959916916817,8884.70466508808,2942.1926937301687,102276.87359922013
CASE_EX,11330,E1-P4-V-047,A-V-1330,SOL_4_beam_0467,beam,P4,190,192,121851.49930828642,953.095290907845,-20428.727610553593,1303.7900314789583,99332.43140988887,4121.064016724939,-121851.49930828642,-953.095290907845,20428.727610553593,-1303.7900314789583,104954.84469564704,5409.888892353509
CASE_EX,11331,E1-P4-V-055,A-V-1331,SOL_4_beam_0468,beam,P4,966,192,-2704.547809548269,-4222.030153278476,2028.7373718574313,-1675.9268888777451,711.1250289479849,-7552.44567343078,2704.547809548269,4222.030153278476,-2028.7373718574313,1675.9268888777451,-10265.595013498507,-12331.478649624114
CASE_EX,11332,E1-P4-V-043,A-V-1332,SOL_4_beam_0469,beam,P4,190,967,2535.9671870326774,-4866.210137029015,1434.0519516817574,-1665.0389779999155,-8397.247818703476,-15630.329985657292,-2535.9671870326774,4866.210137029015,-1434.0519516817574,1665.0389779999155,1643.4873178630933,-7287.401672330102
CASE_EX,11333,E1-P4-V-072,A-V-1333,SOL_4_beam_0470,beam,P4,192,194,25133.173343836468,2797.212919802395,-22436.23414325375,-531.3014156680244,109638.02217489653,13803.83507014966,-25133.173343836468,-2797.212919802395,22436.23414325375,531.3014156680244,114724.31925764095,14168.29412787429
CASE_EX,11334,E1-P4-V-078,A-V-1334,SOL_4_beam_0471,beam,P4,968,194,-2067.1159748066752,-3421.5248464499805,1200.7667105127134,-1344.4586606020962,12.334970288203294,-5689.148454424444,2067.1159748066752,3421.5248464499805,-1200.7667105127134,1344.4586606020962,-5667.423525953369,-10424.744304828924
CASE_EX,11335,E1-P4-V-068,A-V-1335,SOL_4_beam_0472,beam,P4,192,969,2686.6357497830045,-4183.485288457419,1268.1031532283248,-1991.6389108133928,-7291.777770404378,-12217.958433069938,-2686.6357497830045,4183.485288457419,-1268.1031532283248,1991.6389108133928,1319.563878696491,-7484.4363538803555
CASE_EX,11336,E1-P4-V-089,A-V-1336,SOL_4_beam_0473,beam,P4,194,207,2837.770029129327,-485.7689044285383,1207.2060788803688,700.7740834239469,-9277.975748438319,-2816.140470038783,-2837.770029129327,485.7689044285383,-1207.2060788803688,-700.7740834239469,3241.9453540364757,387.29594789609155
CASE_EX,11337,E1-P4-V-088,A-V-1337,SOL_4_beam_0474,beam,P4,194,207,2837.770029129327,-485.7689044285383,1207.2060788803688,700.7740834239469,-9277.975748438319,-2816.140470038783,-2837.770029129327,485.7689044285383,-1207.2060788803688,-700.7740834239469,3241.9453540364757,387.29594789609155
CASE_EX,11338,E1-P4-V-013,A-V-1338,SOL_4_beam_0475,beam,P4,180,183,26275.88785950665,18587.16247224959,5651.34723865662,-5604.572706766932,-23322.890246227907,74264.08107599517,-26275.88785950665,-18587.16247224959,-5651.34723865662,5604.572706766932,-26974.100177816013,91161.66492702618
CASE_EX,11339,E1-P4-V-015,A-V-1339,SOL_4_beam_0476,beam,P4,180,183,26275.88785950665,18587.16247224959,5651.34723865662,-5604.572706766932,-23322.890246227907,74264.08107599517,-26275.88785950665,-18587.16247224959,-5651.34723865662,5604.572706766932,-26974.100177816013,91161.66492702618
CASE_EX,11340,E1-P4-V-014,A-V-1340,SOL_4_beam_0477,beam,P4,183,182,33267.28003446185,-37257.19204839543,-8708.036826726515,9773.089490638897,33163.5285565901,-142481.0890911182,-33267.28003446185,37257.19204839543,8708.036826726515,-9773.089490638897,29969.738437177133,-127633.55325974866
CASE_EX,11341,E1-P4-V-016,A-V-1341,SOL_4_beam_0478,beam,P4,183,182,33267.28003446185,-37257.19204839543,-8708.036826726515,9773.089490638897,33163.5285565901,-142481.0890911182,-33267.28003446185,37257.19204839543,8708.036826726515,-9773.089490638897,29969.738437177133,-127633.55325974866
CASE_EX,11342,E1-P4-V-048,A-V-1342,SOL_4_beam_0481,beam,P4,215,217,777.9896102078077,1550.8778648458601,3815.7169986935914,2111.450701867996,-19539.957250758012,7182.9589798511415,-777.9896102078077,-1550.8778648458601,-3815.7169986935914,-2111.450701867996,-18617.212736177902,8325.819668607459
CASE_EX,11343,E1-P4-V-049,A-V-1343,SOL_4_beam_0482,beam,P4,215,217,777.9896102078077,1550.8778648458601,3815.7169986935914,2111.450701867996,-19539.957250758012,7182.9589798511415,-777.9896102078077,-1550.8778648458601,-3815.7169986935914,-2111.450701867996,-18617.212736177902,8325.819668607459
CASE_EX,11344,E1-P4-V-031,A-V-1344,SOL_4_beam_0483,beam,P4,203,188,-911.1714649325833,-4215.392336416162,-1391.7442080695669,-1986.4472332343062,5921.360735530981,-20089.23082156835,911.1714649325833,4215.392336416162,1391.7442080695669,1986.4472332343062,6465.162716288165,-17427.760972535492
CASE_EX,11345,E1-P4-V-037,A-V-1345,SOL_4_beam_0484,beam,P4,203,188,-911.1714649325833,-4215.392336416162,-1391.7442080695669,-1986.4472332343062,5921.360735530981,-20089.23082156835,911.1714649325833,4215.392336416162,1391.7442080695669,1986.4472332343062,6465.162716288165,-17427.760972535492
CASE_EX,11346,E1-P4-V-032,A-V-1346,SOL_4_beam_0485,beam,P4,188,190,-1623.7175253433775,-189.59389471295447,2060.4722950444952,3153.6601675076204,-7086.231284192894,2488.374980517672,1623.7175253433775,189.59389471295447,-2060.4722950444952,-3153.6601675076204,-7852.192854879698,-3862.930717186592
CASE_EX,11347,E1-P4-V-038,A-V-1347,SOL_4_beam_0486,beam,P4,188,190,-1623.7175253433775,-189.59389471295447,2060.4722950444952,3153.6601675076204,-7086.231284192894,2488.374980517672,1623.7175253433775,189.59389471295447,-2060.4722950444952,-3153.6601675076204,-7852.192854879698,-3862.930717186592
CASE_EX,11348,E1-P4-V-033,A-V-1348,SOL_4_beam_0487,beam,P4,190,217,2862.7312028208335,-6251.626462296767,-4204.255820537543,7664.045347598521,12592.252288217032,-15567.952857399152,-2862.7312028208335,6251.626462296767,4204.255820537543,-7664.045347598521,4729.281692397647,-10188.748167263535
CASE_EX,11349,E1-P4-V-039,A-V-1349,SOL_4_beam_0488,beam,P4,190,217,2862.7312028208335,-6251.626462296767,-4204.255820537543,7664.045347598521,12592.252288217032,-15567.952857399152,-2862.7312028208335,6251.626462296767,4204.255820537543,-7664.045347598521,4729.281692397647,-10188.748167263535
CASE_EX,11350,E1-P4-V-056,A-V-1350,SOL_4_beam_0489,beam,P4,200,201,-4269.939582283952,-4132.399988252677,-1752.2072908911007,-2002.6832523552755,7686.7634498049465,-19402.23333202466,4269.939582283952,4132.399988252677,1752.2072908911007,2002.6832523552755,7907.881439125849,-17376.126563424164
CASE_EX,11351,E1-P4-V-061,A-V-1351,SOL_4_beam_0490,beam,P4,200,201,-4269.939582283952,-4132.399988252677,-1752.2072908911007,-2002.6832523552755,7686.7634498049465,-19402.23333202466,4269.939582283952,4132.399988252677,1752.2072908911007,2002.6832523552755,7907.881439125849,-17376.126563424164
CASE_EX,11352,E1-P4-V-057,A-V-1352,SOL_4_beam_0491,beam,P4,201,192,-4873.4184675918705,741.2034641567611,551.2037122936352,2586.366019817755,-3399.20433259521,4906.544596081217,4873.4184675918705,-741.2034641567611,-551.2037122936352,-2586.366019817755,-597.0225815336453,467.1805190553009
CASE_EX,11353,E1-P4-V-062,A-V-1353,SOL_4_beam_0492,beam,P4,201,192,-4873.4184675918705,741.2034641567611,551.2037122936352,2586.366019817755,-3399.20433259521,4906.544596081217,4873.4184675918705,-741.2034641567611,-551.2037122936352,-2586.366019817755,-597.0225815336453,467.1805190553009
CASE_EX,11354,E1-P4-V-079,A-V-1354,SOL_4_beam_0494,beam,P4,198,196,-1825.154833735027,-3633.6812542665843,-1037.9668413862507,-347.3003899786641,3854.4990277886964,-16796.37248569113,1825.154833735027,3633.6812542665843,1037.9668413862507,347.3003899786641,5383.405860548935,-15543.390677281475
CASE_EX,11355,E1-P4-V-082,A-V-1355,SOL_4_beam_0495,beam,P4,198,196,-1825.154833735027,-3633.6812542665843,-1037.9668413862507,-347.3003899786641,3854.4990277886964,-16796.37248569113,1825.154833735027,3633.6812542665843,1037.9668413862507,347.3003899786641,5383.405860548935,-15543.390677281475
CASE_EX,11356,E1-P4-V-080,A-V-1356,SOL_4_beam_0496,beam,P4,196,194,-3019.124573644394,-2.1233461359323225,3217.2543239565202,876.9353993019711,-12214.724193424867,1731.2260711815911,3019.124573644394,2.1233461359323225,-3217.2543239565202,-876.9353993019711,-11110.369655259905,-1746.6203306671005
CASE_EX,11357,E1-P4-V-083,A-V-1357,SOL_4_beam_0497,beam,P4,196,194,-3019.124573644394,-2.1233461359323225,3217.2543239565202,876.9353993019711,-12214.724193424867,1731.2260711815911,3019.124573644394,2.1233461359323225,-3217.2543239565202,-876.9353993019711,-11110.369655259905,-1746.6203306671005
CASE_EX,11358,E1-P4-V-001,A-V-1358,SOL_4_beam_0498,beam,P4,185,970,-3663.3357926698886,16807.543859379333,4933.755875057795,-1566.1732826399473,-23377.16440728587,68761.55478053282,3663.3357926698886,-16807.543859379333,-4933.755875057795,1566.1732826399473,4570.5567808765845,-4694.160581927652
CASE_EX,11359,E1-P4-V-004,A-V-1359,SOL_4_beam_0499,beam,P4,185,970,-3663.3357926698886,16807.543859379333,4933.755875057795,-1566.1732826399473,-23377.16440728587,68761.55478053282,3663.3357926698886,-16807.543859379333,-4933.755875057795,1566.1732826399473,4570.5567808765845,-4694.160581927652
CASE_EX,11360,E1-P4-V-002,A-V-1360,SOL_4_beam_0500,beam,P4,970,184,-11866.329416851611,32293.102437359114,9867.511750115502,-1849.459103980103,-9484.252905558886,9388.321163856512,11866.329416851611,-32293.102437359114,-9867.511750115502,1849.459103980103,-40927.04811335176,155591.19434421186
CASE_EX,11361,E1-P4-V-005,A-V-1361,SOL_4_beam_0501,beam,P4,327,184,1222.7526515981906,-38861.7083278204,-2574.2879405191634,-72566.16297428972,2059.615916916658,123032.59361140186,-1222.7526515981906,38861.7083278204,2574.2879405191634,72566.16297428972,9546.792152862217,-298244.09114514093
CASE_EX,11362,E1-P4-V-003,A-V-1362,SOL_4_beam_0502,beam,P4,184,187,5819.614947184181,-24503.11363642058,-5780.632197952614,4123.616071091851,21832.82699740796,-74719.89113799536,-5819.614947184181,24503.11363642058,5780.632197952614,-4123.616071091851,20076.75643774849,-102927.68272605387
CASE_EX,11363,E1-P4-V-006,A-V-1363,SOL_4_beam_0503,beam,P4,184,187,5819.614947184181,-24503.11363642058,-5780.632197952614,4123.616071091851,21832.82699740796,-74719.89113799536,-5819.614947184181,24503.11363642058,5780.632197952614,-4123.616071091851,20076.75643774849,-102927.68272605387
CASE_EX,11364,E1-P4-V-090,A-V-1364,SOL_4_beam_0504,beam,P4,205,225,-4145.672735353409,-2957.609279160159,-2672.8636878346224,224.85874846434376,11295.664485820986,-13017.203584440202,4145.672735353409,2957.609279160159,2672.8636878346224,-224.85874846434376,12492.822335907153,-13305.519000085216
CASE_EX,11365,E1-P4-V-092,A-V-1365,SOL_4_beam_0505,beam,P4,205,225,-4145.672735353409,-2957.609279160159,-2672.8636878346224,224.85874846434376,11295.664485820986,-13017.203584440202,4145.672735353409,2957.609279160159,2672.8636878346224,-224.85874846434376,12492.822335907153,-13305.519000085216
CASE_EX,11366,E1-P4-V-091,A-V-1366,SOL_4_beam_0506,beam,P4,225,207,-2812.4324232722147,1016.3536323156202,2434.347212938723,-147.4133176764856,-9703.899537577905,4453.038111393633,2812.4324232722147,-1016.3536323156202,-2434.347212938723,147.4133176764856,-7945.117756227835,2915.5257228946143
CASE_EX,11367,E1-P4-V-093,A-V-1367,SOL_4_beam_0507,beam,P4,225,207,-2812.4324232722147,1016.3536323156202,2434.347212938723,-147.4133176764856,-9703.899537577905,4453.038111393633,2812.4324232722147,-1016.3536323156202,-2434.347212938723,147.4133176764856,-7945.117756227835,2915.5257228946143
CASE_EX,11368,E1-P4-V-021,A-V-1368,SOL_4_beam_0508,beam,P4,959,953,-43734.89034927123,23170.810519926763,5306.241561449288,-714.9559896763499,-6647.4971723083145,93712.6105355422,43734.89034927123,-23170.810519926763,-5306.241561449288,714.9559896763499,-40578.05272459035,112507.603091806
CASE_EX,11369,E1-P4-V-025,A-V-1369,SOL_4_beam_0509,beam,P4,958,952,-2348.019224547067,-2637.481681364273,-1594.216937983321,-450.3107742250212,2175.671151497486,-10116.802366317987,2348.019224547067,2637.481681364273,1594.216937983321,450.3107742250212,12012.859596554074,-13356.78459782404
CASE_EX,11370,E1-P4-V-022,A-V-1370,SOL_4_beam_0510,beam,P4,953,965,-39708.42835964103,-34637.38670716444,-8047.959916941075,2370.2602867574365,44464.85475317479,-128061.74800342342,39708.42835964103,34637.38670716444,8047.959916941075,-2370.2602867574365,9054.078694483349,-102276.87359922007
CASE_EX,11371,E1-P4-V-026,A-V-1371,SOL_4_beam_0511,beam,P4,952,964,-5029.54078369786,2224.988647481023,2390.022639666044,887.9446788907975,-12980.892855574504,7489.073930657974,5029.54078369786,-2224.988647481023,-2390.022639666044,-887.9446788907975,-2912.7576982046885,7307.100575090825
CASE_EX,11372,E1-P4-V-044,A-V-1372,SOL_4_beam_0512,beam,P4,961,955,2338.0015990987995,-2634.479582916249,866.468068466299,-882.5616151471197,-1161.1435719881315,-10100.498475599888,-2338.0015990987995,2634.479582916249,-866.468068466299,882.5616151471197,-6550.42223736193,-13346.369812354727
CASE_EX,11373,E1-P4-V-050,A-V-1373,SOL_4_beam_0513,beam,P4,960,954,-2530.169401710475,-2612.1585603960198,-1553.3075343682863,-556.1009443033103,2376.557611839572,-10088.339250874216,2530.169401710475,2612.1585603960198,1553.3075343682863,556.1009443033103,11447.879444038177,-13159.871936650357
CASE_EX,11374,E1-P4-V-045,A-V-1374,SOL_4_beam_0514,beam,P4,955,967,5017.86876839684,2220.838511588258,-1434.051951681754,1534.0862916160315,7770.097661261706,7481.174429731782,-5017.86876839684,-2220.838511588258,1434.051951681754,-1534.0862916160315,1766.3478174219567,7287.401672330133
CASE_EX,11375,E1-P4-V-051,A-V-1375,SOL_4_beam_0515,beam,P4,954,966,-4385.73567246804,2430.1111251460893,2028.7373719592106,602.923991648542,-11773.281529271473,8607.793308790799,4385.73567246804,-2430.1111251460893,-2028.7373719592106,-602.923991648542,-1717.8219942572769,7552.445673430693
CASE_EX,11376,E1-P4-V-069,A-V-1376,SOL_4_beam_0516,beam,P4,963,957,2489.8663266781796,-2600.968068985533,726.9282681273461,-1003.9012370019188,-984.6225281703519,-10023.883308752156,-2489.8663266781796,2600.968068985533,-726.9282681273461,1003.9012370019188,-5485.039058163028,-13124.73250521909
CASE_EX,11377,E1-P4-V-073,A-V-1377,SOL_4_beam_0517,beam,P4,962,956,-2224.14952668016,-2194.916997289903,-712.5900153530678,222.71733610048307,569.2982422315495,-8602.508084601839,2224.14952668016,2194.916997289903,712.5900153530678,-222.71733610048307,5772.752894410754,-10932.253191278298
CASE_EX,11378,E1-P4-V-070,A-V-1378,SOL_4_beam_0518,beam,P4,957,969,4346.128088104135,2414.6907571327797,-1268.1031532312204,1190.0162480226625,6361.235489184581,8573.257181052624,-4346.128088104135,-2414.6907571327797,1268.1031532312204,-1190.0162480226625,2071.6504798030337,7484.436353880359
CASE_EX,11379,E1-P4-V-074,A-V-1379,SOL_4_beam_0519,beam,P4,956,968,-3546.2516194049804,1844.9661731439576,1200.7667104703903,-73.33230504436057,-6642.584708649254,6579.876596982894,3546.2516194049804,-1844.9661731439576,-1200.7667104703903,73.33230504436057,-1342.5139159788405,5689.148454424421
CASE_EX,11380,E1-P4-V-058,A-V-1380,SOL_4_beam_0520,beam,P4,192,215,-2947.237670538362,-4220.86352602239,3425.633992590019,9465.483962551443,-9331.899757610141,-8433.506494614607,2947.237670538362,4220.86352602239,-3425.633992590019,-9465.483962551443,-4781.71229186074,-8956.451232597645
CASE_EX,11381,E1-P4-V-063,A-V-1381,SOL_4_beam_0521,beam,P4,192,215,-2947.237670538362,-4220.86352602239,3425.633992590019,9465.483962551443,-9331.899757610141,-8433.506494614607,2947.237670538362,4220.86352602239,-3425.633992590019,-9465.483962551443,-4781.71229186074,-8956.451232597645
CASE_EX,11382,E1-P4-V-035,A-V-1382,SOL_4_beam_0522,beam,P4,971,190,0.0,-4.2540819065083076e-09,-1.9727296557386023e-10,-1.5027726004270823e-10,-1.2914256254799556e-09,-2.931460647873098e-09,0.0,4.2540819065083076e-09,1.9727296557386023e-10,1.5027726004270823e-10,1.5633047045283676e-09,-2.931460647873098e-09
CASE_EX,11383,E1-P4-V-036,A-V-1383,SOL_4_beam_0523,beam,P4,190,971,0.0,-4.2540819065083076e-09,1.9727296557386023e-10,-1.5027726004270823e-10,-1.5633047045283676e-09,-2.931460647873098e-09,0.0,4.2540819065083076e-09,-1.9727296557386023e-10,1.5027726004270823e-10,1.2914256254799556e-09,-2.931460647873098e-09
CASE_EX,11384,E1-P4-V-059,A-V-1384,SOL_4_beam_0524,beam,P4,972,192,0.0,5.022131319142537e-09,1.060342189959498e-09,1.717454400488094e-10,7.816523522641838e-10,3.4607185884206733e-09,0.0,-5.022131319142537e-09,-1.060342189959498e-09,-1.717454400488094e-10,-2.243002402149397e-09,3.4607185884206733e-09
CASE_EX,11385,E1-P4-V-060,A-V-1385,SOL_4_beam_0525,beam,P4,192,972,0.0,5.022131319142537e-09,-1.060342189959498e-09,1.717454400488094e-10,2.243002402149397e-09,3.4607185884206733e-09,0.0,-5.022131319142537e-09,1.060342189959498e-09,-1.717454400488094e-10,-7.816523522641838e-10,3.4607185884206733e-09
CASE_EX,11386,E1-P4-V-112,A-V-1386,SOL_4_beam_0526,beam,P4,219,973,0.0,-1.6076565103446896e-09,-3.315791552585921e-08,-2.185382620058474e-09,1.204472624261315e-08,-6.04598023158621e-10,0.0,1.6076565103446896e-09,3.315791552585921e-08,2.185382620058474e-09,1.1336212934224141e-08,-5.290232702637935e-10
CASE_EX,11387,E1-P4-V-113,A-V-1387,SOL_4_beam_0527,beam,P4,973,219,0.0,-1.6076565103446896e-09,3.315791552585921e-08,-2.185382620058474e-09,-1.1336212934224141e-08,-5.290232702637935e-10,0.0,1.6076565103446896e-09,-3.315791552585921e-08,2.185382620058474e-09,-1.204472624261315e-08,-6.04598023158621e-10
CASE_EX,11388,E1-P4-V-095,A-V-1388,SOL_4_beam_0528,beam,P4,225,223,-3299.8093737599193,435.2900387940743,2655.0948679678354,-212.41687339321618,-8033.355788068641,373.068011343572,3299.8093737599193,-435.2900387940743,-2655.0948679678354,212.41687339321618,1262.8638747506684,736.9215875813163
CASE_EX,11389,E1-P4-V-094,A-V-1389,SOL_4_beam_0529,beam,P4,225,223,-3299.8093737599193,435.2900387940743,2655.0948679678354,-212.41687339321618,-8033.355788068641,373.068011343572,3299.8093737599193,-435.2900387940743,-2655.0948679678354,212.41687339321618,1262.8638747506684,736.9215875813163
CASE_EX,11390,E1-P4-V-117,A-V-1390,SOL_4_beam_0530,beam,P4,223,209,-2766.793949537692,389.54639524290207,1584.05641527734,-241.70076269243538,-2345.0275153299444,-555.4859000216206,2766.793949537692,-389.54639524290207,-1584.05641527734,241.70076269243538,-1377.5050605718177,1470.9199288424438
CASE_EX,11391,E1-P4-V-116,A-V-1391,SOL_4_beam_0531,beam,P4,223,209,-2766.793949537692,389.54639524290207,1584.05641527734,-241.70076269243538,-2345.0275153299444,-555.4859000216206,2766.793949537692,-389.54639524290207,-1584.05641527734,241.70076269243538,-1377.5050605718177,1470.9199288424438
CASE_EX,11392,E1-P4-V-103,A-V-1392,SOL_4_beam_0532,beam,P4,223,221,11.181349127047149,15.483905205045088,-2.902303427920649,37.120693015899356,-1.0005336241561622,64.71055480381179,-11.181349127047149,-15.483905205045088,2.902303427920649,-37.120693015899356,22.04223347658087,47.5477579327651
CASE_EX,11393,E1-P4-V-102,A-V-1393,SOL_4_beam_0533,beam,P4,219,223,-9.945952954484953,-29.273636265003596,-4.425843398553991,-63.69704671013083,23.25012311167322,-53.50288829719638,9.945952954484953,29.273636265003596,4.425843398553991,63.69704671013083,16.139883135457303,-207.03247446133565
CASE_EX,11394,E1-P4-V-109,A-V-1394,SOL_4_beam_0534,beam,P4,223,221,11.181349127047149,15.483905205045088,-2.902303427920649,37.120693015899356,-1.0005336241561622,64.71055480381179,-11.181349127047149,-15.483905205045088,2.902303427920649,-37.120693015899356,22.04223347658087,47.5477579327651
CASE_EX,11395,E1-P4-V-108,A-V-1395,SOL_4_beam_0535,beam,P4,219,223,-9.945952954484953,-29.273636265003596,-4.425843398553991,-63.69704671013083,23.25012311167322,-53.50288829719638,9.945952954484953,29.273636265003596,4.425843398553991,63.69704671013083,16.139883135457303,-207.03247446133565
CASE_EX,11396,E1-P4-V-096,A-V-1396,SOL_4_beam_0536,beam,P4,974,221,4.710366873872152e-08,1.2257327970324529e-09,1.4239151378569929e-08,1.6458393709961685e-09,-5.829079006416787e-09,-1.0174392447563848e-09,-4.710366873872152e-08,-1.2257327970324529e-09,-1.4239151378569929e-08,-1.6458393709961685e-09,-4.239330186484936e-09,1.884146749548861e-09
CASE_EX,11397,E1-P4-V-097,A-V-1397,SOL_4_beam_0537,beam,P4,221,974,4.710366873872152e-08,1.2257327970324529e-09,-1.4239151378569929e-08,1.6458393709961685e-09,4.239330186484936e-09,1.884146749548861e-09,-4.710366873872152e-08,-1.2257327970324529e-09,1.4239151378569929e-08,-1.6458393709961685e-09,5.829079006416787e-09,-1.0174392447563848e-09
CASE_EX,11398,E1-P4-V-114,A-V-1398,SOL_4_beam_0538,beam,P4,221,975,4.710366873872152e-08,1.652074639478523e-09,-6.744861179322596e-09,-1.7992650750720826e-09,2.2963038510126734e-09,8.415855481318245e-10,-4.710366873872152e-08,-1.652074639478523e-09,6.744861179322596e-09,1.7992650750720826e-09,2.4729426087828788e-09,3.265854365884692e-10
CASE_EX,11399,E1-P4-V-115,A-V-1399,SOL_4_beam_0539,beam,P4,975,221,4.710366873872152e-08,1.652074639478523e-09,6.744861179322596e-09,-1.7992650750720826e-09,-2.4729426087828788e-09,3.265854365884692e-10,-4.710366873872152e-08,-1.652074639478523e-09,-6.744861179322596e-09,1.7992650750720826e-09,-2.2963038510126734e-09,8.415855481318245e-10
CASE_EX,11400,E1-P4-V-098,A-V-1400,SOL_4_beam_0540,beam,P4,976,219,0.0,1.2861252082758025e-09,-2.0346902709050776e-08,1.3287126329955784e-10,6.730876429695717e-09,8.061306975448441e-10,0.0,-1.2861252082758025e-09,2.0346902709050776e-08,-1.3287126329955784e-10,7.616518065181996e-09,1.0076633719310552e-10
CASE_EX,11401,E1-P4-V-099,A-V-1401,SOL_4_beam_0541,beam,P4,219,976,0.0,1.2861252082758025e-09,2.0346902709050776e-08,1.3287126329955784e-10,-7.616518065181996e-09,1.0076633719310552e-10,0.0,-1.2861252082758025e-09,-2.0346902709050776e-08,-1.3287126329955784e-10,-6.730876429695717e-09,8.061306975448441e-10
CASE_EX,11402,E1-P4-V-100,A-V-1402,SOL_4_beam_0542,beam,P4,977,223,0.0,-1.6840502776619765e-08,8.243719219172052e-09,-1.1158233023702831e-10,-3.179497639863699e-09,5.401220682040055e-10,0.0,1.6840502776619765e-08,-8.243719219172052e-09,1.1158233023702831e-10,-2.649581366553083e-09,-1.24479295253528e-08
CASE_EX,11403,E1-P4-V-101,A-V-1403,SOL_4_beam_0543,beam,P4,223,977,0.0,-1.6840502776619765e-08,-8.243719219172052e-09,-1.1158233023702831e-10,2.649581366553083e-09,-1.24479295253528e-08,0.0,1.6840502776619765e-08,8.243719219172052e-09,1.1158233023702831e-10,3.179497639863699e-09,5.401220682040055e-10
CASE_EX,11404,E1-P4-V-110,A-V-1404,SOL_4_beam_0544,beam,P4,223,978,9.420733747744297e-08,-9.85915510656537e-09,8.243719219172054e-09,-1.6737349535554246e-10,-1.0598325466212332e-09,-9.383050812753322e-09,-9.420733747744297e-08,9.85915510656537e-09,-8.243719219172054e-09,1.6737349535554246e-10,-4.769246459795549e-09,2.4117078394225403e-09
CASE_EX,11405,E1-P4-V-111,A-V-1405,SOL_4_beam_0545,beam,P4,978,223,9.420733747744297e-08,-9.85915510656537e-09,-8.243719219172054e-09,-1.6737349535554246e-10,4.769246459795549e-09,2.4117078394225403e-09,-9.420733747744297e-08,9.85915510656537e-09,8.243719219172054e-09,1.6737349535554246e-10,1.0598325466212332e-09,-9.383050812753322e-09
