element,name,x_m,N_N,Vy_N,Vz_N,Vres_N,My_Nm,Mz_Nm,Mres_Nm
1,col_F2,0.0,42147.81055767265,-5165.258403753386,6716.476599367861,8472.954165307461,-6343.183536518735,-5069.398640161065,8120.023395953313
1,col_F2,0.0375,42147.81055767265,-5165.258403753386,6716.476599367861,8472.954165307461,-6091.31566404244,-4875.701450020312,7802.345233885705
1,col_F2,0.075,42147.81055767265,-5165.258403753386,6716.476599367861,8472.954165307461,-5839.4477915661455,-4682.004259879561,7484.671963416773
1,col_F2,0.1125,42147.81055767265,-5165.258403753386,6716.476599367861,8472.954165307461,-5587.579919089851,-4488.307069738808,7167.004234998296
1,col_F2,0.15,42147.81055767265,-5165.258403753386,6716.476599367861,8472.954165307461,-5335.712046613557,-4294.609879598057,6849.342819739589
1,col_F2,0.1875,42147.81055767265,-5165.258403753386,6716.476599367861,8472.954165307461,-5083.844174137261,-4100.912689457305,6531.688638741233
1,col_F2,0.225,42147.81055767265,-5165.258403753386,6716.476599367861,8472.954165307461,-4831.976301660967,-3907.2154993165527,6214.042801422653
1,col_F2,0.2625,42147.81055767265,-5165.258403753386,6716.476599367861,8472.954165307461,-4580.108429184672,-3713.518309175801,5896.406656233301
1,col_F2,0.3,42147.81055767265,-5165.258403753386,6716.476599367861,8472.954165307461,-4328.240556708377,-3519.8211190350485,5578.781858680296
1,col_F2,0.3375,42147.81055767265,-5165.258403753386,6716.476599367861,8472.954165307461,-4076.372684232082,-3326.1239288942966,5261.1704639858135
1,col_F2,0.375,42147.81055767265,-5165.258403753386,6716.476599367861,8472.954165307461,-3824.504811755787,-3132.4267387535447,4943.575055443311
1,col_F2,0.4125,42147.81055767265,-5165.258403753386,6716.476599367861,8472.954165307461,-3572.6369392794927,-2938.7295486127928,4625.998925615341
1,col_F2,0.45,42147.81055767265,-5165.258403753386,6716.476599367861,8472.954165307461,-3320.769066803198,-2745.032358472041,4308.446337613544
1,col_F2,0.4875,42147.81055767265,-5165.258403753386,6716.476599367861,8472.954165307461,-3068.901194326903,-2551.335168331289,3990.9229110200986
1,col_F2,0.525,42147.81055767265,-5165.258403753386,6716.476599367861,8472.954165307461,-2817.033321850608,-2357.6379781905366,3673.436207779173
1,col_F2,0.5625,42147.81055767265,-5165.258403753386,6716.476599367861,8472.954165307461,-2565.1654493743135,-2163.9407880497847,3355.9966503036394
1,col_F2,0.6,42147.81055767265,-5165.258403753386,6716.476599367861,8472.954165307461,-2313.2975768980186,-1970.2435979090328,3038.619014352371
1,col_F2,0.6375,42147.81055767265,-5165.258403753386,6716.476599367861,8472.954165307461,-2061.4297044217237,-1776.5464077682814,2721.324965017339
1,col_F2,0.675,42147.81055767265,-5165.258403753386,6716.476599367861,8472.954165307461,-1809.5618319454288,-1582.8492176275286,2404.147597253084
1,col_F2,0.7125,42147.81055767265,-5165.258403753386,6716.476599367861,8472.954165307461,-1557.693959469134,-1389.1520274867767,2087.1401071411688
1,col_F2,0.75,42147.81055767265,-5165.258403753386,6716.476599367861,8472.954165307461,-1305.826086992839,-1195.4548373460248,1770.3937521368064
1,col_F2,0.7875,42147.81055767265,-5165.258403753386,6716.476599367861,8472.954165307461,-1053.958214516545,-1001.7576472052733,1454.0791937446695
1,col_F2,0.825,42147.81055767265,-5165.258403753386,6716.476599367861,8472.954165307461,-802.0903420402501,-808.060457064521,1138.5563750054575
1,col_F2,0.8625,42147.81055767265,-5165.258403753386,6716.476599367861,8472.954165307461,-550.2224695639552,-614.3632669237686,824.7344965249746
1,col_F2,0.9,42147.81055767265,-5165.258403753386,6716.476599367861,8472.954165307461,-298.3545970876603,-420.66607678301716,515.72804244035
1,col_F2,0.9375,42147.81055767265,-5165.258403753386,6716.476599367861,8472.954165307461,-46.48672461136539,-226.9688866422648,231.68057982645453
1,col_F2,0.975,42147.81055767265,-5165.258403753386,6716.476599367861,8472.954165307461,205.38114786492952,-33.27169650151336,208.05869769467668
1,col_F2,1.0125,42147.81055767265,-5165.258403753386,6716.476599367861,8472.954165307461,457.2490203412235,160.425493639239,484.5750773743963
1,col_F2,1.05,42147.81055767265,-5165.258403753386,6716.476599367861,8472.954165307461,709.1168928175193,354.12268377999135,792.6220050230229
1,col_F2,1.0875,42147.81055767265,-5165.258403753386,6716.476599367861,8472.954165307461,960.9847652938133,547.8198739207428,1106.1637913931843
1,col_F2,1.125,42147.81055767265,-5165.258403753386,6716.476599367861,8472.954165307461,1212.8526377701082,741.5170640614951,1421.5692305478087
1,col_F2,1.1625,42147.81055767265,-5165.258403753386,6716.476599367861,8472.954165307461,1464.720510246404,935.2142542022475,1737.823890502013
1,col_F2,1.2,42147.81055767265,-5165.258403753386,6716.476599367861,8472.954165307461,1716.588382722698,1128.911444342999,2054.5356470178667
1,col_F2,1.2375,42147.81055767265,-5165.258403753386,6716.476599367861,8472.954165307461,1968.4562551989939,1322.6086344837513,2371.521374274965
1,col_F2,1.275,42147.81055767265,-5165.258403753386,6716.476599367861,8472.954165307461,2220.324127675288,1516.3058246245018,2688.6841736669667
1,col_F2,1.3125,42147.81055767265,-5165.258403753386,6716.476599367861,8472.954165307461,2472.192000151582,1710.003014765255,3005.967996522874
1,col_F2,1.35,42147.81055767265,-5165.258403753386,6716.476599367861,8472.954165307461,2724.0598726278777,1903.7002049060075,3323.338180176761
1,col_F2,1.3875,42147.81055767265,-5165.258403753386,6716.476599367861,8472.954165307461,2975.9277451041717,2097.397395046758,3640.7721401963245
1,col_F2,1.425,42147.81055767265,-5165.258403753386,6716.476599367861,8472.954165307461,3227.7956175804675,2291.0945851875113,3958.2545328903757
1,col_F2,1.4625,42147.81055767265,-5165.258403753386,6716.476599367861,8472.954165307461,3479.6634900567615,2484.791775328262,4275.774569685939
1,col_F2,1.5,42147.81055767265,-5165.258403753386,6716.476599367861,8472.954165307461,3731.5313625330573,2678.488965469015,4593.324443984671
1,col_F2,1.5375,42147.81055767265,-5165.258403753386,6716.476599367861,8472.954165307461,3983.3992350093513,2872.1861556097674,4910.8983677072265
1,col_F2,1.575,42147.81055767265,-5165.258403753386,6716.476599367861,8472.954165307461,4235.267107485645,3065.883345750518,5228.491958633982
1,col_F2,1.6125,42147.81055767265,-5165.258403753386,6716.476599367861,8472.954165307461,4487.134979961941,3259.5805358912703,5546.1018380804435
1,col_F2,1.65,42147.81055767265,-5165.258403753386,6716.476599367861,8472.954165307461,4739.002852438235,3453.2777260320227,5863.725359234232
1,col_F2,1.6875,42147.81055767265,-5165.258403753386,6716.476599367861,8472.954165307461,4990.870724914531,3646.974916172775,6181.360419195948
1,col_F2,1.725,42147.81055767265,-5165.258403753386,6716.476599367861,8472.954165307461,5242.738597390825,3840.6721063135274,6499.005326108473
1,col_F2,1.7625,42147.81055767265,-5165.258403753386,6716.476599367861,8472.954165307461,5494.606469867119,4034.369296454278,6816.658703417576
1,col_F2,1.8,42147.81055767265,-5165.258403753386,6716.476599367861,8472.954165307461,5746.474342343415,4228.06648659503,7134.319419697945
1,col_F2,1.8375,42147.81055767265,-5165.258403753386,6716.476599367861,8472.954165307461,5998.342214819709,4421.763676735783,7451.986536420215
1,col_F2,1.875,42147.81055767265,-5165.258403753386,6716.476599367861,8472.954165307461,6250.2100872960045,4615.460866876535,7769.659268526865
1,col_F2,1.9125,42147.81055767265,-5165.258403753386,6716.476599367861,8472.954165307461,6502.0779597723,4809.158057017287,8087.336954296576
1,col_F2,1.95,42147.81055767265,-5165.258403753386,6716.476599367861,8472.954165307461,6753.945832248594,5002.855247158038,8405.019032040609
1,col_F2,1.9875,42147.81055767265,-5165.258403753386,6716.476599367861,8472.954165307461,7005.813704724888,5196.55243729879,8722.705021890117
1,col_F2,2.025,42147.81055767265,-5165.258403753386,6716.476599367861,8472.954165307461,7257.681577201182,5390.249627439543,9040.394511422473
1,col_F2,2.0625,42147.81055767265,-5165.258403753386,6716.476599367861,8472.954165307461,7509.549449677478,5583.946817580295,9358.087144214698
1,col_F2,2.1,42147.81055767265,-5165.258403753386,6716.476599367861,8472.954165307461,7761.417322153774,5777.644007721047,9675.782610651377
1,col_F2,2.1375,42147.81055767265,-5165.258403753386,6716.476599367861,8472.954165307461,8013.28519463007,5971.3411978618,9993.48064048553
1,col_F2,2.175,42147.81055767265,-5165.258403753386,6716.476599367861,8472.954165307461,8265.153067106363,6165.03838800255,10311.180996774463
1,col_F2,2.2125,42147.81055767265,-5165.258403753386,6716.476599367861,8472.954165307461,8517.020939582657,6358.7355781433025,10628.883470902994
1,col_F2,2.25,42147.81055767265,-5165.258403753386,6716.476599367861,8472.954165307461,8768.88881205895,6552.432768284055,10946.587878473149
1,col_F2,2.2875,42147.81055767265,-5165.258403753386,6716.476599367861,8472.954165307461,9020.756684535248,6746.129958424807,11264.294055889346
1,col_F2,2.325,42147.81055767265,-5165.258403753386,6716.476599367861,8472.954165307461,9272.624557011542,6939.82714856556,11582.001857505511
1,col_F2,2.3625,42147.81055767265,-5165.258403753386,6716.476599367861,8472.954165307461,9524.492429487836,7133.52433870631,11899.711153229158
1,col_F2,2.4,42147.81055767265,-5165.258403753386,6716.476599367861,8472.954165307461,9776.36030196413,7327.2215288470625,12217.421826499241
1,col_F2,2.4375,42147.81055767265,-5165.258403753386,6716.476599367861,8472.954165307461,10028.228174440424,7520.918718987815,12535.133772571478
1,col_F2,2.475,42147.81055767265,-5165.258403753386,6716.476599367861,8472.954165307461,10280.096046916722,7714.615909128567,12852.84689705796
1,col_F2,2.5125,42147.81055767265,-5165.258403753386,6716.476599367861,8472.954165307461,10531.963919393016,7908.3130992693195,13170.561114678107
1,col_F2,2.55,42147.81055767265,-5165.258403753386,6716.476599367861,8472.954165307461,10783.83179186931,8102.010289410068,13488.27634818615
1,col_F2,2.5875,42147.81055767265,-5165.258403753386,6716.476599367861,8472.954165307461,11035.699664345604,8295.707479550823,13805.992527446664
1,col_F2,2.625,42147.81055767265,-5165.258403753386,6716.476599367861,8472.954165307461,11287.567536821898,8489.404669691576,14123.709588634874
1,col_F2,2.6625,42147.81055767265,-5165.258403753386,6716.476599367861,8472.954165307461,11539.435409298196,8683.101859832328,14441.427473542519
1,col_F2,2.7,42147.81055767265,-5165.258403753386,6716.476599367861,8472.954165307461,11791.30328177449,8876.79904997308,14759.146128973343
1,col_F2,2.7375,42147.81055767265,-5165.258403753386,6716.476599367861,8472.954165307461,12043.171154250784,9070.49624011383,15076.865506215052
1,col_F2,2.775,42147.81055767265,-5165.258403753386,6716.476599367861,8472.954165307461,12295.039026727078,9264.193430254581,15394.585560576617
1,col_F2,2.8125,42147.81055767265,-5165.258403753386,6716.476599367861,8472.954165307461,12546.906899203372,9457.890620395334,15712.30625098172
1,col_F2,2.85,42147.81055767265,-5165.258403753386,6716.476599367861,8472.954165307461,12798.77477167967,9651.587810536086,16030.027539610552
1,col_F2,2.8875,42147.81055767265,-5165.258403753386,6716.476599367861,8472.954165307461,13050.642644155963,9845.285000676839,16347.749391583371
1,col_F2,2.925,42147.81055767265,-5165.258403753386,6716.476599367861,8472.954165307461,13302.510516632257,10038.982190817587,16665.471774680263
1,col_F2,2.9625,42147.81055767265,-5165.258403753386,6716.476599367861,8472.954165307461,13554.378389108551,10232.67938095834,16983.194659092347
1,col_F2,3.0,42147.81055767265,-5165.258403753386,6716.476599367861,8472.954165307461,13806.246261584849,10426.376571099096,17300.91801720041
2,col_G2,0.0,92104.37888465472,-9180.500228936686,-6.331735742947812e-13,9180.500228936686,6.921232859815449e-13,-9010.754077845864,9010.754077845864
2,col_G2,0.0375,92104.37888465472,-9180.500228936686,-6.331735742947812e-13,9180.500228936686,6.683792769454905e-13,-8666.485319260739,8666.485319260739
2,col_G2,0.075,92104.37888465472,-9180.500228936686,-6.331735742947812e-13,9180.500228936686,6.446352679094362e-13,-8322.216560675613,8322.216560675613
2,col_G2,0.1125,92104.37888465472,-9180.500228936686,-6.331735742947812e-13,9180.500228936686,6.20891258873382e-13,-7977.947802090487,7977.947802090487
2,col_G2,0.15,92104.37888465472,-9180.500228936686,-6.331735742947812e-13,9180.500228936686,5.971472498373277e-13,-7633.679043505362,7633.679043505362
2,col_G2,0.1875,92104.37888465472,-9180.500228936686,-6.331735742947812e-13,9180.500228936686,5.734032408012734e-13,-7289.410284920235,7289.410284920235
2,col_G2,0.225,92104.37888465472,-9180.500228936686,-6.331735742947812e-13,9180.500228936686,5.496592317652191e-13,-6945.14152633511,6945.14152633511
2,col_G2,0.2625,92104.37888465472,-9180.500228936686,-6.331735742947812e-13,9180.500228936686,5.259152227291648e-13,-6600.872767749985,6600.872767749985
2,col_G2,0.3,92104.37888465472,-9180.500228936686,-6.331735742947812e-13,9180.500228936686,5.021712136931105e-13,-6256.604009164859,6256.604009164859
2,col_G2,0.3375,92104.37888465472,-9180.500228936686,-6.331735742947812e-13,9180.500228936686,4.784272046570561e-13,-5912.335250579732,5912.335250579732
2,col_G2,0.375,92104.37888465472,-9180.500228936686,-6.331735742947812e-13,9180.500228936686,4.546831956210019e-13,-5568.066491994607,5568.066491994607
2,col_G2,0.4125,92104.37888465472,-9180.500228936686,-6.331735742947812e-13,9180.500228936686,4.309391865849476e-13,-5223.797733409481,5223.797733409481
2,col_G2,0.45,92104.37888465472,-9180.500228936686,-6.331735742947812e-13,9180.500228936686,4.071951775488933e-13,-4879.528974824356,4879.528974824356
2,col_G2,0.4875,92104.37888465472,-9180.500228936686,-6.331735742947812e-13,9180.500228936686,3.83451168512839e-13,-4535.26021623923,4535.26021623923
2,col_G2,0.525,92104.37888465472,-9180.500228936686,-6.331735742947812e-13,9180.500228936686,3.597071594767847e-13,-4190.991457654104,4190.991457654104
2,col_G2,0.5625,92104.37888465472,-9180.500228936686,-6.331735742947812e-13,9180.500228936686,3.359631504407304e-13,-3846.7226990689787,3846.7226990689787
2,col_G2,0.6,92104.37888465472,-9180.500228936686,-6.331735742947812e-13,9180.500228936686,3.122191414046761e-13,-3502.4539404838533,3502.4539404838533
2,col_G2,0.6375,92104.37888465472,-9180.500228936686,-6.331735742947812e-13,9180.500228936686,2.8847513236862184e-13,-3158.185181898727,3158.185181898727
2,col_G2,0.675,92104.37888465472,-9180.500228936686,-6.331735742947812e-13,9180.500228936686,2.647311233325675e-13,-2813.9164233136007,2813.9164233136007
2,col_G2,0.7125,92104.37888465472,-9180.500228936686,-6.331735742947812e-13,9180.500228936686,2.409871142965132e-13,-2469.6476647284753,2469.6476647284753
2,col_G2,0.75,92104.37888465472,-9180.500228936686,-6.331735742947812e-13,9180.500228936686,2.172431052604589e-13,-2125.37890614335,2125.37890614335
2,col_G2,0.7875,92104.37888465472,-9180.500228936686,-6.331735742947812e-13,9180.500228936686,1.934990962244047e-13,-1781.1101475582245,1781.1101475582245
2,col_G2,0.825,92104.37888465472,-9180.500228936686,-6.331735742947812e-13,9180.500228936686,1.6975508718835038e-13,-1436.8413889730991,1436.8413889730991
2,col_G2,0.8625,92104.37888465472,-9180.500228936686,-6.331735742947812e-13,9180.500228936686,1.4601107815229597e-13,-1092.5726303879728,1092.5726303879728
2,col_G2,0.9,92104.37888465472,-9180.500228936686,-6.331735742947812e-13,9180.500228936686,1.2226706911624176e-13,-748.3038718028474,748.3038718028474
2,col_G2,0.9375,92104.37888465472,-9180.500228936686,-6.331735742947812e-13,9180.500228936686,9.852306008018744e-14,-404.035113217722,404.035113217722
2,col_G2,0.975,92104.37888465472,-9180.500228936686,-6.331735742947812e-13,9180.500228936686,7.477905104413313e-14,-59.76635463259663,59.76635463259663
2,col_G2,1.0125,92104.37888465472,-9180.500228936686,-6.331735742947812e-13,9180.500228936686,5.103504200807892e-14,284.5024039525306,284.5024039525306
2,col_G2,1.05,92104.37888465472,-9180.500228936686,-6.331735742947812e-13,9180.500228936686,2.7291032972024506e-14,628.771162537656,628.771162537656
2,col_G2,1.0875,92104.37888465472,-9180.500228936686,-6.331735742947812e-13,9180.500228936686,3.547023935970294e-15,973.0399211227814,973.0399211227814
2,col_G2,1.125,92104.37888465472,-9180.500228936686,-6.331735742947812e-13,9180.500228936686,-2.019698510008402e-14,1317.3086797079068,1317.3086797079068
2,col_G2,1.1625,92104.37888465472,-9180.500228936686,-6.331735742947812e-13,9180.500228936686,-4.394099413613843e-14,1661.577438293034,1661.577438293034
2,col_G2,1.2,92104.37888465472,-9180.500228936686,-6.331735742947812e-13,9180.500228936686,-6.768500317219264e-14,2005.8461968781576,2005.8461968781576
2,col_G2,1.2375,92104.37888465472,-9180.500228936686,-6.331735742947812e-13,9180.500228936686,-9.142901220824696e-14,2350.114955463285,2350.114955463285
2,col_G2,1.275,92104.37888465472,-9180.500228936686,-6.331735742947812e-13,9180.500228936686,-1.1517302124430117e-13,2694.38371404841,2694.38371404841
2,col_G2,1.3125,92104.37888465472,-9180.500228936686,-6.331735742947812e-13,9180.500228936686,-1.3891703028035548e-13,3038.6524726335356,3038.6524726335356
2,col_G2,1.35,92104.37888465472,-9180.500228936686,-6.331735742947812e-13,9180.500228936686,-1.626610393164099e-13,3382.921231218663,3382.921231218663
2,col_G2,1.3875,92104.37888465472,-9180.500228936686,-6.331735742947812e-13,9180.500228936686,-1.864050483524641e-13,3727.1899898037864,3727.1899898037864
2,col_G2,1.425,92104.37888465472,-9180.500228936686,-6.331735742947812e-13,9180.500228936686,-2.1014905738851842e-13,4071.4587483889136,4071.4587483889136
2,col_G2,1.4625,92104.37888465472,-9180.500228936686,-6.331735742947812e-13,9180.500228936686,-2.3389306642457273e-13,4415.727506974037,4415.727506974037
2,col_G2,1.5,92104.37888465472,-9180.500228936686,-6.331735742947812e-13,9180.500228936686,-2.5763707546062704e-13,4759.996265559164,4759.996265559164
2,col_G2,1.5375,92104.37888465472,-9180.500228936686,-6.331735742947812e-13,9180.500228936686,-2.8138108449668136e-13,5104.265024144292,5104.265024144292
2,col_G2,1.575,92104.37888465472,-9180.500228936686,-6.331735742947812e-13,9180.500228936686,-3.0512509353273547e-13,5448.533782729415,5448.533782729415
2,col_G2,1.6125,92104.37888465472,-9180.500228936686,-6.331735742947812e-13,9180.500228936686,-3.2886910256879e-13,5792.802541314542,5792.802541314542
2,col_G2,1.65,92104.37888465472,-9180.500228936686,-6.331735742947812e-13,9180.500228936686,-3.526131116048441e-13,6137.071299899666,6137.071299899666
2,col_G2,1.6875,92104.37888465472,-9180.500228936686,-6.331735742947812e-13,9180.500228936686,-3.763571206408984e-13,6481.340058484793,6481.340058484793
2,col_G2,1.725,92104.37888465472,-9180.500228936686,-6.331735742947812e-13,9180.500228936686,-4.001011296769529e-13,6825.608817069919,6825.608817069919
2,col_G2,1.7625,92104.37888465472,-9180.500228936686,-6.331735742947812e-13,9180.500228936686,-4.2384513871300703e-13,7169.877575655044,7169.877575655044
2,col_G2,1.8,92104.37888465472,-9180.500228936686,-6.331735742947812e-13,9180.500228936686,-4.4758914774906134e-13,7514.146334240169,7514.146334240169
2,col_G2,1.8375,92104.37888465472,-9180.500228936686,-6.331735742947812e-13,9180.500228936686,-4.713331567851157e-13,7858.415092825297,7858.415092825297
2,col_G2,1.875,92104.37888465472,-9180.500228936686,-6.331735742947812e-13,9180.500228936686,-4.9507716582117e-13,8202.68385141042,8202.68385141042
2,col_G2,1.9125,92104.37888465472,-9180.500228936686,-6.331735742947812e-13,9180.500228936686,-5.188211748572243e-13,8546.952609995547,8546.952609995547
2,col_G2,1.95,92104.37888465472,-9180.500228936686,-6.331735742947812e-13,9180.500228936686,-5.425651838932786e-13,8891.221368580671,8891.221368580671
2,col_G2,1.9875,92104.37888465472,-9180.500228936686,-6.331735742947812e-13,9180.500228936686,-5.663091929293329e-13,9235.490127165798,9235.490127165798
2,col_G2,2.025,92104.37888465472,-9180.500228936686,-6.331735742947812e-13,9180.500228936686,-5.90053201965387e-13,9579.758885750925,9579.758885750925
2,col_G2,2.0625,92104.37888465472,-9180.500228936686,-6.331735742947812e-13,9180.500228936686,-6.137972110014415e-13,9924.027644336049,9924.027644336049
2,col_G2,2.1,92104.37888465472,-9180.500228936686,-6.331735742947812e-13,9180.500228936686,-6.375412200374958e-13,10268.296402921176,10268.296402921176
2,col_G2,2.1375,92104.37888465472,-9180.500228936686,-6.331735742947812e-13,9180.500228936686,-6.612852290735502e-13,10612.565161506303,10612.565161506303
2,col_G2,2.175,92104.37888465472,-9180.500228936686,-6.331735742947812e-13,9180.500228936686,-6.850292381096043e-13,10956.833920091427,10956.833920091427
2,col_G2,2.2125,92104.37888465472,-9180.500228936686,-6.331735742947812e-13,9180.500228936686,-7.087732471456586e-13,11301.10267867655,11301.10267867655
2,col_G2,2.25,92104.37888465472,-9180.500228936686,-6.331735742947812e-13,9180.500228936686,-7.325172561817129e-13,11645.371437261678,11645.371437261678
2,col_G2,2.2875,92104.37888465472,-9180.500228936686,-6.331735742947812e-13,9180.500228936686,-7.562612652177672e-13,11989.640195846805,11989.640195846805
2,col_G2,2.325,92104.37888465472,-9180.500228936686,-6.331735742947812e-13,9180.500228936686,-7.800052742538217e-13,12333.908954431932,12333.908954431932
2,col_G2,2.3625,92104.37888465472,-9180.500228936686,-6.331735742947812e-13,9180.500228936686,-8.037492832898756e-13,12678.177713017056,12678.177713017056
2,col_G2,2.4,92104.37888465472,-9180.500228936686,-6.331735742947812e-13,9180.500228936686,-8.274932923259301e-13,13022.44647160218,13022.44647160218
2,col_G2,2.4375,92104.37888465472,-9180.500228936686,-6.331735742947812e-13,9180.500228936686,-8.512373013619845e-13,13366.715230187307,13366.715230187307
2,col_G2,2.475,92104.37888465472,-9180.500228936686,-6.331735742947812e-13,9180.500228936686,-8.749813103980388e-13,13710.983988772434,13710.983988772434
2,col_G2,2.5125,92104.37888465472,-9180.500228936686,-6.331735742947812e-13,9180.500228936686,-8.987253194340931e-13,14055.252747357561,14055.252747357561
2,col_G2,2.55,92104.37888465472,-9180.500228936686,-6.331735742947812e-13,9180.500228936686,-9.224693284701473e-13,14399.521505942685,14399.521505942685
2,col_G2,2.5875,92104.37888465472,-9180.500228936686,-6.331735742947812e-13,9180.500228936686,-9.462133375062016e-13,14743.790264527808,14743.790264527808
2,col_G2,2.625,92104.37888465472,-9180.500228936686,-6.331735742947812e-13,9180.500228936686,-9.69957346542256e-13,15088.059023112935,15088.059023112935
2,col_G2,2.6625,92104.37888465472,-9180.500228936686,-6.331735742947812e-13,9180.500228936686,-9.937013555783102e-13,15432.327781698063,15432.327781698063
2,col_G2,2.7,92104.37888465472,-9180.500228936686,-6.331735742947812e-13,9180.500228936686,-1.0174453646143645e-12,15776.59654028319,15776.59654028319
2,col_G2,2.7375,92104.37888465472,-9180.500228936686,-6.331735742947812e-13,9180.500228936686,-1.0411893736504189e-12,16120.86529886831,16120.86529886831
2,col_G2,2.775,92104.37888465472,-9180.500228936686,-6.331735742947812e-13,9180.500228936686,-1.0649333826864732e-12,16465.134057453437,16465.134057453437
2,col_G2,2.8125,92104.37888465472,-9180.500228936686,-6.331735742947812e-13,9180.500228936686,-1.0886773917225275e-12,16809.402816038564,16809.402816038564
2,col_G2,2.85,92104.37888465472,-9180.500228936686,-6.331735742947812e-13,9180.500228936686,-1.1124214007585818e-12,17153.67157462369,17153.67157462369
2,col_G2,2.8875,92104.37888465472,-9180.500228936686,-6.331735742947812e-13,9180.500228936686,-1.1361654097946361e-12,17497.94033320882,17497.94033320882
2,col_G2,2.925,92104.37888465472,-9180.500228936686,-6.331735742947812e-13,9180.500228936686,-1.1599094188306904e-12,17842.20909179394,17842.20909179394
2,col_G2,2.9625,92104.37888465472,-9180.500228936686,-6.331735742947812e-13,9180.500228936686,-1.1836534278667447e-12,18186.477850379066,18186.477850379066
2,col_G2,3.0,92104.37888465472,-9180.500228936686,-6.331735742947812e-13,9180.500228936686,-1.207397436902799e-12,18530.746608964193,18530.746608964193
3,col_H2,0.0,42147.81055767266,-5165.258403753382,-6716.476599367859,8472.954165307456,6343.183536518734,-5069.398640161061,8120.023395953311
3,col_H2,0.0375,42147.81055767266,-5165.258403753382,-6716.476599367859,8472.954165307456,6091.3156640424395,-4875.7014500203095,7802.345233885702
3,col_H2,0.075,42147.81055767266,-5165.258403753382,-6716.476599367859,8472.954165307456,5839.447791566145,-4682.004259879557,7484.671963416769
3,col_H2,0.1125,42147.81055767266,-5165.258403753382,-6716.476599367859,8472.954165307456,5587.579919089851,-4488.307069738806,7167.004234998294
3,col_H2,0.15,42147.81055767266,-5165.258403753382,-6716.476599367859,8472.954165307456,5335.712046613556,-4294.609879598053,6849.342819739586
3,col_H2,0.1875,42147.81055767266,-5165.258403753382,-6716.476599367859,8472.954165307456,5083.844174137261,-4100.912689457302,6531.688638741232
3,col_H2,0.225,42147.81055767266,-5165.258403753382,-6716.476599367859,8472.954165307456,4831.976301660966,-3907.21549931655,6214.042801422651
3,col_H2,0.2625,42147.81055767266,-5165.258403753382,-6716.476599367859,8472.954165307456,4580.108429184671,-3713.518309175798,5896.406656233299
3,col_H2,0.3,42147.81055767266,-5165.258403753382,-6716.476599367859,8472.954165307456,4328.240556708377,-3519.8211190350466,5578.781858680295
3,col_H2,0.3375,42147.81055767266,-5165.258403753382,-6716.476599367859,8472.954165307456,4076.3726842320816,-3326.1239288942943,5261.170463985812
3,col_H2,0.375,42147.81055767266,-5165.258403753382,-6716.476599367859,8472.954165307456,3824.504811755787,-3132.426738753543,4943.57505544331
3,col_H2,0.4125,42147.81055767266,-5165.258403753382,-6716.476599367859,8472.954165307456,3572.6369392794927,-2938.729548612791,4625.99892561534
3,col_H2,0.45,42147.81055767266,-5165.258403753382,-6716.476599367859,8472.954165307456,3320.769066803198,-2745.032358472039,4308.446337613543
3,col_H2,0.4875,42147.81055767266,-5165.258403753382,-6716.476599367859,8472.954165307456,3068.901194326903,-2551.3351683312876,3990.9229110200977
3,col_H2,0.525,42147.81055767266,-5165.258403753382,-6716.476599367859,8472.954165307456,2817.033321850608,-2357.6379781905357,3673.4362077791725
3,col_H2,0.5625,42147.81055767266,-5165.258403753382,-6716.476599367859,8472.954165307456,2565.1654493743135,-2163.940788049784,3355.9966503036385
3,col_H2,0.6,42147.81055767266,-5165.258403753382,-6716.476599367859,8472.954165307456,2313.297576898019,-1970.243597909032,3038.619014352371
3,col_H2,0.6375,42147.81055767266,-5165.258403753382,-6716.476599367859,8472.954165307456,2061.4297044217246,-1776.5464077682805,2721.324965017339
3,col_H2,0.675,42147.81055767266,-5165.258403753382,-6716.476599367859,8472.954165307456,1809.5618319454288,-1582.849217627528,2404.1475972530834
3,col_H2,0.7125,42147.81055767266,-5165.258403753382,-6716.476599367859,8472.954165307456,1557.6939594691348,-1389.1520274867767,2087.1401071411697
3,col_H2,0.75,42147.81055767266,-5165.258403753382,-6716.476599367859,8472.954165307456,1305.82608699284,-1195.4548373460248,1770.393752136807
3,col_H2,0.7875,42147.81055767266,-5165.258403753382,-6716.476599367859,8472.954165307456,1053.958214516545,-1001.7576472052729,1454.0791937446693
3,col_H2,0.825,42147.81055767266,-5165.258403753382,-6716.476599367859,8472.954165307456,802.090342040251,-808.060457064521,1138.5563750054582
3,col_H2,0.8625,42147.81055767266,-5165.258403753382,-6716.476599367859,8472.954165307456,550.2224695639552,-614.3632669237695,824.7344965249753
3,col_H2,0.9,42147.81055767266,-5165.258403753382,-6716.476599367859,8472.954165307456,298.3545970876612,-420.66607678301716,515.7280424403505
3,col_H2,0.9375,42147.81055767266,-5165.258403753382,-6716.476599367859,8472.954165307456,46.4867246113663,-226.96888664226572,231.6805798264556
3,col_H2,0.975,42147.81055767266,-5165.258403753382,-6716.476599367859,8472.954165307456,-205.3811478649286,-33.27169650151427,208.0586976946759
3,col_H2,1.0125,42147.81055767266,-5165.258403753382,-6716.476599367859,8472.954165307456,-457.2490203412226,160.42549363923808,484.5750773743951
3,col_H2,1.05,42147.81055767266,-5165.258403753382,-6716.476599367859,8472.954165307456,-709.1168928175184,354.12268377998953,792.6220050230213
3,col_H2,1.0875,42147.81055767266,-5165.258403753382,-6716.476599367859,8472.954165307456,-960.9847652938124,547.819873920741,1106.1637913931825
3,col_H2,1.125,42147.81055767266,-5165.258403753382,-6716.476599367859,8472.954165307456,-1212.8526377701073,741.5170640614933,1421.569230547807
3,col_H2,1.1625,42147.81055767266,-5165.258403753382,-6716.476599367859,8472.954165307456,-1464.7205102464022,935.2142542022457,1737.8238905020105
3,col_H2,1.2,42147.81055767266,-5165.258403753382,-6716.476599367859,8472.954165307456,-1716.5883827226962,1128.9114443429971,2054.535647017864
3,col_H2,1.2375,42147.81055767266,-5165.258403753382,-6716.476599367859,8472.954165307456,-1968.4562551989911,1322.6086344837486,2371.5213742749615
3,col_H2,1.275,42147.81055767266,-5165.258403753382,-6716.476599367859,8472.954165307456,-2220.324127675285,1516.3058246245,2688.684173666963
3,col_H2,1.3125,42147.81055767266,-5165.258403753382,-6716.476599367859,8472.954165307456,-2472.192000151581,1710.0030147652524,3005.9679965228715
3,col_H2,1.35,42147.81055767266,-5165.258403753382,-6716.476599367859,8472.954165307456,-2724.0598726278768,1903.7002049060047,3323.338180176758
3,col_H2,1.3875,42147.81055767266,-5165.258403753382,-6716.476599367859,8472.954165307456,-2975.9277451041708,2097.397395046756,3640.7721401963227
3,col_H2,1.425,42147.81055767266,-5165.258403753382,-6716.476599367859,8472.954165307456,-3227.7956175804648,2291.0945851875076,3958.254532890371
3,col_H2,1.4625,42147.81055767266,-5165.258403753382,-6716.476599367859,8472.954165307456,-3479.6634900567587,2484.791775328259,4275.774569685936
3,col_H2,1.5,42147.81055767266,-5165.258403753382,-6716.476599367859,8472.954165307456,-3731.5313625330546,2678.4889654690114,4593.324443984667
3,col_H2,1.5375,42147.81055767266,-5165.258403753382,-6716.476599367859,8472.954165307456,-3983.3992350093504,2872.186155609764,4910.898367707224
3,col_H2,1.575,42147.81055767266,-5165.258403753382,-6716.476599367859,8472.954165307456,-4235.267107485644,3065.883345750515,5228.49195863398
3,col_H2,1.6125,42147.81055767266,-5165.258403753382,-6716.476599367859,8472.954165307456,-4487.134979961938,3259.5805358912667,5546.101838080439
3,col_H2,1.65,42147.81055767266,-5165.258403753382,-6716.476599367859,8472.954165307456,-4739.002852438232,3453.277726032019,5863.725359234228
3,col_H2,1.6875,42147.81055767266,-5165.258403753382,-6716.476599367859,8472.954165307456,-4990.870724914528,3646.9749161727696,6181.360419195943
3,col_H2,1.725,42147.81055767266,-5165.258403753382,-6716.476599367859,8472.954165307456,-5242.738597390824,3840.672106313522,6499.0053261084695
3,col_H2,1.7625,42147.81055767266,-5165.258403753382,-6716.476599367859,8472.954165307456,-5494.606469867118,4034.3692964542743,6816.658703417573
3,col_H2,1.8,42147.81055767266,-5165.258403753382,-6716.476599367859,8472.954165307456,-5746.474342343412,4228.066486595027,7134.319419697941
3,col_H2,1.8375,42147.81055767266,-5165.258403753382,-6716.476599367859,8472.954165307456,-5998.342214819706,4421.763676735777,7451.98653642021
3,col_H2,1.875,42147.81055767266,-5165.258403753382,-6716.476599367859,8472.954165307456,-6250.210087296002,4615.4608668765295,7769.65926852686
3,col_H2,1.9125,42147.81055767266,-5165.258403753382,-6716.476599367859,8472.954165307456,-6502.077959772298,4809.158057017282,8087.33695429657
3,col_H2,1.95,42147.81055767266,-5165.258403753382,-6716.476599367859,8472.954165307456,-6753.945832248592,5002.855247158032,8405.019032040604
3,col_H2,1.9875,42147.81055767266,-5165.258403753382,-6716.476599367859,8472.954165307456,-7005.813704724886,5196.552437298785,8722.705021890111
3,col_H2,2.025,42147.81055767266,-5165.258403753382,-6716.476599367859,8472.954165307456,-7257.68157720118,5390.249627439537,9040.394511422468
3,col_H2,2.0625,42147.81055767266,-5165.258403753382,-6716.476599367859,8472.954165307456,-7509.549449677475,5583.9468175802895,9358.087144214693
3,col_H2,2.1,42147.81055767266,-5165.258403753382,-6716.476599367859,8472.954165307456,-7761.417322153771,5777.64400772104,9675.782610651371
3,col_H2,2.1375,42147.81055767266,-5165.258403753382,-6716.476599367859,8472.954165307456,-8013.285194630065,5971.341197861792,9993.48064048552
3,col_H2,2.175,42147.81055767266,-5165.258403753382,-6716.476599367859,8472.954165307456,-8265.15306710636,6165.038388002543,10311.180996774456
3,col_H2,2.2125,42147.81055767266,-5165.258403753382,-6716.476599367859,8472.954165307456,-8517.020939582653,6358.735578143295,10628.883470902987
3,col_H2,2.25,42147.81055767266,-5165.258403753382,-6716.476599367859,8472.954165307456,-8768.888812058949,6552.432768284048,10946.587878473143
3,col_H2,2.2875,42147.81055767266,-5165.258403753382,-6716.476599367859,8472.954165307456,-9020.756684535245,6746.1299584248,11264.294055889339
3,col_H2,2.325,42147.81055767266,-5165.258403753382,-6716.476599367859,8472.954165307456,-9272.624557011539,6939.827148565552,11582.001857505504
3,col_H2,2.3625,42147.81055767266,-5165.258403753382,-6716.476599367859,8472.954165307456,-9524.492429487833,7133.524338706303,11899.711153229151
3,col_H2,2.4,42147.81055767266,-5165.258403753382,-6716.476599367859,8472.954165307456,-9776.360301964127,7327.221528847055,12217.421826499234
3,col_H2,2.4375,42147.81055767266,-5165.258403753382,-6716.476599367859,8472.954165307456,-10028.228174440423,7520.918718987806,12535.133772571471
3,col_H2,2.475,42147.81055767266,-5165.258403753382,-6716.476599367859,8472.954165307456,-10280.096046916717,7714.615909128558,12852.846897057949
3,col_H2,2.5125,42147.81055767266,-5165.258403753382,-6716.476599367859,8472.954165307456,-10531.963919393014,7908.31309926931,13170.5611146781
3,col_H2,2.55,42147.81055767266,-5165.258403753382,-6716.476599367859,8472.954165307456,-10783.831791869305,8102.010289410061,13488.27634818614
3,col_H2,2.5875,42147.81055767266,-5165.258403753382,-6716.476599367859,8472.954165307456,-11035.699664345602,8295.707479550812,13805.992527446657
3,col_H2,2.625,42147.81055767266,-5165.258403753382,-6716.476599367859,8472.954165307456,-11287.567536821896,8489.404669691565,14123.709588634867
3,col_H2,2.6625,42147.81055767266,-5165.258403753382,-6716.476599367859,8472.954165307456,-11539.43540929819,8683.101859832317,14441.427473542508
3,col_H2,2.7,42147.81055767266,-5165.258403753382,-6716.476599367859,8472.954165307456,-11791.303281774488,8876.79904997307,14759.146128973336
3,col_H2,2.7375,42147.81055767266,-5165.258403753382,-6716.476599367859,8472.954165307456,-12043.171154250778,9070.496240113822,15076.865506215043
3,col_H2,2.775,42147.81055767266,-5165.258403753382,-6716.476599367859,8472.954165307456,-12295.039026727076,9264.193430254574,15394.585560576612
3,col_H2,2.8125,42147.81055767266,-5165.258403753382,-6716.476599367859,8472.954165307456,-12546.90689920337,9457.890620395327,15712.306250981714
3,col_H2,2.85,42147.81055767266,-5165.258403753382,-6716.476599367859,8472.954165307456,-12798.774771679664,9651.587810536075,16030.02753961054
3,col_H2,2.8875,42147.81055767266,-5165.258403753382,-6716.476599367859,8472.954165307456,-13050.642644155962,9845.285000676828,16347.749391583364
3,col_H2,2.925,42147.81055767266,-5165.258403753382,-6716.476599367859,8472.954165307456,-13302.510516632252,10038.98219081758,16665.471774680253
3,col_H2,2.9625,42147.81055767266,-5165.258403753382,-6716.476599367859,8472.954165307456,-13554.37838910855,10232.679380958332,16983.194659092343
3,col_H2,3.0,42147.81055767266,-5165.258403753382,-6716.476599367859,8472.954165307456,-13806.246261584844,10426.376571099085,17300.918017200398
4,col_F3,0.0,42147.81055767264,5165.258403753386,6716.476599367856,8472.954165307456,-6343.183536518732,5069.398640161065,8120.023395953311
4,col_F3,0.0375,42147.81055767264,5165.258403753386,6716.476599367856,8472.954165307456,-6091.315664042437,4875.701450020312,7802.345233885701
4,col_F3,0.075,42147.81055767264,5165.258403753386,6716.476599367856,8472.954165307456,-5839.447791566143,4682.004259879561,7484.67196341677
4,col_F3,0.1125,42147.81055767264,5165.258403753386,6716.476599367856,8472.954165307456,-5587.579919089848,4488.307069738808,7167.004234998294
4,col_F3,0.15,42147.81055767264,5165.258403753386,6716.476599367856,8472.954165307456,-5335.712046613553,4294.609879598057,6849.342819739586
4,col_F3,0.1875,42147.81055767264,5165.258403753386,6716.476599367856,8472.954165307456,-5083.844174137259,4100.912689457305,6531.688638741232
4,col_F3,0.225,42147.81055767264,5165.258403753386,6716.476599367856,8472.954165307456,-4831.976301660964,3907.2154993165527,6214.042801422651
4,col_F3,0.2625,42147.81055767264,5165.258403753386,6716.476599367856,8472.954165307456,-4580.108429184669,3713.518309175801,5896.406656233299
4,col_F3,0.3,42147.81055767264,5165.258403753386,6716.476599367856,8472.954165307456,-4328.240556708375,3519.8211190350485,5578.781858680295
4,col_F3,0.3375,42147.81055767264,5165.258403753386,6716.476599367856,8472.954165307456,-4076.3726842320802,3326.1239288942966,5261.170463985813
4,col_F3,0.375,42147.81055767264,5165.258403753386,6716.476599367856,8472.954165307456,-3824.504811755786,3132.4267387535447,4943.57505544331
4,col_F3,0.4125,42147.81055767264,5165.258403753386,6716.476599367856,8472.954165307456,-3572.6369392794913,2938.7295486127928,4625.99892561534
4,col_F3,0.45,42147.81055767264,5165.258403753386,6716.476599367856,8472.954165307456,-3320.7690668031964,2745.032358472041,4308.446337613543
4,col_F3,0.4875,42147.81055767264,5165.258403753386,6716.476599367856,8472.954165307456,-3068.901194326902,2551.335168331289,3990.9229110200977
4,col_F3,0.525,42147.81055767264,5165.258403753386,6716.476599367856,8472.954165307456,-2817.033321850607,2357.6379781905366,3673.4362077791725
4,col_F3,0.5625,42147.81055767264,5165.258403753386,6716.476599367856,8472.954165307456,-2565.1654493743126,2163.9407880497847,3355.9966503036385
4,col_F3,0.6,42147.81055767264,5165.258403753386,6716.476599367856,8472.954165307456,-2313.2975768980186,1970.2435979090328,3038.619014352371
4,col_F3,0.6375,42147.81055767264,5165.258403753386,6716.476599367856,8472.954165307456,-2061.4297044217237,1776.5464077682814,2721.324965017339
4,col_F3,0.675,42147.81055767264,5165.258403753386,6716.476599367856,8472.954165307456,-1809.5618319454288,1582.8492176275286,2404.147597253084
4,col_F3,0.7125,42147.81055767264,5165.258403753386,6716.476599367856,8472.954165307456,-1557.693959469134,1389.1520274867767,2087.1401071411688
4,col_F3,0.75,42147.81055767264,5165.258403753386,6716.476599367856,8472.954165307456,-1305.82608699284,1195.4548373460248,1770.393752136807
4,col_F3,0.7875,42147.81055767264,5165.258403753386,6716.476599367856,8472.954165307456,-1053.958214516546,1001.7576472052733,1454.0791937446702
4,col_F3,0.825,42147.81055767264,5165.258403753386,6716.476599367856,8472.954165307456,-802.090342040251,808.060457064521,1138.5563750054582
4,col_F3,0.8625,42147.81055767264,5165.258403753386,6716.476599367856,8472.954165307456,-550.2224695639561,614.3632669237686,824.7344965249753
4,col_F3,0.9,42147.81055767264,5165.258403753386,6716.476599367856,8472.954165307456,-298.3545970876612,420.66607678301716,515.7280424403505
4,col_F3,0.9375,42147.81055767264,5165.258403753386,6716.476599367856,8472.954165307456,-46.48672461136721,226.9688866422648,231.6805798264549
4,col_F3,0.975,42147.81055767264,5165.258403753386,6716.476599367856,8472.954165307456,205.3811478649277,33.27169650151336,208.0586976946749
4,col_F3,1.0125,42147.81055767264,5165.258403753386,6716.476599367856,8472.954165307456,457.2490203412217,-160.425493639239,484.57507737439454
4,col_F3,1.05,42147.81055767264,5165.258403753386,6716.476599367856,8472.954165307456,709.1168928175175,-354.12268377999135,792.6220050230213
4,col_F3,1.0875,42147.81055767264,5165.258403753386,6716.476599367856,8472.954165307456,960.9847652938106,-547.8198739207428,1106.1637913931818
4,col_F3,1.125,42147.81055767264,5165.258403753386,6716.476599367856,8472.954165307456,1212.8526377701064,-741.5170640614951,1421.5692305478071
4,col_F3,1.1625,42147.81055767264,5165.258403753386,6716.476599367856,8472.954165307456,1464.7205102464013,-935.2142542022475,1737.8238905020107
4,col_F3,1.2,42147.81055767264,5165.258403753386,6716.476599367856,8472.954165307456,1716.5883827226944,-1128.911444342999,2054.5356470178635
4,col_F3,1.2375,42147.81055767264,5165.258403753386,6716.476599367856,8472.954165307456,1968.4562551989902,-1322.6086344837513,2371.521374274962
4,col_F3,1.275,42147.81055767264,5165.258403753386,6716.476599367856,8472.954165307456,2220.324127675284,-1516.3058246245018,2688.6841736669635
4,col_F3,1.3125,42147.81055767264,5165.258403753386,6716.476599367856,8472.954165307456,2472.192000151578,-1710.003014765255,3005.9679965228706
4,col_F3,1.35,42147.81055767264,5165.258403753386,6716.476599367856,8472.954165307456,2724.059872627874,-1903.7002049060075,3323.3381801767578
4,col_F3,1.3875,42147.81055767264,5165.258403753386,6716.476599367856,8472.954165307456,2975.927745104168,-2097.397395046758,3640.7721401963217
4,col_F3,1.425,42147.81055767264,5165.258403753386,6716.476599367856,8472.954165307456,3227.795617580464,-2291.0945851875113,3958.2545328903725
4,col_F3,1.4625,42147.81055767264,5165.258403753386,6716.476599367856,8472.954165307456,3479.663490056756,-2484.791775328262,4275.774569685935
4,col_F3,1.5,42147.81055767264,5165.258403753386,6716.476599367856,8472.954165307456,3731.531362533052,-2678.488965469015,4593.324443984667
4,col_F3,1.5375,42147.81055767264,5165.258403753386,6716.476599367856,8472.954165307456,3983.3992350093476,-2872.1861556097674,4910.898367707224
4,col_F3,1.575,42147.81055767264,5165.258403753386,6716.476599367856,8472.954165307456,4235.26710748564,-3065.883345750518,5228.491958633977
4,col_F3,1.6125,42147.81055767264,5165.258403753386,6716.476599367856,8472.954165307456,4487.134979961936,-3259.5805358912703,5546.101838080439
4,col_F3,1.65,42147.81055767264,5165.258403753386,6716.476599367856,8472.954165307456,4739.00285243823,-3453.2777260320227,5863.725359234228
4,col_F3,1.6875,42147.81055767264,5165.258403753386,6716.476599367856,8472.954165307456,4990.870724914525,-3646.974916172775,6181.360419195944
4,col_F3,1.725,42147.81055767264,5165.258403753386,6716.476599367856,8472.954165307456,5242.738597390819,-3840.6721063135274,6499.005326108469
4,col_F3,1.7625,42147.81055767264,5165.258403753386,6716.476599367856,8472.954165307456,5494.606469867113,-4034.369296454278,6816.658703417572
4,col_F3,1.8,42147.81055767264,5165.258403753386,6716.476599367856,8472.954165307456,5746.474342343409,-4228.06648659503,7134.31941969794
4,col_F3,1.8375,42147.81055767264,5165.258403753386,6716.476599367856,8472.954165307456,5998.342214819703,-4421.763676735783,7451.9865364202105
4,col_F3,1.875,42147.81055767264,5165.258403753386,6716.476599367856,8472.954165307456,6250.210087295997,-4615.460866876535,7769.65926852686
4,col_F3,1.9125,42147.81055767264,5165.258403753386,6716.476599367856,8472.954165307456,6502.077959772293,-4809.158057017287,8087.336954296569
4,col_F3,1.95,42147.81055767264,5165.258403753386,6716.476599367856,8472.954165307456,6753.945832248587,-5002.855247158038,8405.019032040604
4,col_F3,1.9875,42147.81055767264,5165.258403753386,6716.476599367856,8472.954165307456,7005.813704724881,-5196.55243729879,8722.705021890111
4,col_F3,2.025,42147.81055767264,5165.258403753386,6716.476599367856,8472.954165307456,7257.681577201175,-5390.249627439543,9040.394511422466
4,col_F3,2.0625,42147.81055767264,5165.258403753386,6716.476599367856,8472.954165307456,7509.549449677471,-5583.946817580295,9358.087144214693
4,col_F3,2.1,42147.81055767264,5165.258403753386,6716.476599367856,8472.954165307456,7761.417322153767,-5777.644007721047,9675.782610651371
4,col_F3,2.1375,42147.81055767264,5165.258403753386,6716.476599367856,8472.954165307456,8013.285194630061,-5971.3411978618,9993.480640485523
4,col_F3,2.175,42147.81055767264,5165.258403753386,6716.476599367856,8472.954165307456,8265.153067106352,-6165.03838800255,10311.180996774454
4,col_F3,2.2125,42147.81055767264,5165.258403753386,6716.476599367856,8472.954165307456,8517.02093958265,-6358.7355781433025,10628.883470902989
4,col_F3,2.25,42147.81055767264,5165.258403753386,6716.476599367856,8472.954165307456,8768.888812058944,-6552.432768284055,10946.587878473143
4,col_F3,2.2875,42147.81055767264,5165.258403753386,6716.476599367856,8472.954165307456,9020.756684535238,-6746.129958424807,11264.294055889337
4,col_F3,2.325,42147.81055767264,5165.258403753386,6716.476599367856,8472.954165307456,9272.624557011535,-6939.82714856556,11582.001857505504
4,col_F3,2.3625,42147.81055767264,5165.258403753386,6716.476599367856,8472.954165307456,9524.492429487826,-7133.52433870631,11899.71115322915
4,col_F3,2.4,42147.81055767264,5165.258403753386,6716.476599367856,8472.954165307456,9776.36030196412,-7327.2215288470625,12217.421826499232
4,col_F3,2.4375,42147.81055767264,5165.258403753386,6716.476599367856,8472.954165307456,10028.228174440417,-7520.918718987815,12535.133772571471
4,col_F3,2.475,42147.81055767264,5165.258403753386,6716.476599367856,8472.954165307456,10280.096046916711,-7714.615909128567,12852.84689705795
4,col_F3,2.5125,42147.81055767264,5165.258403753386,6716.476599367856,8472.954165307456,10531.963919393005,-7908.3130992693195,13170.561114678098
4,col_F3,2.55,42147.81055767264,5165.258403753386,6716.476599367856,8472.954165307456,10783.8317918693,-8102.010289410068,13488.27634818614
4,col_F3,2.5875,42147.81055767264,5165.258403753386,6716.476599367856,8472.954165307456,11035.699664345593,-8295.707479550823,13805.992527446657
4,col_F3,2.625,42147.81055767264,5165.258403753386,6716.476599367856,8472.954165307456,11287.567536821887,-8489.404669691576,14123.709588634865
4,col_F3,2.6625,42147.81055767264,5165.258403753386,6716.476599367856,8472.954165307456,11539.435409298185,-8683.101859832328,14441.42747354251
4,col_F3,2.7,42147.81055767264,5165.258403753386,6716.476599367856,8472.954165307456,11791.303281774479,-8876.79904997308,14759.146128973334
4,col_F3,2.7375,42147.81055767264,5165.258403753386,6716.476599367856,8472.954165307456,12043.171154250773,-9070.49624011383,15076.865506215043
4,col_F3,2.775,42147.81055767264,5165.258403753386,6716.476599367856,8472.954165307456,12295.039026727067,-9264.193430254581,15394.585560576608
4,col_F3,2.8125,42147.81055767264,5165.258403753386,6716.476599367856,8472.954165307456,12546.90689920336,-9457.890620395334,15712.30625098171
4,col_F3,2.85,42147.81055767264,5165.258403753386,6716.476599367856,8472.954165307456,12798.774771679658,-9651.587810536086,16030.027539610544
4,col_F3,2.8875,42147.81055767264,5165.258403753386,6716.476599367856,8472.954165307456,13050.642644155952,-9845.285000676839,16347.749391583362
4,col_F3,2.925,42147.81055767264,5165.258403753386,6716.476599367856,8472.954165307456,13302.510516632243,-10038.982190817587,16665.47177468025
4,col_F3,2.9625,42147.81055767264,5165.258403753386,6716.476599367856,8472.954165307456,13554.37838910854,-10232.67938095834,16983.19465909234
4,col_F3,3.0,42147.81055767264,5165.258403753386,6716.476599367856,8472.954165307456,13806.246261584834,-10426.376571099096,17300.918017200398
5,col_G3,0.0,92104.37888465475,9180.500228936684,1.91554856377423e-12,9180.500228936684,-2.753357732034444e-12,9010.754077845859,9010.754077845859
5,col_G3,0.0375,92104.37888465475,9180.500228936684,1.91554856377423e-12,9180.500228936684,-2.6815246608929104e-12,8666.485319260733,8666.485319260733
5,col_G3,0.075,92104.37888465475,9180.500228936684,1.91554856377423e-12,9180.500228936684,-2.6096915897513765e-12,8322.216560675608,8322.216560675608
5,col_G3,0.1125,92104.37888465475,9180.500228936684,1.91554856377423e-12,9180.500228936684,-2.537858518609843e-12,7977.947802090482,7977.947802090482
5,col_G3,0.15,92104.37888465475,9180.500228936684,1.91554856377423e-12,9180.500228936684,-2.4660254474683095e-12,7633.679043505356,7633.679043505356
5,col_G3,0.1875,92104.37888465475,9180.500228936684,1.91554856377423e-12,9180.500228936684,-2.394192376326776e-12,7289.41028492023,7289.41028492023
5,col_G3,0.225,92104.37888465475,9180.500228936684,1.91554856377423e-12,9180.500228936684,-2.322359305185242e-12,6945.141526335105,6945.141526335105
5,col_G3,0.2625,92104.37888465475,9180.500228936684,1.91554856377423e-12,9180.500228936684,-2.2505262340437086e-12,6600.872767749979,6600.872767749979
5,col_G3,0.3,92104.37888465475,9180.500228936684,1.91554856377423e-12,9180.500228936684,-2.178693162902175e-12,6256.604009164854,6256.604009164854
5,col_G3,0.3375,92104.37888465475,9180.500228936684,1.91554856377423e-12,9180.500228936684,-2.106860091760641e-12,5912.335250579728,5912.335250579728
5,col_G3,0.375,92104.37888465475,9180.500228936684,1.91554856377423e-12,9180.500228936684,-2.0350270206191077e-12,5568.066491994602,5568.066491994602
5,col_G3,0.4125,92104.37888465475,9180.500228936684,1.91554856377423e-12,9180.500228936684,-1.963193949477574e-12,5223.797733409477,5223.797733409477
5,col_G3,0.45,92104.37888465475,9180.500228936684,1.91554856377423e-12,9180.500228936684,-1.8913608783360402e-12,4879.528974824351,4879.528974824351
5,col_G3,0.4875,92104.37888465475,9180.500228936684,1.91554856377423e-12,9180.500228936684,-1.8195278071945067e-12,4535.260216239226,4535.260216239226
5,col_G3,0.525,92104.37888465475,9180.500228936684,1.91554856377423e-12,9180.500228936684,-1.747694736052973e-12,4190.9914576541,4190.9914576541
5,col_G3,0.5625,92104.37888465475,9180.500228936684,1.91554856377423e-12,9180.500228936684,-1.6758616649114395e-12,3846.722699068974,3846.722699068974
5,col_G3,0.6,92104.37888465475,9180.500228936684,1.91554856377423e-12,9180.500228936684,-1.604028593769906e-12,3502.453940483849,3502.453940483849
5,col_G3,0.6375,92104.37888465475,9180.500228936684,1.91554856377423e-12,9180.500228936684,-1.5321955226283723e-12,3158.1851818987234,3158.1851818987234
5,col_G3,0.675,92104.37888465475,9180.500228936684,1.91554856377423e-12,9180.500228936684,-1.4603624514868386e-12,2813.916423313597,2813.916423313597
5,col_G3,0.7125,92104.37888465475,9180.500228936684,1.91554856377423e-12,9180.500228936684,-1.388529380345305e-12,2469.6476647284717,2469.6476647284717
5,col_G3,0.75,92104.37888465475,9180.500228936684,1.91554856377423e-12,9180.500228936684,-1.3166963092037714e-12,2125.3789061433454,2125.3789061433454
5,col_G3,0.7875,92104.37888465475,9180.500228936684,1.91554856377423e-12,9180.500228936684,-1.244863238062238e-12,1781.11014755822,1781.11014755822
5,col_G3,0.825,92104.37888465475,9180.500228936684,1.91554856377423e-12,9180.500228936684,-1.1730301669207042e-12,1436.8413889730946,1436.8413889730946
5,col_G3,0.8625,92104.37888465475,9180.500228936684,1.91554856377423e-12,9180.500228936684,-1.1011970957791705e-12,1092.5726303879683,1092.5726303879683
5,col_G3,0.9,92104.37888465475,9180.500228936684,1.91554856377423e-12,9180.500228936684,-1.0293640246376368e-12,748.3038718028438,748.3038718028438
5,col_G3,0.9375,92104.37888465475,9180.500228936684,1.91554856377423e-12,9180.500228936684,-9.575309534961033e-13,404.0351132177184,404.0351132177184
5,col_G3,0.975,92104.37888465475,9180.500228936684,1.91554856377423e-12,9180.500228936684,-8.856978823545696e-13,59.76635463259299,59.76635463259299
5,col_G3,1.0125,92104.37888465475,9180.500228936684,1.91554856377423e-12,9180.500228936684,-8.138648112130361e-13,-284.5024039525324,284.5024039525324
5,col_G3,1.05,92104.37888465475,9180.500228936684,1.91554856377423e-12,9180.500228936684,-7.420317400715022e-13,-628.7711625376596,628.7711625376596
5,col_G3,1.0875,92104.37888465475,9180.500228936684,1.91554856377423e-12,9180.500228936684,-6.701986689299691e-13,-973.039921122785,973.039921122785
5,col_G3,1.125,92104.37888465475,9180.500228936684,1.91554856377423e-12,9180.500228936684,-5.983655977884352e-13,-1317.3086797079104,1317.3086797079104
5,col_G3,1.1625,92104.37888465475,9180.500228936684,1.91554856377423e-12,9180.500228936684,-5.265325266469013e-13,-1661.5774382930376,1661.5774382930376
5,col_G3,1.2,92104.37888465475,9180.500228936684,1.91554856377423e-12,9180.500228936684,-4.546994555053682e-13,-2005.8461968781612,2005.8461968781612
5,col_G3,1.2375,92104.37888465475,9180.500228936684,1.91554856377423e-12,9180.500228936684,-3.8286638436383427e-13,-2350.1149554632884,2350.1149554632884
5,col_G3,1.275,92104.37888465475,9180.500228936684,1.91554856377423e-12,9180.500228936684,-3.1103331322230077e-13,-2694.383714048412,2694.383714048412
5,col_G3,1.3125,92104.37888465475,9180.500228936684,1.91554856377423e-12,9180.500228936684,-2.3920024208076686e-13,-3038.652472633539,3038.652472633539
5,col_G3,1.35,92104.37888465475,9180.500228936684,1.91554856377423e-12,9180.500228936684,-1.6736717093923336e-13,-3382.9212312186646,3382.9212312186646
5,col_G3,1.3875,92104.37888465475,9180.500228936684,1.91554856377423e-12,9180.500228936684,-9.553409979769986e-14,-3727.18998980379,3727.18998980379
5,col_G3,1.425,92104.37888465475,9180.500228936684,1.91554856377423e-12,9180.500228936684,-2.370102865616595e-14,-4071.4587483889154,4071.4587483889154
5,col_G3,1.4625,92104.37888465475,9180.500228936684,1.91554856377423e-12,9180.500228936684,4.813204248536715e-14,-4415.727506974041,4415.727506974041
5,col_G3,1.5,92104.37888465475,9180.500228936684,1.91554856377423e-12,9180.500228936684,1.1996511362690105e-13,-4759.996265559168,4759.996265559168
5,col_G3,1.5375,92104.37888465475,9180.500228936684,1.91554856377423e-12,9180.500228936684,1.9179818476843496e-13,-5104.265024144293,5104.265024144293
5,col_G3,1.575,92104.37888465475,9180.500228936684,1.91554856377423e-12,9180.500228936684,2.6363125590996806e-13,-5448.533782729419,5448.533782729419
5,col_G3,1.6125,92104.37888465475,9180.500228936684,1.91554856377423e-12,9180.500228936684,3.3546432705150197e-13,-5792.802541314544,5792.802541314544
5,col_G3,1.65,92104.37888465475,9180.500228936684,1.91554856377423e-12,9180.500228936684,4.0729739819303547e-13,-6137.07129989967,6137.07129989967
5,col_G3,1.6875,92104.37888465475,9180.500228936684,1.91554856377423e-12,9180.500228936684,4.79130469334569e-13,-6481.340058484795,6481.340058484795
5,col_G3,1.725,92104.37888465475,9180.500228936684,1.91554856377423e-12,9180.500228936684,5.509635404761029e-13,-6825.608817069922,6825.608817069922
5,col_G3,1.7625,92104.37888465475,9180.500228936684,1.91554856377423e-12,9180.500228936684,6.227966116176364e-13,-7169.877575655046,7169.877575655046
5,col_G3,1.8,92104.37888465475,9180.500228936684,1.91554856377423e-12,9180.500228936684,6.946296827591703e-13,-7514.146334240171,7514.146334240171
5,col_G3,1.8375,92104.37888465475,9180.500228936684,1.91554856377423e-12,9180.500228936684,7.664627539007034e-13,-7858.415092825298,7858.415092825298
5,col_G3,1.875,92104.37888465475,9180.500228936684,1.91554856377423e-12,9180.500228936684,8.382958250422373e-13,-8202.683851410422,8202.683851410422
5,col_G3,1.9125,92104.37888465475,9180.500228936684,1.91554856377423e-12,9180.500228936684,9.101288961837708e-13,-8546.95260999555,8546.95260999555
5,col_G3,1.95,92104.37888465475,9180.500228936684,1.91554856377423e-12,9180.500228936684,9.819619673253047e-13,-8891.221368580673,8891.221368580673
5,col_G3,1.9875,92104.37888465475,9180.500228936684,1.91554856377423e-12,9180.500228936684,1.0537950384668386e-12,-9235.4901271658,9235.4901271658
5,col_G3,2.025,92104.37888465475,9180.500228936684,1.91554856377423e-12,9180.500228936684,1.1256281096083717e-12,-9579.758885750924,9579.758885750924
5,col_G3,2.0625,92104.37888465475,9180.500228936684,1.91554856377423e-12,9180.500228936684,1.1974611807499056e-12,-9924.02764433605,9924.02764433605
5,col_G3,2.1,92104.37888465475,9180.500228936684,1.91554856377423e-12,9180.500228936684,1.2692942518914395e-12,-10268.296402921178,10268.296402921178
5,col_G3,2.1375,92104.37888465475,9180.500228936684,1.91554856377423e-12,9180.500228936684,1.3411273230329726e-12,-10612.565161506305,10612.565161506305
5,col_G3,2.175,92104.37888465475,9180.500228936684,1.91554856377423e-12,9180.500228936684,1.4129603941745057e-12,-10956.833920091429,10956.833920091429
5,col_G3,2.2125,92104.37888465475,9180.500228936684,1.91554856377423e-12,9180.500228936684,1.4847934653160396e-12,-11301.102678676552,11301.102678676552
5,col_G3,2.25,92104.37888465475,9180.500228936684,1.91554856377423e-12,9180.500228936684,1.5566265364575735e-12,-11645.37143726168,11645.37143726168
5,col_G3,2.2875,92104.37888465475,9180.500228936684,1.91554856377423e-12,9180.500228936684,1.6284596075991074e-12,-11989.640195846807,11989.640195846807
5,col_G3,2.325,92104.37888465475,9180.500228936684,1.91554856377423e-12,9180.500228936684,1.7002926787406413e-12,-12333.908954431934,12333.908954431934
5,col_G3,2.3625,92104.37888465475,9180.500228936684,1.91554856377423e-12,9180.500228936684,1.7721257498821744e-12,-12678.177713017054,12678.177713017054
5,col_G3,2.4,92104.37888465475,9180.500228936684,1.91554856377423e-12,9180.500228936684,1.8439588210237075e-12,-13022.446471602181,13022.446471602181
5,col_G3,2.4375,92104.37888465475,9180.500228936684,1.91554856377423e-12,9180.500228936684,1.9157918921652414e-12,-13366.715230187308,13366.715230187308
5,col_G3,2.475,92104.37888465475,9180.500228936684,1.91554856377423e-12,9180.500228936684,1.9876249633067753e-12,-13710.983988772436,13710.983988772436
5,col_G3,2.5125,92104.37888465475,9180.500228936684,1.91554856377423e-12,9180.500228936684,2.0594580344483093e-12,-14055.252747357563,14055.252747357563
5,col_G3,2.55,92104.37888465475,9180.500228936684,1.91554856377423e-12,9180.500228936684,2.1312911055898424e-12,-14399.521505942683,14399.521505942683
5,col_G3,2.5875,92104.37888465475,9180.500228936684,1.91554856377423e-12,9180.500228936684,2.2031241767313763e-12,-14743.79026452781,14743.79026452781
5,col_G3,2.625,92104.37888465475,9180.500228936684,1.91554856377423e-12,9180.500228936684,2.27495724787291e-12,-15088.059023112937,15088.059023112937
5,col_G3,2.6625,92104.37888465475,9180.500228936684,1.91554856377423e-12,9180.500228936684,2.3467903190144433e-12,-15432.327781698064,15432.327781698064
5,col_G3,2.7,92104.37888465475,9180.500228936684,1.91554856377423e-12,9180.500228936684,2.418623390155977e-12,-15776.596540283188,15776.596540283188
5,col_G3,2.7375,92104.37888465475,9180.500228936684,1.91554856377423e-12,9180.500228936684,2.4904564612975103e-12,-16120.865298868312,16120.865298868312
5,col_G3,2.775,92104.37888465475,9180.500228936684,1.91554856377423e-12,9180.500228936684,2.562289532439044e-12,-16465.13405745344,16465.13405745344
5,col_G3,2.8125,92104.37888465475,9180.500228936684,1.91554856377423e-12,9180.500228936684,2.634122603580578e-12,-16809.402816038564,16809.402816038564
5,col_G3,2.85,92104.37888465475,9180.500228936684,1.91554856377423e-12,9180.500228936684,2.705955674722112e-12,-17153.671574623688,17153.671574623688
5,col_G3,2.8875,92104.37888465475,9180.500228936684,1.91554856377423e-12,9180.500228936684,2.777788745863645e-12,-17497.94033320882,17497.94033320882
5,col_G3,2.925,92104.37888465475,9180.500228936684,1.91554856377423e-12,9180.500228936684,2.849621817005178e-12,-17842.209091793942,17842.209091793942
5,col_G3,2.9625,92104.37888465475,9180.500228936684,1.91554856377423e-12,9180.500228936684,2.921454888146712e-12,-18186.477850379066,18186.477850379066
5,col_G3,3.0,92104.37888465475,9180.500228936684,1.91554856377423e-12,9180.500228936684,2.993287959288246e-12,-18530.746608964197,18530.746608964197
6,col_H3,0.0,42147.81055767262,5165.258403753383,-6716.476599367859,8472.954165307458,6343.1835365187335,5069.398640161061,8120.02339595331
6,col_H3,0.0375,42147.81055767262,5165.258403753383,-6716.476599367859,8472.954165307458,6091.315664042439,4875.7014500203095,7802.345233885701
6,col_H3,0.075,42147.81055767262,5165.258403753383,-6716.476599367859,8472.954165307458,5839.447791566144,4682.004259879557,7484.671963416769
6,col_H3,0.1125,42147.81055767262,5165.258403753383,-6716.476599367859,8472.954165307458,5587.57991908985,4488.307069738805,7167.004234998293
6,col_H3,0.15,42147.81055767262,5165.258403753383,-6716.476599367859,8472.954165307458,5335.712046613555,4294.609879598053,6849.342819739585
6,col_H3,0.1875,42147.81055767262,5165.258403753383,-6716.476599367859,8472.954165307458,5083.84417413726,4100.912689457302,6531.688638741231
6,col_H3,0.225,42147.81055767262,5165.258403753383,-6716.476599367859,8472.954165307458,4831.976301660965,3907.2154993165495,6214.04280142265
6,col_H3,0.2625,42147.81055767262,5165.258403753383,-6716.476599367859,8472.954165307458,4580.10842918467,3713.5183091757976,5896.406656233298
6,col_H3,0.3,42147.81055767262,5165.258403753383,-6716.476599367859,8472.954165307458,4328.240556708376,3519.8211190350457,5578.781858680294
6,col_H3,0.3375,42147.81055767262,5165.258403753383,-6716.476599367859,8472.954165307458,4076.3726842320807,3326.123928894294,5261.170463985811
6,col_H3,0.375,42147.81055767262,5165.258403753383,-6716.476599367859,8472.954165307458,3824.5048117557862,3132.426738753542,4943.575055443309
6,col_H3,0.4125,42147.81055767262,5165.258403753383,-6716.476599367859,8472.954165307458,3572.636939279492,2938.7295486127905,4625.998925615339
6,col_H3,0.45,42147.81055767262,5165.258403753383,-6716.476599367859,8472.954165307458,3320.769066803197,2745.032358472038,4308.446337613541
6,col_H3,0.4875,42147.81055767262,5165.258403753383,-6716.476599367859,8472.954165307458,3068.901194326902,2551.3351683312867,3990.9229110200963
6,col_H3,0.525,42147.81055767262,5165.258403753383,-6716.476599367859,8472.954165307458,2817.033321850607,2357.6379781905343,3673.436207779171
6,col_H3,0.5625,42147.81055767262,5165.258403753383,-6716.476599367859,8472.954165307458,2565.1654493743126,2163.940788049783,3355.9966503036376
6,col_H3,0.6,42147.81055767262,5165.258403753383,-6716.476599367859,8472.954165307458,2313.297576898018,1970.243597909031,3038.6190143523695
6,col_H3,0.6375,42147.81055767262,5165.258403753383,-6716.476599367859,8472.954165307458,2061.4297044217237,1776.546407768279,2721.324965017337
6,col_H3,0.675,42147.81055767262,5165.258403753383,-6716.476599367859,8472.954165307458,1809.561831945428,1582.8492176275267,2404.147597253082
6,col_H3,0.7125,42147.81055767262,5165.258403753383,-6716.476599367859,8472.954165307458,1557.693959469134,1389.1520274867753,2087.140107141168
6,col_H3,0.75,42147.81055767262,5165.258403753383,-6716.476599367859,8472.954165307458,1305.826086992839,1195.4548373460234,1770.3937521368055
6,col_H3,0.7875,42147.81055767262,5165.258403753383,-6716.476599367859,8472.954165307458,1053.958214516544,1001.7576472052715,1454.0791937446677
6,col_H3,0.825,42147.81055767262,5165.258403753383,-6716.476599367859,8472.954165307458,802.0903420402501,808.06045706452,1138.5563750054569
6,col_H3,0.8625,42147.81055767262,5165.258403753383,-6716.476599367859,8472.954165307458,550.2224695639543,614.3632669237677,824.7344965249733
6,col_H3,0.9,42147.81055767262,5165.258403753383,-6716.476599367859,8472.954165307458,298.3545970876603,420.66607678301534,515.7280424403484
6,col_H3,0.9375,42147.81055767262,5165.258403753383,-6716.476599367859,8472.954165307458,46.48672461136539,226.9688866422639,231.68057982645365
6,col_H3,0.975,42147.81055767262,5165.258403753383,-6716.476599367859,8472.954165307458,-205.38114786492952,33.27169650151245,208.05869769467654
6,col_H3,1.0125,42147.81055767262,5165.258403753383,-6716.476599367859,8472.954165307458,-457.2490203412235,-160.4254936392399,484.5750773743966
6,col_H3,1.05,42147.81055767262,5165.258403753383,-6716.476599367859,8472.954165307458,-709.1168928175193,-354.12268377999226,792.6220050230233
6,col_H3,1.0875,42147.81055767262,5165.258403753383,-6716.476599367859,8472.954165307458,-960.9847652938133,-547.8198739207428,1106.1637913931843
6,col_H3,1.125,42147.81055767262,5165.258403753383,-6716.476599367859,8472.954165307458,-1212.8526377701082,-741.5170640614951,1421.5692305478087
6,col_H3,1.1625,42147.81055767262,5165.258403753383,-6716.476599367859,8472.954165307458,-1464.7205102464031,-935.2142542022475,1737.823890502012
6,col_H3,1.2,42147.81055767262,5165.258403753383,-6716.476599367859,8472.954165307458,-1716.5883827226971,-1128.911444342999,2054.535647017866
6,col_H3,1.2375,42147.81055767262,5165.258403753383,-6716.476599367859,8472.954165307458,-1968.456255198992,-1322.6086344837513,2371.521374274964
6,col_H3,1.275,42147.81055767262,5165.258403753383,-6716.476599367859,8472.954165307458,-2220.324127675286,-1516.3058246245027,2688.6841736669653
6,col_H3,1.3125,42147.81055767262,5165.258403753383,-6716.476599367859,8472.954165307458,-2472.192000151582,-1710.003014765255,3005.967996522874
6,col_H3,1.35,42147.81055767262,5165.258403753383,-6716.476599367859,8472.954165307458,-2724.0598726278777,-1903.7002049060075,3323.338180176761
6,col_H3,1.3875,42147.81055767262,5165.258403753383,-6716.476599367859,8472.954165307458,-2975.9277451041717,-2097.397395046758,3640.7721401963245
6,col_H3,1.425,42147.81055767262,5165.258403753383,-6716.476599367859,8472.954165307458,-3227.7956175804657,-2291.0945851875103,3958.2545328903734
6,col_H3,1.4625,42147.81055767262,5165.258403753383,-6716.476599367859,8472.954165307458,-3479.6634900567597,-2484.791775328262,4275.774569685937
6,col_H3,1.5,42147.81055767262,5165.258403753383,-6716.476599367859,8472.954165307458,-3731.5313625330555,-2678.488965469014,4593.324443984669
6,col_H3,1.5375,42147.81055767262,5165.258403753383,-6716.476599367859,8472.954165307458,-3983.3992350093513,-2872.1861556097665,4910.898367707226
6,col_H3,1.575,42147.81055767262,5165.258403753383,-6716.476599367859,8472.954165307458,-4235.267107485645,-3065.883345750518,5228.491958633982
6,col_H3,1.6125,42147.81055767262,5165.258403753383,-6716.476599367859,8472.954165307458,-4487.134979961939,-3259.5805358912703,5546.101838080442
6,col_H3,1.65,42147.81055767262,5165.258403753383,-6716.476599367859,8472.954165307458,-4739.002852438233,-3453.277726032021,5863.7253592342295
6,col_H3,1.6875,42147.81055767262,5165.258403753383,-6716.476599367859,8472.954165307458,-4990.870724914529,-3646.974916172773,6181.360419195946
6,col_H3,1.725,42147.81055767262,5165.258403753383,-6716.476599367859,8472.954165307458,-5242.738597390825,-3840.6721063135255,6499.005326108472
6,col_H3,1.7625,42147.81055767262,5165.258403753383,-6716.476599367859,8472.954165307458,-5494.606469867119,-4034.369296454278,6816.658703417576
6,col_H3,1.8,42147.81055767262,5165.258403753383,-6716.476599367859,8472.954165307458,-5746.474342343413,-4228.06648659503,7134.319419697944
6,col_H3,1.8375,42147.81055767262,5165.258403753383,-6716.476599367859,8472.954165307458,-5998.342214819707,-4421.763676735781,7451.986536420212
6,col_H3,1.875,42147.81055767262,5165.258403753383,-6716.476599367859,8472.954165307458,-6250.210087296003,-4615.460866876533,7769.659268526862
6,col_H3,1.9125,42147.81055767262,5165.258403753383,-6716.476599367859,8472.954165307458,-6502.0779597722985,-4809.1580570172855,8087.336954296573
6,col_H3,1.95,42147.81055767262,5165.258403753383,-6716.476599367859,8472.954165307458,-6753.9458322485925,-5002.855247158036,8405.019032040607
6,col_H3,1.9875,42147.81055767262,5165.258403753383,-6716.476599367859,8472.954165307458,-7005.8137047248865,-5196.552437298788,8722.705021890115
6,col_H3,2.025,42147.81055767262,5165.258403753383,-6716.476599367859,8472.954165307458,-7257.6815772011805,-5390.249627439541,9040.39451142247
6,col_H3,2.0625,42147.81055767262,5165.258403753383,-6716.476599367859,8472.954165307458,-7509.549449677476,-5583.946817580293,9358.087144214696
6,col_H3,2.1,42147.81055767262,5165.258403753383,-6716.476599367859,8472.954165307458,-7761.417322153772,-5777.644007721045,9675.782610651375
6,col_H3,2.1375,42147.81055767262,5165.258403753383,-6716.476599367859,8472.954165307458,-8013.285194630066,-5971.341197861798,9993.480640485526
6,col_H3,2.175,42147.81055767262,5165.258403753383,-6716.476599367859,8472.954165307458,-8265.15306710636,-6165.0383880025465,10311.180996774458
6,col_H3,2.2125,42147.81055767262,5165.258403753383,-6716.476599367859,8472.954165307458,-8517.020939582653,-6358.735578143299,10628.883470902989
6,col_H3,2.25,42147.81055767262,5165.258403753383,-6716.476599367859,8472.954165307458,-8768.88881205895,-6552.432768284051,10946.587878473147
6,col_H3,2.2875,42147.81055767262,5165.258403753383,-6716.476599367859,8472.954165307458,-9020.756684535245,-6746.129958424804,11264.29405588934
6,col_H3,2.325,42147.81055767262,5165.258403753383,-6716.476599367859,8472.954165307458,-9272.624557011539,-6939.827148565556,11582.001857505506
6,col_H3,2.3625,42147.81055767262,5165.258403753383,-6716.476599367859,8472.954165307458,-9524.492429487833,-7133.5243387063065,11899.711153229153
6,col_H3,2.4,42147.81055767262,5165.258403753383,-6716.476599367859,8472.954165307458,-9776.360301964127,-7327.221528847059,12217.421826499236
6,col_H3,2.4375,42147.81055767262,5165.258403753383,-6716.476599367859,8472.954165307458,-10028.228174440424,-7520.918718987811,12535.133772571475
6,col_H3,2.475,42147.81055767262,5165.258403753383,-6716.476599367859,8472.954165307458,-10280.096046916718,-7714.6159091285635,12852.846897057954
6,col_H3,2.5125,42147.81055767262,5165.258403753383,-6716.476599367859,8472.954165307458,-10531.963919393016,-7908.313099269316,13170.561114678105
6,col_H3,2.55,42147.81055767262,5165.258403753383,-6716.476599367859,8472.954165307458,-10783.831791869306,-8102.010289410066,13488.276348186146
6,col_H3,2.5875,42147.81055767262,5165.258403753383,-6716.476599367859,8472.954165307458,-11035.699664345604,-8295.70747955082,13805.992527446662
6,col_H3,2.625,42147.81055767262,5165.258403753383,-6716.476599367859,8472.954165307458,-11287.567536821898,-8489.404669691572,14123.709588634872
6,col_H3,2.6625,42147.81055767262,5165.258403753383,-6716.476599367859,8472.954165307458,-11539.435409298192,-8683.101859832324,14441.427473542513
6,col_H3,2.7,42147.81055767262,5165.258403753383,-6716.476599367859,8472.954165307458,-11791.30328177449,-8876.799049973077,14759.146128973342
6,col_H3,2.7375,42147.81055767262,5165.258403753383,-6716.476599367859,8472.954165307458,-12043.17115425078,-9070.496240113825,15076.865506215046
6,col_H3,2.775,42147.81055767262,5165.258403753383,-6716.476599367859,8472.954165307458,-12295.039026727078,-9264.193430254578,15394.585560576616
6,col_H3,2.8125,42147.81055767262,5165.258403753383,-6716.476599367859,8472.954165307458,-12546.906899203372,-9457.89062039533,15712.306250981717
6,col_H3,2.85,42147.81055767262,5165.258403753383,-6716.476599367859,8472.954165307458,-12798.774771679666,-9651.587810536083,16030.027539610546
6,col_H3,2.8875,42147.81055767262,5165.258403753383,-6716.476599367859,8472.954165307458,-13050.642644155963,-9845.285000676835,16347.74939158337
6,col_H3,2.925,42147.81055767262,5165.258403753383,-6716.476599367859,8472.954165307458,-13302.510516632254,-10038.982190817584,16665.471774680256
6,col_H3,2.9625,42147.81055767262,5165.258403753383,-6716.476599367859,8472.954165307458,-13554.378389108551,-10232.679380958336,16983.194659092347
6,col_H3,3.0,42147.81055767262,5165.258403753383,-6716.476599367859,8472.954165307458,-13806.246261584845,-10426.376571099088,17300.9180172004
7,viga_FG_eje_2,0.0,6716.47659936786,-9.012883862169712,20097.810557672634,20097.812578591063,-13806.246261584842,-22.757524870023207,13806.26501775421
7,viga_FG_eje_2,0.075,6716.47659936786,-9.012883862169712,19546.560557672634,19546.56263558478,-12319.582344759394,-22.08155858036048,12319.602134181798
7,viga_FG_eje_2,0.15,6716.47659936786,-9.012883862169712,18995.310557672634,18995.31269588645,-10874.262177933946,-21.40559229069775,10874.283245981136
7,viga_FG_eje_2,0.225,6716.47659936786,-9.012883862169712,18444.060557672634,18444.062759792672,-9470.285761108498,-20.729626001035022,9470.308448749096
7,viga_FG_eje_2,0.3,6716.47659936786,-9.012883862169712,17892.810557672634,17892.812827636597,-8107.653094283051,-20.053659711372294,8107.677894841738
7,viga_FG_eje_2,0.375,6716.47659936786,-9.012883862169712,17341.560557672634,17341.562899793742,-6786.3641774576045,-19.377693421709566,6786.391842804405
7,viga_FG_eje_2,0.45,6716.47659936786,-9.012883862169712,16790.310557672634,16790.31297668893,-5506.419010632157,-18.701727132046837,5506.450769347615
7,viga_FG_eje_2,0.525,6716.47659936786,-9.012883862169712,16239.060557672634,16239.063058804672,-4267.817593806709,-18.02576084238411,4267.855660874678
7,viga_FG_eje_2,0.6,6716.47659936786,-9.012883862169712,15687.810557672634,15687.813146691302,-3070.559926981261,-17.34979455272138,3070.6089429548315
7,viga_FG_eje_2,0.675,6716.47659936786,-9.012883862169712,15136.560557672634,15136.56324097932,-1914.6460101558134,-16.673828263058653,1914.7186113772752
7,viga_FG_eje_2,0.75,6716.47659936786,-9.012883862169712,14585.310557672634,14585.313342394544,-800.0758433303672,-15.997861973395924,800.23576942581
7,viga_FG_eje_2,0.825,6716.47659936786,-9.012883862169712,14034.060557672634,14034.063451776832,273.15057349508106,-15.321895683733196,273.5799632429884
7,viga_FG_eje_2,0.9,6716.47659936786,-9.012883862169712,13482.810557672634,13482.813570103392,1305.0332403205284,-14.645929394070466,1305.11542079209
7,viga_FG_eje_2,0.975,6716.47659936786,-9.012883862169712,12931.560557672634,12931.563698518059,2295.5721571459762,-13.969963104407737,2295.614664644955
7,viga_FG_eje_2,1.05,6716.47659936786,-9.012883862169712,12380.310557672634,12380.313838368396,3244.767323971424,-13.29399681474501,3244.794556988776
7,viga_FG_eje_2,1.125,6716.47659936786,-9.012883862169712,11829.060557672634,11829.063991253151,4152.618740796872,-12.61803052508228,4152.637911148976
7,viga_FG_eje_2,1.2,6716.47659936786,-9.012883862169712,11277.810557672634,11277.814159083659,5019.12640762232,-11.942064235419553,5019.140614546472
7,viga_FG_eje_2,1.275,6716.47659936786,-9.012883862169712,10726.560557672634,10726.564344164153,5844.290324447765,-11.266097945756826,5844.301183323519
7,viga_FG_eje_2,1.35,6716.47659936786,-9.012883862169712,10175.310557672634,10175.314549298202,6628.110491273214,-10.590131656094096,6628.11895151366
7,viga_FG_eje_2,1.425,6716.47659936786,-9.012883862169712,9624.060557672634,9624.064777931702,7370.586908098662,-9.914165366431368,7370.593575860109
7,viga_FG_eje_2,1.5,6716.47659936786,-9.012883862169712,9072.810557672634,9072.815034348023,8071.719574924107,-9.23819907676864,8071.724861548193
7,viga_FG_eje_2,1.575,6716.47659936786,-9.012883862169712,8521.560557672634,8521.565323938874,8731.508491749555,-8.562232787105911,8731.512689867941
7,viga_FG_eje_2,1.65,6716.47659936786,-9.012883862169712,7970.310557672634,7970.31565358759,9349.953658575005,-7.886266497443183,9349.95698443043
7,viga_FG_eje_2,1.725,6716.47659936786,-9.012883862169712,7419.060557672634,7419.06603222328,9927.055075400449,-7.2103002077804526,9927.057693922348
7,viga_FG_eje_2,1.8,6716.47659936786,-9.012883862169712,6867.810557672634,6867.816471641857,10462.812742225899,-6.534333918117724,10462.814782667443
7,viga_FG_eje_2,1.875,6716.47659936786,-9.012883862169712,6316.560557672634,6316.566987756967,10957.226659051346,-5.858367628454996,10957.228225162457
7,viga_FG_eje_2,1.95,6716.47659936786,-9.012883862169712,5765.310557672634,5765.317602568574,11410.296825876794,-5.182401338792268,11410.29800276477
7,viga_FG_eje_2,2.025,6716.47659936786,-9.012883862169712,5214.060557672634,5214.068347380285,11822.023242702242,-4.506435049129543,11822.024101605819
7,viga_FG_eje_2,2.1,6716.47659936786,-9.012883862169712,4662.810557672634,4662.819268298836,12192.40590952769,-3.830468759466811,12192.406511233812
7,viga_FG_eje_2,2.175,6716.47659936786,-9.012883862169712,4111.560557672636,4111.570436157555,12521.444826353134,-3.154502469804086,12521.445223706867
7,viga_FG_eje_2,2.25,6716.47659936786,-9.012883862169712,3560.310557672634,3560.321965658546,12809.139993178585,-2.4785361801413544,12809.140232973823
7,viga_FG_eje_2,2.325,6716.47659936786,-9.012883862169712,3009.060557672634,3009.0740555554053,13055.49141000403,-1.802569890478626,13055.491534444316
7,viga_FG_eje_2,2.4,6716.47659936786,-9.012883862169712,2457.810557672634,2457.827082909328,13260.499076829481,-1.1266036008158977,13260.499124687245
7,viga_FG_eje_2,2.475,6716.47659936786,-9.012883862169712,1906.5605576726339,1906.5818608568838,13424.162993654929,-0.4506373111531694,13424.163001218678
7,viga_FG_eje_2,2.55,6716.47659936786,-9.012883862169712,1355.3105576726339,1355.3405254084373,13546.483160480373,0.22532897850955536,13546.483162354407
7,viga_FG_eje_2,2.625,6716.47659936786,-9.012883862169712,804.0605576726339,804.1110697412018,13627.459577305824,0.9012952681722872,13627.459607110835
7,viga_FG_eje_2,2.7,6716.47659936786,-9.012883862169712,252.81055767263388,252.97116465372312,13667.092244131269,1.5772615578350155,13667.092335143825
7,viga_FG_eje_2,2.775,6716.47659936786,-9.012883862169712,-298.4394423273661,298.57550604860785,13665.381160956713,2.253227847497744,13665.381346719394
7,viga_FG_eje_2,2.85,6716.47659936786,-9.012883862169712,-849.6894423273661,849.7372420213812,13622.326327782164,2.929194137160472,13622.32664271289
7,viga_FG_eje_2,2.925,6716.47659936786,-9.012883862169712,-1400.9394423273661,1400.9684340284132,13537.927744607612,3.6051604268232005,13537.928224636082
7,viga_FG_eje_2,3.0,6716.47659936786,-9.012883862169712,-1952.1894423273661,1952.2102475937231,13412.185411433056,4.281126716485929,13412.186094694021
7,viga_FG_eje_2,3.075,6716.47659936786,-9.012883862169712,-2503.439442327366,2503.4556663691624,13245.099328258504,4.957093006148657,13245.100255875943
7,viga_FG_eje_2,3.15,6716.47659936786,-9.012883862169712,-3054.689442327366,3054.702738588779,13036.669495083952,5.633059295811385,13036.670712087864
7,viga_FG_eje_2,3.225,6716.47659936786,-9.012883862169712,-3605.939442327366,3605.950705959208,12786.895911909407,6.309025585474114,12786.897468338806
7,viga_FG_eje_2,3.3,6716.47659936786,-9.012883862169712,-4157.189442327366,4157.199212387305,12495.778578734855,6.984991875136842,12495.780530998469
7,viga_FG_eje_2,3.375,6716.47659936786,-9.012883862169712,-4708.439442327366,4708.448068540159,12163.317495560295,7.66095816479957,12163.319908153497
7,viga_FG_eje_2,3.45,6716.47659936786,-9.012883862169712,-5259.689442327366,5259.697164457805,11789.512662385736,8.336924454462302,11789.515610103028
7,viga_FG_eje_2,3.525,6716.47659936786,-9.012883862169712,-5810.939442327366,5810.946431905168,11374.364079211191,9.012890744125027,11374.367650056394
7,viga_FG_eje_2,3.6,6716.47659936786,-9.012883862169712,-6362.189442327366,6362.195826295927,10917.871746036639,9.688857033787759,10917.876045131477
7,viga_FG_eje_2,3.675,6716.47659936786,-9.012883862169712,-6913.439442327366,6913.445317264268,10420.035662862094,10.364823323450484,10420.040817812587
7,viga_FG_eje_2,3.75,6716.47659936786,-9.012883862169712,-7464.689442327366,7464.694883414134,9880.855829687534,11.040789613113215,9880.861998130802
7,viga_FG_eje_2,3.825,6716.47659936786,-9.012883862169712,-8015.939442327366,8015.944509235021,9300.332246512975,11.71675590277594,9300.339627018895
7,viga_FG_eje_2,3.9,6716.47659936786,-9.012883862169712,-8567.189442327366,8567.194183208467,8678.46491333843,12.392722192438672,8678.473761647812
7,viga_FG_eje_2,3.975,6716.47659936786,-9.012883862169712,-9118.439442327366,9118.443896601379,8015.253830163885,13.068688482101397,8015.264484255992
7,viga_FG_eje_2,4.05,6716.47659936786,-9.012883862169712,-9669.689442327366,9669.69364267208,7310.698996989318,13.744654771764122,7310.711917461625
7,viga_FG_eje_2,4.125,6716.47659936786,-9.012883862169712,-10220.939442327366,10220.943416133305,6564.800413814781,14.420621061426854,6564.81625238167
7,viga_FG_eje_2,4.2,6716.47659936786,-9.012883862169712,-10772.189442327366,10772.193212780056,5777.558080640214,15.096587351089585,5777.577804073319
7,viga_FG_eje_2,4.275,6716.47659936786,-9.012883862169712,-11323.43944232737,11323.443029226168,4948.971997465676,15.772553640752317,4948.9971312527305
7,viga_FG_eje_2,4.35,6716.47659936786,-9.012883862169712,-11874.689442327362,11874.692862714237,4079.042164291124,16.448519930415035,4079.0753280458944
7,viga_FG_eje_2,4.425,6716.47659936786,-9.012883862169712,-12425.939442327366,12425.942710976196,3167.7685811165866,17.124486220077767,3167.8148669923394
7,viga_FG_eje_2,4.5,6716.47659936786,-9.012883862169712,-12977.189442327366,12977.19257212932,2215.1512479420053,17.8004525097405,2215.2227669849763
7,viga_FG_eje_2,4.575,6716.47659936786,-9.012883862169712,-13528.439442327366,13528.442444597762,1221.190164767453,18.476418799403223,1221.3299294524843
7,viga_FG_eje_2,4.65,6716.47659936786,-9.012883862169712,-14079.689442327366,14079.692327052471,185.88533159288636,19.152385089065955,186.86939384499857
7,viga_FG_eje_2,4.725,6716.47659936786,-9.012883862169712,-14630.939442327366,14630.942218364686,-890.7632515816513,19.82835137872868,890.9839133714562
7,viga_FG_eje_2,4.8,6716.47659936786,-9.012883862169712,-15182.189442327366,15182.192117569586,-2008.7555847562035,20.504317668391412,2008.8602306612283
7,viga_FG_eje_2,4.875,6716.47659936786,-9.012883862169712,-15733.439442327366,15733.442023837568,-3168.091667930741,21.180283958054137,3168.162467557611
7,viga_FG_eje_2,4.95,6716.47659936786,-9.012883862169712,-16284.689442327366,16284.691936451358,-4368.771501105308,21.85625024771687,4368.826172388279
7,viga_FG_eje_2,5.025,6716.47659936786,-9.012883862169712,-16835.939442327366,16835.941854787627,-5610.79508427986,22.5322165373796,5610.840327309371
7,viga_FG_eje_2,5.1,6716.47659936786,-9.012883862169712,-17387.189442327366,17387.191778302087,-6894.162417454398,23.208182827042318,6894.20148080913
7,viga_FG_eje_2,5.175,6716.47659936786,-9.012883862169712,-17938.439442327366,17938.441706517366,-8218.873500628964,23.88414911670505,8218.908204373622
7,viga_FG_eje_2,5.25,6716.47659936786,-9.012883862169712,-18489.689442327366,18489.69163901301,-9584.928333803517,24.560115406367782,9584.959799781022
7,viga_FG_eje_2,5.325,6716.47659936786,-9.012883862169712,-19040.939442327366,19040.94157541726,-10992.326916978069,25.236081696030514,10992.355885320487
7,viga_FG_eje_2,5.4,6716.47659936786,-9.012883862169712,-19592.189442327366,19592.191515400194,-12441.069250152636,25.91204798569324,12441.09623471036
7,viga_FG_eje_2,5.475,6716.47659936786,-9.012883862169712,-20143.439442327366,20143.441458668014,-13931.155333327173,26.588014275355963,13931.18070530252
7,viga_FG_eje_2,5.55,6716.47659936786,-9.012883862169712,-20694.689442327366,20694.691404958212,-15462.585166501725,27.263980565018695,15462.609202717225
7,viga_FG_eje_2,5.625,6716.47659936786,-9.012883862169712,-21245.939442327366,21245.94135403553,-17035.358749676263,27.93994685468142,17035.381662023363
7,viga_FG_eje_2,5.7,6716.47659936786,-9.012883862169712,-21797.189442327366,21797.191305688517,-18649.476082850844,28.61591314434415,18649.49803708697
7,viga_FG_eje_2,5.775,6716.47659936786,-9.012883862169712,-22348.439442327366,22348.441259726573,-20304.937166025367,29.291879434006884,20304.958294230477
7,viga_FG_eje_2,5.85,6716.47659936786,-9.012883862169712,-22899.689442327366,22899.691215977455,-22001.74199919992,29.96784572366961,22001.762408296636
7,viga_FG_eje_2,5.925,6716.47659936786,-9.012883862169712,-23450.939442327366,23450.941174285115,-23739.890582374486,30.643812013332333,23739.910360115675
7,viga_FG_eje_2,6.0,6716.47659936786,-9.012883862169712,-24002.189442327366,24002.19113450784,-25519.38291554904,31.319778302995065,25519.40213482536
8,viga_GH_eje_2,0.0,6716.476599367858,9.012883862170037,24002.189442327366,24002.19113450784,-25519.38291554904,31.319778302996014,25519.40213482536
8,viga_GH_eje_2,0.075,6716.476599367858,9.012883862170037,23450.939442327366,23450.941174285115,-23739.890582374486,30.64381201333326,23739.910360115675
8,viga_GH_eje_2,0.15,6716.476599367858,9.012883862170037,22899.689442327366,22899.691215977455,-22001.741999199934,29.967845723670507,22001.76240829665
8,viga_GH_eje_2,0.225,6716.476599367858,9.012883862170037,22348.439442327366,22348.441259726573,-20304.937166025382,29.291879434007754,20304.95829423049
8,viga_GH_eje_2,0.3,6716.476599367858,9.012883862170037,21797.189442327366,21797.191305688517,-18649.47608285083,28.615913144345,18649.498037086956
8,viga_GH_eje_2,0.375,6716.476599367858,9.012883862170037,21245.939442327366,21245.94135403553,-17035.358749676278,27.939946854682248,17035.381662023377
8,viga_GH_eje_2,0.45,6716.476599367858,9.012883862170037,20694.689442327366,20694.691404958212,-15462.585166501724,27.263980565019498,15462.609202717224
8,viga_GH_eje_2,0.525,6716.476599367858,9.012883862170037,20143.439442327366,20143.441458668014,-13931.155333327171,26.588014275356745,13931.180705302519
8,viga_GH_eje_2,0.6,6716.476599367858,9.012883862170037,19592.189442327366,19592.191515400194,-12441.06925015262,25.91204798569399,12441.096234710343
8,viga_GH_eje_2,0.675,6716.476599367858,9.012883862170037,19040.939442327366,19040.94157541726,-10992.326916978065,25.23608169603124,10992.355885320483
8,viga_GH_eje_2,0.75,6716.476599367858,9.012883862170037,18489.689442327366,18489.69163901301,-9584.928333803513,24.560115406368485,9584.959799781018
8,viga_GH_eje_2,0.825,6716.476599367858,9.012883862170037,17938.439442327366,17938.441706517366,-8218.87350062896,23.884149116705732,8218.908204373618
8,viga_GH_eje_2,0.9,6716.476599367858,9.012883862170037,17387.189442327366,17387.191778302087,-6894.162417454409,23.208182827042982,6894.201480809141
8,viga_GH_eje_2,0.975,6716.476599367858,9.012883862170037,16835.939442327366,16835.941854787627,-5610.795084279856,22.53221653738023,5610.840327309367
8,viga_GH_eje_2,1.05,6716.476599367858,9.012883862170037,16284.689442327366,16284.691936451358,-4368.771501105304,21.856250247717476,4368.826172388275
8,viga_GH_eje_2,1.125,6716.476599367858,9.012883862170037,15733.439442327366,15733.442023837568,-3168.091667930752,21.180283958054723,3168.1624675576218
8,viga_GH_eje_2,1.2,6716.476599367858,9.012883862170037,15182.189442327366,15182.192117569586,-2008.7555847561998,20.50431766839197,2008.8602306612247
8,viga_GH_eje_2,1.275,6716.476599367858,9.012883862170037,14630.939442327366,14630.942218364686,-890.7632515816467,19.828351378729216,890.9839133714516
8,viga_GH_eje_2,1.35,6716.476599367858,9.012883862170037,14079.689442327366,14079.692327052471,185.88533159290728,19.152385089066463,186.86939384501943
8,viga_GH_eje_2,1.425,6716.476599367858,9.012883862170037,13528.439442327366,13528.442444597762,1221.1901647674595,18.47641879940371,1221.3299294524907
8,viga_GH_eje_2,1.5,6716.476599367858,9.012883862170037,12977.189442327366,12977.19257212932,2215.1512479420126,17.800452509740957,2215.2227669849835
8,viga_GH_eje_2,1.575,6716.476599367858,9.012883862170037,12425.939442327366,12425.942710976196,3167.7685811165647,17.124486220078204,3167.8148669923175
8,viga_GH_eje_2,1.65,6716.476599367858,9.012883862170037,11874.689442327366,11874.69286271424,4079.0421642911188,16.44851993041545,4079.075328045889
8,viga_GH_eje_2,1.725,6716.476599367858,9.012883862170037,11323.439442327366,11323.443029226164,4948.971997465667,15.7725536407527,4948.997131252721
8,viga_GH_eje_2,1.8,6716.476599367858,9.012883862170037,10772.189442327366,10772.193212780056,5777.558080640221,15.096587351089948,5777.577804073327
8,viga_GH_eje_2,1.875,6716.476599367858,9.012883862170037,10220.939442327366,10220.943416133305,6564.8004138147735,14.420621061427195,6564.816252381663
8,viga_GH_eje_2,1.95,6716.476599367858,9.012883862170037,9669.689442327366,9669.69364267208,7310.698996989326,13.744654771764441,7310.711917461632
8,viga_GH_eje_2,2.025,6716.476599367858,9.012883862170037,9118.439442327366,9118.443896601379,8015.253830163878,13.068688482101688,8015.264484255985
8,viga_GH_eje_2,2.1,6716.476599367858,9.012883862170037,8567.189442327366,8567.194183208467,8678.46491333843,12.392722192438935,8678.473761647812
8,viga_GH_eje_2,2.175,6716.476599367858,9.012883862170037,8015.939442327368,8015.944509235022,9300.332246512986,11.716755902776185,9300.339627018906
8,viga_GH_eje_2,2.25,6716.476599367858,9.012883862170037,7464.689442327366,7464.694883414134,9880.855829687534,11.040789613113429,9880.861998130802
8,viga_GH_eje_2,2.325,6716.476599367858,9.012883862170037,6913.439442327366,6913.445317264268,10420.03566286209,10.364823323450675,10420.040817812584
8,viga_GH_eje_2,2.4,6716.476599367858,9.012883862170037,6362.189442327366,6362.195826295927,10917.871746036639,9.688857033787926,10917.876045131477
8,viga_GH_eje_2,2.475,6716.476599367858,9.012883862170037,5810.939442327366,5810.946431905168,11374.364079211198,9.012890744125169,11374.367650056402
8,viga_GH_eje_2,2.55,6716.476599367858,9.012883862170037,5259.689442327366,5259.697164457805,11789.512662385747,8.33692445446242,11789.515610103039
8,viga_GH_eje_2,2.625,6716.476599367858,9.012883862170037,4708.439442327366,4708.448068540159,12163.317495560295,7.660958164799666,12163.319908153497
8,viga_GH_eje_2,2.7,6716.476599367858,9.012883862170037,4157.189442327366,4157.199212387305,12495.778578734851,6.984991875136913,12495.780530998465
8,viga_GH_eje_2,2.775,6716.476599367858,9.012883862170037,3605.939442327366,3605.950705959208,12786.895911909407,6.30902558547416,12786.897468338806
8,viga_GH_eje_2,2.85,6716.476599367858,9.012883862170037,3054.689442327366,3054.702738588779,13036.669495083956,5.633059295811407,13036.670712087867
8,viga_GH_eje_2,2.925,6716.476599367858,9.012883862170037,2503.439442327366,2503.4556663691624,13245.0993282585,4.957093006148657,13245.10025587594
8,viga_GH_eje_2,3.0,6716.476599367858,9.012883862170037,1952.1894423273661,1952.2102475937231,13412.185411433064,4.2811267164859,13412.186094694029
8,viga_GH_eje_2,3.075,6716.476599367858,9.012883862170037,1400.9394423273661,1400.9684340284132,13537.927744607608,3.605160426823147,13537.928224636078
8,viga_GH_eje_2,3.15,6716.476599367858,9.012883862170037,849.6894423273661,849.7372420213812,13622.326327782168,2.9291941371603976,13622.326642712893
8,viga_GH_eje_2,3.225,6716.476599367858,9.012883862170037,298.4394423273661,298.57550604860785,13665.38116095672,2.2532278474976444,13665.381346719401
8,viga_GH_eje_2,3.3,6716.476599367858,9.012883862170037,-252.81055767263388,252.97116465372315,13667.09224413128,1.5772615578348912,13667.092335143836
8,viga_GH_eje_2,3.375,6716.476599367858,9.012883862170037,-804.0605576726339,804.1110697412018,13627.459577305824,0.901295268172138,13627.459607110835
8,viga_GH_eje_2,3.45,6716.476599367858,9.012883862170037,-1355.3105576726339,1355.3405254084373,13546.48316048037,0.22532897850938483,13546.483162354403
8,viga_GH_eje_2,3.525,6716.476599367858,9.012883862170037,-1906.5605576726339,1906.5818608568838,13424.162993654929,-0.4506373111533648,13424.163001218678
8,viga_GH_eje_2,3.6,6716.476599367858,9.012883862170037,-2457.810557672634,2457.827082909328,13260.499076829481,-1.126603600816118,13260.499124687245
8,viga_GH_eje_2,3.675,6716.476599367858,9.012883862170037,-3009.060557672634,3009.0740555554053,13055.49141000404,-1.8025698904788712,13055.491534444327
8,viga_GH_eje_2,3.75,6716.476599367858,9.012883862170037,-3560.310557672634,3560.321965658546,12809.139993178585,-2.4785361801416244,12809.140232973823
8,viga_GH_eje_2,3.825,6716.476599367858,9.012883862170037,-4111.560557672634,4111.570436157554,12521.44482635313,-3.1545024698043775,12521.445223706864
8,viga_GH_eje_2,3.9,6716.476599367858,9.012883862170037,-4662.810557672634,4662.819268298836,12192.40590952769,-3.8304687594671307,12192.406511233812
8,viga_GH_eje_2,3.975,6716.476599367858,9.012883862170037,-5214.060557672634,5214.068347380285,11822.023242702242,-4.506435049129884,11822.024101605819
8,viga_GH_eje_2,4.05,6716.476599367858,9.012883862170037,-5765.310557672634,5765.317602568574,11410.296825876794,-5.182401338792637,11410.29800276477
8,viga_GH_eje_2,4.125,6716.476599367858,9.012883862170037,-6316.560557672634,6316.566987756967,10957.226659051346,-5.85836762845539,10957.228225162457
8,viga_GH_eje_2,4.2,6716.476599367858,9.012883862170037,-6867.810557672634,6867.816471641857,10462.812742225899,-6.5343339181181435,10462.814782667443
8,viga_GH_eje_2,4.275,6716.476599367858,9.012883862170037,-7419.0605576726375,7419.066032223283,9927.055075400465,-7.210300207780897,9927.057693922365
8,viga_GH_eje_2,4.35,6716.476599367858,9.012883862170037,-7970.31055767263,7970.315653587586,9349.953658575017,-7.886266497443643,9349.956984430442
8,viga_GH_eje_2,4.425,6716.476599367858,9.012883862170037,-8521.560557672634,8521.565323938874,8731.50849174957,-8.562232787106396,8731.512689867955
8,viga_GH_eje_2,4.5,6716.476599367858,9.012883862170037,-9072.810557672634,9072.815034348023,8071.719574924107,-9.238199076769156,8071.724861548193
8,viga_GH_eje_2,4.575,6716.476599367858,9.012883862170037,-9624.060557672634,9624.064777931702,7370.586908098645,-9.91416536643191,7370.593575860092
8,viga_GH_eje_2,4.65,6716.476599367858,9.012883862170037,-10175.310557672634,10175.314549298202,6628.110491273212,-10.590131656094663,6628.1189515136575
8,viga_GH_eje_2,4.725,6716.476599367858,9.012883862170037,-10726.560557672634,10726.564344164153,5844.290324447778,-11.266097945757409,5844.301183323532
8,viga_GH_eje_2,4.8,6716.476599367858,9.012883862170037,-11277.810557672634,11277.814159083659,5019.126407622316,-11.942064235420162,5019.140614546468
8,viga_GH_eje_2,4.875,6716.476599367858,9.012883862170037,-11829.060557672634,11829.063991253151,4152.618740796868,-12.618030525082915,4152.637911148972
8,viga_GH_eje_2,4.95,6716.476599367858,9.012883862170037,-12380.310557672634,12380.313838368396,3244.767323971435,-13.293996814745675,3244.794556988787
8,viga_GH_eje_2,5.025,6716.476599367858,9.012883862170037,-12931.560557672634,12931.563698518059,2295.5721571459726,-13.969963104408428,2295.6146646449515
8,viga_GH_eje_2,5.1,6716.476599367858,9.012883862170037,-13482.810557672634,13482.813570103392,1305.0332403205393,-14.645929394071175,1305.1154207921008
8,viga_GH_eje_2,5.175,6716.476599367858,9.012883862170037,-14034.060557672634,14034.063451776832,273.1505734950915,-15.321895683733928,273.5799632429989
8,viga_GH_eje_2,5.25,6716.476599367858,9.012883862170037,-14585.310557672634,14585.313342394544,-800.0758433303708,-15.997861973396681,800.2357694258136
8,viga_GH_eje_2,5.325,6716.476599367858,9.012883862170037,-15136.560557672634,15136.56324097932,-1914.6460101558187,-16.673828263059434,1914.7186113772805
8,viga_GH_eje_2,5.4,6716.476599367858,9.012883862170037,-15687.810557672634,15687.813146691302,-3070.5599269812665,-17.349794552722187,3070.608942954837
8,viga_GH_eje_2,5.475,6716.476599367858,9.012883862170037,-16239.060557672634,16239.063058804672,-4267.8175938067,-18.025760842384933,4267.8556608746685
8,viga_GH_eje_2,5.55,6716.476599367858,9.012883862170037,-16790.310557672634,16790.31297668893,-5506.419010632148,-18.701727132047694,5506.450769347606
8,viga_GH_eje_2,5.625,6716.476599367858,9.012883862170037,-17341.560557672634,17341.562899793742,-6786.36417745761,-19.377693421710447,6786.391842804411
8,viga_GH_eje_2,5.7,6716.476599367858,9.012883862170037,-17892.810557672634,17892.812827636597,-8107.653094283058,-20.0536597113732,8107.677894841744
8,viga_GH_eje_2,5.775,6716.476599367858,9.012883862170037,-18444.060557672634,18444.062759792672,-9470.285761108476,-20.729626001035953,9470.308448749074
8,viga_GH_eje_2,5.85,6716.476599367858,9.012883862170037,-18995.310557672634,18995.31269588645,-10874.262177933953,-21.4055922906987,10874.283245981143
8,viga_GH_eje_2,5.925,6716.476599367858,9.012883862170037,-19546.560557672634,19546.56263558478,-12319.582344759387,-22.081558580361452,12319.60213418179
8,viga_GH_eje_2,6.0,6716.476599367858,9.012883862170037,-20097.810557672634,20097.812578591063,-13806.246261584834,-22.757524870024213,13806.265017754202
9,viga_FG_eje_3,0.0,6716.476599367856,9.012883862170279,20097.810557672638,20097.812578591067,-13806.246261584849,22.75752487002487,13806.265017754216
9,viga_FG_eje_3,0.075,6716.476599367856,9.012883862170279,19546.560557672638,19546.562635584785,-12319.582344759401,22.0815585803621,12319.602134181805
9,viga_FG_eje_3,0.15,6716.476599367856,9.012883862170279,18995.310557672638,18995.312695886452,-10874.262177933953,21.405592290699328,10874.283245981143
9,viga_FG_eje_3,0.225,6716.476599367856,9.012883862170279,18444.060557672638,18444.062759792676,-9470.285761108506,20.729626001036557,9470.308448749103
9,viga_FG_eje_3,0.3,6716.476599367856,9.012883862170279,17892.810557672638,17892.8128276366,-8107.653094283058,20.053659711373786,8107.677894841744
9,viga_FG_eje_3,0.375,6716.476599367856,9.012883862170279,17341.560557672638,17341.562899793746,-6786.36417745761,19.377693421711015,6786.391842804411
9,viga_FG_eje_3,0.45,6716.476599367856,9.012883862170279,16790.310557672638,16790.312976688932,-5506.419010632162,18.701727132048244,5506.450769347621
9,viga_FG_eje_3,0.525,6716.476599367856,9.012883862170279,16239.060557672638,16239.063058804675,-4267.817593806714,18.025760842385473,4267.855660874683
9,viga_FG_eje_3,0.6,6716.476599367856,9.012883862170279,15687.810557672638,15687.813146691306,-3070.5599269812665,17.349794552722702,3070.608942954837
9,viga_FG_eje_3,0.675,6716.476599367856,9.012883862170279,15136.560557672638,15136.563240979323,-1914.6460101558189,16.67382826305993,1914.7186113772807
9,viga_FG_eje_3,0.75,6716.476599367856,9.012883862170279,14585.310557672638,14585.313342394547,-800.0758433303708,15.99786197339716,800.2357694258136
9,viga_FG_eje_3,0.825,6716.476599367856,9.012883862170279,14034.060557672638,14034.063451776836,273.1505734950774,15.32189568373439,273.57996324298483
9,viga_FG_eje_3,0.9,6716.476599367856,9.012883862170279,13482.810557672638,13482.813570103395,1305.0332403205248,14.645929394071619,1305.1154207920863
9,viga_FG_eje_3,0.975,6716.476599367856,9.012883862170279,12931.560557672638,12931.563698518063,2295.5721571459726,13.969963104408848,2295.6146646449515
9,viga_FG_eje_3,1.05,6716.476599367856,9.012883862170279,12380.310557672638,12380.3138383684,3244.7673239714204,13.293996814746077,3244.7945569887725
9,viga_FG_eje_3,1.125,6716.476599367856,9.012883862170279,11829.060557672638,11829.063991253155,4152.618740796868,12.618030525083306,4152.637911148972
9,viga_FG_eje_3,1.2,6716.476599367856,9.012883862170279,11277.810557672638,11277.814159083662,5019.126407622316,11.942064235420537,5019.140614546468
9,viga_FG_eje_3,1.275,6716.476599367856,9.012883862170279,10726.560557672638,10726.564344164157,5844.290324447765,11.266097945757766,5844.301183323519
9,viga_FG_eje_3,1.35,6716.476599367856,9.012883862170279,10175.310557672638,10175.314549298206,6628.110491273211,10.590131656094993,6628.118951513657
9,viga_FG_eje_3,1.425,6716.476599367856,9.012883862170279,9624.060557672638,9624.064777931706,7370.586908098659,9.914165366432222,7370.593575860105
9,viga_FG_eje_3,1.5,6716.476599367856,9.012883862170279,9072.810557672638,9072.815034348027,8071.719574924107,9.238199076769451,8071.724861548193
9,viga_FG_eje_3,1.575,6716.476599367856,9.012883862170279,8521.560557672638,8521.565323938878,8731.508491749555,8.562232787106682,8731.512689867941
9,viga_FG_eje_3,1.65,6716.476599367856,9.012883862170279,7970.3105576726375,7970.315653587593,9349.953658575005,7.886266497443911,9349.95698443043
9,viga_FG_eje_3,1.725,6716.476599367856,9.012883862170279,7419.0605576726375,7419.066032223283,9927.055075400449,7.210300207781138,9927.057693922348
9,viga_FG_eje_3,1.8,6716.476599367856,9.012883862170279,6867.8105576726375,6867.8164716418605,10462.812742225899,6.534333918118367,10462.814782667443
9,viga_FG_eje_3,1.875,6716.476599367856,9.012883862170279,6316.5605576726375,6316.566987756971,10957.226659051346,5.858367628455596,10957.228225162457
9,viga_FG_eje_3,1.95,6716.476599367856,9.012883862170279,5765.3105576726375,5765.317602568578,11410.296825876794,5.182401338792825,11410.29800276477
9,viga_FG_eje_3,2.025,6716.476599367856,9.012883862170279,5214.0605576726375,5214.068347380288,11822.023242702242,4.506435049130058,11822.024101605819
9,viga_FG_eje_3,2.1,6716.476599367856,9.012883862170279,4662.8105576726375,4662.819268298839,12192.40590952769,3.8304687594672835,12192.406511233812
9,viga_FG_eje_3,2.175,6716.476599367856,9.012883862170279,4111.560557672639,4111.570436157559,12521.444826353141,3.154502469804516,12521.445223706874
9,viga_FG_eje_3,2.25,6716.476599367856,9.012883862170279,3560.3105576726375,3560.3219656585497,12809.139993178585,2.4785361801417416,12809.140232973823
9,viga_FG_eje_3,2.325,6716.476599367856,9.012883862170279,3009.0605576726375,3009.074055555409,13055.49141000403,1.8025698904789706,13055.491534444316
9,viga_FG_eje_3,2.4,6716.476599367856,9.012883862170279,2457.8105576726375,2457.8270829093317,13260.499076829481,1.1266036008162033,13260.499124687245
9,viga_FG_eje_3,2.475,6716.476599367856,9.012883862170279,1906.5605576726375,1906.5818608568875,13424.162993654929,0.45063731115342875,13424.163001218678
9,viga_FG_eje_3,2.55,6716.476599367856,9.012883862170279,1355.3105576726375,1355.340525408441,13546.48316048038,-0.22532897850933864,13546.483162354414
9,viga_FG_eje_3,2.625,6716.476599367856,9.012883862170279,804.0605576726375,804.1110697412055,13627.459577305824,-0.9012952681721131,13627.459607110835
9,viga_FG_eje_3,2.7,6716.476599367856,9.012883862170279,252.81055767263751,252.9711646537268,13667.092244131269,-1.577261557834884,13667.092335143825
9,viga_FG_eje_3,2.775,6716.476599367856,9.012883862170279,-298.4394423273625,298.5755060486042,13665.38116095672,-2.2532278474976515,13665.381346719401
9,viga_FG_eje_3,2.85,6716.476599367856,9.012883862170279,-849.6894423273625,849.7372420213776,13622.326327782164,-2.929194137160426,13622.32664271289
9,viga_FG_eje_3,2.925,6716.476599367856,9.012883862170279,-1400.9394423273625,1400.9684340284095,13537.92774460762,-3.6051604268231934,13537.928224636089
9,viga_FG_eje_3,3.0,6716.476599367856,9.012883862170279,-1952.1894423273625,1952.2102475937195,13412.185411433064,-4.281126716485968,13412.186094694029
9,viga_FG_eje_3,3.075,6716.476599367856,9.012883862170279,-2503.4394423273625,2503.4556663691587,13245.099328258504,-4.957093006148739,13245.100255875943
9,viga_FG_eje_3,3.15,6716.476599367856,9.012883862170279,-3054.6894423273625,3054.7027385887754,13036.66949508396,-5.633059295811506,13036.670712087871
9,viga_FG_eje_3,3.225,6716.476599367856,9.012883862170279,-3605.9394423273625,3605.9507059592042,12786.895911909407,-6.309025585474281,12786.897468338806
9,viga_FG_eje_3,3.3,6716.476599367856,9.012883862170279,-4157.1894423273625,4157.1992123873015,12495.778578734862,-6.984991875137048,12495.780530998476
9,viga_FG_eje_3,3.375,6716.476599367856,9.012883862170279,-4708.4394423273625,4708.448068540155,12163.317495560303,-7.660958164799819,12163.319908153504
9,viga_FG_eje_3,3.45,6716.476599367856,9.012883862170279,-5259.6894423273625,5259.697164457802,11789.512662385743,-8.336924454462594,11789.515610103035
9,viga_FG_eje_3,3.525,6716.476599367856,9.012883862170279,-5810.9394423273625,5810.946431905164,11374.364079211198,-9.012890744125361,11374.367650056402
9,viga_FG_eje_3,3.6,6716.476599367856,9.012883862170279,-6362.1894423273625,6362.195826295923,10917.871746036646,-9.688857033788135,10917.876045131485
9,viga_FG_eje_3,3.675,6716.476599367856,9.012883862170279,-6913.4394423273625,6913.445317264264,10420.035662862101,-10.364823323450903,10420.040817812594
9,viga_FG_eje_3,3.75,6716.476599367856,9.012883862170279,-7464.6894423273625,7464.69488341413,9880.855829687542,-11.040789613113677,9880.86199813081
9,viga_FG_eje_3,3.825,6716.476599367856,9.012883862170279,-8015.9394423273625,8015.944509235017,9300.332246512982,-11.716755902776445,9300.339627018902
9,viga_FG_eje_3,3.9,6716.476599367856,9.012883862170279,-8567.189442327362,8567.194183208463,8678.464913338437,-12.39272219243922,8678.47376164782
9,viga_FG_eje_3,3.975,6716.476599367856,9.012883862170279,-9118.439442327362,9118.443896601375,8015.253830163885,-13.068688482101987,8015.264484255992
9,viga_FG_eje_3,4.05,6716.476599367856,9.012883862170279,-9669.689442327362,9669.693642672077,7310.698996989333,-13.744654771764754,7310.711917461639
9,viga_FG_eje_3,4.125,6716.476599367856,9.012883862170279,-10220.939442327362,10220.943416133301,6564.800413814781,-14.420621061427529,6564.81625238167
9,viga_FG_eje_3,4.2,6716.476599367856,9.012883862170279,-10772.189442327362,10772.193212780052,5777.558080640229,-15.096587351090303,5777.577804073334
9,viga_FG_eje_3,4.275,6716.476599367856,9.012883862170279,-11323.439442327366,11323.443029226164,4948.971997465676,-15.772553640753078,4948.9971312527305
9,viga_FG_eje_3,4.35,6716.476599367856,9.012883862170279,-11874.689442327359,11874.692862714233,4079.0421642911388,-16.448519930415838,4079.075328045909
9,viga_FG_eje_3,4.425,6716.476599367856,9.012883862170279,-12425.939442327362,12425.942710976193,3167.7685811165866,-17.124486220078612,3167.8148669923394
9,viga_FG_eje_3,4.5,6716.476599367856,9.012883862170279,-12977.189442327362,12977.192572129316,2215.15124794202,-17.800452509741387,2215.222766984991
9,viga_FG_eje_3,4.575,6716.476599367856,9.012883862170279,-13528.439442327362,13528.442444597758,1221.190164767453,-18.476418799404154,1221.3299294524843
9,viga_FG_eje_3,4.65,6716.476599367856,9.012883862170279,-14079.689442327362,14079.692327052468,185.8853315929009,-19.15238508906693,186.86939384501315
9,viga_FG_eje_3,4.725,6716.476599367856,9.012883862170279,-14630.939442327362,14630.942218364682,-890.7632515816222,-19.828351378729696,890.9839133714271
9,viga_FG_eje_3,4.8,6716.476599367856,9.012883862170279,-15182.189442327362,15182.192117569582,-2008.755584756189,-20.504317668392464,2008.8602306612138
9,viga_FG_eje_3,4.875,6716.476599367856,9.012883862170279,-15733.439442327362,15733.442023837564,-3168.091667930741,-21.180283958055238,3168.162467557611
9,viga_FG_eje_3,4.95,6716.476599367856,9.012883862170279,-16284.689442327362,16284.691936451354,-4368.771501105293,-21.856250247718013,4368.826172388264
9,viga_FG_eje_3,5.025,6716.476599367856,9.012883862170279,-16835.939442327362,16835.941854787623,-5610.79508427986,-22.532216537380787,5610.840327309371
9,viga_FG_eje_3,5.1,6716.476599367856,9.012883862170279,-17387.189442327362,17387.191778302084,-6894.162417454383,-23.208182827043547,6894.201480809115
9,viga_FG_eje_3,5.175,6716.476599367856,9.012883862170279,-17938.439442327362,17938.441706517362,-8218.873500628935,-23.884149116706322,8218.908204373593
9,viga_FG_eje_3,5.25,6716.476599367856,9.012883862170279,-18489.689442327362,18489.691639013006,-9584.928333803502,-24.560115406369096,9584.959799781007
9,viga_FG_eje_3,5.325,6716.476599367856,9.012883862170279,-19040.939442327362,19040.941575417255,-10992.326916978069,-25.236081696031864,10992.355885320487
9,viga_FG_eje_3,5.4,6716.476599367856,9.012883862170279,-19592.189442327362,19592.19151540019,-12441.069250152621,-25.912047985694638,12441.096234710345
9,viga_FG_eje_3,5.475,6716.476599367856,9.012883862170279,-20143.439442327362,20143.44145866801,-13931.155333327144,-26.588014275357406,13931.180705302491
9,viga_FG_eje_3,5.55,6716.476599367856,9.012883862170279,-20694.689442327362,20694.69140495821,-15462.58516650171,-27.263980565020173,15462.60920271721
9,viga_FG_eje_3,5.625,6716.476599367856,9.012883862170279,-21245.939442327362,21245.941354035527,-17035.358749676263,-27.939946854682947,17035.381662023363
9,viga_FG_eje_3,5.7,6716.476599367856,9.012883862170279,-21797.189442327362,21797.191305688513,-18649.47608285083,-28.615913144345722,18649.498037086956
9,viga_FG_eje_3,5.775,6716.476599367856,9.012883862170279,-22348.439442327362,22348.44125972657,-20304.937166025367,-29.29187943400849,20304.958294230477
9,viga_FG_eje_3,5.85,6716.476599367856,9.012883862170279,-22899.689442327362,22899.69121597745,-22001.741999199905,-29.967845723671257,22001.76240829662
9,viga_FG_eje_3,5.925,6716.476599367856,9.012883862170279,-23450.939442327362,23450.94117428511,-23739.890582374457,-30.64381201333403,23739.910360115646
9,viga_FG_eje_3,6.0,6716.476599367856,9.012883862170279,-24002.189442327362,24002.191134507837,-25519.382915549024,-31.319778302996806,25519.402134825345
10,viga_GH_eje_3,0.0,6716.476599367859,-9.012883862169964,24002.189442327366,24002.19113450784,-25519.382915549035,-31.319778302995957,25519.402134825355
10,viga_GH_eje_3,0.075,6716.476599367859,-9.012883862169964,23450.939442327366,23450.941174285115,-23739.890582374483,-30.64381201333321,23739.91036011567
10,viga_GH_eje_3,0.15,6716.476599367859,-9.012883862169964,22899.689442327366,22899.691215977455,-22001.74199919993,-29.96784572367046,22001.762408296647
10,viga_GH_eje_3,0.225,6716.476599367859,-9.012883862169964,22348.439442327366,22348.441259726573,-20304.93716602538,-29.291879434007715,20304.958294230488
10,viga_GH_eje_3,0.3,6716.476599367859,-9.012883862169964,21797.189442327366,21797.191305688517,-18649.476082850826,-28.61591314434497,18649.498037086953
10,viga_GH_eje_3,0.375,6716.476599367859,-9.012883862169964,21245.939442327366,21245.94135403553,-17035.35874967627,-27.93994685468222,17035.38166202337
10,viga_GH_eje_3,0.45,6716.476599367859,-9.012883862169964,20694.689442327366,20694.691404958212,-15462.58516650172,-27.263980565019473,15462.60920271722
10,viga_GH_eje_3,0.525,6716.476599367859,-9.012883862169964,20143.439442327366,20143.441458668014,-13931.155333327168,-26.588014275356727,13931.180705302515
10,viga_GH_eje_3,0.6,6716.476599367859,-9.012883862169964,19592.189442327366,19592.191515400194,-12441.069250152615,-25.912047985693977,12441.09623471034
10,viga_GH_eje_3,0.675,6716.476599367859,-9.012883862169964,19040.939442327366,19040.94157541726,-10992.326916978061,-25.23608169603123,10992.35588532048
10,viga_GH_eje_3,0.75,6716.476599367859,-9.012883862169964,18489.689442327366,18489.69163901301,-9584.92833380351,-24.56011540636848,9584.959799781014
10,viga_GH_eje_3,0.825,6716.476599367859,-9.012883862169964,17938.439442327366,17938.441706517366,-8218.873500628957,-23.884149116705736,8218.908204373614
10,viga_GH_eje_3,0.9,6716.476599367859,-9.012883862169964,17387.189442327366,17387.191778302087,-6894.162417454405,-23.20818282704299,6894.201480809137
10,viga_GH_eje_3,0.975,6716.476599367859,-9.012883862169964,16835.939442327366,16835.941854787627,-5610.795084279853,-22.532216537380243,5610.840327309364
10,viga_GH_eje_3,1.05,6716.476599367859,-9.012883862169964,16284.689442327366,16284.691936451358,-4368.771501105301,-21.856250247717494,4368.8261723882715
10,viga_GH_eje_3,1.125,6716.476599367859,-9.012883862169964,15733.439442327366,15733.442023837568,-3168.0916679307484,-21.180283958054748,3168.162467557618
10,viga_GH_eje_3,1.2,6716.476599367859,-9.012883862169964,15182.189442327366,15182.192117569586,-2008.7555847561962,-20.504317668391998,2008.860230661221
10,viga_GH_eje_3,1.275,6716.476599367859,-9.012883862169964,14630.939442327366,14630.942218364686,-890.7632515816431,-19.828351378729252,890.983913371448
10,viga_GH_eje_3,1.35,6716.476599367859,-9.012883862169964,14079.689442327366,14079.692327052471,185.88533159291092,-19.152385089066506,186.86939384502307
10,viga_GH_eje_3,1.425,6716.476599367859,-9.012883862169964,13528.439442327366,13528.442444597762,1221.190164767463,-18.476418799403756,1221.3299294524943
10,viga_GH_eje_3,1.5,6716.476599367859,-9.012883862169964,12977.189442327366,12977.19257212932,2215.151247942016,-17.80045250974101,2215.222766984987
10,viga_GH_eje_3,1.575,6716.476599367859,-9.012883862169964,12425.939442327366,12425.942710976196,3167.7685811165684,-17.124486220078264,3167.814866992321
10,viga_GH_eje_3,1.65,6716.476599367859,-9.012883862169964,11874.689442327366,11874.69286271424,4079.0421642911224,-16.448519930415515,4079.0753280458925
10,viga_GH_eje_3,1.725,6716.476599367859,-9.012883862169964,11323.439442327366,11323.443029226164,4948.971997465671,-15.772553640752767,4948.997131252725
10,viga_GH_eje_3,1.8,6716.476599367859,-9.012883862169964,10772.189442327366,10772.193212780056,5777.558080640225,-15.096587351090019,5777.57780407333
10,viga_GH_eje_3,1.875,6716.476599367859,-9.012883862169964,10220.939442327366,10220.943416133305,6564.800413814777,-14.420621061427273,6564.816252381666
10,viga_GH_eje_3,1.95,6716.476599367859,-9.012883862169964,9669.689442327366,9669.69364267208,7310.698996989329,-13.744654771764527,7310.7119174616355
10,viga_GH_eje_3,2.025,6716.476599367859,-9.012883862169964,9118.439442327366,9118.443896601379,8015.2538301638815,-13.06868848210178,8015.2644842559885
10,viga_GH_eje_3,2.1,6716.476599367859,-9.012883862169964,8567.189442327366,8567.194183208467,8678.464913338434,-12.392722192439031,8678.473761647816
10,viga_GH_eje_3,2.175,6716.476599367859,-9.012883862169964,8015.939442327368,8015.944509235022,9300.33224651299,-11.716755902776285,9300.33962701891
10,viga_GH_eje_3,2.25,6716.476599367859,-9.012883862169964,7464.689442327366,7464.694883414134,9880.855829687538,-11.040789613113539,9880.861998130806
10,viga_GH_eje_3,2.325,6716.476599367859,-9.012883862169964,6913.439442327366,6913.445317264268,10420.035662862094,-10.36482332345079,10420.040817812587
10,viga_GH_eje_3,2.4,6716.476599367859,-9.012883862169964,6362.189442327366,6362.195826295927,10917.871746036642,-9.688857033788043,10917.876045131481
10,viga_GH_eje_3,2.475,6716.476599367859,-9.012883862169964,5810.939442327366,5810.946431905168,11374.364079211198,-9.012890744125293,11374.367650056402
10,viga_GH_eje_3,2.55,6716.476599367859,-9.012883862169964,5259.689442327366,5259.697164457805,11789.512662385754,-8.336924454462551,11789.515610103046
10,viga_GH_eje_3,2.625,6716.476599367859,-9.012883862169964,4708.439442327366,4708.448068540159,12163.317495560303,-7.660958164799801,12163.319908153504
10,viga_GH_eje_3,2.7,6716.476599367859,-9.012883862169964,4157.189442327366,4157.199212387305,12495.778578734851,-6.984991875137052,12495.780530998465
10,viga_GH_eje_3,2.775,6716.476599367859,-9.012883862169964,3605.939442327366,3605.950705959208,12786.895911909407,-6.309025585474306,12786.897468338806
10,viga_GH_eje_3,2.85,6716.476599367859,-9.012883862169964,3054.689442327366,3054.702738588779,13036.669495083956,-5.633059295811556,13036.670712087867
10,viga_GH_eje_3,2.925,6716.476599367859,-9.012883862169964,2503.439442327366,2503.4556663691624,13245.0993282585,-4.957093006148813,13245.10025587594
10,viga_GH_eje_3,3.0,6716.476599367859,-9.012883862169964,1952.1894423273661,1952.2102475937231,13412.185411433064,-4.281126716486064,13412.186094694029
10,viga_GH_eje_3,3.075,6716.476599367859,-9.012883862169964,1400.9394423273661,1400.9684340284132,13537.927744607608,-3.605160426823314,13537.928224636078
10,viga_GH_eje_3,3.15,6716.476599367859,-9.012883862169964,849.6894423273661,849.7372420213812,13622.326327782168,-2.9291941371605716,13622.326642712893
10,viga_GH_eje_3,3.225,6716.476599367859,-9.012883862169964,298.4394423273661,298.57550604860785,13665.38116095672,-2.253227847497822,13665.381346719401
10,viga_GH_eje_3,3.3,6716.476599367859,-9.012883862169964,-252.81055767263388,252.97116465372315,13667.09224413128,-1.577261557835076,13667.092335143836
10,viga_GH_eje_3,3.375,6716.476599367859,-9.012883862169964,-804.0605576726339,804.1110697412018,13627.459577305824,-0.9012952681723263,13627.459607110835
10,viga_GH_eje_3,3.45,6716.476599367859,-9.012883862169964,-1355.3105576726339,1355.3405254084373,13546.48316048037,-0.22532897850957667,13546.483162354403
10,viga_GH_eje_3,3.525,6716.476599367859,-9.012883862169964,-1906.5605576726339,1906.5818608568838,13424.162993654929,0.45063731115316585,13424.163001218678
10,viga_GH_eje_3,3.6,6716.476599367859,-9.012883862169964,-2457.810557672634,2457.827082909328,13260.499076829481,1.126603600815919,13260.499124687245
10,viga_GH_eje_3,3.675,6716.476599367859,-9.012883862169964,-3009.060557672634,3009.0740555554053,13055.49141000404,1.802569890478658,13055.491534444327
10,viga_GH_eje_3,3.75,6716.476599367859,-9.012883862169964,-3560.310557672634,3560.321965658546,12809.139993178585,2.478536180141411,12809.140232973823
10,viga_GH_eje_3,3.825,6716.476599367859,-9.012883862169964,-4111.560557672634,4111.570436157554,12521.44482635313,3.1545024698041573,12521.445223706864
10,viga_GH_eje_3,3.9,6716.476599367859,-9.012883862169964,-4662.810557672634,4662.819268298836,12192.40590952769,3.8304687594669034,12192.406511233812
10,viga_GH_eje_3,3.975,6716.476599367859,-9.012883862169964,-5214.060557672634,5214.068347380285,11822.023242702242,4.506435049129649,11822.024101605819
10,viga_GH_eje_3,4.05,6716.476599367859,-9.012883862169964,-5765.310557672634,5765.317602568574,11410.296825876794,5.1824013387923955,11410.29800276477
10,viga_GH_eje_3,4.125,6716.476599367859,-9.012883862169964,-6316.560557672634,6316.566987756967,10957.226659051346,5.858367628455149,10957.228225162457
10,viga_GH_eje_3,4.2,6716.476599367859,-9.012883862169964,-6867.810557672634,6867.816471641857,10462.812742225899,6.534333918117895,10462.814782667443
10,viga_GH_eje_3,4.275,6716.476599367859,-9.012883862169964,-7419.0605576726375,7419.066032223283,9927.055075400465,7.210300207780641,9927.057693922365
10,viga_GH_eje_3,4.35,6716.476599367859,-9.012883862169964,-7970.31055767263,7970.315653587586,9349.953658575017,7.886266497443387,9349.956984430442
10,viga_GH_eje_3,4.425,6716.476599367859,-9.012883862169964,-8521.560557672634,8521.565323938874,8731.50849174957,8.562232787106133,8731.512689867955
10,viga_GH_eje_3,4.5,6716.476599367859,-9.012883862169964,-9072.810557672634,9072.815034348023,8071.719574924107,9.238199076768879,8071.724861548193
10,viga_GH_eje_3,4.575,6716.476599367859,-9.012883862169964,-9624.060557672634,9624.064777931702,7370.586908098645,9.914165366431632,7370.593575860092
10,viga_GH_eje_3,4.65,6716.476599367859,-9.012883862169964,-10175.310557672634,10175.314549298202,6628.110491273212,10.590131656094378,6628.1189515136575
10,viga_GH_eje_3,4.725,6716.476599367859,-9.012883862169964,-10726.560557672634,10726.564344164153,5844.290324447778,11.266097945757124,5844.301183323532
10,viga_GH_eje_3,4.8,6716.476599367859,-9.012883862169964,-11277.810557672634,11277.814159083659,5019.126407622316,11.94206423541987,5019.140614546468
10,viga_GH_eje_3,4.875,6716.476599367859,-9.012883862169964,-11829.060557672634,11829.063991253151,4152.618740796868,12.618030525082617,4152.637911148972
10,viga_GH_eje_3,4.95,6716.476599367859,-9.012883862169964,-12380.310557672634,12380.313838368396,3244.767323971435,13.29399681474537,3244.794556988787
10,viga_GH_eje_3,5.025,6716.476599367859,-9.012883862169964,-12931.560557672634,12931.563698518059,2295.5721571459726,13.969963104408116,2295.6146646449515
10,viga_GH_eje_3,5.1,6716.476599367859,-9.012883862169964,-13482.810557672634,13482.813570103392,1305.0332403205393,14.645929394070855,1305.1154207921008
10,viga_GH_eje_3,5.175,6716.476599367859,-9.012883862169964,-14034.060557672634,14034.063451776832,273.1505734950915,15.321895683733608,273.5799632429989
10,viga_GH_eje_3,5.25,6716.476599367859,-9.012883862169964,-14585.310557672634,14585.313342394544,-800.0758433303708,15.997861973396354,800.2357694258136
10,viga_GH_eje_3,5.325,6716.476599367859,-9.012883862169964,-15136.560557672634,15136.56324097932,-1914.6460101558187,16.673828263059107,1914.7186113772805
10,viga_GH_eje_3,5.4,6716.476599367859,-9.012883862169964,-15687.810557672634,15687.813146691302,-3070.5599269812665,17.349794552721853,3070.608942954837
10,viga_GH_eje_3,5.475,6716.476599367859,-9.012883862169964,-16239.060557672634,16239.063058804672,-4267.8175938067,18.025760842384592,4267.8556608746685
10,viga_GH_eje_3,5.55,6716.476599367859,-9.012883862169964,-16790.310557672634,16790.31297668893,-5506.419010632148,18.701727132047345,5506.450769347606
10,viga_GH_eje_3,5.625,6716.476599367859,-9.012883862169964,-17341.560557672634,17341.562899793742,-6786.36417745761,19.37769342171009,6786.391842804411
10,viga_GH_eje_3,5.7,6716.476599367859,-9.012883862169964,-17892.810557672634,17892.812827636597,-8107.653094283058,20.053659711372845,8107.677894841744
10,viga_GH_eje_3,5.775,6716.476599367859,-9.012883862169964,-18444.060557672634,18444.062759792672,-9470.285761108476,20.72962600103559,9470.308448749074
10,viga_GH_eje_3,5.85,6716.476599367859,-9.012883862169964,-18995.310557672634,18995.31269588645,-10874.262177933953,21.40559229069833,10874.283245981143
10,viga_GH_eje_3,5.925,6716.476599367859,-9.012883862169964,-19546.560557672634,19546.56263558478,-12319.582344759387,22.081558580361083,12319.60213418179
10,viga_GH_eje_3,6.0,6716.476599367859,-9.012883862169964,-20097.810557672634,20097.812578591063,-13806.246261584834,22.75752487002383,13806.265017754202
11,viga_eje_F,0.0,5174.271287615557,-6.448175327022909e-13,22050.0,22050.0,-9559.443085014062,-12.843380149459158,9559.451712731061
11,viga_eje_F,0.05,5174.271287615557,-6.448175327022909e-13,21498.75,21498.75,-8470.724335014062,-12.843380149459126,8470.734071626443
11,viga_eje_F,0.1,5174.271287615557,-6.448175327022909e-13,20947.5,20947.5,-7409.568085014062,-12.843380149459094,7409.579216046794
11,viga_eje_F,0.15,5174.271287615557,-6.448175327022909e-13,20396.25,20396.25,-6375.974335014062,-12.843380149459062,6375.987270468133
11,viga_eje_F,0.2,5174.271287615557,-6.448175327022909e-13,19845.0,19845.0,-5369.943085014062,-12.843380149459028,5369.958443852615
11,viga_eje_F,0.25,5174.271287615557,-6.448175327022909e-13,19293.75,19293.75,-4391.474335014062,-12.843380149458996,4391.493115957357
11,viga_eje_F,0.3,5174.271287615557,-6.448175327022909e-13,18742.5,18742.5,-3440.5680850140616,-12.843380149458964,3440.592056613366
11,viga_eje_F,0.35,5174.271287615557,-6.448175327022909e-13,18191.25,18191.25,-2517.2243350140625,-12.843380149458932,2517.2570995432015
11,viga_eje_F,0.4,5174.271287615557,-6.448175327022909e-13,17640.0,17640.0,-1621.4430850140618,-12.8433801494589,1621.4939501439965
11,viga_eje_F,0.45,5174.271287615557,-6.448175327022909e-13,17088.75,17088.75,-753.2243350140616,-12.843380149458868,753.3338245897623
11,viga_eje_F,0.5,5174.271287615557,-6.448175327022909e-13,16537.5,16537.5,87.43191498593842,-12.843380149458834,88.37019956847374
11,viga_eje_F,0.55,5174.271287615557,-6.448175327022909e-13,15986.25,15986.25,900.52566498594,-12.843380149458802,900.6172470656072
11,viga_eje_F,0.6,5174.271287615557,-6.448175327022909e-13,15435.0,15435.0,1686.0569149859384,-12.84338014945877,1686.1058308972079
11,viga_eje_F,0.65,5174.271287615557,-6.448175327022909e-13,14883.75,14883.75,2444.025664985938,-12.843380149458739,2444.0594108007317
11,viga_eje_F,0.7,5174.271287615557,-6.448175327022909e-13,14332.5,14332.5,3174.431914985937,-12.843380149458707,3174.4578962863798
11,viga_eje_F,0.75,5174.271287615557,-6.448175327022909e-13,13781.25,13781.25,3877.2756649859384,-12.843380149458675,3877.296936617805
11,viga_eje_F,0.8,5174.271287615557,-6.448175327022909e-13,13230.0,13230.0,4552.5569149859375,-12.843380149458643,4552.575031408042
11,viga_eje_F,0.85,5174.271287615557,-6.448175327022909e-13,12678.75,12678.75,5200.275664985938,-12.843380149458609,5200.291524929983
11,viga_eje_F,0.9,5174.271287615557,-6.448175327022909e-13,12127.5,12127.5,5820.431914985938,-12.843380149458577,5820.446085086653
11,viga_eje_F,0.95,5174.271287615557,-6.448175327022909e-13,11576.25,11576.25,6413.025664985938,-12.843380149458545,6413.038525705424
11,viga_eje_F,1.0,5174.271287615557,-6.448175327022909e-13,11025.0,11025.0,6978.056914985938,-12.843380149458513,6978.0687343416685
11,viga_eje_F,1.05,5174.271287615557,-6.448175327022909e-13,10473.75,10473.75,7515.525664985938,-12.843380149458481,7515.536639088123
11,viga_eje_F,1.1,5174.271287615557,-6.448175327022909e-13,9922.499999999998,9922.499999999998,8025.431914985941,-12.843380149458449,8025.4421918352
11,viga_eje_F,1.15,5174.271287615557,-6.448175327022909e-13,9371.250000000002,9371.250000000002,8507.775664985937,-12.843380149458417,8507.785359195455
11,viga_eje_F,1.2,5174.271287615557,-6.448175327022909e-13,8820.0,8820.0,8962.556914985937,-12.843380149458383,8962.566117288949
11,viga_eje_F,1.25,5174.271287615557,-6.448175327022909e-13,8268.75,8268.75,9389.775664985937,-12.843380149458351,9389.784448600285
11,viga_eje_F,1.3,5174.271287615557,-6.448175327022909e-13,7717.5,7717.5,9789.431914985935,-12.84338014945832,9789.440340007126
11,viga_eje_F,1.35,5174.271287615557,-6.448175327022909e-13,7166.249999999998,7166.249999999998,10161.525664985942,-12.843380149458287,10161.533781500786
11,viga_eje_F,1.4,5174.271287615557,-6.448175327022909e-13,6615.000000000002,6615.000000000002,10506.056914985938,-12.843380149458255,10506.06476533138
11,viga_eje_F,1.45,5174.271287615557,-6.448175327022909e-13,6063.75,6063.75,10823.025664985937,-12.843380149458223,10823.03328542225
11,viga_eje_F,1.5,5174.271287615557,-6.448175327022909e-13,5512.5,5512.5,11112.431914985937,-12.843380149458191,11112.439336959806
11,viga_eje_F,1.55,5174.271287615557,-6.448175327022909e-13,4961.25,4961.25,11374.275664985935,-12.843380149458158,11374.282916100905
11,viga_eje_F,1.6,5174.271287615557,-6.448175327022909e-13,4410.0,4410.0,11608.556914985933,-12.843380149458126,11608.564019760643
11,viga_eje_F,1.65,5174.271287615557,-6.448175327022909e-13,3858.75,3858.75,11815.275664985938,-12.843380149458094,11815.282645456375
11,viga_eje_F,1.7,5174.271287615557,-6.448175327022909e-13,3307.5,3307.5,11994.431914985938,-12.843380149458062,11994.438791191813
11,viga_eje_F,1.75,5174.271287615557,-6.448175327022909e-13,2756.25,2756.25,12146.025664985937,-12.84338014945803,12146.032455370385
11,viga_eje_F,1.8,5174.271287615557,-6.448175327022909e-13,2205.0,2205.0,12270.056914985937,-12.843380149457998,12270.063636730165
11,viga_eje_F,1.85,5174.271287615557,-6.448175327022909e-13,1653.75,1653.75,12366.525664985937,-12.843380149457964,12366.532334295234
11,viga_eje_F,1.9,5174.271287615557,-6.448175327022909e-13,1102.5,1102.5,12435.431914985937,-12.843380149457932,12435.438547339794
11,viga_eje_F,1.95,5174.271287615557,-6.448175327022909e-13,551.25,551.25,12476.775664985937,-12.8433801494579,12476.782275362462
11,viga_eje_F,2.0,5174.271287615557,-6.448175327022909e-13,0.0,6.448175327022909e-13,12490.556914985937,-12.843380149457868,12490.563518069017
11,viga_eje_F,2.05,5174.271287615557,-6.448175327022909e-13,-551.2499999999964,551.2499999999964,12476.77566498593,-12.843380149457836,12476.782275362455
11,viga_eje_F,2.1,5174.271287615557,-6.448175327022909e-13,-1102.5,1102.5,12435.431914985937,-12.843380149457804,12435.438547339794
11,viga_eje_F,2.15,5174.271287615557,-6.448175327022909e-13,-1653.75,1653.75,12366.52566498594,-12.843380149457772,12366.532334295238
11,viga_eje_F,2.2,5174.271287615557,-6.448175327022909e-13,-2205.0000000000036,2205.0000000000036,12270.05691498594,-12.843380149457738,12270.063636730169
11,viga_eje_F,2.25,5174.271287615557,-6.448175327022909e-13,-2756.25,2756.25,12146.025664985937,-12.843380149457706,12146.032455370385
11,viga_eje_F,2.3,5174.271287615557,-6.448175327022909e-13,-3307.4999999999964,3307.4999999999964,11994.431914985933,-12.843380149457674,11994.438791191807
11,viga_eje_F,2.35,5174.271287615557,-6.448175327022909e-13,-3858.75,3858.75,11815.275664985933,-12.843380149457643,11815.28264545637
11,viga_eje_F,2.4,5174.271287615557,-6.448175327022909e-13,-4410.0,4410.0,11608.556914985937,-12.84338014945761,11608.564019760646
11,viga_eje_F,2.45,5174.271287615557,-6.448175327022909e-13,-4961.250000000004,4961.250000000004,11374.275664985937,-12.843380149457579,11374.282916100907
11,viga_eje_F,2.5,5174.271287615557,-6.448175327022909e-13,-5512.5,5512.5,11112.431914985937,-12.843380149457545,11112.439336959806
11,viga_eje_F,2.55,5174.271287615557,-6.448175327022909e-13,-6063.749999999996,6063.749999999996,10823.02566498593,-12.843380149457513,10823.033285422243
11,viga_eje_F,2.6,5174.271287615557,-6.448175327022909e-13,-6615.0,6615.0,10506.05691498593,-12.84338014945748,10506.064765331372
11,viga_eje_F,2.65,5174.271287615557,-6.448175327022909e-13,-7166.25,7166.25,10161.525664985937,-12.843380149457449,10161.53378150078
11,viga_eje_F,2.7,5174.271287615557,-6.448175327022909e-13,-7717.500000000004,7717.500000000004,9789.431914985937,-12.843380149457417,9789.440340007128
11,viga_eje_F,2.75,5174.271287615557,-6.448175327022909e-13,-8268.75,8268.75,9389.775664985937,-12.843380149457385,9389.784448600285
11,viga_eje_F,2.8,5174.271287615557,-6.448175327022909e-13,-8819.999999999996,8819.999999999996,8962.556914985937,-12.843380149457353,8962.566117288949
11,viga_eje_F,2.85,5174.271287615557,-6.448175327022909e-13,-9371.25,9371.25,8507.775664985937,-12.84338014945732,8507.785359195455
11,viga_eje_F,2.9,5174.271287615557,-6.448175327022909e-13,-9922.5,9922.5,8025.431914985937,-12.843380149457287,8025.442191835195
11,viga_eje_F,2.95,5174.271287615557,-6.448175327022909e-13,-10473.750000000004,10473.750000000004,7515.525664985944,-12.843380149457255,7515.536639088128
11,viga_eje_F,3.0,5174.271287615557,-6.448175327022909e-13,-11025.0,11025.0,6978.056914985937,-12.843380149457223,6978.068734341667
11,viga_eje_F,3.05,5174.271287615557,-6.448175327022909e-13,-11576.25,11576.25,6413.025664985944,-12.843380149457191,6413.0385257054295
11,viga_eje_F,3.1,5174.271287615557,-6.448175327022909e-13,-12127.5,12127.5,5820.431914985929,-12.84338014945716,5820.4460850866435
11,viga_eje_F,3.15,5174.271287615557,-6.448175327022909e-13,-12678.75,12678.75,5200.275664985937,-12.843380149457127,5200.291524929981
11,viga_eje_F,3.2,5174.271287615557,-6.448175327022909e-13,-13230.0,13230.0,4552.556914985922,-12.843380149457094,4552.575031408027
11,viga_eje_F,3.25,5174.271287615557,-6.448175327022909e-13,-13781.25,13781.25,3877.2756649859366,-12.843380149457062,3877.296936617803
11,viga_eje_F,3.3,5174.271287615557,-6.448175327022909e-13,-14332.5,14332.5,3174.431914985944,-12.84338014945703,3174.4578962863866
11,viga_eje_F,3.35,5174.271287615557,-6.448175327022909e-13,-14883.75,14883.75,2444.0256649859366,-12.843380149456998,2444.0594108007303
11,viga_eje_F,3.4,5174.271287615557,-6.448175327022909e-13,-15435.0,15435.0,1686.0569149859439,-12.843380149456966,1686.1058308972133
11,viga_eje_F,3.45,5174.271287615557,-6.448175327022909e-13,-15986.25,15986.25,900.525664985922,-12.843380149456934,900.6172470655893
11,viga_eje_F,3.5,5174.271287615557,-6.448175327022909e-13,-16537.5,16537.5,87.4319149859366,-12.843380149456902,88.37019956847166
11,viga_eje_F,3.55,5174.271287615557,-6.448175327022909e-13,-17088.75,17088.75,-753.2243350140634,-12.843380149456868,753.3338245897642
11,viga_eje_F,3.6,5174.271287615557,-6.448175327022909e-13,-17640.0,17640.0,-1621.4430850140634,-12.843380149456836,1621.493950143998
11,viga_eje_F,3.65,5174.271287615557,-6.448175327022909e-13,-18191.25,18191.25,-2517.2243350140634,-12.843380149456804,2517.2570995432025
11,viga_eje_F,3.7,5174.271287615557,-6.448175327022909e-13,-18742.5,18742.5,-3440.5680850140634,-12.843380149456772,3440.5920566133677
11,viga_eje_F,3.75,5174.271287615557,-6.448175327022909e-13,-19293.75,19293.75,-4391.474335014063,-12.84338014945674,4391.493115957359
11,viga_eje_F,3.8,5174.271287615557,-6.448175327022909e-13,-19845.0,19845.0,-5369.943085014063,-12.843380149456708,5369.958443852617
11,viga_eje_F,3.85,5174.271287615557,-6.448175327022909e-13,-20396.25,20396.25,-6375.974335014078,-12.843380149456674,6375.987270468149
11,viga_eje_F,3.9,5174.271287615557,-6.448175327022909e-13,-20947.5,20947.5,-7409.568085014063,-12.843380149456642,7409.579216046795
11,viga_eje_F,3.95,5174.271287615557,-6.448175327022909e-13,-21498.75,21498.75,-8470.724335014063,-12.84338014945661,8470.734071626444
11,viga_eje_F,4.0,5174.271287615557,-6.448175327022909e-13,-22050.0,22050.0,-9559.443085014063,-12.843380149456578,9559.451712731063
12,viga_eje_G_interior,0.0,9162.474461212345,-4.2326567816379787e-13,44100.0,44100.0,-20264.61358113426,-8.300982619960377e-13,20264.61358113426
12,viga_eje_G_interior,0.05,9162.474461212345,-4.2326567816379787e-13,42997.5,42997.5,-18087.17608113426,-8.089349780878478e-13,18087.17608113426
12,viga_eje_G_interior,0.1,9162.474461212345,-4.2326567816379787e-13,41895.0,41895.0,-15964.863581134261,-7.877716941796579e-13,15964.863581134261
12,viga_eje_G_interior,0.15,9162.474461212345,-4.2326567816379787e-13,40792.5,40792.5,-13897.676081134261,-7.66608410271468e-13,13897.676081134261
12,viga_eje_G_interior,0.2,9162.474461212345,-4.2326567816379787e-13,39690.0,39690.0,-11885.613581134261,-7.454451263632781e-13,11885.613581134261
12,viga_eje_G_interior,0.25,9162.474461212345,-4.2326567816379787e-13,38587.5,38587.5,-9928.676081134261,-7.242818424550882e-13,9928.676081134261
12,viga_eje_G_interior,0.3,9162.474461212345,-4.2326567816379787e-13,37485.0,37485.0,-8026.863581134261,-7.031185585468983e-13,8026.863581134261
12,viga_eje_G_interior,0.35,9162.474461212345,-4.2326567816379787e-13,36382.5,36382.5,-6180.176081134263,-6.819552746387084e-13,6180.176081134263
12,viga_eje_G_interior,0.4,9162.474461212345,-4.2326567816379787e-13,35280.0,35280.0,-4388.613581134261,-6.607919907305185e-13,4388.613581134261
12,viga_eje_G_interior,0.45,9162.474461212345,-4.2326567816379787e-13,34177.5,34177.5,-2652.176081134261,-6.396287068223286e-13,2652.176081134261
12,viga_eje_G_interior,0.5,9162.474461212345,-4.2326567816379787e-13,33075.0,33075.0,-970.863581134261,-6.184654229141387e-13,970.863581134261
12,viga_eje_G_interior,0.55,9162.474461212345,-4.2326567816379787e-13,31972.5,31972.5,655.3239188657421,-5.973021390059489e-13,655.3239188657421
12,viga_eje_G_interior,0.6,9162.474461212345,-4.2326567816379787e-13,30870.0,30870.0,2226.386418865739,-5.76138855097759e-13,2226.386418865739
12,viga_eje_G_interior,0.65,9162.474461212345,-4.2326567816379787e-13,29767.5,29767.5,3742.323918865738,-5.549755711895691e-13,3742.323918865738
12,viga_eje_G_interior,0.7,9162.474461212345,-4.2326567816379787e-13,28665.0,28665.0,5203.136418865736,-5.338122872813792e-13,5203.136418865736
12,viga_eje_G_interior,0.75,9162.474461212345,-4.2326567816379787e-13,27562.5,27562.5,6608.823918865739,-5.126490033731893e-13,6608.823918865739
12,viga_eje_G_interior,0.8,9162.474461212345,-4.2326567816379787e-13,26460.0,26460.0,7959.386418865737,-4.914857194649994e-13,7959.386418865737
12,viga_eje_G_interior,0.85,9162.474461212345,-4.2326567816379787e-13,25357.5,25357.5,9254.823918865739,-4.703224355568095e-13,9254.823918865739
12,viga_eje_G_interior,0.9,9162.474461212345,-4.2326567816379787e-13,24255.0,24255.0,10495.136418865739,-4.4915915164861957e-13,10495.136418865739
12,viga_eje_G_interior,0.95,9162.474461212345,-4.2326567816379787e-13,23152.5,23152.5,11680.323918865739,-4.279958677404297e-13,11680.323918865739
12,viga_eje_G_interior,1.0,9162.474461212345,-4.2326567816379787e-13,22050.0,22050.0,12810.386418865739,-4.068325838322398e-13,12810.386418865739
12,viga_eje_G_interior,1.05,9162.474461212345,-4.2326567816379787e-13,20947.5,20947.5,13885.323918865739,-3.856692999240499e-13,13885.323918865739
12,viga_eje_G_interior,1.1,9162.474461212345,-4.2326567816379787e-13,19844.999999999996,19844.999999999996,14905.136418865744,-3.6450601601585996e-13,14905.136418865744
12,viga_eje_G_interior,1.15,9162.474461212345,-4.2326567816379787e-13,18742.500000000004,18742.500000000004,15869.823918865734,-3.4334273210767017e-13,15869.823918865734
12,viga_eje_G_interior,1.2,9162.474461212345,-4.2326567816379787e-13,17640.0,17640.0,16779.38641886574,-3.2217944819948027e-13,16779.38641886574
12,viga_eje_G_interior,1.25,9162.474461212345,-4.2326567816379787e-13,16537.5,16537.5,17633.82391886574,-3.010161642912903e-13,17633.82391886574
12,viga_eje_G_interior,1.3,9162.474461212345,-4.2326567816379787e-13,15435.0,15435.0,18433.136418865735,-2.798528803831004e-13,18433.136418865735
12,viga_eje_G_interior,1.35,9162.474461212345,-4.2326567816379787e-13,14332.499999999996,14332.499999999996,19177.323918865743,-2.586895964749105e-13,19177.323918865743
12,viga_eje_G_interior,1.4,9162.474461212345,-4.2326567816379787e-13,13230.000000000004,13230.000000000004,19866.386418865735,-2.375263125667207e-13,19866.386418865735
12,viga_eje_G_interior,1.45,9162.474461212345,-4.2326567816379787e-13,12127.5,12127.5,20500.32391886574,-2.1636302865853072e-13,20500.32391886574
12,viga_eje_G_interior,1.5,9162.474461212345,-4.2326567816379787e-13,11025.0,11025.0,21079.13641886574,-1.9519974475034083e-13,21079.13641886574
12,viga_eje_G_interior,1.55,9162.474461212345,-4.2326567816379787e-13,9922.5,9922.5,21602.823918865735,-1.7403646084215094e-13,21602.823918865735
12,viga_eje_G_interior,1.6,9162.474461212345,-4.2326567816379787e-13,8820.0,8820.0,22071.38641886573,-1.5287317693396104e-13,22071.38641886573
12,viga_eje_G_interior,1.65,9162.474461212345,-4.2326567816379787e-13,7717.5,7717.5,22484.823918865743,-1.3170989302577125e-13,22484.823918865743
12,viga_eje_G_interior,1.7,9162.474461212345,-4.2326567816379787e-13,6615.0,6615.0,22843.136418865743,-1.1054660911758126e-13,22843.136418865743
12,viga_eje_G_interior,1.75,9162.474461212345,-4.2326567816379787e-13,5512.5,5512.5,23146.32391886574,-8.938332520939137e-14,23146.32391886574
12,viga_eje_G_interior,1.8,9162.474461212345,-4.2326567816379787e-13,4410.0,4410.0,23394.38641886574,-6.822004130120148e-14,23394.38641886574
12,viga_eje_G_interior,1.85,9162.474461212345,-4.2326567816379787e-13,3307.5,3307.5,23587.32391886574,-4.705675739301159e-14,23587.32391886574
12,viga_eje_G_interior,1.9,9162.474461212345,-4.2326567816379787e-13,2205.0,2205.0,23725.13641886574,-2.5893473484821698e-14,23725.13641886574
12,viga_eje_G_interior,1.95,9162.474461212345,-4.2326567816379787e-13,1102.5,1102.5,23807.82391886573,-4.730189576631807e-15,23807.82391886573
12,viga_eje_G_interior,2.0,9162.474461212345,-4.2326567816379787e-13,0.0,4.2326567816379787e-13,23835.38641886573,1.6433094331558084e-14,23835.38641886573
12,viga_eje_G_interior,2.05,9162.474461212345,-4.2326567816379787e-13,-1102.4999999999927,1102.4999999999927,23807.82391886573,3.7596378239747875e-14,23807.82391886573
12,viga_eje_G_interior,2.1,9162.474461212345,-4.2326567816379787e-13,-2205.0,2205.0,23725.13641886573,5.875966214793787e-14,23725.13641886573
12,viga_eje_G_interior,2.15,9162.474461212345,-4.2326567816379787e-13,-3307.5,3307.5,23587.32391886574,7.992294605612766e-14,23587.32391886574
12,viga_eje_G_interior,2.2,9162.474461212345,-4.2326567816379787e-13,-4410.000000000007,4410.000000000007,23394.386418865754,1.0108622996431775e-13,23394.386418865754
12,viga_eje_G_interior,2.25,9162.474461212345,-4.2326567816379787e-13,-5512.5,5512.5,23146.32391886573,1.2224951387250764e-13,23146.32391886573
12,viga_eje_G_interior,2.3,9162.474461212345,-4.2326567816379787e-13,-6614.999999999993,6614.999999999993,22843.13641886574,1.4341279778069733e-13,22843.13641886574
12,viga_eje_G_interior,2.35,9162.474461212345,-4.2326567816379787e-13,-7717.5,7717.5,22484.823918865724,1.6457608168888742e-13,22484.823918865724
12,viga_eje_G_interior,2.4,9162.474461212345,-4.2326567816379787e-13,-8820.0,8820.0,22071.38641886573,1.857393655970771e-13,22071.38641886573
12,viga_eje_G_interior,2.45,9162.474461212345,-4.2326567816379787e-13,-9922.500000000007,9922.500000000007,21602.823918865746,2.069026495052672e-13,21602.823918865746
12,viga_eje_G_interior,2.5,9162.474461212345,-4.2326567816379787e-13,-11025.0,11025.0,21079.13641886573,2.280659334134571e-13,21079.13641886573
12,viga_eje_G_interior,2.55,9162.474461212345,-4.2326567816379787e-13,-12127.499999999993,12127.499999999993,20500.32391886573,2.492292173216468e-13,20500.32391886573
12,viga_eje_G_interior,2.6,9162.474461212345,-4.2326567816379787e-13,-13230.0,13230.0,19866.386418865717,2.703925012298369e-13,19866.386418865717
12,viga_eje_G_interior,2.65,9162.474461212345,-4.2326567816379787e-13,-14332.5,14332.5,19177.32391886573,2.9155578513802657e-13,19177.32391886573
12,viga_eje_G_interior,2.7,9162.474461212345,-4.2326567816379787e-13,-15435.000000000007,15435.000000000007,18433.136418865746,3.1271906904621666e-13,18433.136418865746
12,viga_eje_G_interior,2.75,9162.474461212345,-4.2326567816379787e-13,-16537.5,16537.5,17633.82391886573,3.3388235295440655e-13,17633.82391886573
12,viga_eje_G_interior,2.8,9162.474461212345,-4.2326567816379787e-13,-17639.999999999993,17639.999999999993,16779.386418865746,3.5504563686259624e-13,16779.386418865746
12,viga_eje_G_interior,2.85,9162.474461212345,-4.2326567816379787e-13,-18742.5,18742.5,15869.823918865732,3.7620892077078633e-13,15869.823918865732
12,viga_eje_G_interior,2.9,9162.474461212345,-4.2326567816379787e-13,-19845.0,19845.0,14905.136418865732,3.9737220467897623e-13,14905.136418865732
12,viga_eje_G_interior,2.95,9162.474461212345,-4.2326567816379787e-13,-20947.500000000007,20947.500000000007,13885.32391886576,4.185354885871661e-13,13885.32391886576
12,viga_eje_G_interior,3.0,9162.474461212345,-4.2326567816379787e-13,-22050.0,22050.0,12810.386418865732,4.39698772495356e-13,12810.386418865732
12,viga_eje_G_interior,3.05,9162.474461212345,-4.2326567816379787e-13,-23152.5,23152.5,11680.323918865746,4.608620564035457e-13,11680.323918865746
12,viga_eje_G_interior,3.1,9162.474461212345,-4.2326567816379787e-13,-24255.0,24255.0,10495.136418865717,4.820253403117358e-13,10495.136418865717
12,viga_eje_G_interior,3.15,9162.474461212345,-4.2326567816379787e-13,-25357.5,25357.5,9254.823918865732,5.031886242199257e-13,9254.823918865732
12,viga_eje_G_interior,3.2,9162.474461212345,-4.2326567816379787e-13,-26460.0,26460.0,7959.386418865703,5.243519081281156e-13,7959.386418865703
12,viga_eje_G_interior,3.25,9162.474461212345,-4.2326567816379787e-13,-27562.5,27562.5,6608.823918865732,5.455151920363055e-13,6608.823918865732
12,viga_eje_G_interior,3.3,9162.474461212345,-4.2326567816379787e-13,-28665.0,28665.0,5203.136418865746,5.666784759444952e-13,5203.136418865746
12,viga_eje_G_interior,3.35,9162.474461212345,-4.2326567816379787e-13,-29767.5,29767.5,3742.3239188657317,5.878417598526852e-13,3742.3239188657317
12,viga_eje_G_interior,3.4,9162.474461212345,-4.2326567816379787e-13,-30870.0,30870.0,2226.3864188657462,6.090050437608751e-13,2226.3864188657462
12,viga_eje_G_interior,3.45,9162.474461212345,-4.2326567816379787e-13,-31972.5,31972.5,655.3239188657026,6.30168327669065e-13,655.3239188657026
12,viga_eje_G_interior,3.5,9162.474461212345,-4.2326567816379787e-13,-33075.0,33075.0,-970.8635811342683,6.513316115772549e-13,970.8635811342683
12,viga_eje_G_interior,3.55,9162.474461212345,-4.2326567816379787e-13,-34177.5,34177.5,-2652.1760811342683,6.724948954854448e-13,2652.1760811342683
12,viga_eje_G_interior,3.6,9162.474461212345,-4.2326567816379787e-13,-35280.0,35280.0,-4388.613581134268,6.936581793936347e-13,4388.613581134268
12,viga_eje_G_interior,3.65,9162.474461212345,-4.2326567816379787e-13,-36382.5,36382.5,-6180.176081134268,7.148214633018246e-13,6180.176081134268
12,viga_eje_G_interior,3.7,9162.474461212345,-4.2326567816379787e-13,-37485.0,37485.0,-8026.863581134268,7.359847472100145e-13,8026.863581134268
12,viga_eje_G_interior,3.75,9162.474461212345,-4.2326567816379787e-13,-38587.5,38587.5,-9928.676081134268,7.571480311182044e-13,9928.676081134268
12,viga_eje_G_interior,3.8,9162.474461212345,-4.2326567816379787e-13,-39690.0,39690.0,-11885.613581134268,7.783113150263943e-13,11885.613581134268
12,viga_eje_G_interior,3.85,9162.474461212345,-4.2326567816379787e-13,-40792.5,40792.5,-13897.676081134297,7.994745989345842e-13,13897.676081134297
12,viga_eje_G_interior,3.9,9162.474461212345,-4.2326567816379787e-13,-41895.0,41895.0,-15964.863581134268,8.20637882842774e-13,15964.863581134268
12,viga_eje_G_interior,3.95,9162.474461212345,-4.2326567816379787e-13,-42997.5,42997.5,-18087.17608113427,8.418011667509639e-13,18087.17608113427
12,viga_eje_G_interior,4.0,9162.474461212345,-4.2326567816379787e-13,-44100.0,44100.0,-20264.61358113427,8.629644506591538e-13,20264.61358113427
13,viga_eje_H,0.0,5174.271287615555,-9.325873406851315e-14,22050.000000000004,22050.000000000004,-9559.443085014072,-12.843380149458108,9559.451712731072
13,viga_eje_H,0.05,5174.271287615555,-9.325873406851315e-14,21498.750000000004,21498.750000000004,-8470.724335014072,-12.843380149458103,8470.734071626453
13,viga_eje_H,0.1,5174.271287615555,-9.325873406851315e-14,20947.500000000004,20947.500000000004,-7409.5680850140725,-12.843380149458099,7409.5792160468045
13,viga_eje_H,0.15,5174.271287615555,-9.325873406851315e-14,20396.250000000004,20396.250000000004,-6375.9743350140725,-12.843380149458094,6375.987270468144
13,viga_eje_H,0.2,5174.271287615555,-9.325873406851315e-14,19845.000000000004,19845.000000000004,-5369.943085014072,-12.843380149458088,5369.958443852625
13,viga_eje_H,0.25,5174.271287615555,-9.325873406851315e-14,19293.750000000004,19293.750000000004,-4391.474335014072,-12.843380149458085,4391.493115957367
13,viga_eje_H,0.3,5174.271287615555,-9.325873406851315e-14,18742.500000000004,18742.500000000004,-3440.5680850140716,-12.84338014945808,3440.592056613376
13,viga_eje_H,0.35,5174.271287615555,-9.325873406851315e-14,18191.250000000004,18191.250000000004,-2517.2243350140716,-12.843380149458076,2517.2570995432106
13,viga_eje_H,0.4,5174.271287615555,-9.325873406851315e-14,17640.000000000004,17640.000000000004,-1621.443085014071,-12.84338014945807,1621.4939501440056
13,viga_eje_H,0.45,5174.271287615555,-9.325873406851315e-14,17088.750000000004,17088.750000000004,-753.2243350140707,-12.843380149458065,753.3338245897714
13,viga_eje_H,0.5,5174.271287615555,-9.325873406851315e-14,16537.500000000004,16537.500000000004,87.43191498592932,-12.843380149458062,88.37019956846463
13,viga_eje_H,0.55,5174.271287615555,-9.325873406851315e-14,15986.250000000004,15986.250000000004,900.5256649859309,-12.843380149458056,900.6172470655981
13,viga_eje_H,0.6,5174.271287615555,-9.325873406851315e-14,15435.000000000004,15435.000000000004,1686.0569149859293,-12.843380149458053,1686.1058308971988
13,viga_eje_H,0.65,5174.271287615555,-9.325873406851315e-14,14883.750000000004,14883.750000000004,2444.0256649859307,-12.843380149458048,2444.0594108007244
13,viga_eje_H,0.7,5174.271287615555,-9.325873406851315e-14,14332.500000000004,14332.500000000004,3174.43191498593,-12.843380149458042,3174.4578962863725
13,viga_eje_H,0.75,5174.271287615555,-9.325873406851315e-14,13781.250000000004,13781.250000000004,3877.275664985931,-12.843380149458039,3877.2969366177977
13,viga_eje_H,0.8,5174.271287615555,-9.325873406851315e-14,13230.000000000004,13230.000000000004,4552.55691498593,-12.843380149458033,4552.575031408035
13,viga_eje_H,0.85,5174.271287615555,-9.325873406851315e-14,12678.750000000004,12678.750000000004,5200.275664985931,-12.843380149458028,5200.291524929976
13,viga_eje_H,0.9,5174.271287615555,-9.325873406851315e-14,12127.500000000004,12127.500000000004,5820.431914985931,-12.843380149458024,5820.446085086645
13,viga_eje_H,0.95,5174.271287615555,-9.325873406851315e-14,11576.250000000004,11576.250000000004,6413.025664985931,-12.843380149458019,6413.038525705417
13,viga_eje_H,1.0,5174.271287615555,-9.325873406851315e-14,11025.000000000004,11025.000000000004,6978.056914985931,-12.843380149458014,6978.068734341661
13,viga_eje_H,1.05,5174.271287615555,-9.325873406851315e-14,10473.750000000004,10473.750000000004,7515.525664985931,-12.84338014945801,7515.536639088115
13,viga_eje_H,1.1,5174.271287615555,-9.325873406851315e-14,9922.500000000002,9922.500000000002,8025.431914985934,-12.843380149458005,8025.442191835193
13,viga_eje_H,1.15,5174.271287615555,-9.325873406851315e-14,9371.250000000005,9371.250000000005,8507.775664985933,-12.843380149458001,8507.785359195452
13,viga_eje_H,1.2,5174.271287615555,-9.325873406851315e-14,8820.000000000004,8820.000000000004,8962.55691498593,-12.843380149457996,8962.566117288941
13,viga_eje_H,1.25,5174.271287615555,-9.325873406851315e-14,8268.750000000004,8268.750000000004,9389.77566498593,-12.84338014945799,9389.784448600278
13,viga_eje_H,1.3,5174.271287615555,-9.325873406851315e-14,7717.500000000004,7717.500000000004,9789.431914985935,-12.843380149457987,9789.440340007126
13,viga_eje_H,1.35,5174.271287615555,-9.325873406851315e-14,7166.250000000002,7166.250000000002,10161.525664985935,-12.843380149457982,10161.533781500779
13,viga_eje_H,1.4,5174.271287615555,-9.325873406851315e-14,6615.0000000000055,6615.0000000000055,10506.056914985931,-12.843380149457978,10506.064765331374
13,viga_eje_H,1.45,5174.271287615555,-9.325873406851315e-14,6063.750000000004,6063.750000000004,10823.02566498593,-12.843380149457973,10823.033285422243
13,viga_eje_H,1.5,5174.271287615555,-9.325873406851315e-14,5512.500000000004,5512.500000000004,11112.431914985937,-12.843380149457968,11112.439336959806
13,viga_eje_H,1.55,5174.271287615555,-9.325873406851315e-14,4961.250000000004,4961.250000000004,11374.275664985935,-12.843380149457964,11374.282916100905
13,viga_eje_H,1.6,5174.271287615555,-9.325873406851315e-14,4410.000000000004,4410.000000000004,11608.556914985933,-12.843380149457959,11608.564019760643
13,viga_eje_H,1.65,5174.271287615555,-9.325873406851315e-14,3858.7500000000036,3858.7500000000036,11815.275664985938,-12.843380149457953,11815.282645456375
13,viga_eje_H,1.7,5174.271287615555,-9.325873406851315e-14,3307.5000000000036,3307.5000000000036,11994.431914985938,-12.84338014945795,11994.438791191813
13,viga_eje_H,1.75,5174.271287615555,-9.325873406851315e-14,2756.2500000000036,2756.2500000000036,12146.025664985937,-12.843380149457944,12146.032455370385
13,viga_eje_H,1.8,5174.271287615555,-9.325873406851315e-14,2205.0000000000036,2205.0000000000036,12270.056914985937,-12.84338014945794,12270.063636730165
13,viga_eje_H,1.85,5174.271287615555,-9.325873406851315e-14,1653.7500000000036,1653.7500000000036,12366.525664985937,-12.843380149457936,12366.532334295234
13,viga_eje_H,1.9,5174.271287615555,-9.325873406851315e-14,1102.5000000000036,1102.5000000000036,12435.431914985937,-12.84338014945793,12435.438547339794
13,viga_eje_H,1.95,5174.271287615555,-9.325873406851315e-14,551.2500000000036,551.2500000000036,12476.775664985937,-12.843380149457927,12476.782275362462
13,viga_eje_H,2.0,5174.271287615555,-9.325873406851315e-14,3.637978807091713e-12,3.639173943675749e-12,12490.556914985937,-12.843380149457921,12490.563518069017
13,viga_eje_H,2.05,5174.271287615555,-9.325873406851315e-14,-551.2499999999927,551.2499999999927,12476.77566498593,-12.843380149457916,12476.782275362455
13,viga_eje_H,2.1,5174.271287615555,-9.325873406851315e-14,-1102.4999999999964,1102.4999999999964,12435.431914985937,-12.843380149457913,12435.438547339794
13,viga_eje_H,2.15,5174.271287615555,-9.325873406851315e-14,-1653.7499999999964,1653.7499999999964,12366.52566498594,-12.843380149457907,12366.532334295238
13,viga_eje_H,2.2,5174.271287615555,-9.325873406851315e-14,-2205.0,2205.0,12270.05691498594,-12.843380149457902,12270.063636730169
13,viga_eje_H,2.25,5174.271287615555,-9.325873406851315e-14,-2756.2499999999964,2756.2499999999964,12146.025664985937,-12.843380149457898,12146.032455370385
13,viga_eje_H,2.3,5174.271287615555,-9.325873406851315e-14,-3307.4999999999927,3307.4999999999927,11994.43191498594,-12.843380149457893,11994.438791191815
13,viga_eje_H,2.35,5174.271287615555,-9.325873406851315e-14,-3858.7499999999964,3858.7499999999964,11815.275664985933,-12.84338014945789,11815.28264545637
13,viga_eje_H,2.4,5174.271287615555,-9.325873406851315e-14,-4409.999999999996,4409.999999999996,11608.556914985937,-12.843380149457884,11608.564019760646
13,viga_eje_H,2.45,5174.271287615555,-9.325873406851315e-14,-4961.25,4961.25,11374.275664985937,-12.843380149457879,11374.282916100907
13,viga_eje_H,2.5,5174.271287615555,-9.325873406851315e-14,-5512.499999999996,5512.499999999996,11112.431914985937,-12.843380149457875,11112.439336959806
13,viga_eje_H,2.55,5174.271287615555,-9.325873406851315e-14,-6063.749999999993,6063.749999999993,10823.025664985937,-12.84338014945787,10823.03328542225
13,viga_eje_H,2.6,5174.271287615555,-9.325873406851315e-14,-6614.999999999996,6614.999999999996,10506.056914985937,-12.843380149457865,10506.064765331379
13,viga_eje_H,2.65,5174.271287615555,-9.325873406851315e-14,-7166.249999999996,7166.249999999996,10161.525664985937,-12.843380149457861,10161.53378150078
13,viga_eje_H,2.7,5174.271287615555,-9.325873406851315e-14,-7717.5,7717.5,9789.431914985937,-12.843380149457856,9789.440340007128
13,viga_eje_H,2.75,5174.271287615555,-9.325873406851315e-14,-8268.749999999996,8268.749999999996,9389.775664985937,-12.843380149457852,9389.784448600285
13,viga_eje_H,2.8,5174.271287615555,-9.325873406851315e-14,-8819.999999999993,8819.999999999993,8962.556914985944,-12.843380149457847,8962.566117288956
13,viga_eje_H,2.85,5174.271287615555,-9.325873406851315e-14,-9371.249999999996,9371.249999999996,8507.775664985944,-12.843380149457841,8507.785359195463
13,viga_eje_H,2.9,5174.271287615555,-9.325873406851315e-14,-9922.499999999996,9922.499999999996,8025.431914985937,-12.843380149457838,8025.442191835195
13,viga_eje_H,2.95,5174.271287615555,-9.325873406851315e-14,-10473.75,10473.75,7515.525664985944,-12.843380149457833,7515.536639088128
13,viga_eje_H,3.0,5174.271287615555,-9.325873406851315e-14,-11024.999999999996,11024.999999999996,6978.056914985944,-12.843380149457829,6978.068734341674
13,viga_eje_H,3.05,5174.271287615555,-9.325873406851315e-14,-11576.249999999996,11576.249999999996,6413.025664985937,-12.843380149457824,6413.038525705422
13,viga_eje_H,3.1,5174.271287615555,-9.325873406851315e-14,-12127.499999999996,12127.499999999996,5820.431914985937,-12.843380149457818,5820.446085086651
13,viga_eje_H,3.15,5174.271287615555,-9.325873406851315e-14,-12678.749999999996,12678.749999999996,5200.275664985944,-12.843380149457815,5200.291524929989
13,viga_eje_H,3.2,5174.271287615555,-9.325873406851315e-14,-13229.999999999996,13229.999999999996,4552.556914985929,-12.84338014945781,4552.575031408034
13,viga_eje_H,3.25,5174.271287615555,-9.325873406851315e-14,-13781.249999999996,13781.249999999996,3877.275664985944,-12.843380149457804,3877.2969366178104
13,viga_eje_H,3.3,5174.271287615555,-9.325873406851315e-14,-14332.499999999996,14332.499999999996,3174.431914985951,-12.8433801494578,3174.457896286394
13,viga_eje_H,3.35,5174.271287615555,-9.325873406851315e-14,-14883.749999999996,14883.749999999996,2444.025664985944,-12.843380149457795,2444.0594108007376
13,viga_eje_H,3.4,5174.271287615555,-9.325873406851315e-14,-15434.999999999996,15434.999999999996,1686.0569149859512,-12.84338014945779,1686.1058308972206
13,viga_eje_H,3.45,5174.271287615555,-9.325873406851315e-14,-15986.249999999996,15986.249999999996,900.525664985922,-12.843380149457786,900.6172470655893
13,viga_eje_H,3.5,5174.271287615555,-9.325873406851315e-14,-16537.499999999996,16537.499999999996,87.4319149859366,-12.843380149457781,88.37019956847179
13,viga_eje_H,3.55,5174.271287615555,-9.325873406851315e-14,-17088.749999999996,17088.749999999996,-753.2243350140634,-12.843380149457778,753.3338245897642
13,viga_eje_H,3.6,5174.271287615555,-9.325873406851315e-14,-17639.999999999996,17639.999999999996,-1621.4430850140634,-12.843380149457772,1621.493950143998
13,viga_eje_H,3.65,5174.271287615555,-9.325873406851315e-14,-18191.249999999996,18191.249999999996,-2517.2243350140634,-12.843380149457767,2517.2570995432025
13,viga_eje_H,3.7,5174.271287615555,-9.325873406851315e-14,-18742.499999999996,18742.499999999996,-3440.5680850140634,-12.843380149457763,3440.5920566133677
13,viga_eje_H,3.75,5174.271287615555,-9.325873406851315e-14,-19293.749999999996,19293.749999999996,-4391.474335014063,-12.843380149457758,4391.493115957359
13,viga_eje_H,3.8,5174.271287615555,-9.325873406851315e-14,-19844.999999999996,19844.999999999996,-5369.943085014063,-12.843380149457754,5369.958443852617
13,viga_eje_H,3.85,5174.271287615555,-9.325873406851315e-14,-20396.249999999996,20396.249999999996,-6375.974335014078,-12.843380149457749,6375.987270468149
13,viga_eje_H,3.9,5174.271287615555,-9.325873406851315e-14,-20947.499999999996,20947.499999999996,-7409.568085014063,-12.843380149457744,7409.579216046795
13,viga_eje_H,3.95,5174.271287615555,-9.325873406851315e-14,-21498.749999999996,21498.749999999996,-8470.724335014063,-12.84338014945774,8470.734071626444
13,viga_eje_H,4.0,5174.271287615555,-9.325873406851315e-14,-22049.999999999996,22049.999999999996,-9559.443085014063,-12.843380149457735,9559.451712731063
